"RepoName","WorkTitle","Category","RelativeHtmlPath","PublicPageURL","ImageCount","LocalMissingImageCount","HeroImageURL","Status","Message"
"Aliens","500-Pound Poultry Alien","aliens","Sketches\aliens\500-pound-poultry-alien.html","https://ronenglish-archive.github.io/ron-english-sketches-aliens/Sketches/aliens/500-pound-poultry-alien.html","3","0","https://ronenglish-archive.github.io/ron-english-sketches-aliens/images/Sketches/aliens/500-Pound%20Poultry%20Alien%20-%20original.jpg","OK","Ready."
"Aliens","Absubtract Analsupress","aliens","Sketches\aliens\absubtract-analsupress.html","https://ronenglish-archive.github.io/ron-english-sketches-aliens/Sketches/aliens/absubtract-analsupress.html","3","0","https://ronenglish-archive.github.io/ron-english-sketches-aliens/images/Sketches/aliens/Galacter%20Equanimous%20ORIGINAL.jpg","OK","Ready."
"Aliens","Adam Alien","aliens","Sketches\aliens\adam-alien.html","https://ronenglish-archive.github.io/ron-english-sketches-aliens/Sketches/aliens/adam-alien.html","3","0","https://ronenglish-archive.github.io/ron-english-sketches-aliens/images/Sketches/aliens/Adam%20Alien%20-%20original.jpg","OK","Ready."
"Aliens","Adrian Alien","aliens","Sketches\aliens\adrian-alien.html","https://ronenglish-archive.github.io/ron-english-sketches-aliens/Sketches/aliens/adrian-alien.html","3","0","https://ronenglish-archive.github.io/ron-english-sketches-aliens/images/Sketches/aliens/Adrian%20Alien%20-%20original.jpg","OK","Ready."
"Aliens","Aerospam Demotron","aliens","Sketches\aliens\aerospam-demotron.html","https://ronenglish-archive.github.io/ron-english-sketches-aliens/Sketches/aliens/aerospam-demotron.html","15","0","https://ronenglish-archive.github.io/ron-english-sketches-aliens/images/Sketches/aliens/Aerospam%20Demotron%20-%20original.jpg","OK","Ready."
"Aliens","Alexandrinus Reflection","aliens","Sketches\aliens\alexandrinus-reflection.html","https://ronenglish-archive.github.io/ron-english-sketches-aliens/Sketches/aliens/alexandrinus-reflection.html","4","0","https://ronenglish-archive.github.io/ron-english-sketches-aliens/images/Sketches/aliens/Alexandrinus%20Reflection%20-%20original.jpg","OK","Ready."
"Aliens","Aliegenie","aliens","Sketches\aliens\aliegenie.html","https://ronenglish-archive.github.io/ron-english-sketches-aliens/Sketches/aliens/aliegenie.html","2","0","https://ronenglish-archive.github.io/ron-english-sketches-aliens/images/Sketches/aliens/Lunashtick%20ORIGINAL.jpg","OK","Ready."
"Aliens","Alien Bot","aliens","Sketches\aliens\alien-bot.html","https://ronenglish-archive.github.io/ron-english-sketches-aliens/Sketches/aliens/alien-bot.html","3","0","https://ronenglish-archive.github.io/ron-english-sketches-aliens/images/Sketches/aliens%202/Bot%20Alien%20ORIGINAL.jpg","OK","Ready."
"Aliens","Alien Cherub","aliens","Sketches\aliens\alien-cherub.html","https://ronenglish-archive.github.io/ron-english-sketches-aliens/Sketches/aliens/alien-cherub.html","14","0","https://ronenglish-archive.github.io/ron-english-sketches-aliens/images/Sketches/aliens/Alien%20cherub%20ORIGINAL.jpg","OK","Ready."
"Aliens","Alien Offspring","aliens","Sketches\aliens\alien-offspring.html","https://ronenglish-archive.github.io/ron-english-sketches-aliens/Sketches/aliens/alien-offspring.html","3","0","https://ronenglish-archive.github.io/ron-english-sketches-aliens/images/Sketches/aliens/Alien%20Offspring%20-%20original.jpg","OK","Ready."
"Aliens","Alien Spiral Eyes","aliens","Sketches\aliens\alien-spiral-eyes.html","https://ronenglish-archive.github.io/ron-english-sketches-aliens/Sketches/aliens/alien-spiral-eyes.html","3","0","https://ronenglish-archive.github.io/ron-english-sketches-aliens/images/Sketches/aliens%202/Alien%20Spiral%20Eyes%20ORIGINAL.jpg","OK","Ready."
"Aliens","Alien Superman","aliens","Sketches\aliens\alien-superman.html","https://ronenglish-archive.github.io/ron-english-sketches-aliens/Sketches/aliens/alien-superman.html","6","0","https://ronenglish-archive.github.io/ron-english-sketches-aliens/images/Sketches/aliens/Alien%20Superman%20-%20pose%201%20original.jpg","OK","Ready."
"Aliens","All Ears Ernie","aliens","Sketches\aliens\all-ears-ernie.html","https://ronenglish-archive.github.io/ron-english-sketches-aliens/Sketches/aliens/all-ears-ernie.html","2","0","https://ronenglish-archive.github.io/ron-english-sketches-aliens/images/Sketches/aliens/All%20Ears%20Ernie%20-%20B%26W.jpg","OK","Ready."
"Aliens","Alley Boutwit","aliens","Sketches\aliens\alley-boutwit.html","https://ronenglish-archive.github.io/ron-english-sketches-aliens/Sketches/aliens/alley-boutwit.html","13","0","https://ronenglish-archive.github.io/ron-english-sketches-aliens/images/Sketches/aliens/Alley%20Boutwit%20-%20original.jpg","OK","Ready."
"Aliens","Amblyopiate","aliens","Sketches\aliens\amblyopiate.html","https://ronenglish-archive.github.io/ron-english-sketches-aliens/Sketches/aliens/amblyopiate.html","2","0","https://ronenglish-archive.github.io/ron-english-sketches-aliens/images/Sketches/aliens/Amblyopiate%20-%20original.jpg","OK","Ready."
"Aliens","Ampadextal Testamonk","aliens","Sketches\aliens\ampadextal-testamonk.html","https://ronenglish-archive.github.io/ron-english-sketches-aliens/Sketches/aliens/ampadextal-testamonk.html","5","0","https://ronenglish-archive.github.io/ron-english-sketches-aliens/images/Sketches/aliens/Etymogual%20Benedictus%20ORIGINAL.jpg","OK","Ready."
"Aliens","Andresistor Toomoo","aliens","Sketches\aliens\andresistor-toomoo.html","https://ronenglish-archive.github.io/ron-english-sketches-aliens/Sketches/aliens/andresistor-toomoo.html","3","0","https://ronenglish-archive.github.io/ron-english-sketches-aliens/images/Sketches/aliens%202/Andresistor%20Toomoo%20ORIGINAL.jpg","OK","Ready."
"Aliens","Andresonor Vanvermon","aliens","Sketches\aliens\andresonor-vanvermon.html","https://ronenglish-archive.github.io/ron-english-sketches-aliens/Sketches/aliens/andresonor-vanvermon.html","4","0","https://ronenglish-archive.github.io/ron-english-sketches-aliens/images/Sketches/aliens/Andresonor%20Vanvermon%20-%20original.jpg","OK","Ready."
"Aliens","Anexus Elefander","aliens","Sketches\aliens\anexus-elefander.html","https://ronenglish-archive.github.io/ron-english-sketches-aliens/Sketches/aliens/anexus-elefander.html","12","0","https://ronenglish-archive.github.io/ron-english-sketches-aliens/images/Sketches/aliens/Happree%20Zelonaut%20ORIGINAL.jpg","OK","Ready."
"Aliens","Antron Gridiron Alien","aliens","Sketches\aliens\antron-gridiron-alien.html","https://ronenglish-archive.github.io/ron-english-sketches-aliens/Sketches/aliens/antron-gridiron-alien.html","6","0","https://ronenglish-archive.github.io/ron-english-sketches-aliens/images/Sketches/aliens/Antron%20Gridiron%20Alien%20-%20original.jpg","OK","Ready."
"Aliens","Aphelionia","aliens","Sketches\aliens\aphelionia.html","https://ronenglish-archive.github.io/ron-english-sketches-aliens/Sketches/aliens/aphelionia.html","2","1","https://ronenglish-archive.github.io/ron-english-sketches-aliens/images/Sketches/aliens/Aphelionia%20-%20original.jpg","REVIEW","Some local image references were not found."
"Aliens","Aqua Lung Alien","aliens","Sketches\aliens\aqua-lung-alien.html","https://ronenglish-archive.github.io/ron-english-sketches-aliens/Sketches/aliens/aqua-lung-alien.html","3","0","https://ronenglish-archive.github.io/ron-english-sketches-aliens/images/Sketches/aliens/Aqua%20Lung%20Alien%20-%20original.jpg","OK","Ready."
"Aliens","Ardent Adventurer","aliens","Sketches\aliens\ardent-adventurer.html","https://ronenglish-archive.github.io/ron-english-sketches-aliens/Sketches/aliens/ardent-adventurer.html","12","0","https://ronenglish-archive.github.io/ron-english-sketches-aliens/images/Sketches/aliens/Leisurabilly%20Indeafatigable%20ORIGINAL.jpg","OK","Ready."
"Aliens","Asher Gnasher","aliens","Sketches\aliens\asher-gnasher.html","https://ronenglish-archive.github.io/ron-english-sketches-aliens/Sketches/aliens/asher-gnasher.html","2","0","https://ronenglish-archive.github.io/ron-english-sketches-aliens/images/Sketches/aliens/Spirastro%20ORIGINAL.jpg","OK","Ready."
"Aliens","Aston Nish","aliens","Sketches\aliens\aston-nish.html","https://ronenglish-archive.github.io/ron-english-sketches-aliens/Sketches/aliens/aston-nish.html","12","0","https://ronenglish-archive.github.io/ron-english-sketches-aliens/images/Sketches/aliens%202/Aston%20Nish%20ORIGINAL.jpg","OK","Ready."
"Aliens","Astragrockle","aliens","Sketches\aliens\astragrockle.html","https://ronenglish-archive.github.io/ron-english-sketches-aliens/Sketches/aliens/astragrockle.html","2","0","https://ronenglish-archive.github.io/ron-english-sketches-aliens/images/Sketches/aliens/Squinch%20ORIGINAL.jpg","OK","Ready."
"Aliens","Astral Alex","aliens","Sketches\aliens\astral-alex.html","https://ronenglish-archive.github.io/ron-english-sketches-aliens/Sketches/aliens/astral-alex.html","2","0","https://ronenglish-archive.github.io/ron-english-sketches-aliens/images/Sketches/aliens/Spirastro%20ORIGINAL.jpg","OK","Ready."
"Aliens","Astral Galexic","aliens","Sketches\aliens\astral-galexic.html","https://ronenglish-archive.github.io/ron-english-sketches-aliens/Sketches/aliens/astral-galexic.html","11","0","https://ronenglish-archive.github.io/ron-english-sketches-aliens/images/Sketches/aliens/Lunashtick%20ORIGINAL.jpg","OK","Ready."
"Aliens","Astral Galexic version 2","aliens","Sketches\aliens\astral-galexic-version-2.html","https://ronenglish-archive.github.io/ron-english-sketches-aliens/Sketches/aliens/astral-galexic-version-2.html","11","0","https://ronenglish-archive.github.io/ron-english-sketches-aliens/images/Sketches/aliens%202/Astral%20Galexic%20version%202%20ORIGINAL.jpg","OK","Ready."
"Aliens","Astro","aliens","Sketches\aliens\astro.html","https://ronenglish-archive.github.io/ron-english-sketches-aliens/Sketches/aliens/astro.html","49","0","https://ronenglish-archive.github.io/ron-english-sketches-aliens/images/Sketches/aliens/Astro%20back%20ORIGINAL.jpg","OK","Ready."
"Aliens","Astrokurse","aliens","Sketches\aliens\astrokurse.html","https://ronenglish-archive.github.io/ron-english-sketches-aliens/Sketches/aliens/astrokurse.html","2","0","https://ronenglish-archive.github.io/ron-english-sketches-aliens/images/Sketches/aliens/Intercosmo%20ORIGINAL.jpg","OK","Ready."
"Aliens","Astropatra","aliens","Sketches\aliens\astropatra.html","https://ronenglish-archive.github.io/ron-english-sketches-aliens/Sketches/aliens/astropatra.html","2","0","https://ronenglish-archive.github.io/ron-english-sketches-aliens/images/Sketches/aliens/Cosmic%20Karla%20-%20original.jpg","OK","Ready."
"Aliens","Astrostotle","aliens","Sketches\aliens\astrostotle.html","https://ronenglish-archive.github.io/ron-english-sketches-aliens/Sketches/aliens/astrostotle.html","2","0","https://ronenglish-archive.github.io/ron-english-sketches-aliens/images/Sketches/aliens/E.%20T.%20Banditti%20ORIGINAL.jpg","OK","Ready."
"Aliens","Axus Aliender","aliens","Sketches\aliens\axus-aliender.html","https://ronenglish-archive.github.io/ron-english-sketches-aliens/Sketches/aliens/axus-aliender.html","12","0","https://ronenglish-archive.github.io/ron-english-sketches-aliens/images/Sketches/aliens/Happree%20Zelonaut%20ORIGINAL.jpg","OK","Ready."
"Aliens","Bacchan Complainer","aliens","Sketches\aliens\bacchan-complainer.html","https://ronenglish-archive.github.io/ron-english-sketches-aliens/Sketches/aliens/bacchan-complainer.html","5","0","https://ronenglish-archive.github.io/ron-english-sketches-aliens/images/Sketches/aliens/Kidmark%20Que%20ORIGINAL.jpg","OK","Ready."
"Aliens","Bee Sting Alien","aliens","Sketches\aliens\bee-sting-alien.html","https://ronenglish-archive.github.io/ron-english-sketches-aliens/Sketches/aliens/bee-sting-alien.html","7","2","https://ronenglish-archive.github.io/ron-english-sketches-aliens/images/Sketches/aliens/Bee%20Sting%20Alien%20-%20original.jpg","REVIEW","Some local image references were not found."
"Aliens","Bert E. Brator","aliens","Sketches\aliens\bert-e-brator.html","https://ronenglish-archive.github.io/ron-english-sketches-aliens/Sketches/aliens/bert-e-brator.html","2","0","https://ronenglish-archive.github.io/ron-english-sketches-aliens/images/Sketches/aliens/Inveterate%20Vertibralien%20ORIGINAL.jpg","OK","Ready."
"Aliens","Berzerk Krypton","aliens","Sketches\aliens\berzerk-krypton.html","https://ronenglish-archive.github.io/ron-english-sketches-aliens/Sketches/aliens/berzerk-krypton.html","12","0","https://ronenglish-archive.github.io/ron-english-sketches-aliens/images/Sketches/aliens%202/Berzerk%20Krypton%20ORIGINAL.jpg","OK","Ready."
"Aliens","Blotto Grog","aliens","Sketches\aliens\blotto-grog.html","https://ronenglish-archive.github.io/ron-english-sketches-aliens/Sketches/aliens/blotto-grog.html","11","0","https://ronenglish-archive.github.io/ron-english-sketches-aliens/images/Sketches/aliens/Blotto%20Grog%20ORIGINAL.jpg","OK","Ready."
"Aliens","Blubby Bono","aliens","Sketches\aliens\blubby-bono.html","https://ronenglish-archive.github.io/ron-english-sketches-aliens/Sketches/aliens/blubby-bono.html","12","0","https://ronenglish-archive.github.io/ron-english-sketches-aliens/images/Sketches/aliens/Blubby%20Bono%20ORIGINAL.jpg","OK","Ready."
"Aliens","Bob Knobble","aliens","Sketches\aliens\bob-knobble.html","https://ronenglish-archive.github.io/ron-english-sketches-aliens/Sketches/aliens/bob-knobble.html","2","0","https://ronenglish-archive.github.io/ron-english-sketches-aliens/images/Sketches/aliens/Opoid%20Ian%20ORIGINAL.jpg","OK","Ready."
"Aliens","Bozobreath Anusless","aliens","Sketches\aliens\bozobreath-anusless.html","https://ronenglish-archive.github.io/ron-english-sketches-aliens/Sketches/aliens/bozobreath-anusless.html","4","0","https://ronenglish-archive.github.io/ron-english-sketches-aliens/images/Sketches/aliens/Ravelbless%20Calluconcious%20ORIGINAL.jpg","OK","Ready."
"Aliens","Braniacosmus","aliens","Sketches\aliens\braniacosmus.html","https://ronenglish-archive.github.io/ron-english-sketches-aliens/Sketches/aliens/braniacosmus.html","2","0","https://ronenglish-archive.github.io/ron-english-sketches-aliens/images/Sketches/aliens/Galaxel%20ORIGINAL.jpg","OK","Ready."
"Aliens","Brooke Chinook","aliens","Sketches\aliens\brooke-chinook.html","https://ronenglish-archive.github.io/ron-english-sketches-aliens/Sketches/aliens/brooke-chinook.html","2","0","https://ronenglish-archive.github.io/ron-english-sketches-aliens/images/Sketches/aliens/Brooke%20Chinook%20-%20original.jpg","OK","Ready."
"Aliens","Caelumbis","aliens","Sketches\aliens\caelumbis.html","https://ronenglish-archive.github.io/ron-english-sketches-aliens/Sketches/aliens/caelumbis.html","2","0","https://ronenglish-archive.github.io/ron-english-sketches-aliens/images/Sketches/aliens/Mira%20Mecia%20ORIGINAL.jpg","OK","Ready."
"Aliens","Caezahr","aliens","Sketches\aliens\caezahr.html","https://ronenglish-archive.github.io/ron-english-sketches-aliens/Sketches/aliens/caezahr.html","2","0","https://ronenglish-archive.github.io/ron-english-sketches-aliens/images/Sketches/aliens/E.%20T.%20Banditti%20ORIGINAL.jpg","OK","Ready."
"Aliens","Cairene Cosmos","aliens","Sketches\aliens\cairene-cosmos.html","https://ronenglish-archive.github.io/ron-english-sketches-aliens/Sketches/aliens/cairene-cosmos.html","5","0","https://ronenglish-archive.github.io/ron-english-sketches-aliens/images/Sketches/aliens%202/Cairene%20Cosmos%20ORIGINAL.jpg","OK","Ready."
"Aliens","Caption Alien","aliens","Sketches\aliens\caption-alien.html","https://ronenglish-archive.github.io/ron-english-sketches-aliens/Sketches/aliens/caption-alien.html","3","0","https://ronenglish-archive.github.io/ron-english-sketches-aliens/images/Sketches/aliens%202/Caption%20Alien%20ORIGINAL.jpg","OK","Ready."
"Aliens","Catalien","aliens","Sketches\aliens\catalien.html","https://ronenglish-archive.github.io/ron-english-sketches-aliens/Sketches/aliens/catalien.html","2","0","https://ronenglish-archive.github.io/ron-english-sketches-aliens/images/Sketches/aliens/Intercosmo%20ORIGINAL.jpg","OK","Ready."
"Aliens","Catmask","aliens","Sketches\aliens\catmask.html","https://ronenglish-archive.github.io/ron-english-sketches-aliens/Sketches/aliens/catmask.html","2","0","https://ronenglish-archive.github.io/ron-english-sketches-aliens/images/Sketches/aliens/Galaxel%20ORIGINAL.jpg","OK","Ready."
"Aliens","Cavaler Avaler","aliens","Sketches\aliens\cavaler-avaler.html","https://ronenglish-archive.github.io/ron-english-sketches-aliens/Sketches/aliens/cavaler-avaler.html","11","1","https://ronenglish-archive.github.io/ron-english-sketches-aliens/images/Sketches/aliens/Cavaler%20Avaler%20ORIGINAL.jpg","REVIEW","Some local image references were not found."
"Aliens","CB Astronaut Fishbowl","aliens","Sketches\aliens\cb-astronaut-fishbowl.html","https://ronenglish-archive.github.io/ron-english-sketches-aliens/Sketches/aliens/cb-astronaut-fishbowl.html","3","0","https://ronenglish-archive.github.io/ron-english-sketches-aliens/images/Sketches/aliens/CB%20Astronaut%20Fishbowl%20-%20original.jpg","OK","Ready."
"Aliens","CB Astronaut Internal Aliens","aliens","Sketches\aliens\cb-astronaut-internal-aliens.html","https://ronenglish-archive.github.io/ron-english-sketches-aliens/Sketches/aliens/cb-astronaut-internal-aliens.html","3","0","https://ronenglish-archive.github.io/ron-english-sketches-aliens/images/Sketches/aliens/CB%20Astronaut%20Internal%20Aliens%20-%20original.jpg","OK","Ready."
"Aliens","CB Astronaut Microphone","aliens","Sketches\aliens\cb-astronaut-microphone.html","https://ronenglish-archive.github.io/ron-english-sketches-aliens/Sketches/aliens/cb-astronaut-microphone.html","3","0","https://ronenglish-archive.github.io/ron-english-sketches-aliens/images/Sketches/aliens/CB%20Astronaut%20Microphone%20-%20original.jpg","OK","Ready."
"Aliens","CB Astronaut Star Skull","aliens","Sketches\aliens\cb-astronaut-star-skull.html","https://ronenglish-archive.github.io/ron-english-sketches-aliens/Sketches/aliens/cb-astronaut-star-skull.html","3","0","https://ronenglish-archive.github.io/ron-english-sketches-aliens/images/Sketches/aliens/CB%20Astronaut%20Star%20Skull%20-%20original.jpg","OK","Ready."
"Aliens","Celestial Terrestial","aliens","Sketches\aliens\celestial-terrestial.html","https://ronenglish-archive.github.io/ron-english-sketches-aliens/Sketches/aliens/celestial-terrestial.html","12","0","https://ronenglish-archive.github.io/ron-english-sketches-aliens/images/Sketches/aliens/Alexandrinus%20Reflection%20-%20original.jpg","OK","Ready."
"Aliens","Celibscent Scanidol","aliens","Sketches\aliens\celibscent-scanidol.html","https://ronenglish-archive.github.io/ron-english-sketches-aliens/Sketches/aliens/celibscent-scanidol.html","5","0","https://ronenglish-archive.github.io/ron-english-sketches-aliens/images/Sketches/aliens/Genhumas%20Transretnal%20ORIGINAL.jpg","OK","Ready."
"Aliens","Cereb Raul","aliens","Sketches\aliens\cereb-raul.html","https://ronenglish-archive.github.io/ron-english-sketches-aliens/Sketches/aliens/cereb-raul.html","3","0","https://ronenglish-archive.github.io/ron-english-sketches-aliens/images/Sketches/aliens/Cereb%20Raul%20-%20original.jpg","OK","Ready."
"Aliens","Charlie Brown Alien","aliens","Sketches\aliens\charlie-brown-alien.html","https://ronenglish-archive.github.io/ron-english-sketches-aliens/Sketches/aliens/charlie-brown-alien.html","3","0","https://ronenglish-archive.github.io/ron-english-sketches-aliens/images/Sketches/aliens/Charlie%20Brown%20Alien%20-%20original.jpg","OK","Ready."
"Aliens","Cheer Breeder","aliens","Sketches\aliens\cheer-breeder.html","https://ronenglish-archive.github.io/ron-english-sketches-aliens/Sketches/aliens/cheer-breeder.html","3","0","https://ronenglish-archive.github.io/ron-english-sketches-aliens/images/Sketches/aliens/Cheer%20Breeder%20-%20original.jpg","OK","Ready."
"Aliens","Clegg Bleater","aliens","Sketches\aliens\clegg-bleater.html","https://ronenglish-archive.github.io/ron-english-sketches-aliens/Sketches/aliens/clegg-bleater.html","2","0","https://ronenglish-archive.github.io/ron-english-sketches-aliens/images/Sketches/aliens%202/Clegg%20Bleater%20ORIGINAL.jpg","OK","Ready."
"Aliens","Cloud Cover","aliens","Sketches\aliens\cloud-cover.html","https://ronenglish-archive.github.io/ron-english-sketches-aliens/Sketches/aliens/cloud-cover.html","9","0","https://ronenglish-archive.github.io/ron-english-sketches-aliens/images/Sketches/aliens/Walleyed%20Strabismus%20-%20original.jpg","OK","Ready."
"Aliens","Codextra Manasser","aliens","Sketches\aliens\codextra-manasser.html","https://ronenglish-archive.github.io/ron-english-sketches-aliens/Sketches/aliens/codextra-manasser.html","15","0","https://ronenglish-archive.github.io/ron-english-sketches-aliens/images/Sketches/aliens%202/Codextra%20Manasser%20ORIGINAL.jpg","OK","Ready."
"Aliens","Cosmet Raith","aliens","Sketches\aliens\cosmet-raith.html","https://ronenglish-archive.github.io/ron-english-sketches-aliens/Sketches/aliens/cosmet-raith.html","2","0","https://ronenglish-archive.github.io/ron-english-sketches-aliens/images/Sketches/aliens/Trans%20Mogrifie%20ORIGINAL.jpg","OK","Ready."
"Aliens","Cosmic Karla","aliens","Sketches\aliens\cosmic-karla.html","https://ronenglish-archive.github.io/ron-english-sketches-aliens/Sketches/aliens/cosmic-karla.html","2","0","https://ronenglish-archive.github.io/ron-english-sketches-aliens/images/Sketches/aliens/Cosmic%20Karla%20-%20original.jpg","OK","Ready."
"Aliens","Cosmo Polite","aliens","Sketches\aliens\cosmo-polite.html","https://ronenglish-archive.github.io/ron-english-sketches-aliens/Sketches/aliens/cosmo-polite.html","3","0","https://ronenglish-archive.github.io/ron-english-sketches-aliens/images/Sketches/aliens/Equinoxious-2%20ORIGINAL.jpg","OK","Ready."
"Aliens","Cosmo Politian","aliens","Sketches\aliens\cosmo-politian.html","https://ronenglish-archive.github.io/ron-english-sketches-aliens/Sketches/aliens/cosmo-politian.html","14","0","https://ronenglish-archive.github.io/ron-english-sketches-aliens/images/Sketches/aliens%202/Cosmo%20Politian%20ORIGINAL.jpg","OK","Ready."
"Aliens","Cosmo Titian","aliens","Sketches\aliens\cosmo-titian.html","https://ronenglish-archive.github.io/ron-english-sketches-aliens/Sketches/aliens/cosmo-titian.html","15","0","https://ronenglish-archive.github.io/ron-english-sketches-aliens/images/Sketches/aliens/Patchy%20Podium.jpg","OK","Ready."
"Aliens","Crash Helmet","aliens","Sketches\aliens\crash-helmet.html","https://ronenglish-archive.github.io/ron-english-sketches-aliens/Sketches/aliens/crash-helmet.html","5","0","https://ronenglish-archive.github.io/ron-english-sketches-aliens/images/Sketches/aliens/Crash%20Helmet%20-%20original.jpg","OK","Ready."
"Aliens","Crockmonster","aliens","Sketches\aliens\crockmonster.html","https://ronenglish-archive.github.io/ron-english-sketches-aliens/Sketches/aliens/crockmonster.html","5","0","https://ronenglish-archive.github.io/ron-english-sketches-aliens/images/Sketches/aliens/Crockmonster%20-%20original.jpg","OK","Ready."
"Aliens","Cronik Comet","aliens","Sketches\aliens\cronik-comet.html","https://ronenglish-archive.github.io/ron-english-sketches-aliens/Sketches/aliens/cronik-comet.html","15","1","https://ronenglish-archive.github.io/ron-english-sketches-aliens/images/Sketches/aliens/Schedufool%20Unit%2042%20-%20original.jpg","REVIEW","Some local image references were not found."
"Aliens","Curious Hauge","aliens","Sketches\aliens\curious-hauge.html","https://ronenglish-archive.github.io/ron-english-sketches-aliens/Sketches/aliens/curious-hauge.html","4","0","https://ronenglish-archive.github.io/ron-english-sketches-aliens/images/Sketches/aliens/Equinoxious%20ORIGINAL.jpg","OK","Ready."
"Aliens","Cybor External","aliens","Sketches\aliens\cybor-external.html","https://ronenglish-archive.github.io/ron-english-sketches-aliens/Sketches/aliens/cybor-external.html","13","0","https://ronenglish-archive.github.io/ron-english-sketches-aliens/images/Sketches/aliens/Oculestria%20ORIGINAL.jpg","OK","Ready."
"Aliens","Deep Drowned Alien","aliens","Sketches\aliens\deep-drowned-alien.html","https://ronenglish-archive.github.io/ron-english-sketches-aliens/Sketches/aliens/deep-drowned-alien.html","4","0","https://ronenglish-archive.github.io/ron-english-sketches-aliens/images/Sketches/aliens/Deep%20Drowned%20Alien%20-%20original.jpg","OK","Ready."
"Aliens","Demi Mondain","aliens","Sketches\aliens\demi-mondain.html","https://ronenglish-archive.github.io/ron-english-sketches-aliens/Sketches/aliens/demi-mondain.html","12","0","https://ronenglish-archive.github.io/ron-english-sketches-aliens/images/Sketches/aliens/Flavorpee%20Zronback%20ORIGINAL.jpg","OK","Ready."
"Aliens","Didicoy Vagrant","aliens","Sketches\aliens\didicoy-vagrant.html","https://ronenglish-archive.github.io/ron-english-sketches-aliens/Sketches/aliens/didicoy-vagrant.html","6","0","https://ronenglish-archive.github.io/ron-english-sketches-aliens/images/Sketches/aliens%202/Didicoy%20Vagrant%20ORIGINAL.jpg","OK","Ready."
"Aliens","Di Zygus","aliens","Sketches\aliens\di-zygus.html","https://ronenglish-archive.github.io/ron-english-sketches-aliens/Sketches/aliens/di-zygus.html","2","0","https://ronenglish-archive.github.io/ron-english-sketches-aliens/images/Sketches/aliens%202/Di%20Zygus%20ORIGINAL.jpg","OK","Ready."
"Aliens","DJ Alien Angel","aliens","Sketches\aliens\dj-alien-angel.html","https://ronenglish-archive.github.io/ron-english-sketches-aliens/Sketches/aliens/dj-alien-angel.html","3","0","https://ronenglish-archive.github.io/ron-english-sketches-aliens/images/Sketches/aliens/DJ%20Alien%20Angel%20-%20original.jpg","OK","Ready."
"Aliens","Dwell Cogo","aliens","Sketches\aliens\dwell-cogo.html","https://ronenglish-archive.github.io/ron-english-sketches-aliens/Sketches/aliens/dwell-cogo.html","5","0","https://ronenglish-archive.github.io/ron-english-sketches-aliens/images/Sketches/aliens/Dwell%20Cogo%20ORIGINAL.jpg","OK","Ready."
"Aliens","Egg Spaceship","aliens","Sketches\aliens\egg-spaceship.html","https://ronenglish-archive.github.io/ron-english-sketches-aliens/Sketches/aliens/egg-spaceship.html","2","0","https://ronenglish-archive.github.io/ron-english-sketches-aliens/images/Sketches/aliens/Egg%20Spaceship%20-%20original.jpg","OK","Ready."
"Aliens","Elated Xtra Terrestrial","aliens","Sketches\aliens\elated-xtra-terrestrial.html","https://ronenglish-archive.github.io/ron-english-sketches-aliens/Sketches/aliens/elated-xtra-terrestrial.html","15","0","https://ronenglish-archive.github.io/ron-english-sketches-aliens/images/Sketches/aliens%202/Elated%20Xtra%20Terrestrial%20ORIGINAL.jpg","OK","Ready."
"Aliens","Electropia Exotropia","aliens","Sketches\aliens\electropia-exotropia.html","https://ronenglish-archive.github.io/ron-english-sketches-aliens/Sketches/aliens/electropia-exotropia.html","16","0","https://ronenglish-archive.github.io/ron-english-sketches-aliens/images/Sketches/aliens%202/Electropia%20Exotropia%20ORIGINAL.jpg","OK","Ready."
"Aliens","Elexacon Angel","aliens","Sketches\aliens\elexacon-angel.html","https://ronenglish-archive.github.io/ron-english-sketches-aliens/Sketches/aliens/elexacon-angel.html","14","0","https://ronenglish-archive.github.io/ron-english-sketches-aliens/images/Sketches/aliens%202/Elexacon%20Angel%20ORIGINAL.jpg","OK","Ready."
"Aliens","Empty Suit Alien","aliens","Sketches\aliens\empty-suit-alien.html","https://ronenglish-archive.github.io/ron-english-sketches-aliens/Sketches/aliens/empty-suit-alien.html","3","0","https://ronenglish-archive.github.io/ron-english-sketches-aliens/images/Sketches/aliens/Empty%20Suit%20Alien%20-%20original.jpg","OK","Ready."
"Aliens","Empyreambler","aliens","Sketches\aliens\empyreambler.html","https://ronenglish-archive.github.io/ron-english-sketches-aliens/Sketches/aliens/empyreambler.html","2","0","https://ronenglish-archive.github.io/ron-english-sketches-aliens/images/Sketches/aliens/Squinch%20ORIGINAL.jpg","OK","Ready."
"Aliens","Equinoxious","aliens","Sketches\aliens\equinoxious.html","https://ronenglish-archive.github.io/ron-english-sketches-aliens/Sketches/aliens/equinoxious.html","4","0","https://ronenglish-archive.github.io/ron-english-sketches-aliens/images/Sketches/aliens/Equinoxious%20ORIGINAL.jpg","OK","Ready."
"Aliens","Equinoxious 2","aliens","Sketches\aliens\equinoxious-2.html","https://ronenglish-archive.github.io/ron-english-sketches-aliens/Sketches/aliens/equinoxious-2.html","2","0","https://ronenglish-archive.github.io/ron-english-sketches-aliens/images/Sketches/aliens/Equinoxious-2%20ORIGINAL.jpg","OK","Ready."
"Aliens","E. T. Banditti","aliens","Sketches\aliens\e-t-banditti.html","https://ronenglish-archive.github.io/ron-english-sketches-aliens/Sketches/aliens/e-t-banditti.html","2","0","https://ronenglish-archive.github.io/ron-english-sketches-aliens/images/Sketches/aliens/E.%20T.%20Banditti%20ORIGINAL.jpg","OK","Ready."
"Aliens","Eternal Bernal","aliens","Sketches\aliens\eternal-bernal.html","https://ronenglish-archive.github.io/ron-english-sketches-aliens/Sketches/aliens/eternal-bernal.html","2","0","https://ronenglish-archive.github.io/ron-english-sketches-aliens/images/Sketches/aliens/Eternal%20Bernal%20ORIGINAL.jpg","OK","Ready."
"Aliens","Etymogual Benedictus","aliens","Sketches\aliens\etymogual-benedictus.html","https://ronenglish-archive.github.io/ron-english-sketches-aliens/Sketches/aliens/etymogual-benedictus.html","4","0","https://ronenglish-archive.github.io/ron-english-sketches-aliens/images/Sketches/aliens/Etymogual%20Benedictus%20ORIGINAL.jpg","OK","Ready."
"Aliens","Eve Alien","aliens","Sketches\aliens\eve-alien.html","https://ronenglish-archive.github.io/ron-english-sketches-aliens/Sketches/aliens/eve-alien.html","4","0","https://ronenglish-archive.github.io/ron-english-sketches-aliens/images/Sketches/aliens%202/Eve%20Alien%20-%20original.jpg","OK","Ready."
"Aliens","Extratron Gallexyz","aliens","Sketches\aliens\extratron-gallexyz.html","https://ronenglish-archive.github.io/ron-english-sketches-aliens/Sketches/aliens/extratron-gallexyz.html","12","1","https://ronenglish-archive.github.io/ron-english-sketches-aliens/images/Sketches/aliens/Alexandrinus%20Reflection%20-%20original.jpg","REVIEW","Some local image references were not found."
"Aliens","Eyesove Tismas","aliens","Sketches\aliens\eyesove-tismas.html","https://ronenglish-archive.github.io/ron-english-sketches-aliens/Sketches/aliens/eyesove-tismas.html","6","0","https://ronenglish-archive.github.io/ron-english-sketches-aliens/images/Sketches/aliens%202/Eyesove%20Tismas%20ORIGINAL.jpg","OK","Ready."
"Aliens","Eye Speak Alien","aliens","Sketches\aliens\eye-speak-alien.html","https://ronenglish-archive.github.io/ron-english-sketches-aliens/Sketches/aliens/eye-speak-alien.html","3","0","https://ronenglish-archive.github.io/ron-english-sketches-aliens/images/Sketches/aliens/Eye%20Speak%20Alien%20-%20original.jpg","OK","Ready."
"Aliens","Fabian Alien","aliens","Sketches\aliens\fabian-alien.html","https://ronenglish-archive.github.io/ron-english-sketches-aliens/Sketches/aliens/fabian-alien.html","3","0","https://ronenglish-archive.github.io/ron-english-sketches-aliens/images/Sketches/aliens/Fabian%20Alien%20-%20original.jpg","OK","Ready."
"Aliens","Feline Nine Alien","aliens","Sketches\aliens\feline-nine-alien.html","https://ronenglish-archive.github.io/ron-english-sketches-aliens/Sketches/aliens/feline-nine-alien.html","3","0","https://ronenglish-archive.github.io/ron-english-sketches-aliens/images/Sketches/aliens/Feline%20Nine%20Alien%20-%20original.jpg","OK","Ready."
"Aliens","Fetal Deceit Phil","aliens","Sketches\aliens\fetal-deceit-phil.html","https://ronenglish-archive.github.io/ron-english-sketches-aliens/Sketches/aliens/fetal-deceit-phil.html","12","0","https://ronenglish-archive.github.io/ron-english-sketches-aliens/images/Sketches/aliens/Starfarer%20Epicureans%20Max%20ORIGINAL.jpg","OK","Ready."
"Aliens","Fetal Fraxulus","aliens","Sketches\aliens\fetal-fraxulus.html","https://ronenglish-archive.github.io/ron-english-sketches-aliens/Sketches/aliens/fetal-fraxulus.html","11","0","https://ronenglish-archive.github.io/ron-english-sketches-aliens/images/Sketches/aliens%202/Fetal%20Fraxulus%20ORIGINAL.jpg","OK","Ready."
"Aliens","Fishbowl UFO","aliens","Sketches\aliens\fishbowl-ufo.html","https://ronenglish-archive.github.io/ron-english-sketches-aliens/Sketches/aliens/fishbowl-ufo.html","4","0","https://ronenglish-archive.github.io/ron-english-sketches-aliens/images/Sketches/aliens/Fishbowl%20UFO%20-%20original.jpg","OK","Ready."
"Aliens","Fish Bulb Alien","aliens","Sketches\aliens\fish-bulb-alien.html","https://ronenglish-archive.github.io/ron-english-sketches-aliens/Sketches/aliens/fish-bulb-alien.html","6","0","https://ronenglish-archive.github.io/ron-english-sketches-aliens/images/Sketches/aliens/Fish%20Bulb%20Alien%20-%20original.jpg","OK","Ready."
"Aliens","Flavorpee Zronback","aliens","Sketches\aliens\flavorpee-zronback.html","https://ronenglish-archive.github.io/ron-english-sketches-aliens/Sketches/aliens/flavorpee-zronback.html","4","0","https://ronenglish-archive.github.io/ron-english-sketches-aliens/images/Sketches/aliens/Flavorpee%20Zronback%20ORIGINAL.jpg","OK","Ready."
"Aliens","Fleshire Gwyn","aliens","Sketches\aliens\fleshire-gwyn.html","https://ronenglish-archive.github.io/ron-english-sketches-aliens/Sketches/aliens/fleshire-gwyn.html","2","0","https://ronenglish-archive.github.io/ron-english-sketches-aliens/images/Sketches/aliens%202/Lugushire%20ORIGINAL.jpg","OK","Ready."
"Aliens","Flexulus","aliens","Sketches\aliens\flexulus.html","https://ronenglish-archive.github.io/ron-english-sketches-aliens/Sketches/aliens/flexulus.html","2","0","https://ronenglish-archive.github.io/ron-english-sketches-aliens/images/Sketches/aliens/Brooke%20Chinook%20-%20original.jpg","OK","Ready."
"Aliens","Flushal Recokon","aliens","Sketches\aliens\flushal-recokon.html","https://ronenglish-archive.github.io/ron-english-sketches-aliens/Sketches/aliens/flushal-recokon.html","4","0","https://ronenglish-archive.github.io/ron-english-sketches-aliens/images/Sketches/aliens/Andresonor%20Vanvermon%20-%20original.jpg","OK","Ready."
"Aliens","Forgon Intruder","aliens","Sketches\aliens\forgon-intruder.html","https://ronenglish-archive.github.io/ron-english-sketches-aliens/Sketches/aliens/forgon-intruder.html","14","0","https://ronenglish-archive.github.io/ron-english-sketches-aliens/images/Sketches/aliens/Trippant%20Traveler%20-%20original.jpg","OK","Ready."
"Aliens","Frazier Razor","aliens","Sketches\aliens\frazier-razor.html","https://ronenglish-archive.github.io/ron-english-sketches-aliens/Sketches/aliens/frazier-razor.html","5","0","https://ronenglish-archive.github.io/ron-english-sketches-aliens/images/Sketches/aliens%202/Frazier%20Razor%20ORIGINAL.jpg","OK","Ready."
"Aliens","Freakachu Alien","aliens","Sketches\aliens\freakachu-alien.html","https://ronenglish-archive.github.io/ron-english-sketches-aliens/Sketches/aliens/freakachu-alien.html","3","0","https://ronenglish-archive.github.io/ron-english-sketches-aliens/images/Sketches/aliens/Freakachu%20Alien%20-%20original.jpg","OK","Ready."
"Aliens","Fuelatron Jellybone","aliens","Sketches\aliens\fuelatron-jellybone.html","https://ronenglish-archive.github.io/ron-english-sketches-aliens/Sketches/aliens/fuelatron-jellybone.html","15","0","https://ronenglish-archive.github.io/ron-english-sketches-aliens/images/Sketches/aliens%202/Fuelatron%20Jellybone%20ORIGINAL.jpg","OK","Ready."
"Aliens","Galacter Equanimous","aliens","Sketches\aliens\galacter-equanimous.html","https://ronenglish-archive.github.io/ron-english-sketches-aliens/Sketches/aliens/galacter-equanimous.html","3","0","https://ronenglish-archive.github.io/ron-english-sketches-aliens/images/Sketches/aliens/Galacter%20Equanimous%20ORIGINAL.jpg","OK","Ready."
"Aliens","Galactic Gamine","aliens","Sketches\aliens\galactic-gamine.html","https://ronenglish-archive.github.io/ron-english-sketches-aliens/Sketches/aliens/galactic-gamine.html","2","0","https://ronenglish-archive.github.io/ron-english-sketches-aliens/images/Sketches/aliens/Lavishless%20Fabuness%20ORIGINAL.jpg","OK","Ready."
"Aliens","Galaxel","aliens","Sketches\aliens\galaxel.html","https://ronenglish-archive.github.io/ron-english-sketches-aliens/Sketches/aliens/galaxel.html","2","0","https://ronenglish-archive.github.io/ron-english-sketches-aliens/images/Sketches/aliens/Galaxel%20ORIGINAL.jpg","OK","Ready."
"Aliens","Gangrenous Blast","aliens","Sketches\aliens\gangrenous-blast.html","https://ronenglish-archive.github.io/ron-english-sketches-aliens/Sketches/aliens/gangrenous-blast.html","12","0","https://ronenglish-archive.github.io/ron-english-sketches-aliens/images/Sketches/aliens/Flavorpee%20Zronback%20ORIGINAL.jpg","OK","Ready."
"Aliens","Garth Raider Alien","aliens","Sketches\aliens\garth-raider-alien.html","https://ronenglish-archive.github.io/ron-english-sketches-aliens/Sketches/aliens/garth-raider-alien.html","3","0","https://ronenglish-archive.github.io/ron-english-sketches-aliens/images/Sketches/aliens/Garth%20Raider%20Alien%20-%20original.jpg","OK","Ready."
"Aliens","General Genitals Alien","aliens","Sketches\aliens\general-genitals-alien.html","https://ronenglish-archive.github.io/ron-english-sketches-aliens/Sketches/aliens/general-genitals-alien.html","3","0","https://ronenglish-archive.github.io/ron-english-sketches-aliens/images/Sketches/aliens/General%20Genitals%20Alien%20-%20original.jpg","OK","Ready."
"Aliens","Genhumas Transretnal","aliens","Sketches\aliens\genhumas-transretnal.html","https://ronenglish-archive.github.io/ron-english-sketches-aliens/Sketches/aliens/genhumas-transretnal.html","3","0","https://ronenglish-archive.github.io/ron-english-sketches-aliens/images/Sketches/aliens/Genhumas%20Transretnal%20ORIGINAL.jpg","OK","Ready."
"Aliens","Genus Dexus","aliens","Sketches\aliens\genus-dexus.html","https://ronenglish-archive.github.io/ron-english-sketches-aliens/Sketches/aliens/genus-dexus.html","3","3","https://ronenglish-archive.github.io/ron-english-sketches-aliens/images/Sketches/aliens%202/Opoid%20Ian%20ORIGINAL.jpg","REVIEW","Some local image references were not found."
"Aliens","Glove Alien","aliens","Sketches\aliens\glove-alien.html","https://ronenglish-archive.github.io/ron-english-sketches-aliens/Sketches/aliens/glove-alien.html","3","0","https://ronenglish-archive.github.io/ron-english-sketches-aliens/images/Sketches/aliens%202/Glove%20Alien%20ORIGINAL.jpg","OK","Ready."
"Aliens","Goldie Aquanaut","aliens","Sketches\aliens\goldie-aquanaut.html","https://ronenglish-archive.github.io/ron-english-sketches-aliens/Sketches/aliens/goldie-aquanaut.html","4","0","https://ronenglish-archive.github.io/ron-english-sketches-aliens/images/Sketches/aliens/Goldie%20Aquanaut%20-%20original.jpg","OK","Ready."
"Aliens","Gralien","aliens","Sketches\aliens\gralien.html","https://ronenglish-archive.github.io/ron-english-sketches-aliens/Sketches/aliens/gralien.html","2","0","https://ronenglish-archive.github.io/ron-english-sketches-aliens/images/Sketches/aliens/Gralien%20ORIGINAL.jpg","OK","Ready."
"Aliens","Grey Combatter","aliens","Sketches\aliens\grey-combatter.html","https://ronenglish-archive.github.io/ron-english-sketches-aliens/Sketches/aliens/grey-combatter.html","2","0","https://ronenglish-archive.github.io/ron-english-sketches-aliens/images/Sketches/aliens/Gralien%20ORIGINAL.jpg","OK","Ready."
"Aliens","Grey Omomyid","aliens","Sketches\aliens\grey-omomyid.html","https://ronenglish-archive.github.io/ron-english-sketches-aliens/Sketches/aliens/grey-omomyid.html","3","0","https://ronenglish-archive.github.io/ron-english-sketches-aliens/images/Sketches/aliens%202/Grey%20Omomyid%20ORIGINAL.jpg","OK","Ready."
"Aliens","Grift Drifter","aliens","Sketches\aliens\grift-drifter.html","https://ronenglish-archive.github.io/ron-english-sketches-aliens/Sketches/aliens/grift-drifter.html","14","0","https://ronenglish-archive.github.io/ron-english-sketches-aliens/images/Sketches/aliens%202/Grift%20Drifter%20ORIGINAL.jpg","OK","Ready."
"Aliens","Grimical Credance","aliens","Sketches\aliens\grimical-credance.html","https://ronenglish-archive.github.io/ron-english-sketches-aliens/Sketches/aliens/grimical-credance.html","4","0","https://ronenglish-archive.github.io/ron-english-sketches-aliens/images/Sketches/aliens/Andresonor%20Vanvermon%20-%20original.jpg","OK","Ready."
"Aliens","Grinnie Martian","aliens","Sketches\aliens\grinnie-martian.html","https://ronenglish-archive.github.io/ron-english-sketches-aliens/Sketches/aliens/grinnie-martian.html","13","0","https://ronenglish-archive.github.io/ron-english-sketches-aliens/images/Sketches/aliens%202/Grinnie%20Martian%20ORIGINAL.jpg","OK","Ready."
"Aliens","Grumps Alien","aliens","Sketches\aliens\grumps-alien.html","https://ronenglish-archive.github.io/ron-english-sketches-aliens/Sketches/aliens/grumps-alien.html","3","0","https://ronenglish-archive.github.io/ron-english-sketches-aliens/images/Sketches/aliens/Grumps%20Alien%20-%20original.jpg","OK","Ready."
"Aliens","Happree Zelonaut","aliens","Sketches\aliens\happree-zelonaut.html","https://ronenglish-archive.github.io/ron-english-sketches-aliens/Sketches/aliens/happree-zelonaut.html","4","0","https://ronenglish-archive.github.io/ron-english-sketches-aliens/images/Sketches/aliens/Happree%20Zelonaut%20ORIGINAL.jpg","OK","Ready."
"Aliens","Heinel Schnapp","aliens","Sketches\aliens\heinel-schnapp.html","https://ronenglish-archive.github.io/ron-english-sketches-aliens/Sketches/aliens/heinel-schnapp.html","2","0","https://ronenglish-archive.github.io/ron-english-sketches-aliens/images/Sketches/aliens/Aphelionia%20-%20original.jpg","OK","Ready."
"Aliens","Hobgoblien","aliens","Sketches\aliens\hobgoblien.html","https://ronenglish-archive.github.io/ron-english-sketches-aliens/Sketches/aliens/hobgoblien.html","2","0","https://ronenglish-archive.github.io/ron-english-sketches-aliens/images/Sketches/aliens%202/Hobgoblien%20ORIGINAL.jpg","OK","Ready."
"Aliens","Incontinent Alien","aliens","Sketches\aliens\incontinent-alien.html","https://ronenglish-archive.github.io/ron-english-sketches-aliens/Sketches/aliens/incontinent-alien.html","3","0","https://ronenglish-archive.github.io/ron-english-sketches-aliens/images/Sketches/aliens/Incontinent%20Alien%20-%20original.jpg","OK","Ready."
"Aliens","Infinitisis","aliens","Sketches\aliens\infinitisis.html","https://ronenglish-archive.github.io/ron-english-sketches-aliens/Sketches/aliens/infinitisis.html","2","0","https://ronenglish-archive.github.io/ron-english-sketches-aliens/images/Sketches/aliens/Cosmic%20Karla%20-%20original.jpg","OK","Ready."
"Aliens","Inner Sane","aliens","Sketches\aliens\inner-sane.html","https://ronenglish-archive.github.io/ron-english-sketches-aliens/Sketches/aliens/inner-sane.html","4","0","https://ronenglish-archive.github.io/ron-english-sketches-aliens/images/Sketches/aliens/Ravelbless%20Calluconcious%20ORIGINAL.jpg","OK","Ready."
"Aliens","Intercosmo","aliens","Sketches\aliens\intercosmo.html","https://ronenglish-archive.github.io/ron-english-sketches-aliens/Sketches/aliens/intercosmo.html","2","0","https://ronenglish-archive.github.io/ron-english-sketches-aliens/images/Sketches/aliens/Intercosmo%20ORIGINAL.jpg","OK","Ready."
"Aliens","Internal Planted","aliens","Sketches\aliens\internal-planted.html","https://ronenglish-archive.github.io/ron-english-sketches-aliens/Sketches/aliens/internal-planted.html","10","0","https://ronenglish-archive.github.io/ron-english-sketches-aliens/images/Sketches/aliens/Patchy%20Podium.jpg","OK","Ready."
"Aliens","Inveterate Vertibralien","aliens","Sketches\aliens\inveterate-vertibralien.html","https://ronenglish-archive.github.io/ron-english-sketches-aliens/Sketches/aliens/inveterate-vertibralien.html","2","0","https://ronenglish-archive.github.io/ron-english-sketches-aliens/images/Sketches/aliens/Inveterate%20Vertibralien%20ORIGINAL.jpg","OK","Ready."
"Aliens","Jake and Flake Ape Alien","aliens","Sketches\aliens\jake-and-flake-ape-alien.html","https://ronenglish-archive.github.io/ron-english-sketches-aliens/Sketches/aliens/jake-and-flake-ape-alien.html","6","0","https://ronenglish-archive.github.io/ron-english-sketches-aliens/images/Sketches/aliens/Jake%20and%20Flake%20Ape%20Alien%20-%20original.jpg","OK","Ready."
"Aliens","Jibber Jahman","aliens","Sketches\aliens\jibber-jahman.html","https://ronenglish-archive.github.io/ron-english-sketches-aliens/Sketches/aliens/jibber-jahman.html","6","0","https://ronenglish-archive.github.io/ron-english-sketches-aliens/images/Sketches/aliens%202/Jibber%20Jahman%20ORIGINAL.jpg","OK","Ready."
"Aliens","Kidmark Que","aliens","Sketches\aliens\kidmark-que.html","https://ronenglish-archive.github.io/ron-english-sketches-aliens/Sketches/aliens/kidmark-que.html","4","0","https://ronenglish-archive.github.io/ron-english-sketches-aliens/images/Sketches/aliens/Kidmark%20Que%20ORIGINAL.jpg","OK","Ready."
"Aliens","Lavishless Fabuness","aliens","Sketches\aliens\lavishless-fabuness.html","https://ronenglish-archive.github.io/ron-english-sketches-aliens/Sketches/aliens/lavishless-fabuness.html","2","0","https://ronenglish-archive.github.io/ron-english-sketches-aliens/images/Sketches/aliens/Lavishless%20Fabuness%20ORIGINAL.jpg","OK","Ready."
"Aliens","Lavishless Fauness","aliens","Sketches\aliens\lavishless-fauness.html","https://ronenglish-archive.github.io/ron-english-sketches-aliens/Sketches/aliens/lavishless-fauness.html","3","0","https://ronenglish-archive.github.io/ron-english-sketches-aliens/images/Sketches/aliens/Amblyopiate%20-%20original.jpg","OK","Ready."
"Aliens","Leisurabilly Indeafatigable","aliens","Sketches\aliens\leisurabilly-indeafatigable.html","https://ronenglish-archive.github.io/ron-english-sketches-aliens/Sketches/aliens/leisurabilly-indeafatigable.html","5","0","https://ronenglish-archive.github.io/ron-english-sketches-aliens/images/Sketches/aliens/Leisurabilly%20Indeafatigable%20ORIGINAL.jpg","OK","Ready."
"Aliens","Liberty Import","aliens","Sketches\aliens\liberty-import.html","https://ronenglish-archive.github.io/ron-english-sketches-aliens/Sketches/aliens/liberty-import.html","6","2","https://ronenglish-archive.github.io/ron-english-sketches-aliens/images/Sketches/aliens/Liberty%20Import%20-%20original.jpg","REVIEW","Some local image references were not found."
"Aliens","Light Cult Cryptonaut","aliens","Sketches\aliens\light-cult-cryptonaut.html","https://ronenglish-archive.github.io/ron-english-sketches-aliens/Sketches/aliens/light-cult-cryptonaut.html","10","0","https://ronenglish-archive.github.io/ron-english-sketches-aliens/images/Sketches/aliens/Light%20Cult%20Cryptonaut%20-%20pose%201%20original.jpg","OK","Ready."
"Aliens","Lightning Hawk","aliens","Sketches\aliens\lightning-hawk.html","https://ronenglish-archive.github.io/ron-english-sketches-aliens/Sketches/aliens/lightning-hawk.html","3","0","https://ronenglish-archive.github.io/ron-english-sketches-aliens/images/Sketches/aliens/Lightning%20Hawk%20-%20original.jpg","OK","Ready."
"Aliens","Lillithone Saviour","aliens","Sketches\aliens\lillithone-saviour.html","https://ronenglish-archive.github.io/ron-english-sketches-aliens/Sketches/aliens/lillithone-saviour.html","4","0","https://ronenglish-archive.github.io/ron-english-sketches-aliens/images/Sketches/aliens/Equinoxious%20ORIGINAL.jpg","OK","Ready."
"Aliens","Lugubrian","aliens","Sketches\aliens\lugubrian.html","https://ronenglish-archive.github.io/ron-english-sketches-aliens/Sketches/aliens/lugubrian.html","2","0","https://ronenglish-archive.github.io/ron-english-sketches-aliens/images/Sketches/aliens%202/Lugushire%20ORIGINAL.jpg","OK","Ready."
"Aliens","Lugushire","aliens","Sketches\aliens\lugushire.html","https://ronenglish-archive.github.io/ron-english-sketches-aliens/Sketches/aliens/lugushire.html","2","0","https://ronenglish-archive.github.io/ron-english-sketches-aliens/images/Sketches/aliens%202/Lugushire%20ORIGINAL.jpg","OK","Ready."
"Aliens","Lunashtick","aliens","Sketches\aliens\lunashtick.html","https://ronenglish-archive.github.io/ron-english-sketches-aliens/Sketches/aliens/lunashtick.html","2","0","https://ronenglish-archive.github.io/ron-english-sketches-aliens/images/Sketches/aliens/Lunashtick%20ORIGINAL.jpg","OK","Ready."
"Aliens","Marilyn Bordeaux Alien","aliens","Sketches\aliens\marilyn-bordeaux-alien.html","https://ronenglish-archive.github.io/ron-english-sketches-aliens/Sketches/aliens/marilyn-bordeaux-alien.html","4","0","https://ronenglish-archive.github.io/ron-english-sketches-aliens/images/Sketches/aliens/Marilyn%20Bordeaux%20Alien%20-%20original.jpg","OK","Ready."
"Aliens","Maximum Myopia","aliens","Sketches\aliens\maximum-myopia.html","https://ronenglish-archive.github.io/ron-english-sketches-aliens/Sketches/aliens/maximum-myopia.html","6","0","https://ronenglish-archive.github.io/ron-english-sketches-aliens/images/Sketches/aliens%202/Maximum%20Myopia%20ORIGINAL.jpg","OK","Ready."
"Aliens","Medulla Gullah","aliens","Sketches\aliens\medulla-gullah.html","https://ronenglish-archive.github.io/ron-english-sketches-aliens/Sketches/aliens/medulla-gullah.html","2","0","https://ronenglish-archive.github.io/ron-english-sketches-aliens/images/Sketches/aliens/Aphelionia%20-%20original.jpg","OK","Ready."
"Aliens","Megagalactron","aliens","Sketches\aliens\megagalactron.html","https://ronenglish-archive.github.io/ron-english-sketches-aliens/Sketches/aliens/megagalactron.html","2","0","https://ronenglish-archive.github.io/ron-english-sketches-aliens/images/Sketches/aliens/Eternal%20Bernal%20ORIGINAL.jpg","OK","Ready."
"Aliens","Mira Mecia","aliens","Sketches\aliens\mira-mecia.html","https://ronenglish-archive.github.io/ron-english-sketches-aliens/Sketches/aliens/mira-mecia.html","2","2","https://ronenglish-archive.github.io/ron-english-sketches-aliens/images/Sketches/aliens%202/Mira%20Mecia%20ORIGINAL.jpg","REVIEW","Some local image references were not found."
"Aliens","Mirreckless Mucilaginor","aliens","Sketches\aliens\mirreckless-mucilaginor.html","https://ronenglish-archive.github.io/ron-english-sketches-aliens/Sketches/aliens/mirreckless-mucilaginor.html","3","0","https://ronenglish-archive.github.io/ron-english-sketches-aliens/images/Sketches/aliens/Galacter%20Equanimous%20ORIGINAL.jpg","OK","Ready."
"Aliens","Moe Clown Alien","aliens","Sketches\aliens\moe-clown-alien.html","https://ronenglish-archive.github.io/ron-english-sketches-aliens/Sketches/aliens/moe-clown-alien.html","3","0","https://ronenglish-archive.github.io/ron-english-sketches-aliens/images/Sketches/aliens/Moe%20Clown%20Alien%20-%20original.jpg","OK","Ready."
"Aliens","Ms Terious Celeillated","aliens","Sketches\aliens\ms-terious-celeillated.html","https://ronenglish-archive.github.io/ron-english-sketches-aliens/Sketches/aliens/ms-terious-celeillated.html","14","1","https://ronenglish-archive.github.io/ron-english-sketches-aliens/images/Sketches/aliens%202/Ms%20Terious%20Celeillated%20ORIGINAL.jpg","REVIEW","Some local image references were not found."
"Aliens","Myntra Venus","aliens","Sketches\aliens\myntra-venus.html","https://ronenglish-archive.github.io/ron-english-sketches-aliens/Sketches/aliens/myntra-venus.html","2","0","https://ronenglish-archive.github.io/ron-english-sketches-aliens/images/Sketches/aliens/Inveterate%20Vertibralien%20ORIGINAL.jpg","OK","Ready."
"Aliens","Mystical Visitor","aliens","Sketches\aliens\mystical-visitor.html","https://ronenglish-archive.github.io/ron-english-sketches-aliens/Sketches/aliens/mystical-visitor.html","13","0","https://ronenglish-archive.github.io/ron-english-sketches-aliens/images/Sketches/aliens/Starfarer%20Epicureans%20Max%20ORIGINAL.jpg","OK","Ready."
"Aliens","Mythical Sith Mouse","aliens","Sketches\aliens\mythical-sith-mouse.html","https://ronenglish-archive.github.io/ron-english-sketches-aliens/Sketches/aliens/mythical-sith-mouse.html","3","0","https://ronenglish-archive.github.io/ron-english-sketches-aliens/images/Sketches/aliens/Mythical%20Sith%20Mouse%20-%20original.jpg","OK","Ready."
"Aliens","Nastronaut Snubbin","aliens","Sketches\aliens\nastronaut-snubbin.html","https://ronenglish-archive.github.io/ron-english-sketches-aliens/Sketches/aliens/nastronaut-snubbin.html","3","0","https://ronenglish-archive.github.io/ron-english-sketches-aliens/images/Sketches/aliens/Nastronaut%20Snubbin%20-%20original.jpg","OK","Ready."
"Aliens","Neandastral","aliens","Sketches\aliens\neandastral.html","https://ronenglish-archive.github.io/ron-english-sketches-aliens/Sketches/aliens/neandastral.html","2","0","https://ronenglish-archive.github.io/ron-english-sketches-aliens/images/Sketches/aliens/Eternal%20Bernal%20ORIGINAL.jpg","OK","Ready."
"Aliens","Nebulator","aliens","Sketches\aliens\nebulator.html","https://ronenglish-archive.github.io/ron-english-sketches-aliens/Sketches/aliens/nebulator.html","2","0","https://ronenglish-archive.github.io/ron-english-sketches-aliens/images/Sketches/aliens/Mira%20Mecia%20ORIGINAL.jpg","OK","Ready."
"Aliens","Obese Alien","aliens","Sketches\aliens\obese-alien.html","https://ronenglish-archive.github.io/ron-english-sketches-aliens/Sketches/aliens/obese-alien.html","12","0","https://ronenglish-archive.github.io/ron-english-sketches-aliens/images/Sketches/aliens/Obese%20Alien%20-%20front%20original.jpg","OK","Ready."
"Aliens","Oculestria","aliens","Sketches\aliens\oculestria.html","https://ronenglish-archive.github.io/ron-english-sketches-aliens/Sketches/aliens/oculestria.html","2","0","https://ronenglish-archive.github.io/ron-english-sketches-aliens/images/Sketches/aliens/Oculestria%20ORIGINAL.jpg","OK","Ready."
"Aliens","OG Sinner Alien","aliens","Sketches\aliens\og-sinner-alien.html","https://ronenglish-archive.github.io/ron-english-sketches-aliens/Sketches/aliens/og-sinner-alien.html","3","0","https://ronenglish-archive.github.io/ron-english-sketches-aliens/images/Sketches/aliens/OG%20Sinner%20Alien%20-%20original.jpg","OK","Ready."
"Aliens","Oogie Boogie","aliens","Sketches\aliens\oogie-boogie.html","https://ronenglish-archive.github.io/ron-english-sketches-aliens/Sketches/aliens/oogie-boogie.html","2","0","https://ronenglish-archive.github.io/ron-english-sketches-aliens/images/Sketches/aliens/Lavishless%20Fabuness%20ORIGINAL.jpg","OK","Ready."
"Aliens","Opoid Ian","aliens","Sketches\aliens\opoid-ian.html","https://ronenglish-archive.github.io/ron-english-sketches-aliens/Sketches/aliens/opoid-ian.html","2","0","https://ronenglish-archive.github.io/ron-english-sketches-aliens/images/Sketches/aliens/Opoid%20Ian%20ORIGINAL.jpg","OK","Ready."
"Aliens","Orgie Porgie Alien","aliens","Sketches\aliens\orgie-porgie-alien.html","https://ronenglish-archive.github.io/ron-english-sketches-aliens/Sketches/aliens/orgie-porgie-alien.html","3","0","https://ronenglish-archive.github.io/ron-english-sketches-aliens/images/Sketches/aliens/Orgie%20Porgie%20Alien%20-%20original.jpg","OK","Ready."
"Aliens","Orion Pod Slime","aliens","Sketches\aliens\orion-pod-slime.html","https://ronenglish-archive.github.io/ron-english-sketches-aliens/Sketches/aliens/orion-pod-slime.html","8","0","https://ronenglish-archive.github.io/ron-english-sketches-aliens/images/Sketches/aliens/Orion%20Pod%20Slime%20-%20three%20quarters%20original.jpg","OK","Ready."
"Aliens","Orion the Obese Alien","aliens","Sketches\aliens\orion-the-obese-alien.html","https://ronenglish-archive.github.io/ron-english-sketches-aliens/Sketches/aliens/orion-the-obese-alien.html","15","0","https://ronenglish-archive.github.io/ron-english-sketches-aliens/images/Sketches/aliens/Orion%20the%20Obese%20Alien%20-%20three%20quarters%20original.jpg","OK","Ready."
"Aliens","Otherworld Overlord","aliens","Sketches\aliens\otherworld-overlord.html","https://ronenglish-archive.github.io/ron-english-sketches-aliens/Sketches/aliens/otherworld-overlord.html","11","0","https://ronenglish-archive.github.io/ron-english-sketches-aliens/images/Sketches/aliens%202/Otherworld%20Overlord%20ORIGINAL.jpg","OK","Ready."
"Aliens","Palliduness Flatulence","aliens","Sketches\aliens\palliduness-flatulence.html","https://ronenglish-archive.github.io/ron-english-sketches-aliens/Sketches/aliens/palliduness-flatulence.html","4","0","https://ronenglish-archive.github.io/ron-english-sketches-aliens/images/Sketches/aliens%202/Palliduness%20Flatulence%20ORIGINAL.jpg","OK","Ready."
"Aliens","Patchy Podium","aliens","Sketches\aliens\patchy-podium.html","https://ronenglish-archive.github.io/ron-english-sketches-aliens/Sketches/aliens/patchy-podium.html","1","0","https://ronenglish-archive.github.io/ron-english-sketches-aliens/images/Sketches/aliens/Patchy%20Podium.jpg","OK","Ready."
"Aliens","Perp Petual","aliens","Sketches\aliens\perp-petual.html","https://ronenglish-archive.github.io/ron-english-sketches-aliens/Sketches/aliens/perp-petual.html","12","0","https://ronenglish-archive.github.io/ron-english-sketches-aliens/images/Sketches/aliens/Dwell%20Cogo%20ORIGINAL.jpg","OK","Ready."
"Aliens","Phoebus Fetus Alien","aliens","Sketches\aliens\phoebus-fetus-alien.html","https://ronenglish-archive.github.io/ron-english-sketches-aliens/Sketches/aliens/phoebus-fetus-alien.html","3","0","https://ronenglish-archive.github.io/ron-english-sketches-aliens/images/Sketches/aliens/Phoebus%20Fetus%20Alien%20-%20original.jpg","OK","Ready."
"Aliens","Phone Home Alien","aliens","Sketches\aliens\phone-home-alien.html","https://ronenglish-archive.github.io/ron-english-sketches-aliens/Sketches/aliens/phone-home-alien.html","3","0","https://ronenglish-archive.github.io/ron-english-sketches-aliens/images/Sketches/aliens/Phone%20Home%20Alien%20-%20original.jpg","OK","Ready."
"Aliens","Pluton Ian","aliens","Sketches\aliens\pluton-ian.html","https://ronenglish-archive.github.io/ron-english-sketches-aliens/Sketches/aliens/pluton-ian.html","2","0","https://ronenglish-archive.github.io/ron-english-sketches-aliens/images/Sketches/aliens/Pluton%20Ian%20ORIGINAL.jpg","OK","Ready."
"Aliens","Popeye Alien","aliens","Sketches\aliens\popeye-alien.html","https://ronenglish-archive.github.io/ron-english-sketches-aliens/Sketches/aliens/popeye-alien.html","4","0","https://ronenglish-archive.github.io/ron-english-sketches-aliens/images/Sketches/aliens/Popeye%20Alien%20-%20original.jpg","OK","Ready."
"Aliens","Poultry Rex in Eggshell Ship","aliens","Sketches\aliens\poultry-rex-and-eggshell-ship.html","https://ronenglish-archive.github.io/ron-english-sketches-aliens/Sketches/aliens/poultry-rex-and-eggshell-ship.html","4","0","https://ronenglish-archive.github.io/ron-english-sketches-aliens/images/Sketches/aliens/Poultry%20Rex%20and%20Eggshell%20Ship%20-%20original.jpg","OK","Ready."
"Aliens","Prechinca Peach","aliens","Sketches\aliens\prechinca-peach.html","https://ronenglish-archive.github.io/ron-english-sketches-aliens/Sketches/aliens/prechinca-peach.html","8","0","https://ronenglish-archive.github.io/ron-english-sketches-aliens/images/Sketches/aliens%202/Prechinca%20Peach%20ORIGINAL.jpg","OK","Ready."
"Aliens","Proteus Lowlander","aliens","Sketches\aliens\proteus-lowlander.html","https://ronenglish-archive.github.io/ron-english-sketches-aliens/Sketches/aliens/proteus-lowlander.html","2","0","https://ronenglish-archive.github.io/ron-english-sketches-aliens/images/Sketches/aliens/Gralien%20ORIGINAL.jpg","OK","Ready."
"Aliens","Psalty Turin Shout","aliens","Sketches\aliens\psalty-turin-shout.html","https://ronenglish-archive.github.io/ron-english-sketches-aliens/Sketches/aliens/psalty-turin-shout.html","4","0","https://ronenglish-archive.github.io/ron-english-sketches-aliens/images/Sketches/aliens/Etymogual%20Benedictus%20ORIGINAL.jpg","OK","Ready."
"Aliens","Pudge Alien","aliens","Sketches\aliens\pudge-alien.html","https://ronenglish-archive.github.io/ron-english-sketches-aliens/Sketches/aliens/pudge-alien.html","3","0","https://ronenglish-archive.github.io/ron-english-sketches-aliens/images/Sketches/aliens%202/Pudge%20Alien%20ORIGINAL.jpg","OK","Ready."
"Aliens","Qarkadee","aliens","Sketches\aliens\qarkadee.html","https://ronenglish-archive.github.io/ron-english-sketches-aliens/Sketches/aliens/qarkadee.html","3","0","https://ronenglish-archive.github.io/ron-english-sketches-aliens/images/Sketches/aliens/Qarkadee%20and%20Toothie%20Ruthie%20-%20shared%20original.jpg","OK","Ready."
"Aliens","Quarterback Squeak","aliens","Sketches\aliens\quarterback-squeak.html","https://ronenglish-archive.github.io/ron-english-sketches-aliens/Sketches/aliens/quarterback-squeak.html","3","0","https://ronenglish-archive.github.io/ron-english-sketches-aliens/images/Sketches/aliens/Quarterback%20Squeak%20-%20B%26W.jpg","OK","Ready."
"Aliens","Quasamos","aliens","Sketches\aliens\quasamos.html","https://ronenglish-archive.github.io/ron-english-sketches-aliens/Sketches/aliens/quasamos.html","2","0","https://ronenglish-archive.github.io/ron-english-sketches-aliens/images/Sketches/aliens%202/Quasamos%20ORIGINAL.jpg","OK","Ready."
"Aliens","Ratrental Adreheum","aliens","Sketches\aliens\ratrental-adreheum.html","https://ronenglish-archive.github.io/ron-english-sketches-aliens/Sketches/aliens/ratrental-adreheum.html","4","0","https://ronenglish-archive.github.io/ron-english-sketches-aliens/images/Sketches/aliens/Ratrental%20Adreheum%20ORIGINAL.jpg","OK","Ready."
"Aliens","Ravelbless Calluconcious","aliens","Sketches\aliens\ravelbless-calluconcious.html","https://ronenglish-archive.github.io/ron-english-sketches-aliens/Sketches/aliens/ravelbless-calluconcious.html","4","0","https://ronenglish-archive.github.io/ron-english-sketches-aliens/images/Sketches/aliens/Ravelbless%20Calluconcious%20ORIGINAL.jpg","OK","Ready."
"Aliens","Remora Rabbbit","aliens","Sketches\aliens\remora-rabbbit.html","https://ronenglish-archive.github.io/ron-english-sketches-aliens/Sketches/aliens/remora-rabbbit.html","14","0","https://ronenglish-archive.github.io/ron-english-sketches-aliens/images/Sketches/aliens%202/Remora%20Rabbbit%20ORIGINAL.jpg","OK","Ready."
"Aliens","Reptilian Rhapsody","aliens","Sketches\aliens\reptilian-rhapsody.html","https://ronenglish-archive.github.io/ron-english-sketches-aliens/Sketches/aliens/reptilian-rhapsody.html","2","0","https://ronenglish-archive.github.io/ron-english-sketches-aliens/images/Sketches/aliens/Brooke%20Chinook%20-%20original.jpg","OK","Ready."
"Aliens","Reptoculi","aliens","Sketches\aliens\reptoculi.html","https://ronenglish-archive.github.io/ron-english-sketches-aliens/Sketches/aliens/reptoculi.html","2","0","https://ronenglish-archive.github.io/ron-english-sketches-aliens/images/Sketches/aliens%202/Reptoculi%20ORIGINAL.jpg","OK","Ready."
"Aliens","Revel Rioter","aliens","Sketches\aliens\revel-rioter.html","https://ronenglish-archive.github.io/ron-english-sketches-aliens/Sketches/aliens/revel-rioter.html","5","0","https://ronenglish-archive.github.io/ron-english-sketches-aliens/images/Sketches/aliens/Ratrental%20Adreheum%20ORIGINAL.jpg","OK","Ready."
"Aliens","Rocket Alien","aliens","Sketches\aliens\rocket-alien.html","https://ronenglish-archive.github.io/ron-english-sketches-aliens/Sketches/aliens/rocket-alien.html","2","0","https://ronenglish-archive.github.io/ron-english-sketches-aliens/images/Sketches/aliens/Rocket%20Alien%20-%20original.jpg","OK","Ready."
"Aliens","Sally Yanger","aliens","Sketches\aliens\sally-yanger.html","https://ronenglish-archive.github.io/ron-english-sketches-aliens/Sketches/aliens/sally-yanger.html","2","0","https://ronenglish-archive.github.io/ron-english-sketches-aliens/images/Sketches/aliens%202/Sally%20Yanger%20ORIGINAL.jpg","OK","Ready."
"Aliens","Samboner Infaspace","aliens","Sketches\aliens\samboner-infaspace.html","https://ronenglish-archive.github.io/ron-english-sketches-aliens/Sketches/aliens/samboner-infaspace.html","14","0","https://ronenglish-archive.github.io/ron-english-sketches-aliens/images/Sketches/aliens%202/Samboner%20Infaspace%20ORIGINAL.jpg","OK","Ready."
"Aliens","Sandmo Abstance","aliens","Sketches\aliens\sandmo-abstance.html","https://ronenglish-archive.github.io/ron-english-sketches-aliens/Sketches/aliens/sandmo-abstance.html","2","0","https://ronenglish-archive.github.io/ron-english-sketches-aliens/images/Sketches/aliens/Genhumas%20Transretnal%20ORIGINAL.jpg","OK","Ready."
"Aliens","Satur Nine","aliens","Sketches\aliens\satur-nine.html","https://ronenglish-archive.github.io/ron-english-sketches-aliens/Sketches/aliens/satur-nine.html","2","0","https://ronenglish-archive.github.io/ron-english-sketches-aliens/images/Sketches/aliens/Pluton%20Ian%20ORIGINAL.jpg","OK","Ready."
"Aliens","Saturnine Samwich","aliens","Sketches\aliens\saturnine-samwich.html","https://ronenglish-archive.github.io/ron-english-sketches-aliens/Sketches/aliens/saturnine-samwich.html","11","0","https://ronenglish-archive.github.io/ron-english-sketches-aliens/images/Sketches/aliens/Walleyed%20Strabismus%20-%20original.jpg","OK","Ready."
"Aliens","Saturn Sam","aliens","Sketches\aliens\saturn-sam.html","https://ronenglish-archive.github.io/ron-english-sketches-aliens/Sketches/aliens/saturn-sam.html","5","0","https://ronenglish-archive.github.io/ron-english-sketches-aliens/images/Sketches/aliens/Saturn%20Sam%20-%20original.jpg","OK","Ready."
"Aliens","Schedufool Unit 42","aliens","Sketches\aliens\schedufool-unit-42.html","https://ronenglish-archive.github.io/ron-english-sketches-aliens/Sketches/aliens/schedufool-unit-42.html","6","0","https://ronenglish-archive.github.io/ron-english-sketches-aliens/images/Sketches/aliens/Schedufool%20Unit%2042%20-%20original.jpg","OK","Ready."
"Aliens","Schlubber","aliens","Sketches\aliens\schlubber.html","https://ronenglish-archive.github.io/ron-english-sketches-aliens/Sketches/aliens/schlubber.html","15","0","https://ronenglish-archive.github.io/ron-english-sketches-aliens/images/Sketches/aliens/Schedufool%20Unit%2042%20-%20original.jpg","OK","Ready."
"Aliens","Scotty Illuminati","aliens","Sketches\aliens\scotty-illuminati.html","https://ronenglish-archive.github.io/ron-english-sketches-aliens/Sketches/aliens/scotty-illuminati.html","3","0","https://ronenglish-archive.github.io/ron-english-sketches-aliens/images/Sketches/aliens/Scotty%20Illuminati%20-%20original.jpg","OK","Ready."
"Aliens","Strabismus Estropian","aliens","Sketches\aliens\scrabismus-estropian.html","https://ronenglish-archive.github.io/ron-english-sketches-aliens/Sketches/aliens/scrabismus-estropian.html","14","0","https://ronenglish-archive.github.io/ron-english-sketches-aliens/images/Sketches/aliens%202/Scrabismus%20Estropian%20ORIGINAL.jpg","OK","Ready."
"Aliens","Senior Homecause","aliens","Sketches\aliens\senior-homecause.html","https://ronenglish-archive.github.io/ron-english-sketches-aliens/Sketches/aliens/senior-homecause.html","12","0","https://ronenglish-archive.github.io/ron-english-sketches-aliens/images/Sketches/aliens/Wackotron%20Rover%20-%20original.jpg","OK","Ready."
"Aliens","Sermound Canibalier","aliens","Sketches\aliens\sermound-canibalier.html","https://ronenglish-archive.github.io/ron-english-sketches-aliens/Sketches/aliens/sermound-canibalier.html","3","0","https://ronenglish-archive.github.io/ron-english-sketches-aliens/images/Sketches/aliens%202/Sermound%20Canibalier%20ORIGINAL.jpg","OK","Ready."
"Aliens","Sirius Circus Alien","aliens","Sketches\aliens\sirius-circus-alien.html","https://ronenglish-archive.github.io/ron-english-sketches-aliens/Sketches/aliens/sirius-circus-alien.html","6","0","https://ronenglish-archive.github.io/ron-english-sketches-aliens/images/Sketches/aliens/Sirius%20Circus%20Alien%20-%20original.jpg","OK","Ready."
"Aliens","Siron Alien","aliens","Sketches\aliens\siron-alien.html","https://ronenglish-archive.github.io/ron-english-sketches-aliens/Sketches/aliens/siron-alien.html","5","0","https://ronenglish-archive.github.io/ron-english-sketches-aliens/images/Sketches/aliens/Siron%20Alien%20-%20original.jpg","OK","Ready."
"Aliens","Sirus Alien","aliens","Sketches\aliens\sirus-alien.html","https://ronenglish-archive.github.io/ron-english-sketches-aliens/Sketches/aliens/sirus-alien.html","5","0","https://ronenglish-archive.github.io/ron-english-sketches-aliens/images/Sketches/aliens/Sirus%20Alien%20ORIGINAL.jpg","OK","Ready."
"Aliens","Skullcrow","aliens","Sketches\aliens\skullcrow.html","https://ronenglish-archive.github.io/ron-english-sketches-aliens/Sketches/aliens/skullcrow.html","2","0","https://ronenglish-archive.github.io/ron-english-sketches-aliens/images/Sketches/aliens%202/Skullcrow%20ORIGINAL.jpg","OK","Ready."
"Aliens","Space Bunnny Suit Alien","aliens","Sketches\aliens\space-bunnny-suit-alien.html","https://ronenglish-archive.github.io/ron-english-sketches-aliens/Sketches/aliens/space-bunnny-suit-alien.html","3","0","https://ronenglish-archive.github.io/ron-english-sketches-aliens/images/Sketches/aliens/Space%20Bunnny%20Suit%20Alien%20-%20original.jpg","OK","Ready."
"Aliens","Spirastro","aliens","Sketches\aliens\spirastro.html","https://ronenglish-archive.github.io/ron-english-sketches-aliens/Sketches/aliens/spirastro.html","2","0","https://ronenglish-archive.github.io/ron-english-sketches-aliens/images/Sketches/aliens/Spirastro%20ORIGINAL.jpg","OK","Ready."
"Aliens","Squinch","aliens","Sketches\aliens\squinch.html","https://ronenglish-archive.github.io/ron-english-sketches-aliens/Sketches/aliens/squinch.html","2","0","https://ronenglish-archive.github.io/ron-english-sketches-aliens/images/Sketches/aliens/Squinch%20ORIGINAL.jpg","OK","Ready."
"Aliens","Starfarer Epicureans Max","aliens","Sketches\aliens\starfarer-epicureans-max.html","https://ronenglish-archive.github.io/ron-english-sketches-aliens/Sketches/aliens/starfarer-epicureans-max.html","4","0","https://ronenglish-archive.github.io/ron-english-sketches-aliens/images/Sketches/aliens/Starfarer%20Epicureans%20Max%20ORIGINAL.jpg","OK","Ready."
"Aliens","Star Skull Alien","aliens","Sketches\aliens\star-skull-alien.html","https://ronenglish-archive.github.io/ron-english-sketches-aliens/Sketches/aliens/star-skull-alien.html","17","0","https://ronenglish-archive.github.io/ron-english-sketches-aliens/images/Sketches/aliens%202/Star%20Skull%20Alien%20ORIGINAL.jpg","OK","Ready."
"Aliens","Starskull Rocket","aliens","Sketches\aliens\starskull-rocket.html","https://ronenglish-archive.github.io/ron-english-sketches-aliens/Sketches/aliens/starskull-rocket.html","4","0","https://ronenglish-archive.github.io/ron-english-sketches-aliens/images/Sketches/aliens/Starskull%20Rocket%20-%20B%26W.jpg","OK","Ready."
"Aliens","Star Trooper Alien","aliens","Sketches\aliens\star-trooper-alien.html","https://ronenglish-archive.github.io/ron-english-sketches-aliens/Sketches/aliens/star-trooper-alien.html","6","0","https://ronenglish-archive.github.io/ron-english-sketches-aliens/images/Sketches/aliens/Star%20Trooper%20Alien%20-%20original.jpg","OK","Ready."
"Aliens","Storm Thunder","aliens","Sketches\aliens\storm-thunder.html","https://ronenglish-archive.github.io/ron-english-sketches-aliens/Sketches/aliens/storm-thunder.html","12","0","https://ronenglish-archive.github.io/ron-english-sketches-aliens/images/Sketches/aliens/Dwell%20Cogo%20ORIGINAL.jpg","OK","Ready."
"Aliens","Stupor Trooper Alien","aliens","Sketches\aliens\stupor-trooper-alien.html","https://ronenglish-archive.github.io/ron-english-sketches-aliens/Sketches/aliens/stupor-trooper-alien.html","3","0","https://ronenglish-archive.github.io/ron-english-sketches-aliens/images/Sketches/aliens/Stupor%20Trooper%20Alien%20-%20original.jpg","OK","Ready."
"Aliens","Svelt Lown","aliens","Sketches\aliens\svelt-lown.html","https://ronenglish-archive.github.io/ron-english-sketches-aliens/Sketches/aliens/svelt-lown.html","2","0","https://ronenglish-archive.github.io/ron-english-sketches-aliens/images/Sketches/aliens/Trans%20Mogrifie%20ORIGINAL.jpg","OK","Ready."
"Aliens","Tantalus Zathuman 45","aliens","Sketches\aliens\tantalus-zathuman-45.html","https://ronenglish-archive.github.io/ron-english-sketches-aliens/Sketches/aliens/tantalus-zathuman-45.html","3","0","https://ronenglish-archive.github.io/ron-english-sketches-aliens/images/Sketches/aliens/Amblyopiate%20-%20original.jpg","OK","Ready."
"Aliens","Teardrop Alien","aliens","Sketches\aliens\teardrop-alien.html","https://ronenglish-archive.github.io/ron-english-sketches-aliens/Sketches/aliens/teardrop-alien.html","3","0","https://ronenglish-archive.github.io/ron-english-sketches-aliens/images/Sketches/aliens%202/Teardrop%20Alien%20ORIGINAL.jpg","OK","Ready."
"Aliens","Thcycler Sanbow","aliens","Sketches\aliens\thcycler-sanbow.html","https://ronenglish-archive.github.io/ron-english-sketches-aliens/Sketches/aliens/thcycler-sanbow.html","4","0","https://ronenglish-archive.github.io/ron-english-sketches-aliens/images/Sketches/aliens/Ratrental%20Adreheum%20ORIGINAL.jpg","OK","Ready."
"Aliens","Titfotat","aliens","Sketches\aliens\titfotat.html","https://ronenglish-archive.github.io/ron-english-sketches-aliens/Sketches/aliens/titfotat.html","2","0","https://ronenglish-archive.github.io/ron-english-sketches-aliens/images/Sketches/aliens%202/Titfotat%20ORIGINAL.jpg","OK","Ready."
"Aliens","Toothie Ruthie","aliens","Sketches\aliens\toothie-ruthie.html","https://ronenglish-archive.github.io/ron-english-sketches-aliens/Sketches/aliens/toothie-ruthie.html","3","0","https://ronenglish-archive.github.io/ron-english-sketches-aliens/images/Sketches/aliens/Qarkadee%20and%20Toothie%20Ruthie%20-%20shared%20original.jpg","OK","Ready."
"Aliens","Trans Mogrifie","aliens","Sketches\aliens\trans-mogrifie.html","https://ronenglish-archive.github.io/ron-english-sketches-aliens/Sketches/aliens/trans-mogrifie.html","2","0","https://ronenglish-archive.github.io/ron-english-sketches-aliens/images/Sketches/aliens/Trans%20Mogrifie%20ORIGINAL.jpg","OK","Ready."
"Aliens","Transretinal Orion","aliens","Sketches\aliens\transretinal-orion.html","https://ronenglish-archive.github.io/ron-english-sketches-aliens/Sketches/aliens/transretinal-orion.html","3","0","https://ronenglish-archive.github.io/ron-english-sketches-aliens/images/Sketches/aliens%202/Transretinal%20Orion%20ORIGINAL.jpg","OK","Ready."
"Aliens","Trippant Traveler","aliens","Sketches\aliens\trippant-traveler.html","https://ronenglish-archive.github.io/ron-english-sketches-aliens/Sketches/aliens/trippant-traveler.html","4","0","https://ronenglish-archive.github.io/ron-english-sketches-aliens/images/Sketches/aliens/Trippant%20Traveler%20-%20original.jpg","OK","Ready."
"Aliens","Trooper Mechanical Proxy","aliens","Sketches\aliens\trooper-mechanical-proxy.html","https://ronenglish-archive.github.io/ron-english-sketches-aliens/Sketches/aliens/trooper-mechanical-proxy.html","3","0","https://ronenglish-archive.github.io/ron-english-sketches-aliens/images/Sketches/aliens/Trooper%20Mechanical%20Proxy%20-%20original.jpg","OK","Ready."
"Aliens","Tsechgo the Terror","aliens","Sketches\aliens\tsechgo-the-terror.html","https://ronenglish-archive.github.io/ron-english-sketches-aliens/Sketches/aliens/tsechgo-the-terror.html","3","0","https://ronenglish-archive.github.io/ron-english-sketches-aliens/images/Sketches/aliens/Equinoxious-2%20ORIGINAL.jpg","OK","Ready."
"Aliens","Udder Space Cowgirl","aliens","Sketches\aliens\udder-space-cowgirl.html","https://ronenglish-archive.github.io/ron-english-sketches-aliens/Sketches/aliens/udder-space-cowgirl.html","6","2","https://ronenglish-archive.github.io/ron-english-sketches-aliens/images/Sketches/aliens/Udder%20Space%20Cowgirl%20-%20B%26W.jpg","REVIEW","Some local image references were not found."
"Aliens","Venusian Uranian","aliens","Sketches\aliens\venusian-uranian.html","https://ronenglish-archive.github.io/ron-english-sketches-aliens/Sketches/aliens/venusian-uranian.html","17","0","https://ronenglish-archive.github.io/ron-english-sketches-aliens/images/Sketches/aliens/Venusian%20Uranian%20ORIGINAL.jpg","OK","Ready."
"Aliens","Virgin Alien","aliens","Sketches\aliens\virgin-alien.html","https://ronenglish-archive.github.io/ron-english-sketches-aliens/Sketches/aliens/virgin-alien.html","3","0","https://ronenglish-archive.github.io/ron-english-sketches-aliens/images/Sketches/aliens/Virgin%20Alien%20-%20original.jpg","OK","Ready."
"Aliens","Vivatous Vee","aliens","Sketches\aliens\vivatous-vee.html","https://ronenglish-archive.github.io/ron-english-sketches-aliens/Sketches/aliens/vivatous-vee.html","4","0","https://ronenglish-archive.github.io/ron-english-sketches-aliens/images/Sketches/aliens/Kidmark%20Que%20ORIGINAL.jpg","OK","Ready."
"Aliens","Vol Kant","aliens","Sketches\aliens\vol-kant.html","https://ronenglish-archive.github.io/ron-english-sketches-aliens/Sketches/aliens/vol-kant.html","2","0","https://ronenglish-archive.github.io/ron-english-sketches-aliens/images/Sketches/aliens/Pluton%20Ian%20ORIGINAL.jpg","OK","Ready."
"Aliens","Voyagel Wonderer","aliens","Sketches\aliens\voyagel-wonderer.html","https://ronenglish-archive.github.io/ron-english-sketches-aliens/Sketches/aliens/voyagel-wonderer.html","14","0","https://ronenglish-archive.github.io/ron-english-sketches-aliens/images/Sketches/aliens/Trippant%20Traveler%20-%20original.jpg","OK","Ready."
"Aliens","Vultron Vortex","aliens","Sketches\aliens\vulcan-vortex.html","https://ronenglish-archive.github.io/ron-english-sketches-aliens/Sketches/aliens/vulcan-vortex.html","12","0","https://ronenglish-archive.github.io/ron-english-sketches-aliens/images/Sketches/aliens/Oculestria%20ORIGINAL.jpg","OK","Ready."
"Aliens","Wackotron Rover","aliens","Sketches\aliens\wackotron-rover.html","https://ronenglish-archive.github.io/ron-english-sketches-aliens/Sketches/aliens/wackotron-rover.html","4","0","https://ronenglish-archive.github.io/ron-english-sketches-aliens/images/Sketches/aliens/Wackotron%20Rover%20-%20original.jpg","OK","Ready."
"Aliens","Walleyed Strabismus","aliens","Sketches\aliens\walleyed-strabismus.html","https://ronenglish-archive.github.io/ron-english-sketches-aliens/Sketches/aliens/walleyed-strabismus.html","4","0","https://ronenglish-archive.github.io/ron-english-sketches-aliens/images/Sketches/aliens/Walleyed%20Strabismus%20-%20original.jpg","OK","Ready."
"Aliens","Way Ward","aliens","Sketches\aliens\way-ward.html","https://ronenglish-archive.github.io/ron-english-sketches-aliens/Sketches/aliens/way-ward.html","11","0","https://ronenglish-archive.github.io/ron-english-sketches-aliens/images/Sketches/aliens/Wackotron%20Rover%20-%20original.jpg","OK","Ready."
"Aliens","What's Up Pup","aliens","Sketches\aliens\whats-up-pup.html","https://ronenglish-archive.github.io/ron-english-sketches-aliens/Sketches/aliens/whats-up-pup.html","5","3","https://ronenglish-archive.github.io/ron-english-sketches-aliens/images/Sketches/aliens/What","REVIEW","Some local image references were not found."
"Aliens","Wingman Miller","aliens","Sketches\aliens\wingman-miller.html","https://ronenglish-archive.github.io/ron-english-sketches-aliens/Sketches/aliens/wingman-miller.html","5","0","https://ronenglish-archive.github.io/ron-english-sketches-aliens/images/Sketches/aliens/Wingman%20Miller%20-%20original.jpg","OK","Ready."
"Aliens","Xeno Dochium","aliens","Sketches\aliens\xeno-dochium.html","https://ronenglish-archive.github.io/ron-english-sketches-aliens/Sketches/aliens/xeno-dochium.html","7","0","https://ronenglish-archive.github.io/ron-english-sketches-aliens/images/Sketches/aliens%202/Xeno%20Dochium%20ORIGINAL.jpg","OK","Ready."
"Aliens","Yinyang Swirl","aliens","Sketches\aliens\yinyang-swirl.html","https://ronenglish-archive.github.io/ron-english-sketches-aliens/Sketches/aliens/yinyang-swirl.html","3","0","https://ronenglish-archive.github.io/ron-english-sketches-aliens/images/Sketches/aliens%202/Yinyang%20Swirl%20ORIGINAL.jpg","OK","Ready."
"Aliens","You Born Alien","aliens","Sketches\aliens\you-born-alien.html","https://ronenglish-archive.github.io/ron-english-sketches-aliens/Sketches/aliens/you-born-alien.html","2","0","https://ronenglish-archive.github.io/ron-english-sketches-aliens/images/Sketches/aliens/You%20Born%20Alien%20-%20B%26W.jpg","OK","Ready."
"Aliens","Zerk Zuckzerd","aliens","Sketches\aliens\zerk-zuckzerd.html","https://ronenglish-archive.github.io/ron-english-sketches-aliens/Sketches/aliens/zerk-zuckzerd.html","11","0","https://ronenglish-archive.github.io/ron-english-sketches-aliens/images/Sketches/aliens%202/Zerk%20Zuckzerd%20ORIGINAL.jpg","OK","Ready."
"Aliens","Zonk Temulent","aliens","Sketches\aliens\zonk-temulent.html","https://ronenglish-archive.github.io/ron-english-sketches-aliens/Sketches/aliens/zonk-temulent.html","13","0","https://ronenglish-archive.github.io/ron-english-sketches-aliens/images/Sketches/aliens/Leisurabilly%20Indeafatigable%20ORIGINAL.jpg","OK","Ready."
"Aliens","Zyvax Quirkbana","aliens","Sketches\aliens\zyvax-quirkbana.html","https://ronenglish-archive.github.io/ron-english-sketches-aliens/Sketches/aliens/zyvax-quirkbana.html","3","0","https://ronenglish-archive.github.io/ron-english-sketches-aliens/images/Sketches/aliens/Zyvax%20Quirkbana%20-%20original.jpg","OK","Ready."
"Old bridge","500-Pound Poultry Alien","aliens","Sketches\aliens\500-pound-poultry-alien.html","https://ronenglish-archive.github.io/ron-english-sketches-and-drawings/Sketches/aliens/500-pound-poultry-alien.html","3","3","https://ronenglish-archive.github.io/ron-english-sketches-and-drawings/images/Sketches/aliens/500-Pound%20Poultry%20Alien%20-%20original.jpg","REVIEW","Some local image references were not found."
"Old bridge","Absubtract Analsupress","aliens","Sketches\aliens\absubtract-analsupress.html","https://ronenglish-archive.github.io/ron-english-sketches-and-drawings/Sketches/aliens/absubtract-analsupress.html","3","3","https://ronenglish-archive.github.io/ron-english-sketches-and-drawings/images/Sketches/aliens/Galacter%20Equanimous%20ORIGINAL.jpg","REVIEW","Some local image references were not found."
"Old bridge","Adam Alien","aliens","Sketches\aliens\adam-alien.html","https://ronenglish-archive.github.io/ron-english-sketches-and-drawings/Sketches/aliens/adam-alien.html","3","3","https://ronenglish-archive.github.io/ron-english-sketches-and-drawings/images/Sketches/aliens/Adam%20Alien%20-%20original.jpg","REVIEW","Some local image references were not found."
"Old bridge","Adrian Alien","aliens","Sketches\aliens\adrian-alien.html","https://ronenglish-archive.github.io/ron-english-sketches-and-drawings/Sketches/aliens/adrian-alien.html","3","3","https://ronenglish-archive.github.io/ron-english-sketches-and-drawings/images/Sketches/aliens/Adrian%20Alien%20-%20original.jpg","REVIEW","Some local image references were not found."
"Old bridge","Aerospam Demotron","aliens","Sketches\aliens\aerospam-demotron.html","https://ronenglish-archive.github.io/ron-english-sketches-and-drawings/Sketches/aliens/aerospam-demotron.html","15","15","https://ronenglish-archive.github.io/ron-english-sketches-and-drawings/images/Sketches/aliens/Aerospam%20Demotron%20-%20original.jpg","REVIEW","Some local image references were not found."
"Old bridge","Alexandrinus Reflection","aliens","Sketches\aliens\alexandrinus-reflection.html","https://ronenglish-archive.github.io/ron-english-sketches-and-drawings/Sketches/aliens/alexandrinus-reflection.html","4","4","https://ronenglish-archive.github.io/ron-english-sketches-and-drawings/images/Sketches/aliens/Alexandrinus%20Reflection%20-%20original.jpg","REVIEW","Some local image references were not found."
"Old bridge","Aliegenie","aliens","Sketches\aliens\aliegenie.html","https://ronenglish-archive.github.io/ron-english-sketches-and-drawings/Sketches/aliens/aliegenie.html","2","2","https://ronenglish-archive.github.io/ron-english-sketches-and-drawings/images/Sketches/aliens/Lunashtick%20ORIGINAL.jpg","REVIEW","Some local image references were not found."
"Old bridge","Alien Bot","aliens","Sketches\aliens\alien-bot.html","https://ronenglish-archive.github.io/ron-english-sketches-and-drawings/Sketches/aliens/alien-bot.html","3","3","https://ronenglish-archive.github.io/ron-english-sketches-and-drawings/images/Sketches/aliens%202/Bot%20Alien%20ORIGINAL.jpg","REVIEW","Some local image references were not found."
"Old bridge","Alien Cherub","aliens","Sketches\aliens\alien-cherub.html","https://ronenglish-archive.github.io/ron-english-sketches-and-drawings/Sketches/aliens/alien-cherub.html","14","14","https://ronenglish-archive.github.io/ron-english-sketches-and-drawings/images/Sketches/aliens/Alien%20cherub%20ORIGINAL.jpg","REVIEW","Some local image references were not found."
"Old bridge","Alien Offspring","aliens","Sketches\aliens\alien-offspring.html","https://ronenglish-archive.github.io/ron-english-sketches-and-drawings/Sketches/aliens/alien-offspring.html","3","3","https://ronenglish-archive.github.io/ron-english-sketches-and-drawings/images/Sketches/aliens/Alien%20Offspring%20-%20original.jpg","REVIEW","Some local image references were not found."
"Old bridge","Alien Spiral Eyes","aliens","Sketches\aliens\alien-spiral-eyes.html","https://ronenglish-archive.github.io/ron-english-sketches-and-drawings/Sketches/aliens/alien-spiral-eyes.html","3","3","https://ronenglish-archive.github.io/ron-english-sketches-and-drawings/images/Sketches/aliens%202/Alien%20Spiral%20Eyes%20ORIGINAL.jpg","REVIEW","Some local image references were not found."
"Old bridge","Alien Superman","aliens","Sketches\aliens\alien-superman.html","https://ronenglish-archive.github.io/ron-english-sketches-and-drawings/Sketches/aliens/alien-superman.html","6","6","https://ronenglish-archive.github.io/ron-english-sketches-and-drawings/images/Sketches/aliens/Alien%20Superman%20-%20pose%201%20original.jpg","REVIEW","Some local image references were not found."
"Old bridge","All Ears Ernie","aliens","Sketches\aliens\all-ears-ernie.html","https://ronenglish-archive.github.io/ron-english-sketches-and-drawings/Sketches/aliens/all-ears-ernie.html","2","2","https://ronenglish-archive.github.io/ron-english-sketches-and-drawings/images/Sketches/aliens/All%20Ears%20Ernie%20-%20B%26W.jpg","REVIEW","Some local image references were not found."
"Old bridge","Alley Boutwit","aliens","Sketches\aliens\alley-boutwit.html","https://ronenglish-archive.github.io/ron-english-sketches-and-drawings/Sketches/aliens/alley-boutwit.html","13","13","https://ronenglish-archive.github.io/ron-english-sketches-and-drawings/images/Sketches/aliens/Alley%20Boutwit%20-%20original.jpg","REVIEW","Some local image references were not found."
"Old bridge","Amblyopiate","aliens","Sketches\aliens\amblyopiate.html","https://ronenglish-archive.github.io/ron-english-sketches-and-drawings/Sketches/aliens/amblyopiate.html","2","2","https://ronenglish-archive.github.io/ron-english-sketches-and-drawings/images/Sketches/aliens/Amblyopiate%20-%20original.jpg","REVIEW","Some local image references were not found."
"Old bridge","Ampadextal Testamonk","aliens","Sketches\aliens\ampadextal-testamonk.html","https://ronenglish-archive.github.io/ron-english-sketches-and-drawings/Sketches/aliens/ampadextal-testamonk.html","5","5","https://ronenglish-archive.github.io/ron-english-sketches-and-drawings/images/Sketches/aliens/Etymogual%20Benedictus%20ORIGINAL.jpg","REVIEW","Some local image references were not found."
"Old bridge","Andresistor Toomoo","aliens","Sketches\aliens\andresistor-toomoo.html","https://ronenglish-archive.github.io/ron-english-sketches-and-drawings/Sketches/aliens/andresistor-toomoo.html","3","3","https://ronenglish-archive.github.io/ron-english-sketches-and-drawings/images/Sketches/aliens%202/Andresistor%20Toomoo%20ORIGINAL.jpg","REVIEW","Some local image references were not found."
"Old bridge","Andresonor Vanvermon","aliens","Sketches\aliens\andresonor-vanvermon.html","https://ronenglish-archive.github.io/ron-english-sketches-and-drawings/Sketches/aliens/andresonor-vanvermon.html","4","4","https://ronenglish-archive.github.io/ron-english-sketches-and-drawings/images/Sketches/aliens/Andresonor%20Vanvermon%20-%20original.jpg","REVIEW","Some local image references were not found."
"Old bridge","Anexus Elefander","aliens","Sketches\aliens\anexus-elefander.html","https://ronenglish-archive.github.io/ron-english-sketches-and-drawings/Sketches/aliens/anexus-elefander.html","12","12","https://ronenglish-archive.github.io/ron-english-sketches-and-drawings/images/Sketches/aliens/Happree%20Zelonaut%20ORIGINAL.jpg","REVIEW","Some local image references were not found."
"Old bridge","Antron Gridiron Alien","aliens","Sketches\aliens\antron-gridiron-alien.html","https://ronenglish-archive.github.io/ron-english-sketches-and-drawings/Sketches/aliens/antron-gridiron-alien.html","6","6","https://ronenglish-archive.github.io/ron-english-sketches-and-drawings/images/Sketches/aliens/Antron%20Gridiron%20Alien%20-%20original.jpg","REVIEW","Some local image references were not found."
"Old bridge","Aphelionia","aliens","Sketches\aliens\aphelionia.html","https://ronenglish-archive.github.io/ron-english-sketches-and-drawings/Sketches/aliens/aphelionia.html","2","2","https://ronenglish-archive.github.io/ron-english-sketches-and-drawings/images/Sketches/aliens/Aphelionia%20-%20original.jpg","REVIEW","Some local image references were not found."
"Old bridge","Aqua Lung Alien","aliens","Sketches\aliens\aqua-lung-alien.html","https://ronenglish-archive.github.io/ron-english-sketches-and-drawings/Sketches/aliens/aqua-lung-alien.html","3","3","https://ronenglish-archive.github.io/ron-english-sketches-and-drawings/images/Sketches/aliens/Aqua%20Lung%20Alien%20-%20original.jpg","REVIEW","Some local image references were not found."
"Old bridge","Ardent Adventurer","aliens","Sketches\aliens\ardent-adventurer.html","https://ronenglish-archive.github.io/ron-english-sketches-and-drawings/Sketches/aliens/ardent-adventurer.html","12","12","https://ronenglish-archive.github.io/ron-english-sketches-and-drawings/images/Sketches/aliens/Leisurabilly%20Indeafatigable%20ORIGINAL.jpg","REVIEW","Some local image references were not found."
"Old bridge","Asher Gnasher","aliens","Sketches\aliens\asher-gnasher.html","https://ronenglish-archive.github.io/ron-english-sketches-and-drawings/Sketches/aliens/asher-gnasher.html","2","2","https://ronenglish-archive.github.io/ron-english-sketches-and-drawings/images/Sketches/aliens/Spirastro%20ORIGINAL.jpg","REVIEW","Some local image references were not found."
"Old bridge","Aston Nish","aliens","Sketches\aliens\aston-nish.html","https://ronenglish-archive.github.io/ron-english-sketches-and-drawings/Sketches/aliens/aston-nish.html","12","12","https://ronenglish-archive.github.io/ron-english-sketches-and-drawings/images/Sketches/aliens%202/Aston%20Nish%20ORIGINAL.jpg","REVIEW","Some local image references were not found."
"Old bridge","Astragrockle","aliens","Sketches\aliens\astragrockle.html","https://ronenglish-archive.github.io/ron-english-sketches-and-drawings/Sketches/aliens/astragrockle.html","2","2","https://ronenglish-archive.github.io/ron-english-sketches-and-drawings/images/Sketches/aliens/Squinch%20ORIGINAL.jpg","REVIEW","Some local image references were not found."
"Old bridge","Astral Alex","aliens","Sketches\aliens\astral-alex.html","https://ronenglish-archive.github.io/ron-english-sketches-and-drawings/Sketches/aliens/astral-alex.html","2","2","https://ronenglish-archive.github.io/ron-english-sketches-and-drawings/images/Sketches/aliens/Spirastro%20ORIGINAL.jpg","REVIEW","Some local image references were not found."
"Old bridge","Astral Galexic","aliens","Sketches\aliens\astral-galexic.html","https://ronenglish-archive.github.io/ron-english-sketches-and-drawings/Sketches/aliens/astral-galexic.html","11","11","https://ronenglish-archive.github.io/ron-english-sketches-and-drawings/images/Sketches/aliens/Lunashtick%20ORIGINAL.jpg","REVIEW","Some local image references were not found."
"Old bridge","Astral Galexic version 2","aliens","Sketches\aliens\astral-galexic-version-2.html","https://ronenglish-archive.github.io/ron-english-sketches-and-drawings/Sketches/aliens/astral-galexic-version-2.html","11","11","https://ronenglish-archive.github.io/ron-english-sketches-and-drawings/images/Sketches/aliens%202/Astral%20Galexic%20version%202%20ORIGINAL.jpg","REVIEW","Some local image references were not found."
"Old bridge","Astro","aliens","Sketches\aliens\astro.html","https://ronenglish-archive.github.io/ron-english-sketches-and-drawings/Sketches/aliens/astro.html","49","49","https://ronenglish-archive.github.io/ron-english-sketches-and-drawings/images/Sketches/aliens/Astro%20back%20ORIGINAL.jpg","REVIEW","Some local image references were not found."
"Old bridge","Astrokurse","aliens","Sketches\aliens\astrokurse.html","https://ronenglish-archive.github.io/ron-english-sketches-and-drawings/Sketches/aliens/astrokurse.html","2","2","https://ronenglish-archive.github.io/ron-english-sketches-and-drawings/images/Sketches/aliens/Intercosmo%20ORIGINAL.jpg","REVIEW","Some local image references were not found."
"Old bridge","Astropatra","aliens","Sketches\aliens\astropatra.html","https://ronenglish-archive.github.io/ron-english-sketches-and-drawings/Sketches/aliens/astropatra.html","2","2","https://ronenglish-archive.github.io/ron-english-sketches-and-drawings/images/Sketches/aliens/Cosmic%20Karla%20-%20original.jpg","REVIEW","Some local image references were not found."
"Old bridge","Astrostotle","aliens","Sketches\aliens\astrostotle.html","https://ronenglish-archive.github.io/ron-english-sketches-and-drawings/Sketches/aliens/astrostotle.html","2","2","https://ronenglish-archive.github.io/ron-english-sketches-and-drawings/images/Sketches/aliens/E.%20T.%20Banditti%20ORIGINAL.jpg","REVIEW","Some local image references were not found."
"Old bridge","Axus Aliender","aliens","Sketches\aliens\axus-aliender.html","https://ronenglish-archive.github.io/ron-english-sketches-and-drawings/Sketches/aliens/axus-aliender.html","12","12","https://ronenglish-archive.github.io/ron-english-sketches-and-drawings/images/Sketches/aliens/Happree%20Zelonaut%20ORIGINAL.jpg","REVIEW","Some local image references were not found."
"Old bridge","Bacchan Complainer","aliens","Sketches\aliens\bacchan-complainer.html","https://ronenglish-archive.github.io/ron-english-sketches-and-drawings/Sketches/aliens/bacchan-complainer.html","5","5","https://ronenglish-archive.github.io/ron-english-sketches-and-drawings/images/Sketches/aliens/Kidmark%20Que%20ORIGINAL.jpg","REVIEW","Some local image references were not found."
"Old bridge","Bee Sting Alien","aliens","Sketches\aliens\bee-sting-alien.html","https://ronenglish-archive.github.io/ron-english-sketches-and-drawings/Sketches/aliens/bee-sting-alien.html","7","7","https://ronenglish-archive.github.io/ron-english-sketches-and-drawings/images/Sketches/aliens/Bee%20Sting%20Alien%20-%20original.jpg","REVIEW","Some local image references were not found."
"Old bridge","Bert E. Brator","aliens","Sketches\aliens\bert-e-brator.html","https://ronenglish-archive.github.io/ron-english-sketches-and-drawings/Sketches/aliens/bert-e-brator.html","2","2","https://ronenglish-archive.github.io/ron-english-sketches-and-drawings/images/Sketches/aliens/Inveterate%20Vertibralien%20ORIGINAL.jpg","REVIEW","Some local image references were not found."
"Old bridge","Berzerk Krypton","aliens","Sketches\aliens\berzerk-krypton.html","https://ronenglish-archive.github.io/ron-english-sketches-and-drawings/Sketches/aliens/berzerk-krypton.html","12","12","https://ronenglish-archive.github.io/ron-english-sketches-and-drawings/images/Sketches/aliens%202/Berzerk%20Krypton%20ORIGINAL.jpg","REVIEW","Some local image references were not found."
"Old bridge","Blotto Grog","aliens","Sketches\aliens\blotto-grog.html","https://ronenglish-archive.github.io/ron-english-sketches-and-drawings/Sketches/aliens/blotto-grog.html","11","11","https://ronenglish-archive.github.io/ron-english-sketches-and-drawings/images/Sketches/aliens/Blotto%20Grog%20ORIGINAL.jpg","REVIEW","Some local image references were not found."
"Old bridge","Blubby Bono","aliens","Sketches\aliens\blubby-bono.html","https://ronenglish-archive.github.io/ron-english-sketches-and-drawings/Sketches/aliens/blubby-bono.html","12","12","https://ronenglish-archive.github.io/ron-english-sketches-and-drawings/images/Sketches/aliens/Blubby%20Bono%20ORIGINAL.jpg","REVIEW","Some local image references were not found."
"Old bridge","Bob Knobble","aliens","Sketches\aliens\bob-knobble.html","https://ronenglish-archive.github.io/ron-english-sketches-and-drawings/Sketches/aliens/bob-knobble.html","2","2","https://ronenglish-archive.github.io/ron-english-sketches-and-drawings/images/Sketches/aliens/Opoid%20Ian%20ORIGINAL.jpg","REVIEW","Some local image references were not found."
"Old bridge","Bozobreath Anusless","aliens","Sketches\aliens\bozobreath-anusless.html","https://ronenglish-archive.github.io/ron-english-sketches-and-drawings/Sketches/aliens/bozobreath-anusless.html","4","4","https://ronenglish-archive.github.io/ron-english-sketches-and-drawings/images/Sketches/aliens/Ravelbless%20Calluconcious%20ORIGINAL.jpg","REVIEW","Some local image references were not found."
"Old bridge","Braniacosmus","aliens","Sketches\aliens\braniacosmus.html","https://ronenglish-archive.github.io/ron-english-sketches-and-drawings/Sketches/aliens/braniacosmus.html","2","2","https://ronenglish-archive.github.io/ron-english-sketches-and-drawings/images/Sketches/aliens/Galaxel%20ORIGINAL.jpg","REVIEW","Some local image references were not found."
"Old bridge","Brooke Chinook","aliens","Sketches\aliens\brooke-chinook.html","https://ronenglish-archive.github.io/ron-english-sketches-and-drawings/Sketches/aliens/brooke-chinook.html","2","2","https://ronenglish-archive.github.io/ron-english-sketches-and-drawings/images/Sketches/aliens/Brooke%20Chinook%20-%20original.jpg","REVIEW","Some local image references were not found."
"Old bridge","Caelumbis","aliens","Sketches\aliens\caelumbis.html","https://ronenglish-archive.github.io/ron-english-sketches-and-drawings/Sketches/aliens/caelumbis.html","2","2","https://ronenglish-archive.github.io/ron-english-sketches-and-drawings/images/Sketches/aliens/Mira%20Mecia%20ORIGINAL.jpg","REVIEW","Some local image references were not found."
"Old bridge","Caezahr","aliens","Sketches\aliens\caezahr.html","https://ronenglish-archive.github.io/ron-english-sketches-and-drawings/Sketches/aliens/caezahr.html","2","2","https://ronenglish-archive.github.io/ron-english-sketches-and-drawings/images/Sketches/aliens/E.%20T.%20Banditti%20ORIGINAL.jpg","REVIEW","Some local image references were not found."
"Old bridge","Cairene Cosmos","aliens","Sketches\aliens\cairene-cosmos.html","https://ronenglish-archive.github.io/ron-english-sketches-and-drawings/Sketches/aliens/cairene-cosmos.html","5","5","https://ronenglish-archive.github.io/ron-english-sketches-and-drawings/images/Sketches/aliens%202/Cairene%20Cosmos%20ORIGINAL.jpg","REVIEW","Some local image references were not found."
"Old bridge","Caption Alien","aliens","Sketches\aliens\caption-alien.html","https://ronenglish-archive.github.io/ron-english-sketches-and-drawings/Sketches/aliens/caption-alien.html","3","3","https://ronenglish-archive.github.io/ron-english-sketches-and-drawings/images/Sketches/aliens%202/Caption%20Alien%20ORIGINAL.jpg","REVIEW","Some local image references were not found."
"Old bridge","Catalien","aliens","Sketches\aliens\catalien.html","https://ronenglish-archive.github.io/ron-english-sketches-and-drawings/Sketches/aliens/catalien.html","2","2","https://ronenglish-archive.github.io/ron-english-sketches-and-drawings/images/Sketches/aliens/Intercosmo%20ORIGINAL.jpg","REVIEW","Some local image references were not found."
"Old bridge","Catmask","aliens","Sketches\aliens\catmask.html","https://ronenglish-archive.github.io/ron-english-sketches-and-drawings/Sketches/aliens/catmask.html","2","2","https://ronenglish-archive.github.io/ron-english-sketches-and-drawings/images/Sketches/aliens/Galaxel%20ORIGINAL.jpg","REVIEW","Some local image references were not found."
"Old bridge","Cavaler Avaler","aliens","Sketches\aliens\cavaler-avaler.html","https://ronenglish-archive.github.io/ron-english-sketches-and-drawings/Sketches/aliens/cavaler-avaler.html","11","11","https://ronenglish-archive.github.io/ron-english-sketches-and-drawings/images/Sketches/aliens/Cavaler%20Avaler%20ORIGINAL.jpg","REVIEW","Some local image references were not found."
"Old bridge","CB Astronaut Fishbowl","aliens","Sketches\aliens\cb-astronaut-fishbowl.html","https://ronenglish-archive.github.io/ron-english-sketches-and-drawings/Sketches/aliens/cb-astronaut-fishbowl.html","3","3","https://ronenglish-archive.github.io/ron-english-sketches-and-drawings/images/Sketches/aliens/CB%20Astronaut%20Fishbowl%20-%20original.jpg","REVIEW","Some local image references were not found."
"Old bridge","CB Astronaut Internal Aliens","aliens","Sketches\aliens\cb-astronaut-internal-aliens.html","https://ronenglish-archive.github.io/ron-english-sketches-and-drawings/Sketches/aliens/cb-astronaut-internal-aliens.html","3","3","https://ronenglish-archive.github.io/ron-english-sketches-and-drawings/images/Sketches/aliens/CB%20Astronaut%20Internal%20Aliens%20-%20original.jpg","REVIEW","Some local image references were not found."
"Old bridge","CB Astronaut Microphone","aliens","Sketches\aliens\cb-astronaut-microphone.html","https://ronenglish-archive.github.io/ron-english-sketches-and-drawings/Sketches/aliens/cb-astronaut-microphone.html","3","3","https://ronenglish-archive.github.io/ron-english-sketches-and-drawings/images/Sketches/aliens/CB%20Astronaut%20Microphone%20-%20original.jpg","REVIEW","Some local image references were not found."
"Old bridge","CB Astronaut Star Skull","aliens","Sketches\aliens\cb-astronaut-star-skull.html","https://ronenglish-archive.github.io/ron-english-sketches-and-drawings/Sketches/aliens/cb-astronaut-star-skull.html","3","3","https://ronenglish-archive.github.io/ron-english-sketches-and-drawings/images/Sketches/aliens/CB%20Astronaut%20Star%20Skull%20-%20original.jpg","REVIEW","Some local image references were not found."
"Old bridge","Celestial Terrestial","aliens","Sketches\aliens\celestial-terrestial.html","https://ronenglish-archive.github.io/ron-english-sketches-and-drawings/Sketches/aliens/celestial-terrestial.html","12","12","https://ronenglish-archive.github.io/ron-english-sketches-and-drawings/images/Sketches/aliens/Alexandrinus%20Reflection%20-%20original.jpg","REVIEW","Some local image references were not found."
"Old bridge","Celibscent Scanidol","aliens","Sketches\aliens\celibscent-scanidol.html","https://ronenglish-archive.github.io/ron-english-sketches-and-drawings/Sketches/aliens/celibscent-scanidol.html","5","5","https://ronenglish-archive.github.io/ron-english-sketches-and-drawings/images/Sketches/aliens/Genhumas%20Transretnal%20ORIGINAL.jpg","REVIEW","Some local image references were not found."
"Old bridge","Cereb Raul","aliens","Sketches\aliens\cereb-raul.html","https://ronenglish-archive.github.io/ron-english-sketches-and-drawings/Sketches/aliens/cereb-raul.html","3","3","https://ronenglish-archive.github.io/ron-english-sketches-and-drawings/images/Sketches/aliens/Cereb%20Raul%20-%20original.jpg","REVIEW","Some local image references were not found."
"Old bridge","Charlie Brown Alien","aliens","Sketches\aliens\charlie-brown-alien.html","https://ronenglish-archive.github.io/ron-english-sketches-and-drawings/Sketches/aliens/charlie-brown-alien.html","3","3","https://ronenglish-archive.github.io/ron-english-sketches-and-drawings/images/Sketches/aliens/Charlie%20Brown%20Alien%20-%20original.jpg","REVIEW","Some local image references were not found."
"Old bridge","Cheer Breeder","aliens","Sketches\aliens\cheer-breeder.html","https://ronenglish-archive.github.io/ron-english-sketches-and-drawings/Sketches/aliens/cheer-breeder.html","3","3","https://ronenglish-archive.github.io/ron-english-sketches-and-drawings/images/Sketches/aliens/Cheer%20Breeder%20-%20original.jpg","REVIEW","Some local image references were not found."
"Old bridge","Clegg Bleater","aliens","Sketches\aliens\clegg-bleater.html","https://ronenglish-archive.github.io/ron-english-sketches-and-drawings/Sketches/aliens/clegg-bleater.html","2","2","https://ronenglish-archive.github.io/ron-english-sketches-and-drawings/images/Sketches/aliens%202/Clegg%20Bleater%20ORIGINAL.jpg","REVIEW","Some local image references were not found."
"Old bridge","Cloud Cover","aliens","Sketches\aliens\cloud-cover.html","https://ronenglish-archive.github.io/ron-english-sketches-and-drawings/Sketches/aliens/cloud-cover.html","9","9","https://ronenglish-archive.github.io/ron-english-sketches-and-drawings/images/Sketches/aliens/Walleyed%20Strabismus%20-%20original.jpg","REVIEW","Some local image references were not found."
"Old bridge","Codextra Manasser","aliens","Sketches\aliens\codextra-manasser.html","https://ronenglish-archive.github.io/ron-english-sketches-and-drawings/Sketches/aliens/codextra-manasser.html","15","15","https://ronenglish-archive.github.io/ron-english-sketches-and-drawings/images/Sketches/aliens%202/Codextra%20Manasser%20ORIGINAL.jpg","REVIEW","Some local image references were not found."
"Old bridge","Cosmet Raith","aliens","Sketches\aliens\cosmet-raith.html","https://ronenglish-archive.github.io/ron-english-sketches-and-drawings/Sketches/aliens/cosmet-raith.html","2","2","https://ronenglish-archive.github.io/ron-english-sketches-and-drawings/images/Sketches/aliens/Trans%20Mogrifie%20ORIGINAL.jpg","REVIEW","Some local image references were not found."
"Old bridge","Cosmic Karla","aliens","Sketches\aliens\cosmic-karla.html","https://ronenglish-archive.github.io/ron-english-sketches-and-drawings/Sketches/aliens/cosmic-karla.html","2","2","https://ronenglish-archive.github.io/ron-english-sketches-and-drawings/images/Sketches/aliens/Cosmic%20Karla%20-%20original.jpg","REVIEW","Some local image references were not found."
"Old bridge","Cosmo Polite","aliens","Sketches\aliens\cosmo-polite.html","https://ronenglish-archive.github.io/ron-english-sketches-and-drawings/Sketches/aliens/cosmo-polite.html","3","3","https://ronenglish-archive.github.io/ron-english-sketches-and-drawings/images/Sketches/aliens/Equinoxious-2%20ORIGINAL.jpg","REVIEW","Some local image references were not found."
"Old bridge","Cosmo Politian","aliens","Sketches\aliens\cosmo-politian.html","https://ronenglish-archive.github.io/ron-english-sketches-and-drawings/Sketches/aliens/cosmo-politian.html","14","14","https://ronenglish-archive.github.io/ron-english-sketches-and-drawings/images/Sketches/aliens%202/Cosmo%20Politian%20ORIGINAL.jpg","REVIEW","Some local image references were not found."
"Old bridge","Cosmo Titian","aliens","Sketches\aliens\cosmo-titian.html","https://ronenglish-archive.github.io/ron-english-sketches-and-drawings/Sketches/aliens/cosmo-titian.html","15","15","https://ronenglish-archive.github.io/ron-english-sketches-and-drawings/images/Sketches/aliens/Patchy%20Podium.jpg","REVIEW","Some local image references were not found."
"Old bridge","Crash Helmet","aliens","Sketches\aliens\crash-helmet.html","https://ronenglish-archive.github.io/ron-english-sketches-and-drawings/Sketches/aliens/crash-helmet.html","5","5","https://ronenglish-archive.github.io/ron-english-sketches-and-drawings/images/Sketches/aliens/Crash%20Helmet%20-%20original.jpg","REVIEW","Some local image references were not found."
"Old bridge","Crockmonster","aliens","Sketches\aliens\crockmonster.html","https://ronenglish-archive.github.io/ron-english-sketches-and-drawings/Sketches/aliens/crockmonster.html","5","5","https://ronenglish-archive.github.io/ron-english-sketches-and-drawings/images/Sketches/aliens/Crockmonster%20-%20original.jpg","REVIEW","Some local image references were not found."
"Old bridge","Cronik Comet","aliens","Sketches\aliens\cronik-comet.html","https://ronenglish-archive.github.io/ron-english-sketches-and-drawings/Sketches/aliens/cronik-comet.html","15","15","https://ronenglish-archive.github.io/ron-english-sketches-and-drawings/images/Sketches/aliens/Schedufool%20Unit%2042%20-%20original.jpg","REVIEW","Some local image references were not found."
"Old bridge","Curious Hauge","aliens","Sketches\aliens\curious-hauge.html","https://ronenglish-archive.github.io/ron-english-sketches-and-drawings/Sketches/aliens/curious-hauge.html","4","4","https://ronenglish-archive.github.io/ron-english-sketches-and-drawings/images/Sketches/aliens/Equinoxious%20ORIGINAL.jpg","REVIEW","Some local image references were not found."
"Old bridge","Cybor External","aliens","Sketches\aliens\cybor-external.html","https://ronenglish-archive.github.io/ron-english-sketches-and-drawings/Sketches/aliens/cybor-external.html","13","13","https://ronenglish-archive.github.io/ron-english-sketches-and-drawings/images/Sketches/aliens/Oculestria%20ORIGINAL.jpg","REVIEW","Some local image references were not found."
"Old bridge","Deep Drowned Alien","aliens","Sketches\aliens\deep-drowned-alien.html","https://ronenglish-archive.github.io/ron-english-sketches-and-drawings/Sketches/aliens/deep-drowned-alien.html","4","4","https://ronenglish-archive.github.io/ron-english-sketches-and-drawings/images/Sketches/aliens/Deep%20Drowned%20Alien%20-%20original.jpg","REVIEW","Some local image references were not found."
"Old bridge","Demi Mondain","aliens","Sketches\aliens\demi-mondain.html","https://ronenglish-archive.github.io/ron-english-sketches-and-drawings/Sketches/aliens/demi-mondain.html","12","12","https://ronenglish-archive.github.io/ron-english-sketches-and-drawings/images/Sketches/aliens/Flavorpee%20Zronback%20ORIGINAL.jpg","REVIEW","Some local image references were not found."
"Old bridge","Didicoy Vagrant","aliens","Sketches\aliens\didicoy-vagrant.html","https://ronenglish-archive.github.io/ron-english-sketches-and-drawings/Sketches/aliens/didicoy-vagrant.html","6","6","https://ronenglish-archive.github.io/ron-english-sketches-and-drawings/images/Sketches/aliens%202/Didicoy%20Vagrant%20ORIGINAL.jpg","REVIEW","Some local image references were not found."
"Old bridge","Di Zygus","aliens","Sketches\aliens\di-zygus.html","https://ronenglish-archive.github.io/ron-english-sketches-and-drawings/Sketches/aliens/di-zygus.html","2","2","https://ronenglish-archive.github.io/ron-english-sketches-and-drawings/images/Sketches/aliens%202/Di%20Zygus%20ORIGINAL.jpg","REVIEW","Some local image references were not found."
"Old bridge","DJ Alien Angel","aliens","Sketches\aliens\dj-alien-angel.html","https://ronenglish-archive.github.io/ron-english-sketches-and-drawings/Sketches/aliens/dj-alien-angel.html","3","3","https://ronenglish-archive.github.io/ron-english-sketches-and-drawings/images/Sketches/aliens/DJ%20Alien%20Angel%20-%20original.jpg","REVIEW","Some local image references were not found."
"Old bridge","Dwell Cogo","aliens","Sketches\aliens\dwell-cogo.html","https://ronenglish-archive.github.io/ron-english-sketches-and-drawings/Sketches/aliens/dwell-cogo.html","5","5","https://ronenglish-archive.github.io/ron-english-sketches-and-drawings/images/Sketches/aliens/Dwell%20Cogo%20ORIGINAL.jpg","REVIEW","Some local image references were not found."
"Old bridge","Egg Spaceship","aliens","Sketches\aliens\egg-spaceship.html","https://ronenglish-archive.github.io/ron-english-sketches-and-drawings/Sketches/aliens/egg-spaceship.html","2","2","https://ronenglish-archive.github.io/ron-english-sketches-and-drawings/images/Sketches/aliens/Egg%20Spaceship%20-%20original.jpg","REVIEW","Some local image references were not found."
"Old bridge","Elated Xtra Terrestrial","aliens","Sketches\aliens\elated-xtra-terrestrial.html","https://ronenglish-archive.github.io/ron-english-sketches-and-drawings/Sketches/aliens/elated-xtra-terrestrial.html","15","15","https://ronenglish-archive.github.io/ron-english-sketches-and-drawings/images/Sketches/aliens%202/Elated%20Xtra%20Terrestrial%20ORIGINAL.jpg","REVIEW","Some local image references were not found."
"Old bridge","Electropia Exotropia","aliens","Sketches\aliens\electropia-exotropia.html","https://ronenglish-archive.github.io/ron-english-sketches-and-drawings/Sketches/aliens/electropia-exotropia.html","16","16","https://ronenglish-archive.github.io/ron-english-sketches-and-drawings/images/Sketches/aliens%202/Electropia%20Exotropia%20ORIGINAL.jpg","REVIEW","Some local image references were not found."
"Old bridge","Elexacon Angel","aliens","Sketches\aliens\elexacon-angel.html","https://ronenglish-archive.github.io/ron-english-sketches-and-drawings/Sketches/aliens/elexacon-angel.html","14","14","https://ronenglish-archive.github.io/ron-english-sketches-and-drawings/images/Sketches/aliens%202/Elexacon%20Angel%20ORIGINAL.jpg","REVIEW","Some local image references were not found."
"Old bridge","Empty Suit Alien","aliens","Sketches\aliens\empty-suit-alien.html","https://ronenglish-archive.github.io/ron-english-sketches-and-drawings/Sketches/aliens/empty-suit-alien.html","3","3","https://ronenglish-archive.github.io/ron-english-sketches-and-drawings/images/Sketches/aliens/Empty%20Suit%20Alien%20-%20original.jpg","REVIEW","Some local image references were not found."
"Old bridge","Empyreambler","aliens","Sketches\aliens\empyreambler.html","https://ronenglish-archive.github.io/ron-english-sketches-and-drawings/Sketches/aliens/empyreambler.html","2","2","https://ronenglish-archive.github.io/ron-english-sketches-and-drawings/images/Sketches/aliens/Squinch%20ORIGINAL.jpg","REVIEW","Some local image references were not found."
"Old bridge","Equinoxious","aliens","Sketches\aliens\equinoxious.html","https://ronenglish-archive.github.io/ron-english-sketches-and-drawings/Sketches/aliens/equinoxious.html","4","4","https://ronenglish-archive.github.io/ron-english-sketches-and-drawings/images/Sketches/aliens/Equinoxious%20ORIGINAL.jpg","REVIEW","Some local image references were not found."
"Old bridge","Equinoxious 2","aliens","Sketches\aliens\equinoxious-2.html","https://ronenglish-archive.github.io/ron-english-sketches-and-drawings/Sketches/aliens/equinoxious-2.html","2","2","https://ronenglish-archive.github.io/ron-english-sketches-and-drawings/images/Sketches/aliens/Equinoxious-2%20ORIGINAL.jpg","REVIEW","Some local image references were not found."
"Old bridge","E. T. Banditti","aliens","Sketches\aliens\e-t-banditti.html","https://ronenglish-archive.github.io/ron-english-sketches-and-drawings/Sketches/aliens/e-t-banditti.html","2","2","https://ronenglish-archive.github.io/ron-english-sketches-and-drawings/images/Sketches/aliens/E.%20T.%20Banditti%20ORIGINAL.jpg","REVIEW","Some local image references were not found."
"Old bridge","Eternal Bernal","aliens","Sketches\aliens\eternal-bernal.html","https://ronenglish-archive.github.io/ron-english-sketches-and-drawings/Sketches/aliens/eternal-bernal.html","2","2","https://ronenglish-archive.github.io/ron-english-sketches-and-drawings/images/Sketches/aliens/Eternal%20Bernal%20ORIGINAL.jpg","REVIEW","Some local image references were not found."
"Old bridge","Etymogual Benedictus","aliens","Sketches\aliens\etymogual-benedictus.html","https://ronenglish-archive.github.io/ron-english-sketches-and-drawings/Sketches/aliens/etymogual-benedictus.html","4","4","https://ronenglish-archive.github.io/ron-english-sketches-and-drawings/images/Sketches/aliens/Etymogual%20Benedictus%20ORIGINAL.jpg","REVIEW","Some local image references were not found."
"Old bridge","Eve Alien","aliens","Sketches\aliens\eve-alien.html","https://ronenglish-archive.github.io/ron-english-sketches-and-drawings/Sketches/aliens/eve-alien.html","4","4","https://ronenglish-archive.github.io/ron-english-sketches-and-drawings/images/Sketches/aliens%202/Eve%20Alien%20-%20original.jpg","REVIEW","Some local image references were not found."
"Old bridge","Extratron Gallexyz","aliens","Sketches\aliens\extratron-gallexyz.html","https://ronenglish-archive.github.io/ron-english-sketches-and-drawings/Sketches/aliens/extratron-gallexyz.html","12","12","https://ronenglish-archive.github.io/ron-english-sketches-and-drawings/images/Sketches/aliens/Alexandrinus%20Reflection%20-%20original.jpg","REVIEW","Some local image references were not found."
"Old bridge","Eyesove Tismas","aliens","Sketches\aliens\eyesove-tismas.html","https://ronenglish-archive.github.io/ron-english-sketches-and-drawings/Sketches/aliens/eyesove-tismas.html","6","6","https://ronenglish-archive.github.io/ron-english-sketches-and-drawings/images/Sketches/aliens%202/Eyesove%20Tismas%20ORIGINAL.jpg","REVIEW","Some local image references were not found."
"Old bridge","Eye Speak Alien","aliens","Sketches\aliens\eye-speak-alien.html","https://ronenglish-archive.github.io/ron-english-sketches-and-drawings/Sketches/aliens/eye-speak-alien.html","3","3","https://ronenglish-archive.github.io/ron-english-sketches-and-drawings/images/Sketches/aliens/Eye%20Speak%20Alien%20-%20original.jpg","REVIEW","Some local image references were not found."
"Old bridge","Fabian Alien","aliens","Sketches\aliens\fabian-alien.html","https://ronenglish-archive.github.io/ron-english-sketches-and-drawings/Sketches/aliens/fabian-alien.html","3","3","https://ronenglish-archive.github.io/ron-english-sketches-and-drawings/images/Sketches/aliens/Fabian%20Alien%20-%20original.jpg","REVIEW","Some local image references were not found."
"Old bridge","Feline Nine Alien","aliens","Sketches\aliens\feline-nine-alien.html","https://ronenglish-archive.github.io/ron-english-sketches-and-drawings/Sketches/aliens/feline-nine-alien.html","3","3","https://ronenglish-archive.github.io/ron-english-sketches-and-drawings/images/Sketches/aliens/Feline%20Nine%20Alien%20-%20original.jpg","REVIEW","Some local image references were not found."
"Old bridge","Fetal Deceit Phil","aliens","Sketches\aliens\fetal-deceit-phil.html","https://ronenglish-archive.github.io/ron-english-sketches-and-drawings/Sketches/aliens/fetal-deceit-phil.html","12","12","https://ronenglish-archive.github.io/ron-english-sketches-and-drawings/images/Sketches/aliens/Starfarer%20Epicureans%20Max%20ORIGINAL.jpg","REVIEW","Some local image references were not found."
"Old bridge","Fetal Fraxulus","aliens","Sketches\aliens\fetal-fraxulus.html","https://ronenglish-archive.github.io/ron-english-sketches-and-drawings/Sketches/aliens/fetal-fraxulus.html","11","11","https://ronenglish-archive.github.io/ron-english-sketches-and-drawings/images/Sketches/aliens%202/Fetal%20Fraxulus%20ORIGINAL.jpg","REVIEW","Some local image references were not found."
"Old bridge","Fishbowl UFO","aliens","Sketches\aliens\fishbowl-ufo.html","https://ronenglish-archive.github.io/ron-english-sketches-and-drawings/Sketches/aliens/fishbowl-ufo.html","4","4","https://ronenglish-archive.github.io/ron-english-sketches-and-drawings/images/Sketches/aliens/Fishbowl%20UFO%20-%20original.jpg","REVIEW","Some local image references were not found."
"Old bridge","Fish Bulb Alien","aliens","Sketches\aliens\fish-bulb-alien.html","https://ronenglish-archive.github.io/ron-english-sketches-and-drawings/Sketches/aliens/fish-bulb-alien.html","6","6","https://ronenglish-archive.github.io/ron-english-sketches-and-drawings/images/Sketches/aliens/Fish%20Bulb%20Alien%20-%20original.jpg","REVIEW","Some local image references were not found."
"Old bridge","Flavorpee Zronback","aliens","Sketches\aliens\flavorpee-zronback.html","https://ronenglish-archive.github.io/ron-english-sketches-and-drawings/Sketches/aliens/flavorpee-zronback.html","4","4","https://ronenglish-archive.github.io/ron-english-sketches-and-drawings/images/Sketches/aliens/Flavorpee%20Zronback%20ORIGINAL.jpg","REVIEW","Some local image references were not found."
"Old bridge","Fleshire Gwyn","aliens","Sketches\aliens\fleshire-gwyn.html","https://ronenglish-archive.github.io/ron-english-sketches-and-drawings/Sketches/aliens/fleshire-gwyn.html","2","2","https://ronenglish-archive.github.io/ron-english-sketches-and-drawings/images/Sketches/aliens%202/Lugushire%20ORIGINAL.jpg","REVIEW","Some local image references were not found."
"Old bridge","Flexulus","aliens","Sketches\aliens\flexulus.html","https://ronenglish-archive.github.io/ron-english-sketches-and-drawings/Sketches/aliens/flexulus.html","2","2","https://ronenglish-archive.github.io/ron-english-sketches-and-drawings/images/Sketches/aliens/Brooke%20Chinook%20-%20original.jpg","REVIEW","Some local image references were not found."
"Old bridge","Flushal Recokon","aliens","Sketches\aliens\flushal-recokon.html","https://ronenglish-archive.github.io/ron-english-sketches-and-drawings/Sketches/aliens/flushal-recokon.html","4","4","https://ronenglish-archive.github.io/ron-english-sketches-and-drawings/images/Sketches/aliens/Andresonor%20Vanvermon%20-%20original.jpg","REVIEW","Some local image references were not found."
"Old bridge","Forgon Intruder","aliens","Sketches\aliens\forgon-intruder.html","https://ronenglish-archive.github.io/ron-english-sketches-and-drawings/Sketches/aliens/forgon-intruder.html","14","14","https://ronenglish-archive.github.io/ron-english-sketches-and-drawings/images/Sketches/aliens/Trippant%20Traveler%20-%20original.jpg","REVIEW","Some local image references were not found."
"Old bridge","Frazier Razor","aliens","Sketches\aliens\frazier-razor.html","https://ronenglish-archive.github.io/ron-english-sketches-and-drawings/Sketches/aliens/frazier-razor.html","5","5","https://ronenglish-archive.github.io/ron-english-sketches-and-drawings/images/Sketches/aliens%202/Frazier%20Razor%20ORIGINAL.jpg","REVIEW","Some local image references were not found."
"Old bridge","Freakachu Alien","aliens","Sketches\aliens\freakachu-alien.html","https://ronenglish-archive.github.io/ron-english-sketches-and-drawings/Sketches/aliens/freakachu-alien.html","3","3","https://ronenglish-archive.github.io/ron-english-sketches-and-drawings/images/Sketches/aliens/Freakachu%20Alien%20-%20original.jpg","REVIEW","Some local image references were not found."
"Old bridge","Fuelatron Jellybone","aliens","Sketches\aliens\fuelatron-jellybone.html","https://ronenglish-archive.github.io/ron-english-sketches-and-drawings/Sketches/aliens/fuelatron-jellybone.html","15","15","https://ronenglish-archive.github.io/ron-english-sketches-and-drawings/images/Sketches/aliens%202/Fuelatron%20Jellybone%20ORIGINAL.jpg","REVIEW","Some local image references were not found."
"Old bridge","Galacter Equanimous","aliens","Sketches\aliens\galacter-equanimous.html","https://ronenglish-archive.github.io/ron-english-sketches-and-drawings/Sketches/aliens/galacter-equanimous.html","3","3","https://ronenglish-archive.github.io/ron-english-sketches-and-drawings/images/Sketches/aliens/Galacter%20Equanimous%20ORIGINAL.jpg","REVIEW","Some local image references were not found."
"Old bridge","Galactic Gamine","aliens","Sketches\aliens\galactic-gamine.html","https://ronenglish-archive.github.io/ron-english-sketches-and-drawings/Sketches/aliens/galactic-gamine.html","2","2","https://ronenglish-archive.github.io/ron-english-sketches-and-drawings/images/Sketches/aliens/Lavishless%20Fabuness%20ORIGINAL.jpg","REVIEW","Some local image references were not found."
"Old bridge","Galaxel","aliens","Sketches\aliens\galaxel.html","https://ronenglish-archive.github.io/ron-english-sketches-and-drawings/Sketches/aliens/galaxel.html","2","2","https://ronenglish-archive.github.io/ron-english-sketches-and-drawings/images/Sketches/aliens/Galaxel%20ORIGINAL.jpg","REVIEW","Some local image references were not found."
"Old bridge","Gangrenous Blast","aliens","Sketches\aliens\gangrenous-blast.html","https://ronenglish-archive.github.io/ron-english-sketches-and-drawings/Sketches/aliens/gangrenous-blast.html","12","12","https://ronenglish-archive.github.io/ron-english-sketches-and-drawings/images/Sketches/aliens/Flavorpee%20Zronback%20ORIGINAL.jpg","REVIEW","Some local image references were not found."
"Old bridge","Garth Raider Alien","aliens","Sketches\aliens\garth-raider-alien.html","https://ronenglish-archive.github.io/ron-english-sketches-and-drawings/Sketches/aliens/garth-raider-alien.html","3","3","https://ronenglish-archive.github.io/ron-english-sketches-and-drawings/images/Sketches/aliens/Garth%20Raider%20Alien%20-%20original.jpg","REVIEW","Some local image references were not found."
"Old bridge","General Genitals Alien","aliens","Sketches\aliens\general-genitals-alien.html","https://ronenglish-archive.github.io/ron-english-sketches-and-drawings/Sketches/aliens/general-genitals-alien.html","3","3","https://ronenglish-archive.github.io/ron-english-sketches-and-drawings/images/Sketches/aliens/General%20Genitals%20Alien%20-%20original.jpg","REVIEW","Some local image references were not found."
"Old bridge","Genhumas Transretnal","aliens","Sketches\aliens\genhumas-transretnal.html","https://ronenglish-archive.github.io/ron-english-sketches-and-drawings/Sketches/aliens/genhumas-transretnal.html","3","3","https://ronenglish-archive.github.io/ron-english-sketches-and-drawings/images/Sketches/aliens/Genhumas%20Transretnal%20ORIGINAL.jpg","REVIEW","Some local image references were not found."
"Old bridge","Genus Dexus","aliens","Sketches\aliens\genus-dexus.html","https://ronenglish-archive.github.io/ron-english-sketches-and-drawings/Sketches/aliens/genus-dexus.html","3","3","https://ronenglish-archive.github.io/ron-english-sketches-and-drawings/images/Sketches/aliens%202/Opoid%20Ian%20ORIGINAL.jpg","REVIEW","Some local image references were not found."
"Old bridge","Glove Alien","aliens","Sketches\aliens\glove-alien.html","https://ronenglish-archive.github.io/ron-english-sketches-and-drawings/Sketches/aliens/glove-alien.html","3","3","https://ronenglish-archive.github.io/ron-english-sketches-and-drawings/images/Sketches/aliens%202/Glove%20Alien%20ORIGINAL.jpg","REVIEW","Some local image references were not found."
"Old bridge","Goldie Aquanaut","aliens","Sketches\aliens\goldie-aquanaut.html","https://ronenglish-archive.github.io/ron-english-sketches-and-drawings/Sketches/aliens/goldie-aquanaut.html","4","4","https://ronenglish-archive.github.io/ron-english-sketches-and-drawings/images/Sketches/aliens/Goldie%20Aquanaut%20-%20original.jpg","REVIEW","Some local image references were not found."
"Old bridge","Gralien","aliens","Sketches\aliens\gralien.html","https://ronenglish-archive.github.io/ron-english-sketches-and-drawings/Sketches/aliens/gralien.html","2","2","https://ronenglish-archive.github.io/ron-english-sketches-and-drawings/images/Sketches/aliens/Gralien%20ORIGINAL.jpg","REVIEW","Some local image references were not found."
"Old bridge","Grey Combatter","aliens","Sketches\aliens\grey-combatter.html","https://ronenglish-archive.github.io/ron-english-sketches-and-drawings/Sketches/aliens/grey-combatter.html","2","2","https://ronenglish-archive.github.io/ron-english-sketches-and-drawings/images/Sketches/aliens/Gralien%20ORIGINAL.jpg","REVIEW","Some local image references were not found."
"Old bridge","Grey Omomyid","aliens","Sketches\aliens\grey-omomyid.html","https://ronenglish-archive.github.io/ron-english-sketches-and-drawings/Sketches/aliens/grey-omomyid.html","3","3","https://ronenglish-archive.github.io/ron-english-sketches-and-drawings/images/Sketches/aliens%202/Grey%20Omomyid%20ORIGINAL.jpg","REVIEW","Some local image references were not found."
"Old bridge","Grift Drifter","aliens","Sketches\aliens\grift-drifter.html","https://ronenglish-archive.github.io/ron-english-sketches-and-drawings/Sketches/aliens/grift-drifter.html","14","14","https://ronenglish-archive.github.io/ron-english-sketches-and-drawings/images/Sketches/aliens%202/Grift%20Drifter%20ORIGINAL.jpg","REVIEW","Some local image references were not found."
"Old bridge","Grimical Credance","aliens","Sketches\aliens\grimical-credance.html","https://ronenglish-archive.github.io/ron-english-sketches-and-drawings/Sketches/aliens/grimical-credance.html","4","4","https://ronenglish-archive.github.io/ron-english-sketches-and-drawings/images/Sketches/aliens/Andresonor%20Vanvermon%20-%20original.jpg","REVIEW","Some local image references were not found."
"Old bridge","Grinnie Martian","aliens","Sketches\aliens\grinnie-martian.html","https://ronenglish-archive.github.io/ron-english-sketches-and-drawings/Sketches/aliens/grinnie-martian.html","13","13","https://ronenglish-archive.github.io/ron-english-sketches-and-drawings/images/Sketches/aliens%202/Grinnie%20Martian%20ORIGINAL.jpg","REVIEW","Some local image references were not found."
"Old bridge","Grumps Alien","aliens","Sketches\aliens\grumps-alien.html","https://ronenglish-archive.github.io/ron-english-sketches-and-drawings/Sketches/aliens/grumps-alien.html","3","3","https://ronenglish-archive.github.io/ron-english-sketches-and-drawings/images/Sketches/aliens/Grumps%20Alien%20-%20original.jpg","REVIEW","Some local image references were not found."
"Old bridge","Happree Zelonaut","aliens","Sketches\aliens\happree-zelonaut.html","https://ronenglish-archive.github.io/ron-english-sketches-and-drawings/Sketches/aliens/happree-zelonaut.html","4","4","https://ronenglish-archive.github.io/ron-english-sketches-and-drawings/images/Sketches/aliens/Happree%20Zelonaut%20ORIGINAL.jpg","REVIEW","Some local image references were not found."
"Old bridge","Heinel Schnapp","aliens","Sketches\aliens\heinel-schnapp.html","https://ronenglish-archive.github.io/ron-english-sketches-and-drawings/Sketches/aliens/heinel-schnapp.html","2","2","https://ronenglish-archive.github.io/ron-english-sketches-and-drawings/images/Sketches/aliens/Aphelionia%20-%20original.jpg","REVIEW","Some local image references were not found."
"Old bridge","Hobgoblien","aliens","Sketches\aliens\hobgoblien.html","https://ronenglish-archive.github.io/ron-english-sketches-and-drawings/Sketches/aliens/hobgoblien.html","2","2","https://ronenglish-archive.github.io/ron-english-sketches-and-drawings/images/Sketches/aliens%202/Hobgoblien%20ORIGINAL.jpg","REVIEW","Some local image references were not found."
"Old bridge","Incontinent Alien","aliens","Sketches\aliens\incontinent-alien.html","https://ronenglish-archive.github.io/ron-english-sketches-and-drawings/Sketches/aliens/incontinent-alien.html","3","3","https://ronenglish-archive.github.io/ron-english-sketches-and-drawings/images/Sketches/aliens/Incontinent%20Alien%20-%20original.jpg","REVIEW","Some local image references were not found."
"Old bridge","Infinitisis","aliens","Sketches\aliens\infinitisis.html","https://ronenglish-archive.github.io/ron-english-sketches-and-drawings/Sketches/aliens/infinitisis.html","2","2","https://ronenglish-archive.github.io/ron-english-sketches-and-drawings/images/Sketches/aliens/Cosmic%20Karla%20-%20original.jpg","REVIEW","Some local image references were not found."
"Old bridge","Inner Sane","aliens","Sketches\aliens\inner-sane.html","https://ronenglish-archive.github.io/ron-english-sketches-and-drawings/Sketches/aliens/inner-sane.html","4","4","https://ronenglish-archive.github.io/ron-english-sketches-and-drawings/images/Sketches/aliens/Ravelbless%20Calluconcious%20ORIGINAL.jpg","REVIEW","Some local image references were not found."
"Old bridge","Intercosmo","aliens","Sketches\aliens\intercosmo.html","https://ronenglish-archive.github.io/ron-english-sketches-and-drawings/Sketches/aliens/intercosmo.html","2","2","https://ronenglish-archive.github.io/ron-english-sketches-and-drawings/images/Sketches/aliens/Intercosmo%20ORIGINAL.jpg","REVIEW","Some local image references were not found."
"Old bridge","Internal Planted","aliens","Sketches\aliens\internal-planted.html","https://ronenglish-archive.github.io/ron-english-sketches-and-drawings/Sketches/aliens/internal-planted.html","10","10","https://ronenglish-archive.github.io/ron-english-sketches-and-drawings/images/Sketches/aliens/Patchy%20Podium.jpg","REVIEW","Some local image references were not found."
"Old bridge","Inveterate Vertibralien","aliens","Sketches\aliens\inveterate-vertibralien.html","https://ronenglish-archive.github.io/ron-english-sketches-and-drawings/Sketches/aliens/inveterate-vertibralien.html","2","2","https://ronenglish-archive.github.io/ron-english-sketches-and-drawings/images/Sketches/aliens/Inveterate%20Vertibralien%20ORIGINAL.jpg","REVIEW","Some local image references were not found."
"Old bridge","Jake and Flake Ape Alien","aliens","Sketches\aliens\jake-and-flake-ape-alien.html","https://ronenglish-archive.github.io/ron-english-sketches-and-drawings/Sketches/aliens/jake-and-flake-ape-alien.html","6","6","https://ronenglish-archive.github.io/ron-english-sketches-and-drawings/images/Sketches/aliens/Jake%20and%20Flake%20Ape%20Alien%20-%20original.jpg","REVIEW","Some local image references were not found."
"Old bridge","Jibber Jahman","aliens","Sketches\aliens\jibber-jahman.html","https://ronenglish-archive.github.io/ron-english-sketches-and-drawings/Sketches/aliens/jibber-jahman.html","6","6","https://ronenglish-archive.github.io/ron-english-sketches-and-drawings/images/Sketches/aliens%202/Jibber%20Jahman%20ORIGINAL.jpg","REVIEW","Some local image references were not found."
"Old bridge","Kidmark Que","aliens","Sketches\aliens\kidmark-que.html","https://ronenglish-archive.github.io/ron-english-sketches-and-drawings/Sketches/aliens/kidmark-que.html","4","4","https://ronenglish-archive.github.io/ron-english-sketches-and-drawings/images/Sketches/aliens/Kidmark%20Que%20ORIGINAL.jpg","REVIEW","Some local image references were not found."
"Old bridge","Lavishless Fabuness","aliens","Sketches\aliens\lavishless-fabuness.html","https://ronenglish-archive.github.io/ron-english-sketches-and-drawings/Sketches/aliens/lavishless-fabuness.html","2","2","https://ronenglish-archive.github.io/ron-english-sketches-and-drawings/images/Sketches/aliens/Lavishless%20Fabuness%20ORIGINAL.jpg","REVIEW","Some local image references were not found."
"Old bridge","Lavishless Fauness","aliens","Sketches\aliens\lavishless-fauness.html","https://ronenglish-archive.github.io/ron-english-sketches-and-drawings/Sketches/aliens/lavishless-fauness.html","3","3","https://ronenglish-archive.github.io/ron-english-sketches-and-drawings/images/Sketches/aliens/Amblyopiate%20-%20original.jpg","REVIEW","Some local image references were not found."
"Old bridge","Leisurabilly Indeafatigable","aliens","Sketches\aliens\leisurabilly-indeafatigable.html","https://ronenglish-archive.github.io/ron-english-sketches-and-drawings/Sketches/aliens/leisurabilly-indeafatigable.html","5","5","https://ronenglish-archive.github.io/ron-english-sketches-and-drawings/images/Sketches/aliens/Leisurabilly%20Indeafatigable%20ORIGINAL.jpg","REVIEW","Some local image references were not found."
"Old bridge","Liberty Import","aliens","Sketches\aliens\liberty-import.html","https://ronenglish-archive.github.io/ron-english-sketches-and-drawings/Sketches/aliens/liberty-import.html","6","6","https://ronenglish-archive.github.io/ron-english-sketches-and-drawings/images/Sketches/aliens/Liberty%20Import%20-%20original.jpg","REVIEW","Some local image references were not found."
"Old bridge","Light Cult Cryptonaut","aliens","Sketches\aliens\light-cult-cryptonaut.html","https://ronenglish-archive.github.io/ron-english-sketches-and-drawings/Sketches/aliens/light-cult-cryptonaut.html","10","10","https://ronenglish-archive.github.io/ron-english-sketches-and-drawings/images/Sketches/aliens/Light%20Cult%20Cryptonaut%20-%20pose%201%20original.jpg","REVIEW","Some local image references were not found."
"Old bridge","Lightning Hawk","aliens","Sketches\aliens\lightning-hawk.html","https://ronenglish-archive.github.io/ron-english-sketches-and-drawings/Sketches/aliens/lightning-hawk.html","3","3","https://ronenglish-archive.github.io/ron-english-sketches-and-drawings/images/Sketches/aliens/Lightning%20Hawk%20-%20original.jpg","REVIEW","Some local image references were not found."
"Old bridge","Lillithone Saviour","aliens","Sketches\aliens\lillithone-saviour.html","https://ronenglish-archive.github.io/ron-english-sketches-and-drawings/Sketches/aliens/lillithone-saviour.html","4","4","https://ronenglish-archive.github.io/ron-english-sketches-and-drawings/images/Sketches/aliens/Equinoxious%20ORIGINAL.jpg","REVIEW","Some local image references were not found."
"Old bridge","Lugubrian","aliens","Sketches\aliens\lugubrian.html","https://ronenglish-archive.github.io/ron-english-sketches-and-drawings/Sketches/aliens/lugubrian.html","2","2","https://ronenglish-archive.github.io/ron-english-sketches-and-drawings/images/Sketches/aliens%202/Lugushire%20ORIGINAL.jpg","REVIEW","Some local image references were not found."
"Old bridge","Lugushire","aliens","Sketches\aliens\lugushire.html","https://ronenglish-archive.github.io/ron-english-sketches-and-drawings/Sketches/aliens/lugushire.html","2","2","https://ronenglish-archive.github.io/ron-english-sketches-and-drawings/images/Sketches/aliens%202/Lugushire%20ORIGINAL.jpg","REVIEW","Some local image references were not found."
"Old bridge","Lunashtick","aliens","Sketches\aliens\lunashtick.html","https://ronenglish-archive.github.io/ron-english-sketches-and-drawings/Sketches/aliens/lunashtick.html","2","2","https://ronenglish-archive.github.io/ron-english-sketches-and-drawings/images/Sketches/aliens/Lunashtick%20ORIGINAL.jpg","REVIEW","Some local image references were not found."
"Old bridge","Marilyn Bordeaux Alien","aliens","Sketches\aliens\marilyn-bordeaux-alien.html","https://ronenglish-archive.github.io/ron-english-sketches-and-drawings/Sketches/aliens/marilyn-bordeaux-alien.html","4","4","https://ronenglish-archive.github.io/ron-english-sketches-and-drawings/images/Sketches/aliens/Marilyn%20Bordeaux%20Alien%20-%20original.jpg","REVIEW","Some local image references were not found."
"Old bridge","Maximum Myopia","aliens","Sketches\aliens\maximum-myopia.html","https://ronenglish-archive.github.io/ron-english-sketches-and-drawings/Sketches/aliens/maximum-myopia.html","6","6","https://ronenglish-archive.github.io/ron-english-sketches-and-drawings/images/Sketches/aliens%202/Maximum%20Myopia%20ORIGINAL.jpg","REVIEW","Some local image references were not found."
"Old bridge","Medulla Gullah","aliens","Sketches\aliens\medulla-gullah.html","https://ronenglish-archive.github.io/ron-english-sketches-and-drawings/Sketches/aliens/medulla-gullah.html","2","2","https://ronenglish-archive.github.io/ron-english-sketches-and-drawings/images/Sketches/aliens/Aphelionia%20-%20original.jpg","REVIEW","Some local image references were not found."
"Old bridge","Megagalactron","aliens","Sketches\aliens\megagalactron.html","https://ronenglish-archive.github.io/ron-english-sketches-and-drawings/Sketches/aliens/megagalactron.html","2","2","https://ronenglish-archive.github.io/ron-english-sketches-and-drawings/images/Sketches/aliens/Eternal%20Bernal%20ORIGINAL.jpg","REVIEW","Some local image references were not found."
"Old bridge","Mira Mecia","aliens","Sketches\aliens\mira-mecia.html","https://ronenglish-archive.github.io/ron-english-sketches-and-drawings/Sketches/aliens/mira-mecia.html","2","2","https://ronenglish-archive.github.io/ron-english-sketches-and-drawings/images/Sketches/aliens%202/Mira%20Mecia%20ORIGINAL.jpg","REVIEW","Some local image references were not found."
"Old bridge","Mirreckless Mucilaginor","aliens","Sketches\aliens\mirreckless-mucilaginor.html","https://ronenglish-archive.github.io/ron-english-sketches-and-drawings/Sketches/aliens/mirreckless-mucilaginor.html","3","3","https://ronenglish-archive.github.io/ron-english-sketches-and-drawings/images/Sketches/aliens/Galacter%20Equanimous%20ORIGINAL.jpg","REVIEW","Some local image references were not found."
"Old bridge","Moe Clown Alien","aliens","Sketches\aliens\moe-clown-alien.html","https://ronenglish-archive.github.io/ron-english-sketches-and-drawings/Sketches/aliens/moe-clown-alien.html","3","3","https://ronenglish-archive.github.io/ron-english-sketches-and-drawings/images/Sketches/aliens/Moe%20Clown%20Alien%20-%20original.jpg","REVIEW","Some local image references were not found."
"Old bridge","Ms Terious Celeillated","aliens","Sketches\aliens\ms-terious-celeillated.html","https://ronenglish-archive.github.io/ron-english-sketches-and-drawings/Sketches/aliens/ms-terious-celeillated.html","14","14","https://ronenglish-archive.github.io/ron-english-sketches-and-drawings/images/Sketches/aliens%202/Ms%20Terious%20Celeillated%20ORIGINAL.jpg","REVIEW","Some local image references were not found."
"Old bridge","Myntra Venus","aliens","Sketches\aliens\myntra-venus.html","https://ronenglish-archive.github.io/ron-english-sketches-and-drawings/Sketches/aliens/myntra-venus.html","2","2","https://ronenglish-archive.github.io/ron-english-sketches-and-drawings/images/Sketches/aliens/Inveterate%20Vertibralien%20ORIGINAL.jpg","REVIEW","Some local image references were not found."
"Old bridge","Mystical Visitor","aliens","Sketches\aliens\mystical-visitor.html","https://ronenglish-archive.github.io/ron-english-sketches-and-drawings/Sketches/aliens/mystical-visitor.html","13","13","https://ronenglish-archive.github.io/ron-english-sketches-and-drawings/images/Sketches/aliens/Starfarer%20Epicureans%20Max%20ORIGINAL.jpg","REVIEW","Some local image references were not found."
"Old bridge","Mythical Sith Mouse","aliens","Sketches\aliens\mythical-sith-mouse.html","https://ronenglish-archive.github.io/ron-english-sketches-and-drawings/Sketches/aliens/mythical-sith-mouse.html","3","3","https://ronenglish-archive.github.io/ron-english-sketches-and-drawings/images/Sketches/aliens/Mythical%20Sith%20Mouse%20-%20original.jpg","REVIEW","Some local image references were not found."
"Old bridge","Nastronaut Snubbin","aliens","Sketches\aliens\nastronaut-snubbin.html","https://ronenglish-archive.github.io/ron-english-sketches-and-drawings/Sketches/aliens/nastronaut-snubbin.html","3","3","https://ronenglish-archive.github.io/ron-english-sketches-and-drawings/images/Sketches/aliens/Nastronaut%20Snubbin%20-%20original.jpg","REVIEW","Some local image references were not found."
"Old bridge","Neandastral","aliens","Sketches\aliens\neandastral.html","https://ronenglish-archive.github.io/ron-english-sketches-and-drawings/Sketches/aliens/neandastral.html","2","2","https://ronenglish-archive.github.io/ron-english-sketches-and-drawings/images/Sketches/aliens/Eternal%20Bernal%20ORIGINAL.jpg","REVIEW","Some local image references were not found."
"Old bridge","Nebulator","aliens","Sketches\aliens\nebulator.html","https://ronenglish-archive.github.io/ron-english-sketches-and-drawings/Sketches/aliens/nebulator.html","2","2","https://ronenglish-archive.github.io/ron-english-sketches-and-drawings/images/Sketches/aliens/Mira%20Mecia%20ORIGINAL.jpg","REVIEW","Some local image references were not found."
"Old bridge","Obese Alien","aliens","Sketches\aliens\obese-alien.html","https://ronenglish-archive.github.io/ron-english-sketches-and-drawings/Sketches/aliens/obese-alien.html","12","12","https://ronenglish-archive.github.io/ron-english-sketches-and-drawings/images/Sketches/aliens/Obese%20Alien%20-%20front%20original.jpg","REVIEW","Some local image references were not found."
"Old bridge","Oculestria","aliens","Sketches\aliens\oculestria.html","https://ronenglish-archive.github.io/ron-english-sketches-and-drawings/Sketches/aliens/oculestria.html","2","2","https://ronenglish-archive.github.io/ron-english-sketches-and-drawings/images/Sketches/aliens/Oculestria%20ORIGINAL.jpg","REVIEW","Some local image references were not found."
"Old bridge","OG Sinner Alien","aliens","Sketches\aliens\og-sinner-alien.html","https://ronenglish-archive.github.io/ron-english-sketches-and-drawings/Sketches/aliens/og-sinner-alien.html","3","3","https://ronenglish-archive.github.io/ron-english-sketches-and-drawings/images/Sketches/aliens/OG%20Sinner%20Alien%20-%20original.jpg","REVIEW","Some local image references were not found."
"Old bridge","Oogie Boogie","aliens","Sketches\aliens\oogie-boogie.html","https://ronenglish-archive.github.io/ron-english-sketches-and-drawings/Sketches/aliens/oogie-boogie.html","2","2","https://ronenglish-archive.github.io/ron-english-sketches-and-drawings/images/Sketches/aliens/Lavishless%20Fabuness%20ORIGINAL.jpg","REVIEW","Some local image references were not found."
"Old bridge","Opoid Ian","aliens","Sketches\aliens\opoid-ian.html","https://ronenglish-archive.github.io/ron-english-sketches-and-drawings/Sketches/aliens/opoid-ian.html","2","2","https://ronenglish-archive.github.io/ron-english-sketches-and-drawings/images/Sketches/aliens/Opoid%20Ian%20ORIGINAL.jpg","REVIEW","Some local image references were not found."
"Old bridge","Orgie Porgie Alien","aliens","Sketches\aliens\orgie-porgie-alien.html","https://ronenglish-archive.github.io/ron-english-sketches-and-drawings/Sketches/aliens/orgie-porgie-alien.html","3","3","https://ronenglish-archive.github.io/ron-english-sketches-and-drawings/images/Sketches/aliens/Orgie%20Porgie%20Alien%20-%20original.jpg","REVIEW","Some local image references were not found."
"Old bridge","Orion Pod Slime","aliens","Sketches\aliens\orion-pod-slime.html","https://ronenglish-archive.github.io/ron-english-sketches-and-drawings/Sketches/aliens/orion-pod-slime.html","8","8","https://ronenglish-archive.github.io/ron-english-sketches-and-drawings/images/Sketches/aliens/Orion%20Pod%20Slime%20-%20three%20quarters%20original.jpg","REVIEW","Some local image references were not found."
"Old bridge","Orion the Obese Alien","aliens","Sketches\aliens\orion-the-obese-alien.html","https://ronenglish-archive.github.io/ron-english-sketches-and-drawings/Sketches/aliens/orion-the-obese-alien.html","15","15","https://ronenglish-archive.github.io/ron-english-sketches-and-drawings/images/Sketches/aliens/Orion%20the%20Obese%20Alien%20-%20three%20quarters%20original.jpg","REVIEW","Some local image references were not found."
"Old bridge","Otherworld Overlord","aliens","Sketches\aliens\otherworld-overlord.html","https://ronenglish-archive.github.io/ron-english-sketches-and-drawings/Sketches/aliens/otherworld-overlord.html","11","11","https://ronenglish-archive.github.io/ron-english-sketches-and-drawings/images/Sketches/aliens%202/Otherworld%20Overlord%20ORIGINAL.jpg","REVIEW","Some local image references were not found."
"Old bridge","Palliduness Flatulence","aliens","Sketches\aliens\palliduness-flatulence.html","https://ronenglish-archive.github.io/ron-english-sketches-and-drawings/Sketches/aliens/palliduness-flatulence.html","4","4","https://ronenglish-archive.github.io/ron-english-sketches-and-drawings/images/Sketches/aliens%202/Palliduness%20Flatulence%20ORIGINAL.jpg","REVIEW","Some local image references were not found."
"Old bridge","Patchy Podium","aliens","Sketches\aliens\patchy-podium.html","https://ronenglish-archive.github.io/ron-english-sketches-and-drawings/Sketches/aliens/patchy-podium.html","1","1","https://ronenglish-archive.github.io/ron-english-sketches-and-drawings/images/Sketches/aliens/Patchy%20Podium.jpg","REVIEW","Some local image references were not found."
"Old bridge","Perp Petual","aliens","Sketches\aliens\perp-petual.html","https://ronenglish-archive.github.io/ron-english-sketches-and-drawings/Sketches/aliens/perp-petual.html","12","12","https://ronenglish-archive.github.io/ron-english-sketches-and-drawings/images/Sketches/aliens/Dwell%20Cogo%20ORIGINAL.jpg","REVIEW","Some local image references were not found."
"Old bridge","Phoebus Fetus Alien","aliens","Sketches\aliens\phoebus-fetus-alien.html","https://ronenglish-archive.github.io/ron-english-sketches-and-drawings/Sketches/aliens/phoebus-fetus-alien.html","3","3","https://ronenglish-archive.github.io/ron-english-sketches-and-drawings/images/Sketches/aliens/Phoebus%20Fetus%20Alien%20-%20original.jpg","REVIEW","Some local image references were not found."
"Old bridge","Phone Home Alien","aliens","Sketches\aliens\phone-home-alien.html","https://ronenglish-archive.github.io/ron-english-sketches-and-drawings/Sketches/aliens/phone-home-alien.html","3","3","https://ronenglish-archive.github.io/ron-english-sketches-and-drawings/images/Sketches/aliens/Phone%20Home%20Alien%20-%20original.jpg","REVIEW","Some local image references were not found."
"Old bridge","Pluton Ian","aliens","Sketches\aliens\pluton-ian.html","https://ronenglish-archive.github.io/ron-english-sketches-and-drawings/Sketches/aliens/pluton-ian.html","2","2","https://ronenglish-archive.github.io/ron-english-sketches-and-drawings/images/Sketches/aliens/Pluton%20Ian%20ORIGINAL.jpg","REVIEW","Some local image references were not found."
"Old bridge","Popeye Alien","aliens","Sketches\aliens\popeye-alien.html","https://ronenglish-archive.github.io/ron-english-sketches-and-drawings/Sketches/aliens/popeye-alien.html","4","4","https://ronenglish-archive.github.io/ron-english-sketches-and-drawings/images/Sketches/aliens/Popeye%20Alien%20-%20original.jpg","REVIEW","Some local image references were not found."
"Old bridge","Poultry Rex in Eggshell Ship","aliens","Sketches\aliens\poultry-rex-and-eggshell-ship.html","https://ronenglish-archive.github.io/ron-english-sketches-and-drawings/Sketches/aliens/poultry-rex-and-eggshell-ship.html","4","4","https://ronenglish-archive.github.io/ron-english-sketches-and-drawings/images/Sketches/aliens/Poultry%20Rex%20and%20Eggshell%20Ship%20-%20original.jpg","REVIEW","Some local image references were not found."
"Old bridge","Prechinca Peach","aliens","Sketches\aliens\prechinca-peach.html","https://ronenglish-archive.github.io/ron-english-sketches-and-drawings/Sketches/aliens/prechinca-peach.html","8","8","https://ronenglish-archive.github.io/ron-english-sketches-and-drawings/images/Sketches/aliens%202/Prechinca%20Peach%20ORIGINAL.jpg","REVIEW","Some local image references were not found."
"Old bridge","Proteus Lowlander","aliens","Sketches\aliens\proteus-lowlander.html","https://ronenglish-archive.github.io/ron-english-sketches-and-drawings/Sketches/aliens/proteus-lowlander.html","2","2","https://ronenglish-archive.github.io/ron-english-sketches-and-drawings/images/Sketches/aliens/Gralien%20ORIGINAL.jpg","REVIEW","Some local image references were not found."
"Old bridge","Psalty Turin Shout","aliens","Sketches\aliens\psalty-turin-shout.html","https://ronenglish-archive.github.io/ron-english-sketches-and-drawings/Sketches/aliens/psalty-turin-shout.html","4","4","https://ronenglish-archive.github.io/ron-english-sketches-and-drawings/images/Sketches/aliens/Etymogual%20Benedictus%20ORIGINAL.jpg","REVIEW","Some local image references were not found."
"Old bridge","Pudge Alien","aliens","Sketches\aliens\pudge-alien.html","https://ronenglish-archive.github.io/ron-english-sketches-and-drawings/Sketches/aliens/pudge-alien.html","3","3","https://ronenglish-archive.github.io/ron-english-sketches-and-drawings/images/Sketches/aliens%202/Pudge%20Alien%20ORIGINAL.jpg","REVIEW","Some local image references were not found."
"Old bridge","Qarkadee","aliens","Sketches\aliens\qarkadee.html","https://ronenglish-archive.github.io/ron-english-sketches-and-drawings/Sketches/aliens/qarkadee.html","3","3","https://ronenglish-archive.github.io/ron-english-sketches-and-drawings/images/Sketches/aliens/Qarkadee%20and%20Toothie%20Ruthie%20-%20shared%20original.jpg","REVIEW","Some local image references were not found."
"Old bridge","Quarterback Squeak","aliens","Sketches\aliens\quarterback-squeak.html","https://ronenglish-archive.github.io/ron-english-sketches-and-drawings/Sketches/aliens/quarterback-squeak.html","3","3","https://ronenglish-archive.github.io/ron-english-sketches-and-drawings/images/Sketches/aliens/Quarterback%20Squeak%20-%20B%26W.jpg","REVIEW","Some local image references were not found."
"Old bridge","Quasamos","aliens","Sketches\aliens\quasamos.html","https://ronenglish-archive.github.io/ron-english-sketches-and-drawings/Sketches/aliens/quasamos.html","2","2","https://ronenglish-archive.github.io/ron-english-sketches-and-drawings/images/Sketches/aliens%202/Quasamos%20ORIGINAL.jpg","REVIEW","Some local image references were not found."
"Old bridge","Ratrental Adreheum","aliens","Sketches\aliens\ratrental-adreheum.html","https://ronenglish-archive.github.io/ron-english-sketches-and-drawings/Sketches/aliens/ratrental-adreheum.html","4","4","https://ronenglish-archive.github.io/ron-english-sketches-and-drawings/images/Sketches/aliens/Ratrental%20Adreheum%20ORIGINAL.jpg","REVIEW","Some local image references were not found."
"Old bridge","Ravelbless Calluconcious","aliens","Sketches\aliens\ravelbless-calluconcious.html","https://ronenglish-archive.github.io/ron-english-sketches-and-drawings/Sketches/aliens/ravelbless-calluconcious.html","4","4","https://ronenglish-archive.github.io/ron-english-sketches-and-drawings/images/Sketches/aliens/Ravelbless%20Calluconcious%20ORIGINAL.jpg","REVIEW","Some local image references were not found."
"Old bridge","Remora Rabbbit","aliens","Sketches\aliens\remora-rabbbit.html","https://ronenglish-archive.github.io/ron-english-sketches-and-drawings/Sketches/aliens/remora-rabbbit.html","14","14","https://ronenglish-archive.github.io/ron-english-sketches-and-drawings/images/Sketches/aliens%202/Remora%20Rabbbit%20ORIGINAL.jpg","REVIEW","Some local image references were not found."
"Old bridge","Reptilian Rhapsody","aliens","Sketches\aliens\reptilian-rhapsody.html","https://ronenglish-archive.github.io/ron-english-sketches-and-drawings/Sketches/aliens/reptilian-rhapsody.html","2","2","https://ronenglish-archive.github.io/ron-english-sketches-and-drawings/images/Sketches/aliens/Brooke%20Chinook%20-%20original.jpg","REVIEW","Some local image references were not found."
"Old bridge","Reptoculi","aliens","Sketches\aliens\reptoculi.html","https://ronenglish-archive.github.io/ron-english-sketches-and-drawings/Sketches/aliens/reptoculi.html","2","2","https://ronenglish-archive.github.io/ron-english-sketches-and-drawings/images/Sketches/aliens%202/Reptoculi%20ORIGINAL.jpg","REVIEW","Some local image references were not found."
"Old bridge","Revel Rioter","aliens","Sketches\aliens\revel-rioter.html","https://ronenglish-archive.github.io/ron-english-sketches-and-drawings/Sketches/aliens/revel-rioter.html","5","5","https://ronenglish-archive.github.io/ron-english-sketches-and-drawings/images/Sketches/aliens/Ratrental%20Adreheum%20ORIGINAL.jpg","REVIEW","Some local image references were not found."
"Old bridge","Rocket Alien","aliens","Sketches\aliens\rocket-alien.html","https://ronenglish-archive.github.io/ron-english-sketches-and-drawings/Sketches/aliens/rocket-alien.html","2","2","https://ronenglish-archive.github.io/ron-english-sketches-and-drawings/images/Sketches/aliens/Rocket%20Alien%20-%20original.jpg","REVIEW","Some local image references were not found."
"Old bridge","Sally Yanger","aliens","Sketches\aliens\sally-yanger.html","https://ronenglish-archive.github.io/ron-english-sketches-and-drawings/Sketches/aliens/sally-yanger.html","2","2","https://ronenglish-archive.github.io/ron-english-sketches-and-drawings/images/Sketches/aliens%202/Sally%20Yanger%20ORIGINAL.jpg","REVIEW","Some local image references were not found."
"Old bridge","Samboner Infaspace","aliens","Sketches\aliens\samboner-infaspace.html","https://ronenglish-archive.github.io/ron-english-sketches-and-drawings/Sketches/aliens/samboner-infaspace.html","14","14","https://ronenglish-archive.github.io/ron-english-sketches-and-drawings/images/Sketches/aliens%202/Samboner%20Infaspace%20ORIGINAL.jpg","REVIEW","Some local image references were not found."
"Old bridge","Sandmo Abstance","aliens","Sketches\aliens\sandmo-abstance.html","https://ronenglish-archive.github.io/ron-english-sketches-and-drawings/Sketches/aliens/sandmo-abstance.html","2","2","https://ronenglish-archive.github.io/ron-english-sketches-and-drawings/images/Sketches/aliens/Genhumas%20Transretnal%20ORIGINAL.jpg","REVIEW","Some local image references were not found."
"Old bridge","Satur Nine","aliens","Sketches\aliens\satur-nine.html","https://ronenglish-archive.github.io/ron-english-sketches-and-drawings/Sketches/aliens/satur-nine.html","2","2","https://ronenglish-archive.github.io/ron-english-sketches-and-drawings/images/Sketches/aliens/Pluton%20Ian%20ORIGINAL.jpg","REVIEW","Some local image references were not found."
"Old bridge","Saturnine Samwich","aliens","Sketches\aliens\saturnine-samwich.html","https://ronenglish-archive.github.io/ron-english-sketches-and-drawings/Sketches/aliens/saturnine-samwich.html","11","11","https://ronenglish-archive.github.io/ron-english-sketches-and-drawings/images/Sketches/aliens/Walleyed%20Strabismus%20-%20original.jpg","REVIEW","Some local image references were not found."
"Old bridge","Saturn Sam","aliens","Sketches\aliens\saturn-sam.html","https://ronenglish-archive.github.io/ron-english-sketches-and-drawings/Sketches/aliens/saturn-sam.html","5","5","https://ronenglish-archive.github.io/ron-english-sketches-and-drawings/images/Sketches/aliens/Saturn%20Sam%20-%20original.jpg","REVIEW","Some local image references were not found."
"Old bridge","Schedufool Unit 42","aliens","Sketches\aliens\schedufool-unit-42.html","https://ronenglish-archive.github.io/ron-english-sketches-and-drawings/Sketches/aliens/schedufool-unit-42.html","6","6","https://ronenglish-archive.github.io/ron-english-sketches-and-drawings/images/Sketches/aliens/Schedufool%20Unit%2042%20-%20original.jpg","REVIEW","Some local image references were not found."
"Old bridge","Schlubber","aliens","Sketches\aliens\schlubber.html","https://ronenglish-archive.github.io/ron-english-sketches-and-drawings/Sketches/aliens/schlubber.html","15","15","https://ronenglish-archive.github.io/ron-english-sketches-and-drawings/images/Sketches/aliens/Schedufool%20Unit%2042%20-%20original.jpg","REVIEW","Some local image references were not found."
"Old bridge","Scotty Illuminati","aliens","Sketches\aliens\scotty-illuminati.html","https://ronenglish-archive.github.io/ron-english-sketches-and-drawings/Sketches/aliens/scotty-illuminati.html","3","3","https://ronenglish-archive.github.io/ron-english-sketches-and-drawings/images/Sketches/aliens/Scotty%20Illuminati%20-%20original.jpg","REVIEW","Some local image references were not found."
"Old bridge","Strabismus Estropian","aliens","Sketches\aliens\scrabismus-estropian.html","https://ronenglish-archive.github.io/ron-english-sketches-and-drawings/Sketches/aliens/scrabismus-estropian.html","14","14","https://ronenglish-archive.github.io/ron-english-sketches-and-drawings/images/Sketches/aliens%202/Scrabismus%20Estropian%20ORIGINAL.jpg","REVIEW","Some local image references were not found."
"Old bridge","Senior Homecause","aliens","Sketches\aliens\senior-homecause.html","https://ronenglish-archive.github.io/ron-english-sketches-and-drawings/Sketches/aliens/senior-homecause.html","12","12","https://ronenglish-archive.github.io/ron-english-sketches-and-drawings/images/Sketches/aliens/Wackotron%20Rover%20-%20original.jpg","REVIEW","Some local image references were not found."
"Old bridge","Sermound Canibalier","aliens","Sketches\aliens\sermound-canibalier.html","https://ronenglish-archive.github.io/ron-english-sketches-and-drawings/Sketches/aliens/sermound-canibalier.html","3","3","https://ronenglish-archive.github.io/ron-english-sketches-and-drawings/images/Sketches/aliens%202/Sermound%20Canibalier%20ORIGINAL.jpg","REVIEW","Some local image references were not found."
"Old bridge","Sirius Circus Alien","aliens","Sketches\aliens\sirius-circus-alien.html","https://ronenglish-archive.github.io/ron-english-sketches-and-drawings/Sketches/aliens/sirius-circus-alien.html","6","6","https://ronenglish-archive.github.io/ron-english-sketches-and-drawings/images/Sketches/aliens/Sirius%20Circus%20Alien%20-%20original.jpg","REVIEW","Some local image references were not found."
"Old bridge","Siron Alien","aliens","Sketches\aliens\siron-alien.html","https://ronenglish-archive.github.io/ron-english-sketches-and-drawings/Sketches/aliens/siron-alien.html","5","5","https://ronenglish-archive.github.io/ron-english-sketches-and-drawings/images/Sketches/aliens/Siron%20Alien%20-%20original.jpg","REVIEW","Some local image references were not found."
"Old bridge","Sirus Alien","aliens","Sketches\aliens\sirus-alien.html","https://ronenglish-archive.github.io/ron-english-sketches-and-drawings/Sketches/aliens/sirus-alien.html","5","5","https://ronenglish-archive.github.io/ron-english-sketches-and-drawings/images/Sketches/aliens/Sirus%20Alien%20ORIGINAL.jpg","REVIEW","Some local image references were not found."
"Old bridge","Skullcrow","aliens","Sketches\aliens\skullcrow.html","https://ronenglish-archive.github.io/ron-english-sketches-and-drawings/Sketches/aliens/skullcrow.html","2","2","https://ronenglish-archive.github.io/ron-english-sketches-and-drawings/images/Sketches/aliens%202/Skullcrow%20ORIGINAL.jpg","REVIEW","Some local image references were not found."
"Old bridge","Space Bunnny Suit Alien","aliens","Sketches\aliens\space-bunnny-suit-alien.html","https://ronenglish-archive.github.io/ron-english-sketches-and-drawings/Sketches/aliens/space-bunnny-suit-alien.html","3","3","https://ronenglish-archive.github.io/ron-english-sketches-and-drawings/images/Sketches/aliens/Space%20Bunnny%20Suit%20Alien%20-%20original.jpg","REVIEW","Some local image references were not found."
"Old bridge","Spirastro","aliens","Sketches\aliens\spirastro.html","https://ronenglish-archive.github.io/ron-english-sketches-and-drawings/Sketches/aliens/spirastro.html","2","2","https://ronenglish-archive.github.io/ron-english-sketches-and-drawings/images/Sketches/aliens/Spirastro%20ORIGINAL.jpg","REVIEW","Some local image references were not found."
"Old bridge","Squinch","aliens","Sketches\aliens\squinch.html","https://ronenglish-archive.github.io/ron-english-sketches-and-drawings/Sketches/aliens/squinch.html","2","2","https://ronenglish-archive.github.io/ron-english-sketches-and-drawings/images/Sketches/aliens/Squinch%20ORIGINAL.jpg","REVIEW","Some local image references were not found."
"Old bridge","Starfarer Epicureans Max","aliens","Sketches\aliens\starfarer-epicureans-max.html","https://ronenglish-archive.github.io/ron-english-sketches-and-drawings/Sketches/aliens/starfarer-epicureans-max.html","4","4","https://ronenglish-archive.github.io/ron-english-sketches-and-drawings/images/Sketches/aliens/Starfarer%20Epicureans%20Max%20ORIGINAL.jpg","REVIEW","Some local image references were not found."
"Old bridge","Star Skull Alien","aliens","Sketches\aliens\star-skull-alien.html","https://ronenglish-archive.github.io/ron-english-sketches-and-drawings/Sketches/aliens/star-skull-alien.html","17","17","https://ronenglish-archive.github.io/ron-english-sketches-and-drawings/images/Sketches/aliens%202/Star%20Skull%20Alien%20ORIGINAL.jpg","REVIEW","Some local image references were not found."
"Old bridge","Starskull Rocket","aliens","Sketches\aliens\starskull-rocket.html","https://ronenglish-archive.github.io/ron-english-sketches-and-drawings/Sketches/aliens/starskull-rocket.html","4","4","https://ronenglish-archive.github.io/ron-english-sketches-and-drawings/images/Sketches/aliens/Starskull%20Rocket%20-%20B%26W.jpg","REVIEW","Some local image references were not found."
"Old bridge","Star Trooper Alien","aliens","Sketches\aliens\star-trooper-alien.html","https://ronenglish-archive.github.io/ron-english-sketches-and-drawings/Sketches/aliens/star-trooper-alien.html","6","6","https://ronenglish-archive.github.io/ron-english-sketches-and-drawings/images/Sketches/aliens/Star%20Trooper%20Alien%20-%20original.jpg","REVIEW","Some local image references were not found."
"Old bridge","Storm Thunder","aliens","Sketches\aliens\storm-thunder.html","https://ronenglish-archive.github.io/ron-english-sketches-and-drawings/Sketches/aliens/storm-thunder.html","12","12","https://ronenglish-archive.github.io/ron-english-sketches-and-drawings/images/Sketches/aliens/Dwell%20Cogo%20ORIGINAL.jpg","REVIEW","Some local image references were not found."
"Old bridge","Stupor Trooper Alien","aliens","Sketches\aliens\stupor-trooper-alien.html","https://ronenglish-archive.github.io/ron-english-sketches-and-drawings/Sketches/aliens/stupor-trooper-alien.html","3","3","https://ronenglish-archive.github.io/ron-english-sketches-and-drawings/images/Sketches/aliens/Stupor%20Trooper%20Alien%20-%20original.jpg","REVIEW","Some local image references were not found."
"Old bridge","Svelt Lown","aliens","Sketches\aliens\svelt-lown.html","https://ronenglish-archive.github.io/ron-english-sketches-and-drawings/Sketches/aliens/svelt-lown.html","2","2","https://ronenglish-archive.github.io/ron-english-sketches-and-drawings/images/Sketches/aliens/Trans%20Mogrifie%20ORIGINAL.jpg","REVIEW","Some local image references were not found."
"Old bridge","Tantalus Zathuman 45","aliens","Sketches\aliens\tantalus-zathuman-45.html","https://ronenglish-archive.github.io/ron-english-sketches-and-drawings/Sketches/aliens/tantalus-zathuman-45.html","3","3","https://ronenglish-archive.github.io/ron-english-sketches-and-drawings/images/Sketches/aliens/Amblyopiate%20-%20original.jpg","REVIEW","Some local image references were not found."
"Old bridge","Teardrop Alien","aliens","Sketches\aliens\teardrop-alien.html","https://ronenglish-archive.github.io/ron-english-sketches-and-drawings/Sketches/aliens/teardrop-alien.html","3","3","https://ronenglish-archive.github.io/ron-english-sketches-and-drawings/images/Sketches/aliens%202/Teardrop%20Alien%20ORIGINAL.jpg","REVIEW","Some local image references were not found."
"Old bridge","Thcycler Sanbow","aliens","Sketches\aliens\thcycler-sanbow.html","https://ronenglish-archive.github.io/ron-english-sketches-and-drawings/Sketches/aliens/thcycler-sanbow.html","4","4","https://ronenglish-archive.github.io/ron-english-sketches-and-drawings/images/Sketches/aliens/Ratrental%20Adreheum%20ORIGINAL.jpg","REVIEW","Some local image references were not found."
"Old bridge","Titfotat","aliens","Sketches\aliens\titfotat.html","https://ronenglish-archive.github.io/ron-english-sketches-and-drawings/Sketches/aliens/titfotat.html","2","2","https://ronenglish-archive.github.io/ron-english-sketches-and-drawings/images/Sketches/aliens%202/Titfotat%20ORIGINAL.jpg","REVIEW","Some local image references were not found."
"Old bridge","Toothie Ruthie","aliens","Sketches\aliens\toothie-ruthie.html","https://ronenglish-archive.github.io/ron-english-sketches-and-drawings/Sketches/aliens/toothie-ruthie.html","3","3","https://ronenglish-archive.github.io/ron-english-sketches-and-drawings/images/Sketches/aliens/Qarkadee%20and%20Toothie%20Ruthie%20-%20shared%20original.jpg","REVIEW","Some local image references were not found."
"Old bridge","Trans Mogrifie","aliens","Sketches\aliens\trans-mogrifie.html","https://ronenglish-archive.github.io/ron-english-sketches-and-drawings/Sketches/aliens/trans-mogrifie.html","2","2","https://ronenglish-archive.github.io/ron-english-sketches-and-drawings/images/Sketches/aliens/Trans%20Mogrifie%20ORIGINAL.jpg","REVIEW","Some local image references were not found."
"Old bridge","Transretinal Orion","aliens","Sketches\aliens\transretinal-orion.html","https://ronenglish-archive.github.io/ron-english-sketches-and-drawings/Sketches/aliens/transretinal-orion.html","3","3","https://ronenglish-archive.github.io/ron-english-sketches-and-drawings/images/Sketches/aliens%202/Transretinal%20Orion%20ORIGINAL.jpg","REVIEW","Some local image references were not found."
"Old bridge","Trippant Traveler","aliens","Sketches\aliens\trippant-traveler.html","https://ronenglish-archive.github.io/ron-english-sketches-and-drawings/Sketches/aliens/trippant-traveler.html","4","4","https://ronenglish-archive.github.io/ron-english-sketches-and-drawings/images/Sketches/aliens/Trippant%20Traveler%20-%20original.jpg","REVIEW","Some local image references were not found."
"Old bridge","Trooper Mechanical Proxy","aliens","Sketches\aliens\trooper-mechanical-proxy.html","https://ronenglish-archive.github.io/ron-english-sketches-and-drawings/Sketches/aliens/trooper-mechanical-proxy.html","3","3","https://ronenglish-archive.github.io/ron-english-sketches-and-drawings/images/Sketches/aliens/Trooper%20Mechanical%20Proxy%20-%20original.jpg","REVIEW","Some local image references were not found."
"Old bridge","Tsechgo the Terror","aliens","Sketches\aliens\tsechgo-the-terror.html","https://ronenglish-archive.github.io/ron-english-sketches-and-drawings/Sketches/aliens/tsechgo-the-terror.html","3","3","https://ronenglish-archive.github.io/ron-english-sketches-and-drawings/images/Sketches/aliens/Equinoxious-2%20ORIGINAL.jpg","REVIEW","Some local image references were not found."
"Old bridge","Udder Space Cowgirl","aliens","Sketches\aliens\udder-space-cowgirl.html","https://ronenglish-archive.github.io/ron-english-sketches-and-drawings/Sketches/aliens/udder-space-cowgirl.html","6","6","https://ronenglish-archive.github.io/ron-english-sketches-and-drawings/images/Sketches/aliens/Udder%20Space%20Cowgirl%20-%20B%26W.jpg","REVIEW","Some local image references were not found."
"Old bridge","Venusian Uranian","aliens","Sketches\aliens\venusian-uranian.html","https://ronenglish-archive.github.io/ron-english-sketches-and-drawings/Sketches/aliens/venusian-uranian.html","17","17","https://ronenglish-archive.github.io/ron-english-sketches-and-drawings/images/Sketches/aliens/Venusian%20Uranian%20ORIGINAL.jpg","REVIEW","Some local image references were not found."
"Old bridge","Virgin Alien","aliens","Sketches\aliens\virgin-alien.html","https://ronenglish-archive.github.io/ron-english-sketches-and-drawings/Sketches/aliens/virgin-alien.html","3","3","https://ronenglish-archive.github.io/ron-english-sketches-and-drawings/images/Sketches/aliens/Virgin%20Alien%20-%20original.jpg","REVIEW","Some local image references were not found."
"Old bridge","Vivatous Vee","aliens","Sketches\aliens\vivatous-vee.html","https://ronenglish-archive.github.io/ron-english-sketches-and-drawings/Sketches/aliens/vivatous-vee.html","4","4","https://ronenglish-archive.github.io/ron-english-sketches-and-drawings/images/Sketches/aliens/Kidmark%20Que%20ORIGINAL.jpg","REVIEW","Some local image references were not found."
"Old bridge","Vol Kant","aliens","Sketches\aliens\vol-kant.html","https://ronenglish-archive.github.io/ron-english-sketches-and-drawings/Sketches/aliens/vol-kant.html","2","2","https://ronenglish-archive.github.io/ron-english-sketches-and-drawings/images/Sketches/aliens/Pluton%20Ian%20ORIGINAL.jpg","REVIEW","Some local image references were not found."
"Old bridge","Voyagel Wonderer","aliens","Sketches\aliens\voyagel-wonderer.html","https://ronenglish-archive.github.io/ron-english-sketches-and-drawings/Sketches/aliens/voyagel-wonderer.html","14","14","https://ronenglish-archive.github.io/ron-english-sketches-and-drawings/images/Sketches/aliens/Trippant%20Traveler%20-%20original.jpg","REVIEW","Some local image references were not found."
"Old bridge","Vultron Vortex","aliens","Sketches\aliens\vulcan-vortex.html","https://ronenglish-archive.github.io/ron-english-sketches-and-drawings/Sketches/aliens/vulcan-vortex.html","12","12","https://ronenglish-archive.github.io/ron-english-sketches-and-drawings/images/Sketches/aliens/Oculestria%20ORIGINAL.jpg","REVIEW","Some local image references were not found."
"Old bridge","Wackotron Rover","aliens","Sketches\aliens\wackotron-rover.html","https://ronenglish-archive.github.io/ron-english-sketches-and-drawings/Sketches/aliens/wackotron-rover.html","4","4","https://ronenglish-archive.github.io/ron-english-sketches-and-drawings/images/Sketches/aliens/Wackotron%20Rover%20-%20original.jpg","REVIEW","Some local image references were not found."
"Old bridge","Walleyed Strabismus","aliens","Sketches\aliens\walleyed-strabismus.html","https://ronenglish-archive.github.io/ron-english-sketches-and-drawings/Sketches/aliens/walleyed-strabismus.html","4","4","https://ronenglish-archive.github.io/ron-english-sketches-and-drawings/images/Sketches/aliens/Walleyed%20Strabismus%20-%20original.jpg","REVIEW","Some local image references were not found."
"Old bridge","Way Ward","aliens","Sketches\aliens\way-ward.html","https://ronenglish-archive.github.io/ron-english-sketches-and-drawings/Sketches/aliens/way-ward.html","11","11","https://ronenglish-archive.github.io/ron-english-sketches-and-drawings/images/Sketches/aliens/Wackotron%20Rover%20-%20original.jpg","REVIEW","Some local image references were not found."
"Old bridge","What's Up Pup","aliens","Sketches\aliens\whats-up-pup.html","https://ronenglish-archive.github.io/ron-english-sketches-and-drawings/Sketches/aliens/whats-up-pup.html","5","5","https://ronenglish-archive.github.io/ron-english-sketches-and-drawings/images/Sketches/aliens/What","REVIEW","Some local image references were not found."
"Old bridge","Wingman Miller","aliens","Sketches\aliens\wingman-miller.html","https://ronenglish-archive.github.io/ron-english-sketches-and-drawings/Sketches/aliens/wingman-miller.html","5","5","https://ronenglish-archive.github.io/ron-english-sketches-and-drawings/images/Sketches/aliens/Wingman%20Miller%20-%20original.jpg","REVIEW","Some local image references were not found."
"Old bridge","Xeno Dochium","aliens","Sketches\aliens\xeno-dochium.html","https://ronenglish-archive.github.io/ron-english-sketches-and-drawings/Sketches/aliens/xeno-dochium.html","7","7","https://ronenglish-archive.github.io/ron-english-sketches-and-drawings/images/Sketches/aliens%202/Xeno%20Dochium%20ORIGINAL.jpg","REVIEW","Some local image references were not found."
"Old bridge","Yinyang Swirl","aliens","Sketches\aliens\yinyang-swirl.html","https://ronenglish-archive.github.io/ron-english-sketches-and-drawings/Sketches/aliens/yinyang-swirl.html","3","3","https://ronenglish-archive.github.io/ron-english-sketches-and-drawings/images/Sketches/aliens%202/Yinyang%20Swirl%20ORIGINAL.jpg","REVIEW","Some local image references were not found."
"Old bridge","You Born Alien","aliens","Sketches\aliens\you-born-alien.html","https://ronenglish-archive.github.io/ron-english-sketches-and-drawings/Sketches/aliens/you-born-alien.html","2","2","https://ronenglish-archive.github.io/ron-english-sketches-and-drawings/images/Sketches/aliens/You%20Born%20Alien%20-%20B%26W.jpg","REVIEW","Some local image references were not found."
"Old bridge","Zerk Zuckzerd","aliens","Sketches\aliens\zerk-zuckzerd.html","https://ronenglish-archive.github.io/ron-english-sketches-and-drawings/Sketches/aliens/zerk-zuckzerd.html","11","11","https://ronenglish-archive.github.io/ron-english-sketches-and-drawings/images/Sketches/aliens%202/Zerk%20Zuckzerd%20ORIGINAL.jpg","REVIEW","Some local image references were not found."
"Old bridge","Zonk Temulent","aliens","Sketches\aliens\zonk-temulent.html","https://ronenglish-archive.github.io/ron-english-sketches-and-drawings/Sketches/aliens/zonk-temulent.html","13","13","https://ronenglish-archive.github.io/ron-english-sketches-and-drawings/images/Sketches/aliens/Leisurabilly%20Indeafatigable%20ORIGINAL.jpg","REVIEW","Some local image references were not found."
"Old bridge","Zyvax Quirkbana","aliens","Sketches\aliens\zyvax-quirkbana.html","https://ronenglish-archive.github.io/ron-english-sketches-and-drawings/Sketches/aliens/zyvax-quirkbana.html","3","3","https://ronenglish-archive.github.io/ron-english-sketches-and-drawings/images/Sketches/aliens/Zyvax%20Quirkbana%20-%20original.jpg","REVIEW","Some local image references were not found."
"Old bridge","Ballsy Frog","amphibians","Sketches\amphibians\frogs\ballsy-frog.html","https://ronenglish-archive.github.io/ron-english-sketches-and-drawings/Sketches/amphibians/frogs/ballsy-frog.html","3","3","https://ronenglish-archive.github.io/ron-english-sketches-and-drawings/images/Sketches/amphibians/frogs/Ballsy%2520Frog%2520ORIGINAL.jpg","REVIEW","Some local image references were not found."
"Old bridge","Frogman","amphibians","Sketches\amphibians\frogs\frogman.html","https://ronenglish-archive.github.io/ron-english-sketches-and-drawings/Sketches/amphibians/frogs/frogman.html","1","1","https://ronenglish-archive.github.io/ron-english-sketches-and-drawings/images/Sketches/amphibians/frogs/Frogman%2520ORIGINAL.jpg","REVIEW","Some local image references were not found."
"Old bridge","Frog Prince","amphibians","Sketches\amphibians\frogs\frog-prince.html","https://ronenglish-archive.github.io/ron-english-sketches-and-drawings/Sketches/amphibians/frogs/frog-prince.html","5","5","https://ronenglish-archive.github.io/ron-english-sketches-and-drawings/images/Sketches/amphibians/frogs/Frog%2520Prince%2520ORIGINAL.jpg","REVIEW","Some local image references were not found."
"Old bridge","Frog Princess","amphibians","Sketches\amphibians\frogs\frog-princess.html","https://ronenglish-archive.github.io/ron-english-sketches-and-drawings/Sketches/amphibians/frogs/frog-princess.html","4","4","https://ronenglish-archive.github.io/ron-english-sketches-and-drawings/images/Sketches/amphibians/frogs/Frog%2520Princess%2520ORIGINAL.jpg","REVIEW","Some local image references were not found."
"Old bridge","Frog Queen","amphibians","Sketches\amphibians\frogs\frog-queen.html","https://ronenglish-archive.github.io/ron-english-sketches-and-drawings/Sketches/amphibians/frogs/frog-queen.html","3","3","https://ronenglish-archive.github.io/ron-english-sketches-and-drawings/images/Sketches/amphibians/frogs/Frog%2520Queen%2520ORIGINAL.jpg","REVIEW","Some local image references were not found."
"Old bridge","Mick Monster","amphibians","Sketches\amphibians\frogs\mick-monster.html","https://ronenglish-archive.github.io/ron-english-sketches-and-drawings/Sketches/amphibians/frogs/mick-monster.html","3","3","https://ronenglish-archive.github.io/ron-english-sketches-and-drawings/images/Sketches/amphibians/frogs/Mick%2520Monster%2520ORIGINAL.jpg","REVIEW","Some local image references were not found."
"Old bridge","Obese Alien Bullfrog","amphibians","Sketches\amphibians\frogs\obese-alien-bullfrog.html","https://ronenglish-archive.github.io/ron-english-sketches-and-drawings/Sketches/amphibians/frogs/obese-alien-bullfrog.html","3","3","https://ronenglish-archive.github.io/ron-english-sketches-and-drawings/images/Sketches/amphibians/frogs/Obese%2520Alien%2520Bullfrog%2520ORIGINAL.jpg","REVIEW","Some local image references were not found."
"Old bridge","Sea Mobster","amphibians","Sketches\amphibians\frogs\sea-mobster.html","https://ronenglish-archive.github.io/ron-english-sketches-and-drawings/Sketches/amphibians/frogs/sea-mobster.html","3","3","https://ronenglish-archive.github.io/ron-english-sketches-and-drawings/images/Sketches/amphibians/frogs/Sea%2520Mobster%2520ORIGINAL.jpg","REVIEW","Some local image references were not found."
"Old bridge","Toadstool","amphibians","Sketches\amphibians\frogs\toadstool.html","https://ronenglish-archive.github.io/ron-english-sketches-and-drawings/Sketches/amphibians/frogs/toadstool.html","9","9","https://ronenglish-archive.github.io/ron-english-sketches-and-drawings/images/Sketches/amphibians/frogs/Toadstool%25201%2520ORIGINAL.jpg","REVIEW","Some local image references were not found."
"Old bridge","Heart Yin Yang","amphibians","Sketches\amphibians\salamanders\heart-yin-yang.html","https://ronenglish-archive.github.io/ron-english-sketches-and-drawings/Sketches/amphibians/salamanders/heart-yin-yang.html","3","3","https://ronenglish-archive.github.io/ron-english-sketches-and-drawings/images/Sketches/amphibians/salamanders/Heart%2520Yin%2520Yang%2520ORIGINAL.jpg","REVIEW","Some local image references were not found."
"Old bridge","Last Supper Salamanders","amphibians","Sketches\amphibians\salamanders\last-supper-salamanders.html","https://ronenglish-archive.github.io/ron-english-sketches-and-drawings/Sketches/amphibians/salamanders/last-supper-salamanders.html","3","3","https://ronenglish-archive.github.io/ron-english-sketches-and-drawings/images/Sketches/amphibians/salamanders/Last%2520Supper%2520Salamanders%2520ORIGINAL.jpg","REVIEW","Some local image references were not found."
"Old bridge","Running Salamander","amphibians","Sketches\amphibians\salamanders\running-salamander.html","https://ronenglish-archive.github.io/ron-english-sketches-and-drawings/Sketches/amphibians/salamanders/running-salamander.html","3","3","https://ronenglish-archive.github.io/ron-english-sketches-and-drawings/images/Sketches/amphibians/salamanders/Running%2520Salamander%2520ORIGINAL.jpg","REVIEW","Some local image references were not found."
"Old bridge","Salamander Bubbles 1","amphibians","Sketches\amphibians\salamanders\salamander-bubbles-1.html","https://ronenglish-archive.github.io/ron-english-sketches-and-drawings/Sketches/amphibians/salamanders/salamander-bubbles-1.html","3","3","https://ronenglish-archive.github.io/ron-english-sketches-and-drawings/images/Sketches/amphibians/salamanders/Salamander%2520Bubbles%25201%2520ORIGINAL.jpg","REVIEW","Some local image references were not found."
"Old bridge","Salamander Bubbles 2","amphibians","Sketches\amphibians\salamanders\salamander-bubbles-2.html","https://ronenglish-archive.github.io/ron-english-sketches-and-drawings/Sketches/amphibians/salamanders/salamander-bubbles-2.html","3","3","https://ronenglish-archive.github.io/ron-english-sketches-and-drawings/images/Sketches/amphibians/salamanders/Salamander%2520Bubbles%2520ORIGINAL.jpg","REVIEW","Some local image references were not found."
"Old bridge","Salamander Bubbles 3","amphibians","Sketches\amphibians\salamanders\salamander-bubbles-3.html","https://ronenglish-archive.github.io/ron-english-sketches-and-drawings/Sketches/amphibians/salamanders/salamander-bubbles-3.html","3","3","https://ronenglish-archive.github.io/ron-english-sketches-and-drawings/images/Sketches/amphibians/salamanders/Salamander%2520Bubbles%2520ORIGINAL.jpg","REVIEW","Some local image references were not found."
"Old bridge","Salamander Bubbles 4","amphibians","Sketches\amphibians\salamanders\salamander-bubbles-4.html","https://ronenglish-archive.github.io/ron-english-sketches-and-drawings/Sketches/amphibians/salamanders/salamander-bubbles-4.html","3","3","https://ronenglish-archive.github.io/ron-english-sketches-and-drawings/images/Sketches/amphibians/salamanders/Salamander%2520Bubbles%2520ORIGINAL.jpg","REVIEW","Some local image references were not found."
"Old bridge","Salamander Cop - Trace Girl","amphibians","Sketches\amphibians\salamanders\salamander-cop.html","https://ronenglish-archive.github.io/ron-english-sketches-and-drawings/Sketches/amphibians/salamanders/salamander-cop.html","3","3","https://ronenglish-archive.github.io/ron-english-sketches-and-drawings/images/Sketches/amphibians/salamanders/Salamander%2520Cop%2520ORIGINAL.jpg","REVIEW","Some local image references were not found."
"Old bridge","Salamander Heart 2","amphibians","Sketches\amphibians\salamanders\salamander-heart-2.html","https://ronenglish-archive.github.io/ron-english-sketches-and-drawings/Sketches/amphibians/salamanders/salamander-heart-2.html","3","3","https://ronenglish-archive.github.io/ron-english-sketches-and-drawings/images/Sketches/amphibians/salamanders/Salamander%2520Heart%25202%2520ORIGINAL.jpg","REVIEW","Some local image references were not found."
"Old bridge","Salamander Hula","amphibians","Sketches\amphibians\salamanders\salamander-hula.html","https://ronenglish-archive.github.io/ron-english-sketches-and-drawings/Sketches/amphibians/salamanders/salamander-hula.html","3","3","https://ronenglish-archive.github.io/ron-english-sketches-and-drawings/images/Sketches/amphibians/salamanders/Salamander%2520Hula%2520ORIGINAL.jpg","REVIEW","Some local image references were not found."
"Old bridge","Salamander on Ladder 1 & 2","amphibians","Sketches\amphibians\salamanders\salamander-on-ladder.html","https://ronenglish-archive.github.io/ron-english-sketches-and-drawings/Sketches/amphibians/salamanders/salamander-on-ladder.html","6","6","https://ronenglish-archive.github.io/ron-english-sketches-and-drawings/images/Sketches/amphibians/salamanders/Salamander%2520on%2520Ladder%25201%2520ORIGINAL.jpg","REVIEW","Some local image references were not found."
"Old bridge","Salamander Question Mark","amphibians","Sketches\amphibians\salamanders\salamander-question-mark.html","https://ronenglish-archive.github.io/ron-english-sketches-and-drawings/Sketches/amphibians/salamanders/salamander-question-mark.html","3","3","https://ronenglish-archive.github.io/ron-english-sketches-and-drawings/images/Sketches/amphibians/salamanders/Salamander%2520Question%2520Mark%2520ORIGINAL.jpg","REVIEW","Some local image references were not found."
"Old bridge","Salamander TV","amphibians","Sketches\amphibians\salamanders\salamander-tv.html","https://ronenglish-archive.github.io/ron-english-sketches-and-drawings/Sketches/amphibians/salamanders/salamander-tv.html","3","3","https://ronenglish-archive.github.io/ron-english-sketches-and-drawings/images/Sketches/amphibians/salamanders/Salamander%2520TV%2520ORIGINAL.jpg","REVIEW","Some local image references were not found."
"Old bridge","Salamander Van Gogh","amphibians","Sketches\amphibians\salamanders\salamander-van-gogh.html","https://ronenglish-archive.github.io/ron-english-sketches-and-drawings/Sketches/amphibians/salamanders/salamander-van-gogh.html","3","3","https://ronenglish-archive.github.io/ron-english-sketches-and-drawings/images/Sketches/amphibians/salamanders/Salamander%2520Van%2520Gogh%2520ORIGINAL.jpg","REVIEW","Some local image references were not found."
"Old bridge","That's All Folks!","amphibians","Sketches\amphibians\salamanders\thats-all-folks.html","https://ronenglish-archive.github.io/ron-english-sketches-and-drawings/Sketches/amphibians/salamanders/thats-all-folks.html","3","3","https://ronenglish-archive.github.io/ron-english-sketches-and-drawings/images/Sketches/amphibians/salamanders/That%2527s%2520All%2520Folks%2521%2520ORIGINAL.jpg","REVIEW","Some local image references were not found."
"Old bridge","Yang","amphibians","Sketches\amphibians\salamanders\yang.html","https://ronenglish-archive.github.io/ron-english-sketches-and-drawings/Sketches/amphibians/salamanders/yang.html","9","9","https://ronenglish-archive.github.io/ron-english-sketches-and-drawings/images/Sketches/amphibians/salamanders/Yang%2520left%2520side%2520ORIGINAL.jpg","REVIEW","Some local image references were not found."
"Old bridge","Yin Rock","amphibians","Sketches\amphibians\salamanders\yin-rock.html","https://ronenglish-archive.github.io/ron-english-sketches-and-drawings/Sketches/amphibians/salamanders/yin-rock.html","3","3","https://ronenglish-archive.github.io/ron-english-sketches-and-drawings/images/Sketches/amphibians/salamanders/Yin%2520Rock%2520ORIGINAL.jpg","REVIEW","Some local image references were not found."
"Old bridge","Abe Waters","aquatic-dwellers","Sketches\aquatic-dwellers\aqua-apes\abe-waters.html","https://ronenglish-archive.github.io/ron-english-sketches-and-drawings/Sketches/aquatic-dwellers/aqua-apes/abe-waters.html","3","3","https://ronenglish-archive.github.io/ron-english-sketches-and-drawings/images/Sketches/aquatic-dwellers/aqua-apes/Abe%2520Waters%2520B%2526W%2520digital.jpg","REVIEW","Some local image references were not found."
"Old bridge","Angel Cake","aquatic-dwellers","Sketches\aquatic-dwellers\aqua-apes\angel-cake.html","https://ronenglish-archive.github.io/ron-english-sketches-and-drawings/Sketches/aquatic-dwellers/aqua-apes/angel-cake.html","3","3","https://ronenglish-archive.github.io/ron-english-sketches-and-drawings/images/Sketches/aquatic-dwellers/aqua-apes/Angel%2520Cake%2520ORIGINAL%2520copy.jpg","REVIEW","Some local image references were not found."
"Old bridge","Angie Waters","aquatic-dwellers","Sketches\aquatic-dwellers\aqua-apes\angie-waters.html","https://ronenglish-archive.github.io/ron-english-sketches-and-drawings/Sketches/aquatic-dwellers/aqua-apes/angie-waters.html","4","4","https://ronenglish-archive.github.io/ron-english-sketches-and-drawings/images/Sketches/aquatic-dwellers/aqua-apes/Angie%2520Waters%2520ORIGINAL.jpg","REVIEW","Some local image references were not found."
"Old bridge","Apette Waters","aquatic-dwellers","Sketches\aquatic-dwellers\aqua-apes\apette-waters.html","https://ronenglish-archive.github.io/ron-english-sketches-and-drawings/Sketches/aquatic-dwellers/aqua-apes/apette-waters.html","4","4","https://ronenglish-archive.github.io/ron-english-sketches-and-drawings/images/Sketches/aquatic-dwellers/aqua-apes/Apette%2520Waters%2520ORIGINAL%2520copy.jpg","REVIEW","Some local image references were not found."
"Old bridge","Aqua Ape for Snow Globe 1","aquatic-dwellers","Sketches\aquatic-dwellers\aqua-apes\aqua-ape-for-snow-globe-1.html","https://ronenglish-archive.github.io/ron-english-sketches-and-drawings/Sketches/aquatic-dwellers/aqua-apes/aqua-ape-for-snow-globe-1.html","2","2","https://ronenglish-archive.github.io/ron-english-sketches-and-drawings/images/Sketches/aquatic-dwellers/aqua-apes/Aqua%2520Ape%2520for%2520Snow%2520Globe%25201%2520B%2526W%2520digital.jpg","REVIEW","Some local image references were not found."
"Old bridge","Aqua Ape for Snow Globe 2","aquatic-dwellers","Sketches\aquatic-dwellers\aqua-apes\aqua-ape-for-snow-globe-2.html","https://ronenglish-archive.github.io/ron-english-sketches-and-drawings/Sketches/aquatic-dwellers/aqua-apes/aqua-ape-for-snow-globe-2.html","2","2","https://ronenglish-archive.github.io/ron-english-sketches-and-drawings/images/Sketches/aquatic-dwellers/aqua-apes/Aqua%2520Ape%2520for%2520Snow%2520Globe%25202%2520B%2526W%2520digital.jpg","REVIEW","Some local image references were not found."
"Old bridge","Aqua Ape on Chair","aquatic-dwellers","Sketches\aquatic-dwellers\aqua-apes\aqua-ape-on-chair.html","https://ronenglish-archive.github.io/ron-english-sketches-and-drawings/Sketches/aquatic-dwellers/aqua-apes/aqua-ape-on-chair.html","1","1","https://ronenglish-archive.github.io/ron-english-sketches-and-drawings/images/Sketches/aquatic-dwellers/aqua-apes/Aqua%2520Ape%2520on%2520Chair%2520ORIGINAL.jpg","REVIEW","Some local image references were not found."
"Old bridge","Aqua Apes Family Icon","aquatic-dwellers","Sketches\aquatic-dwellers\aqua-apes\aqua-apes-family-icon.html","https://ronenglish-archive.github.io/ron-english-sketches-and-drawings/Sketches/aquatic-dwellers/aqua-apes/aqua-apes-family-icon.html","2","2","https://ronenglish-archive.github.io/ron-english-sketches-and-drawings/images/Sketches/aquatic-dwellers/aqua-apes/Aqua%2520Apes%2520Family%2520Icon%2520B%2526W%2520%2520digital.jpg","REVIEW","Some local image references were not found."
"Old bridge","Aqua Apes Icon","aquatic-dwellers","Sketches\aquatic-dwellers\aqua-apes\aqua-apes-icon.html","https://ronenglish-archive.github.io/ron-english-sketches-and-drawings/Sketches/aquatic-dwellers/aqua-apes/aqua-apes-icon.html","1","1","https://ronenglish-archive.github.io/ron-english-sketches-and-drawings/images/Sketches/aquatic-dwellers/aqua-apes/Aqua%2520Apes%2520Icon%2520ORIGINAL.jpg","REVIEW","Some local image references were not found."
"Old bridge","Brooke Waters","aquatic-dwellers","Sketches\aquatic-dwellers\aqua-apes\brooke-waters.html","https://ronenglish-archive.github.io/ron-english-sketches-and-drawings/Sketches/aquatic-dwellers/aqua-apes/brooke-waters.html","4","4","https://ronenglish-archive.github.io/ron-english-sketches-and-drawings/images/Sketches/aquatic-dwellers/aqua-apes/Brooke%2520Waters%2520B%2526W%2520digital.jpg","REVIEW","Some local image references were not found."
"Old bridge","Infant Aqua Ape","aquatic-dwellers","Sketches\aquatic-dwellers\aqua-apes\infant-aqua-ape.html","https://ronenglish-archive.github.io/ron-english-sketches-and-drawings/Sketches/aquatic-dwellers/aqua-apes/infant-aqua-ape.html","4","4","https://ronenglish-archive.github.io/ron-english-sketches-and-drawings/images/Sketches/aquatic-dwellers/aqua-apes/Infant%2520Aqua%2520Ape%2520B%2526W%2520digital.jpg","REVIEW","Some local image references were not found."
"Old bridge","Marilyn Mini Mollosk","aquatic-dwellers","Sketches\aquatic-dwellers\aqua-apes\marilyn-mini-mollosk.html","https://ronenglish-archive.github.io/ron-english-sketches-and-drawings/Sketches/aquatic-dwellers/aqua-apes/marilyn-mini-mollosk.html","3","3","https://ronenglish-archive.github.io/ron-english-sketches-and-drawings/images/Sketches/aquatic-dwellers/aqua-apes/Marilyn%2520Mini%2520Mollosk%2520ORIGINAL%2520copy.jpg","REVIEW","Some local image references were not found."
"Old bridge","Newt Wave","aquatic-dwellers","Sketches\aquatic-dwellers\aqua-apes\newt-wave.html","https://ronenglish-archive.github.io/ron-english-sketches-and-drawings/Sketches/aquatic-dwellers/aqua-apes/newt-wave.html","3","3","https://ronenglish-archive.github.io/ron-english-sketches-and-drawings/images/Sketches/aquatic-dwellers/aqua-apes/Newt%2520Wave%2520ORIGINAL.jpg","REVIEW","Some local image references were not found."
"Old bridge","Sea Monkeys Beach Party","aquatic-dwellers","Sketches\aquatic-dwellers\aqua-apes\sea-monkeys-beach-party.html","https://ronenglish-archive.github.io/ron-english-sketches-and-drawings/Sketches/aquatic-dwellers/aqua-apes/sea-monkeys-beach-party.html","1","1","https://ronenglish-archive.github.io/ron-english-sketches-and-drawings/images/Sketches/aquatic-dwellers/aqua-apes/Sea%2520Monkeys%2520Beach%2520Party%2520ORIGINAL.jpg","REVIEW","Some local image references were not found."
"Old bridge","Sea Squatch","aquatic-dwellers","Sketches\aquatic-dwellers\aqua-apes\sea-squatch.html","https://ronenglish-archive.github.io/ron-english-sketches-and-drawings/Sketches/aquatic-dwellers/aqua-apes/sea-squatch.html","3","3","https://ronenglish-archive.github.io/ron-english-sketches-and-drawings/images/Sketches/aquatic-dwellers/aqua-apes/Sea%2520Squatch%2520ORIGINAL.jpg","REVIEW","Some local image references were not found."
"Old bridge","See Money","aquatic-dwellers","Sketches\aquatic-dwellers\aqua-apes\see-money.html","https://ronenglish-archive.github.io/ron-english-sketches-and-drawings/Sketches/aquatic-dwellers/aqua-apes/see-money.html","3","3","https://ronenglish-archive.github.io/ron-english-sketches-and-drawings/images/Sketches/aquatic-dwellers/aqua-apes/See%2520Money%2520ORIGINAL.jpg","REVIEW","Some local image references were not found."
"Old bridge","Shellsea Waters","aquatic-dwellers","Sketches\aquatic-dwellers\aqua-apes\shellsea-waters.html","https://ronenglish-archive.github.io/ron-english-sketches-and-drawings/Sketches/aquatic-dwellers/aqua-apes/shellsea-waters.html","5","5","https://ronenglish-archive.github.io/ron-english-sketches-and-drawings/images/Sketches/aquatic-dwellers/aqua-apes/Shellsea%2520Waters%2520ORIGINAL.jpg","REVIEW","Some local image references were not found."
"Old bridge","Susan Squid","aquatic-dwellers","Sketches\aquatic-dwellers\aqua-apes\susan-squid.html","https://ronenglish-archive.github.io/ron-english-sketches-and-drawings/Sketches/aquatic-dwellers/aqua-apes/susan-squid.html","3","3","https://ronenglish-archive.github.io/ron-english-sketches-and-drawings/images/Sketches/aquatic-dwellers/aqua-apes/Susan%2520Squid%2520ORIGINAL.jpg","REVIEW","Some local image references were not found."
"Old bridge","Tittie Squid","aquatic-dwellers","Sketches\aquatic-dwellers\aqua-apes\tittie-squid.html","https://ronenglish-archive.github.io/ron-english-sketches-and-drawings/Sketches/aquatic-dwellers/aqua-apes/tittie-squid.html","3","3","https://ronenglish-archive.github.io/ron-english-sketches-and-drawings/images/Sketches/aquatic-dwellers/aqua-apes/Tittie%2520Squid%2520COLORWAY%25201%2520digital.jpg","REVIEW","Some local image references were not found."
"Old bridge","Titty Squid","aquatic-dwellers","Sketches\aquatic-dwellers\aqua-apes\titty-squid.html","https://ronenglish-archive.github.io/ron-english-sketches-and-drawings/Sketches/aquatic-dwellers/aqua-apes/titty-squid.html","3","3","https://ronenglish-archive.github.io/ron-english-sketches-and-drawings/images/Sketches/aquatic-dwellers/aqua-apes/Titty%2520Squid%2520ORIGINAL.jpg","REVIEW","Some local image references were not found."
"Old bridge","Trippie Squid","aquatic-dwellers","Sketches\aquatic-dwellers\aqua-apes\trippie-squid.html","https://ronenglish-archive.github.io/ron-english-sketches-and-drawings/Sketches/aquatic-dwellers/aqua-apes/trippie-squid.html","6","6","https://ronenglish-archive.github.io/ron-english-sketches-and-drawings/images/Sketches/aquatic-dwellers/aqua-apes/Trippie%2520Squid%2520ORIGINAL.jpg","REVIEW","Some local image references were not found."
"Old bridge","Walter Waters","aquatic-dwellers","Sketches\aquatic-dwellers\aqua-apes\walter-waters.html","https://ronenglish-archive.github.io/ron-english-sketches-and-drawings/Sketches/aquatic-dwellers/aqua-apes/walter-waters.html","8","8","https://ronenglish-archive.github.io/ron-english-sketches-and-drawings/images/Sketches/aquatic-dwellers/aqua-apes/Walter%2520Waters%2520B%2526W%2520digital.jpg","REVIEW","Some local image references were not found."
"Old bridge","Water Walker","aquatic-dwellers","Sketches\aquatic-dwellers\aqua-apes\water-walker.html","https://ronenglish-archive.github.io/ron-english-sketches-and-drawings/Sketches/aquatic-dwellers/aqua-apes/water-walker.html","3","3","https://ronenglish-archive.github.io/ron-english-sketches-and-drawings/images/Sketches/aquatic-dwellers/aqua-apes/Water%2520Walker%2520ORIGINAL.jpg","REVIEW","Some local image references were not found."
"Old bridge","Young Aqua Ape","aquatic-dwellers","Sketches\aquatic-dwellers\aqua-apes\young-aqua-ape.html","https://ronenglish-archive.github.io/ron-english-sketches-and-drawings/Sketches/aquatic-dwellers/aqua-apes/young-aqua-ape.html","3","3","https://ronenglish-archive.github.io/ron-english-sketches-and-drawings/images/Sketches/aquatic-dwellers/aqua-apes/Young%2520Aqua%2520Ape%2520ORIGINAL.jpg","REVIEW","Some local image references were not found."
"Old bridge","Younger Waters","aquatic-dwellers","Sketches\aquatic-dwellers\aqua-apes\younger-waters.html","https://ronenglish-archive.github.io/ron-english-sketches-and-drawings/Sketches/aquatic-dwellers/aqua-apes/younger-waters.html","5","5","https://ronenglish-archive.github.io/ron-english-sketches-and-drawings/images/Sketches/aquatic-dwellers/aqua-apes/Younger%2520Waters%2520B%2526W%2520digital.jpg","REVIEW","Some local image references were not found."
"Old bridge","Dolphinheaded Mermaid Girls","aquatic-dwellers","Sketches\aquatic-dwellers\dolphins\dolphinheaded-mermaid-girls.html","https://ronenglish-archive.github.io/ron-english-sketches-and-drawings/Sketches/aquatic-dwellers/dolphins/dolphinheaded-mermaid-girls.html","4","4","https://ronenglish-archive.github.io/ron-english-sketches-and-drawings/images/Sketches/aquatic-dwellers/dolphins/Dolphinheaded%20Mermaid%20Girls%20ORIGINAL.jpg","REVIEW","Some local image references were not found."
"Old bridge","Ona Porpoise","aquatic-dwellers","Sketches\aquatic-dwellers\dolphins\ona-porpoise.html","https://ronenglish-archive.github.io/ron-english-sketches-and-drawings/Sketches/aquatic-dwellers/dolphins/ona-porpoise.html","4","4","https://ronenglish-archive.github.io/ron-english-sketches-and-drawings/images/Sketches/aquatic-dwellers/dolphins/Ona%20Porpoise%20ORIGINAL.jpg","REVIEW","Some local image references were not found."
"Old bridge","Culture Catch","aquatic-dwellers","Sketches\aquatic-dwellers\fish\culture-catch.html","https://ronenglish-archive.github.io/ron-english-sketches-and-drawings/Sketches/aquatic-dwellers/fish/culture-catch.html","3","3","https://ronenglish-archive.github.io/ron-english-sketches-and-drawings/images/Sketches/aquatic-dwellers/fish/Culture%2520Catch%2520ORIGINAL%2520digital.jpg","REVIEW","Some local image references were not found."
"Old bridge","Fat GoldFish","aquatic-dwellers","Sketches\aquatic-dwellers\fish\fat-goldfish.html","https://ronenglish-archive.github.io/ron-english-sketches-and-drawings/Sketches/aquatic-dwellers/fish/fat-goldfish.html","6","6","https://ronenglish-archive.github.io/ron-english-sketches-and-drawings/images/Sketches/aquatic-dwellers/fish/Fat%2520Goldfish%2520ORIGINAL.jpg","REVIEW","Some local image references were not found."
"Old bridge","Fin Evolution","aquatic-dwellers","Sketches\aquatic-dwellers\fish\fin-evolution.html","https://ronenglish-archive.github.io/ron-english-sketches-and-drawings/Sketches/aquatic-dwellers/fish/fin-evolution.html","3","3","https://ronenglish-archive.github.io/ron-english-sketches-and-drawings/images/Sketches/aquatic-dwellers/fish/Fin%2520Evolution%2520ORIGINAL.jpg","REVIEW","Some local image references were not found."
"Old bridge","FinFlyer Finley","aquatic-dwellers","Sketches\aquatic-dwellers\fish\finflyer-finley.html","https://ronenglish-archive.github.io/ron-english-sketches-and-drawings/Sketches/aquatic-dwellers/fish/finflyer-finley.html","3","3","https://ronenglish-archive.github.io/ron-english-sketches-and-drawings/images/Sketches/aquatic-dwellers/fish/FinFlyer%2520Finley%2520ORIGINAL.jpg","REVIEW","Some local image references were not found."
"Old bridge","Fish","aquatic-dwellers","Sketches\aquatic-dwellers\fish\fish.html","https://ronenglish-archive.github.io/ron-english-sketches-and-drawings/Sketches/aquatic-dwellers/fish/fish.html","2","2","https://ronenglish-archive.github.io/ron-english-sketches-and-drawings/images/Sketches/aquatic-dwellers/fish/Fish%2520B%2526W%2520digital.png","REVIEW","Some local image references were not found."
"Old bridge","Fish in Bowl","aquatic-dwellers","Sketches\aquatic-dwellers\fish\fish-in-bowl.html","https://ronenglish-archive.github.io/ron-english-sketches-and-drawings/Sketches/aquatic-dwellers/fish/fish-in-bowl.html","3","3","https://ronenglish-archive.github.io/ron-english-sketches-and-drawings/images/Sketches/aquatic-dwellers/fish/Fish%2520in%2520Bowl%2520ORIGINAL.jpg","REVIEW","Some local image references were not found."
"Old bridge","Fish in Cowboy Hat","aquatic-dwellers","Sketches\aquatic-dwellers\fish\fish-in-cowboy-hat.html","https://ronenglish-archive.github.io/ron-english-sketches-and-drawings/Sketches/aquatic-dwellers/fish/fish-in-cowboy-hat.html","3","3","https://ronenglish-archive.github.io/ron-english-sketches-and-drawings/images/Sketches/aquatic-dwellers/fish/Fish%2520in%2520Cowboy%2520Hat%2520ORIGINAL.jpg","REVIEW","Some local image references were not found."
"Old bridge","Goldfish Caviar","aquatic-dwellers","Sketches\aquatic-dwellers\fish\goldfish-caviar.html","https://ronenglish-archive.github.io/ron-english-sketches-and-drawings/Sketches/aquatic-dwellers/fish/goldfish-caviar.html","3","3","https://ronenglish-archive.github.io/ron-english-sketches-and-drawings/images/Sketches/aquatic-dwellers/fish/Goldfish%2520Caviar%25201color%2520ORIGINAL.png","REVIEW","Some local image references were not found."
"Old bridge","Monarch Fish","aquatic-dwellers","Sketches\aquatic-dwellers\fish\monarch-fish.html","https://ronenglish-archive.github.io/ron-english-sketches-and-drawings/Sketches/aquatic-dwellers/fish/monarch-fish.html","3","3","https://ronenglish-archive.github.io/ron-english-sketches-and-drawings/images/Sketches/aquatic-dwellers/fish/Monarch%2520Fish%2520B%2526W%2520digital.png","REVIEW","Some local image references were not found."
"Old bridge","Mystifeye Finley","aquatic-dwellers","Sketches\aquatic-dwellers\fish\mystifeye-finley.html","https://ronenglish-archive.github.io/ron-english-sketches-and-drawings/Sketches/aquatic-dwellers/fish/mystifeye-finley.html","3","3","https://ronenglish-archive.github.io/ron-english-sketches-and-drawings/images/Sketches/aquatic-dwellers/fish/Mystifeye%2520Finley%2520ORIGINAL.jpg","REVIEW","Some local image references were not found."
"Old bridge","Swish Evolve","aquatic-dwellers","Sketches\aquatic-dwellers\fish\swish-evolve.html","https://ronenglish-archive.github.io/ron-english-sketches-and-drawings/Sketches/aquatic-dwellers/fish/swish-evolve.html","2","2","https://ronenglish-archive.github.io/ron-english-sketches-and-drawings/images/Sketches/aquatic-dwellers/fish/Swish%2520Evolve%2520ORIGINAL.jpg","REVIEW","Some local image references were not found."
"Old bridge","Mermaid","aquatic-dwellers","Sketches\aquatic-dwellers\mermaids\mermaid.html","https://ronenglish-archive.github.io/ron-english-sketches-and-drawings/Sketches/aquatic-dwellers/mermaids/mermaid.html","3","3","https://ronenglish-archive.github.io/ron-english-sketches-and-drawings/images/Sketches/aquatic-dwellers/mermaids/Mermaid%2520ORIGINAL.jpg","REVIEW","Some local image references were not found."
"Old bridge","Mermonkey","aquatic-dwellers","Sketches\aquatic-dwellers\mermaids\mermonkey.html","https://ronenglish-archive.github.io/ron-english-sketches-and-drawings/Sketches/aquatic-dwellers/mermaids/mermonkey.html","1","1","https://ronenglish-archive.github.io/ron-english-sketches-and-drawings/images/Sketches/aquatic-dwellers/mermaids/Mermonkey%2520ORIGINAL.jpg","REVIEW","Some local image references were not found."
"Old bridge","Sharkattack Mermaid","aquatic-dwellers","Sketches\aquatic-dwellers\mermaids\sharkattack-mermaid.html","https://ronenglish-archive.github.io/ron-english-sketches-and-drawings/Sketches/aquatic-dwellers/mermaids/sharkattack-mermaid.html","10","10","https://ronenglish-archive.github.io/ron-english-sketches-and-drawings/images/Sketches/aquatic-dwellers/mermaids/Sharkattack%2520Mermaid%2520front%2520ORIGINAL.jpg","REVIEW","Some local image references were not found."
"Old bridge","Starbucks Mermaid","aquatic-dwellers","Sketches\aquatic-dwellers\mermaids\starbucks-mermaid.html","https://ronenglish-archive.github.io/ron-english-sketches-and-drawings/Sketches/aquatic-dwellers/mermaids/starbucks-mermaid.html","3","3","https://ronenglish-archive.github.io/ron-english-sketches-and-drawings/images/Sketches/aquatic-dwellers/mermaids/Starbucks%2520Mermaid%2520ORIGINAL.jpg","REVIEW","Some local image references were not found."
"Old bridge","Unplugged Mermaid","aquatic-dwellers","Sketches\aquatic-dwellers\mermaids\unplugged-mermaid.html","https://ronenglish-archive.github.io/ron-english-sketches-and-drawings/Sketches/aquatic-dwellers/mermaids/unplugged-mermaid.html","3","3","https://ronenglish-archive.github.io/ron-english-sketches-and-drawings/images/Sketches/aquatic-dwellers/mermaids/Unplugged%2520Mermaid%2520ORIGINAL.jpg","REVIEW","Some local image references were not found."
"Old bridge","Jah Bliss Octopus","aquatic-dwellers","Sketches\aquatic-dwellers\octopi\jah-bliss-octopus.html","https://ronenglish-archive.github.io/ron-english-sketches-and-drawings/Sketches/aquatic-dwellers/octopi/jah-bliss-octopus.html","4","4","https://ronenglish-archive.github.io/ron-english-sketches-and-drawings/images/Sketches/aquatic-dwellers/octopi/Jah%2520Bliss%2520Octopus%2520B%2526W.jpg","REVIEW","Some local image references were not found."
"Old bridge","Lorraine Yang","aquatic-dwellers","Sketches\aquatic-dwellers\octopi\lorraine-yang.html","https://ronenglish-archive.github.io/ron-english-sketches-and-drawings/Sketches/aquatic-dwellers/octopi/lorraine-yang.html","4","4","https://ronenglish-archive.github.io/ron-english-sketches-and-drawings/images/Sketches/aquatic-dwellers/octopi/Lorraine%2520Yang%2520ORIGINAL.png","REVIEW","Some local image references were not found."
"Old bridge","Sea Monster","aquatic-dwellers","Sketches\aquatic-dwellers\octopi\sea-monster.html","https://ronenglish-archive.github.io/ron-english-sketches-and-drawings/Sketches/aquatic-dwellers/octopi/sea-monster.html","3","3","https://ronenglish-archive.github.io/ron-english-sketches-and-drawings/images/Sketches/aquatic-dwellers/octopi/Sea%2520Monster%2520ORIGINAL.jpg","REVIEW","Some local image references were not found."
"Old bridge","Swirly Octopus","aquatic-dwellers","Sketches\aquatic-dwellers\octopi\swirly-octopus.html","https://ronenglish-archive.github.io/ron-english-sketches-and-drawings/Sketches/aquatic-dwellers/octopi/swirly-octopus.html","2","2","https://ronenglish-archive.github.io/ron-english-sketches-and-drawings/images/Sketches/aquatic-dwellers/octopi/Swirly%2520Octopus%2520ORIGINAL.png","REVIEW","Some local image references were not found."
"Old bridge","Duckbill Platypus","aquatic-dwellers","Sketches\aquatic-dwellers\platypus\duckbill-platypus.html","https://ronenglish-archive.github.io/ron-english-sketches-and-drawings/Sketches/aquatic-dwellers/platypus/duckbill-platypus.html","3","3","https://ronenglish-archive.github.io/ron-english-sketches-and-drawings/images/Sketches/aquatic-dwellers/platypus/Duckbill%2520Platypus%2520ORIGINAL.jpg","REVIEW","Some local image references were not found."
"Old bridge","Frowning Shark","aquatic-dwellers","Sketches\aquatic-dwellers\sharks\frowning-shark.html","https://ronenglish-archive.github.io/ron-english-sketches-and-drawings/Sketches/aquatic-dwellers/sharks/frowning-shark.html","2","2","https://ronenglish-archive.github.io/ron-english-sketches-and-drawings/images/Sketches/aquatic-dwellers/sharks/Frowning%2520Shark%2520B%2526W%2520digital.png","REVIEW","Some local image references were not found."
"Old bridge","Grinning Shark","aquatic-dwellers","Sketches\aquatic-dwellers\sharks\grinning-shark.html","https://ronenglish-archive.github.io/ron-english-sketches-and-drawings/Sketches/aquatic-dwellers/sharks/grinning-shark.html","2","2","https://ronenglish-archive.github.io/ron-english-sketches-and-drawings/images/Sketches/aquatic-dwellers/sharks/Grinning%2520Shark%2520B%2526W%2520digital.png","REVIEW","Some local image references were not found."
"Old bridge","Lightning Shark","aquatic-dwellers","Sketches\aquatic-dwellers\sharks\lightning-shark.html","https://ronenglish-archive.github.io/ron-english-sketches-and-drawings/Sketches/aquatic-dwellers/sharks/lightning-shark.html","1","1","https://ronenglish-archive.github.io/ron-english-sketches-and-drawings/images/Sketches/aquatic-dwellers/sharks/Lightning%2520Shark%2520ORIGINAL.jpg","REVIEW","Some local image references were not found."
"Old bridge","Sever Fairy Landshark Grin (Mickey Fin)","aquatic-dwellers","Sketches\aquatic-dwellers\sharks\sever-fairy-landshark-grin-mickey-fin.html","https://ronenglish-archive.github.io/ron-english-sketches-and-drawings/Sketches/aquatic-dwellers/sharks/sever-fairy-landshark-grin-mickey-fin.html","8","8","https://ronenglish-archive.github.io/ron-english-sketches-and-drawings/images/Sketches/aquatic-dwellers/sharks/Sever%2520Fairy%2520Landshark%2520Grin%2520(Mickey%2520Fin)%2520Portrait%2520ORIGINAL.jpg","REVIEW","Some local image references were not found."
"Old bridge","Shark Eating Shark","aquatic-dwellers","Sketches\aquatic-dwellers\sharks\shark-eating-shark.html","https://ronenglish-archive.github.io/ron-english-sketches-and-drawings/Sketches/aquatic-dwellers/sharks/shark-eating-shark.html","3","3","https://ronenglish-archive.github.io/ron-english-sketches-and-drawings/images/Sketches/aquatic-dwellers/sharks/Shark%2520Eating%2520Shark%2520ORIGINAL.jpg","REVIEW","Some local image references were not found."
"Old bridge","Shark Head 1","aquatic-dwellers","Sketches\aquatic-dwellers\sharks\shark-head-1.html","https://ronenglish-archive.github.io/ron-english-sketches-and-drawings/Sketches/aquatic-dwellers/sharks/shark-head-1.html","3","3","https://ronenglish-archive.github.io/ron-english-sketches-and-drawings/images/Sketches/aquatic-dwellers/sharks/Shark%2520Head%25201%2520ORIGINAL.jpg","REVIEW","Some local image references were not found."
"Old bridge","Shark Head 2","aquatic-dwellers","Sketches\aquatic-dwellers\sharks\shark-head-2.html","https://ronenglish-archive.github.io/ron-english-sketches-and-drawings/Sketches/aquatic-dwellers/sharks/shark-head-2.html","3","3","https://ronenglish-archive.github.io/ron-english-sketches-and-drawings/images/Sketches/aquatic-dwellers/sharks/Shark%2520Head%25202%2520ORIGINAL.jpg","REVIEW","Some local image references were not found."
"Old bridge","Shark Head 3","aquatic-dwellers","Sketches\aquatic-dwellers\sharks\shark-head-3.html","https://ronenglish-archive.github.io/ron-english-sketches-and-drawings/Sketches/aquatic-dwellers/sharks/shark-head-3.html","3","3","https://ronenglish-archive.github.io/ron-english-sketches-and-drawings/images/Sketches/aquatic-dwellers/sharks/Shark%2520Head%25203%2520ORIGINAL.jpg","REVIEW","Some local image references were not found."
"Old bridge","Shark Head 4","aquatic-dwellers","Sketches\aquatic-dwellers\sharks\shark-head-4.html","https://ronenglish-archive.github.io/ron-english-sketches-and-drawings/Sketches/aquatic-dwellers/sharks/shark-head-4.html","1","1","https://ronenglish-archive.github.io/ron-english-sketches-and-drawings/images/Sketches/aquatic-dwellers/sharks/Shark%2520Head%25204%2520ORIGINAL.jpg","REVIEW","Some local image references were not found."
"Old bridge","Shark Sketch Study for Hawaii Mural 1","aquatic-dwellers","Sketches\aquatic-dwellers\sharks\shark-sketch-study-for-hawaii-mural-1.html","https://ronenglish-archive.github.io/ron-english-sketches-and-drawings/Sketches/aquatic-dwellers/sharks/shark-sketch-study-for-hawaii-mural-1.html","1","1","https://ronenglish-archive.github.io/ron-english-sketches-and-drawings/images/Sketches/aquatic-dwellers/sharks/Shark%2520Sketch%2520Study%2520for%2520Hawaii%2520Mural%25201%2520ORIGINAL.jpg","REVIEW","Some local image references were not found."
"Old bridge","Shark Sketch Study for Hawaii Mural 2","aquatic-dwellers","Sketches\aquatic-dwellers\sharks\shark-sketch-study-for-hawaii-mural-2.html","https://ronenglish-archive.github.io/ron-english-sketches-and-drawings/Sketches/aquatic-dwellers/sharks/shark-sketch-study-for-hawaii-mural-2.html","1","1","https://ronenglish-archive.github.io/ron-english-sketches-and-drawings/images/Sketches/aquatic-dwellers/sharks/Shark%2520Sketch%2520Study%2520for%2520Hawaii%2520Mural%25202%2520ORIGINAL.jpg","REVIEW","Some local image references were not found."
"Old bridge","Shark Skull Man","aquatic-dwellers","Sketches\aquatic-dwellers\sharks\shark-skull-man.html","https://ronenglish-archive.github.io/ron-english-sketches-and-drawings/Sketches/aquatic-dwellers/sharks/shark-skull-man.html","5","5","https://ronenglish-archive.github.io/ron-english-sketches-and-drawings/images/Sketches/aquatic-dwellers/sharks/Shark%2520Skull%2520Man%2520ORIGINAL.jpg","REVIEW","Some local image references were not found."
"Old bridge","Shark Smile","aquatic-dwellers","Sketches\aquatic-dwellers\sharks\shark-smile.html","https://ronenglish-archive.github.io/ron-english-sketches-and-drawings/Sketches/aquatic-dwellers/sharks/shark-smile.html","3","3","https://ronenglish-archive.github.io/ron-english-sketches-and-drawings/images/Sketches/aquatic-dwellers/sharks/Shark%2520Smile%2520ORIGINAL.jpg","REVIEW","Some local image references were not found."
"Old bridge","Two Point Five Children","aquatic-dwellers","Sketches\aquatic-dwellers\sharks\two-point-five-children.html","https://ronenglish-archive.github.io/ron-english-sketches-and-drawings/Sketches/aquatic-dwellers/sharks/two-point-five-children.html","3","3","https://ronenglish-archive.github.io/ron-english-sketches-and-drawings/images/Sketches/aquatic-dwellers/sharks/Two%2520Point%2520Five%2520Children%2520ORIGINAL.jpg","REVIEW","Some local image references were not found."
"Old bridge","Bird Brain","avians","Sketches\avians\buzzards\backup-buzzards-pages-20260506-140325\bird-brain.html","https://ronenglish-archive.github.io/ron-english-sketches-and-drawings/Sketches/avians/buzzards/backup-buzzards-pages-20260506-140325/bird-brain.html","5","5","https://ronenglish-archive.github.io/ron-english-sketches-and-drawings/Sketches/images/Sketches/avians/buzzards/Bird%2520Brain%2520ORIGINAL.jpg","REVIEW","Some local image references were not found."
"Old bridge","Birdy Bob Buzzard","avians","Sketches\avians\buzzards\backup-buzzards-pages-20260506-140325\birdy-bob-buzzard.html","https://ronenglish-archive.github.io/ron-english-sketches-and-drawings/Sketches/avians/buzzards/backup-buzzards-pages-20260506-140325/birdy-bob-buzzard.html","4","4","https://ronenglish-archive.github.io/ron-english-sketches-and-drawings/Sketches/images/Sketches/avians/buzzards/Birdy-Bob%2520Buzzard%2520B%2526W.jpg","REVIEW","Some local image references were not found."
"Old bridge","Buzz Ard","avians","Sketches\avians\buzzards\backup-buzzards-pages-20260506-140325\buzz-ard.html","https://ronenglish-archive.github.io/ron-english-sketches-and-drawings/Sketches/avians/buzzards/backup-buzzards-pages-20260506-140325/buzz-ard.html","6","6","https://ronenglish-archive.github.io/ron-english-sketches-and-drawings/Sketches/images/Sketches/avians/buzzards/Buzz%2520Ard%2520ORIGINAL.jpg","REVIEW","Some local image references were not found."
"Old bridge","Buzzard Boat","avians","Sketches\avians\buzzards\backup-buzzards-pages-20260506-140325\buzzard-boat.html","https://ronenglish-archive.github.io/ron-english-sketches-and-drawings/Sketches/avians/buzzards/backup-buzzards-pages-20260506-140325/buzzard-boat.html","3","3","https://ronenglish-archive.github.io/ron-english-sketches-and-drawings/Sketches/images/Sketches/avians/buzzards/Buzzard%2520Boat%2520ORIGINAL.jpg","REVIEW","Some local image references were not found."
"Old bridge","Buzzard Family Icon","avians","Sketches\avians\buzzards\backup-buzzards-pages-20260506-140325\buzzard-family-icon.html","https://ronenglish-archive.github.io/ron-english-sketches-and-drawings/Sketches/avians/buzzards/backup-buzzards-pages-20260506-140325/buzzard-family-icon.html","3","3","https://ronenglish-archive.github.io/ron-english-sketches-and-drawings/Sketches/images/Sketches/avians/buzzards/Buzzard%2520Family%2520Icon%2520ORIGINAL.jpg","REVIEW","Some local image references were not found."
"Old bridge","Buzzard Flapping Wings","avians","Sketches\avians\buzzards\backup-buzzards-pages-20260506-140325\buzzard-flapping-wings.html","https://ronenglish-archive.github.io/ron-english-sketches-and-drawings/Sketches/avians/buzzards/backup-buzzards-pages-20260506-140325/buzzard-flapping-wings.html","2","2","https://ronenglish-archive.github.io/ron-english-sketches-and-drawings/Sketches/images/Sketches/avians/buzzards/Buzzard%2520Flapping%2520Wings%2520ORIGINAL.jpg","REVIEW","Some local image references were not found."
"Old bridge","Buzzard House - Towering Estates","avians","Sketches\avians\buzzards\backup-buzzards-pages-20260506-140325\buzzard-house-towering-estates.html","https://ronenglish-archive.github.io/ron-english-sketches-and-drawings/Sketches/avians/buzzards/backup-buzzards-pages-20260506-140325/buzzard-house-towering-estates.html","3","3","https://ronenglish-archive.github.io/ron-english-sketches-and-drawings/Sketches/images/Sketches/avians/buzzards/Buzzard%2520House%2520-%2520Towering%2520Estates%2520ORIGINAL.jpg","REVIEW","Some local image references were not found."
"Old bridge","Buzzards Logo","avians","Sketches\avians\buzzards\backup-buzzards-pages-20260506-140325\buzzards-logo.html","https://ronenglish-archive.github.io/ron-english-sketches-and-drawings/Sketches/avians/buzzards/backup-buzzards-pages-20260506-140325/buzzards-logo.html","3","3","https://ronenglish-archive.github.io/ron-english-sketches-and-drawings/Sketches/images/Sketches/avians/buzzards/Buzzards%2520Logo%2520ORIGINAL.jpg","REVIEW","Some local image references were not found."
"Old bridge","Buzz Egg","avians","Sketches\avians\buzzards\backup-buzzards-pages-20260506-140325\buzz-egg.html","https://ronenglish-archive.github.io/ron-english-sketches-and-drawings/Sketches/avians/buzzards/backup-buzzards-pages-20260506-140325/buzz-egg.html","2","2","https://ronenglish-archive.github.io/ron-english-sketches-and-drawings/Sketches/images/Sketches/avians/buzzards/Buzz%2520Egg%2520ORIGINAL.jpg","REVIEW","Some local image references were not found."
"Old bridge","Cluckzilla","avians","Sketches\avians\buzzards\backup-buzzards-pages-20260506-140325\cluckzilla.html","https://ronenglish-archive.github.io/ron-english-sketches-and-drawings/Sketches/avians/buzzards/backup-buzzards-pages-20260506-140325/cluckzilla.html","3","3","https://ronenglish-archive.github.io/ron-english-sketches-and-drawings/Sketches/images/Sketches/avians/buzzards/Cluckzilla%2520ORIGINAL.jpg","REVIEW","Some local image references were not found."
"Old bridge","Delusionville Pilots - Buzzard","avians","Sketches\avians\buzzards\backup-buzzards-pages-20260506-140325\delusionville-pilots-buzzard.html","https://ronenglish-archive.github.io/ron-english-sketches-and-drawings/Sketches/avians/buzzards/backup-buzzards-pages-20260506-140325/delusionville-pilots-buzzard.html","5","5","https://ronenglish-archive.github.io/ron-english-sketches-and-drawings/Sketches/images/Sketches/avians/buzzards/Delusionville%2520Pilots%2520-%2520Buzzard%2520side%2520view%2520ORIGINAL.jpg","REVIEW","Some local image references were not found."
"Old bridge","Grousegoose Huffyplume","avians","Sketches\avians\buzzards\backup-buzzards-pages-20260506-140325\grousegoose-huffyplume.html","https://ronenglish-archive.github.io/ron-english-sketches-and-drawings/Sketches/avians/buzzards/backup-buzzards-pages-20260506-140325/grousegoose-huffyplume.html","3","3","https://ronenglish-archive.github.io/ron-english-sketches-and-drawings/Sketches/images/Sketches/avians/buzzards/Grousegoose%2520Huffyplume%2520ORIGINAL.jpg","REVIEW","Some local image references were not found."
"Old bridge","Hatch Buzzard","avians","Sketches\avians\buzzards\backup-buzzards-pages-20260506-140325\hatch-buzzard.html","https://ronenglish-archive.github.io/ron-english-sketches-and-drawings/Sketches/avians/buzzards/backup-buzzards-pages-20260506-140325/hatch-buzzard.html","3","3","https://ronenglish-archive.github.io/ron-english-sketches-and-drawings/Sketches/images/Sketches/avians/buzzards/Hatch%2520buzzard%2520ORIGINAL.jpg","REVIEW","Some local image references were not found."
"Old bridge","Lightning Bird","avians","Sketches\avians\buzzards\backup-buzzards-pages-20260506-140325\lightning-bird.html","https://ronenglish-archive.github.io/ron-english-sketches-and-drawings/Sketches/avians/buzzards/backup-buzzards-pages-20260506-140325/lightning-bird.html","2","2","https://ronenglish-archive.github.io/ron-english-sketches-and-drawings/Sketches/images/Sketches/avians/buzzards/lightning%2520bird%2520B%2526Wdigital.jpg","REVIEW","Some local image references were not found."
"Old bridge","Orange-Nosed Buttbrain","avians","Sketches\avians\buzzards\backup-buzzards-pages-20260506-140325\orange-nosed-buttbrain.html","https://ronenglish-archive.github.io/ron-english-sketches-and-drawings/Sketches/avians/buzzards/backup-buzzards-pages-20260506-140325/orange-nosed-buttbrain.html","3","3","https://ronenglish-archive.github.io/ron-english-sketches-and-drawings/Sketches/images/Sketches/avians/buzzards/Orange-Nosed%2520Buttbrain%2520ORIGINAL.jpg","REVIEW","Some local image references were not found."
"Old bridge","Scrap Ard","avians","Sketches\avians\buzzards\backup-buzzards-pages-20260506-140325\scrap-ard.html","https://ronenglish-archive.github.io/ron-english-sketches-and-drawings/Sketches/avians/buzzards/backup-buzzards-pages-20260506-140325/scrap-ard.html","11","11","https://ronenglish-archive.github.io/ron-english-sketches-and-drawings/Sketches/images/Sketches/avians/buzzards/Scrap%2520Ard%2520Flying%2520ORIGINAL.jpg","REVIEW","Some local image references were not found."
"Old bridge","Vull Ture","avians","Sketches\avians\buzzards\backup-buzzards-pages-20260506-140325\vull-ture.html","https://ronenglish-archive.github.io/ron-english-sketches-and-drawings/Sketches/avians/buzzards/backup-buzzards-pages-20260506-140325/vull-ture.html","4","4","https://ronenglish-archive.github.io/ron-english-sketches-and-drawings/Sketches/images/Sketches/avians/buzzards/Vull%2520Ture%2520ORIGINAL.jpeg","REVIEW","Some local image references were not found."
"Old bridge","Bird Brain","avians","Sketches\avians\buzzards\backup-individual-pages-20260506-135246\bird-brain.html","https://ronenglish-archive.github.io/ron-english-sketches-and-drawings/Sketches/avians/buzzards/backup-individual-pages-20260506-135246/bird-brain.html","5","5","https://ronenglish-archive.github.io/ron-english-sketches-and-drawings/Sketches/images/Sketches/avians/buzzards/Bird%20Brain%20ORIGINAL.jpg","REVIEW","Some local image references were not found."
"Old bridge","Birdy-Bob Buzzard","avians","Sketches\avians\buzzards\backup-individual-pages-20260506-135246\birdy-bob-buzzard.html","https://ronenglish-archive.github.io/ron-english-sketches-and-drawings/Sketches/avians/buzzards/backup-individual-pages-20260506-135246/birdy-bob-buzzard.html","4","4","https://ronenglish-archive.github.io/ron-english-sketches-and-drawings/Sketches/images/Sketches/avians/buzzards/Birdy-Bob%2520Buzzard%2520B%2526W.jpg","REVIEW","Some local image references were not found."
"Old bridge","Buzz Ard","avians","Sketches\avians\buzzards\backup-individual-pages-20260506-135246\buzz-ard.html","https://ronenglish-archive.github.io/ron-english-sketches-and-drawings/Sketches/avians/buzzards/backup-individual-pages-20260506-135246/buzz-ard.html","6","6","https://ronenglish-archive.github.io/ron-english-sketches-and-drawings/Sketches/images/Sketches/avians/buzzards/Buzz%20Ard%20ORIGINAL.jpg","REVIEW","Some local image references were not found."
"Old bridge","Buzzard Boat","avians","Sketches\avians\buzzards\backup-individual-pages-20260506-135246\buzzard-boat.html","https://ronenglish-archive.github.io/ron-english-sketches-and-drawings/Sketches/avians/buzzards/backup-individual-pages-20260506-135246/buzzard-boat.html","3","3","https://ronenglish-archive.github.io/ron-english-sketches-and-drawings/Sketches/images/Sketches/avians/buzzards/Buzzard%20Boat%20ORIGINAL.jpg","REVIEW","Some local image references were not found."
"Old bridge","Buzzard Family Icon","avians","Sketches\avians\buzzards\backup-individual-pages-20260506-135246\buzzard-family-icon.html","https://ronenglish-archive.github.io/ron-english-sketches-and-drawings/Sketches/avians/buzzards/backup-individual-pages-20260506-135246/buzzard-family-icon.html","3","3","https://ronenglish-archive.github.io/ron-english-sketches-and-drawings/Sketches/images/Sketches/avians/buzzards/Buzzard%20Family%20Icon%20ORIGINAL.jpg","REVIEW","Some local image references were not found."
"Old bridge","Buzz Egg","avians","Sketches\avians\buzzards\backup-individual-pages-20260506-135246\buzz-egg.html","https://ronenglish-archive.github.io/ron-english-sketches-and-drawings/Sketches/avians/buzzards/backup-individual-pages-20260506-135246/buzz-egg.html","2","2","https://ronenglish-archive.github.io/ron-english-sketches-and-drawings/Sketches/images/Sketches/avians/buzzards/Buzz%20Egg%20ORIGINAL.jpg","REVIEW","Some local image references were not found."
"Old bridge","Bird Brain","avians","Sketches\avians\buzzards\bird-brain.html","https://ronenglish-archive.github.io/ron-english-sketches-and-drawings/Sketches/avians/buzzards/bird-brain.html","5","5","https://ronenglish-archive.github.io/ron-english-sketches-and-drawings/images/Sketches/avians/buzzards/Bird%2520Brain%2520ORIGINAL.jpg","REVIEW","Some local image references were not found."
"Old bridge","Birdy Bob Buzzard","avians","Sketches\avians\buzzards\birdy-bob-buzzard.html","https://ronenglish-archive.github.io/ron-english-sketches-and-drawings/Sketches/avians/buzzards/birdy-bob-buzzard.html","4","4","https://ronenglish-archive.github.io/ron-english-sketches-and-drawings/images/Sketches/avians/buzzards/Birdy-Bob%2520Buzzard%2520B%2526W.jpg","REVIEW","Some local image references were not found."
"Old bridge","Buzz Ard","avians","Sketches\avians\buzzards\buzz-ard.html","https://ronenglish-archive.github.io/ron-english-sketches-and-drawings/Sketches/avians/buzzards/buzz-ard.html","6","6","https://ronenglish-archive.github.io/ron-english-sketches-and-drawings/images/Sketches/avians/buzzards/Buzz%2520Ard%2520ORIGINAL.jpg","REVIEW","Some local image references were not found."
"Old bridge","Buzzard Boat","avians","Sketches\avians\buzzards\buzzard-boat.html","https://ronenglish-archive.github.io/ron-english-sketches-and-drawings/Sketches/avians/buzzards/buzzard-boat.html","3","3","https://ronenglish-archive.github.io/ron-english-sketches-and-drawings/images/Sketches/avians/buzzards/Buzzard%2520Boat%2520ORIGINAL.jpg","REVIEW","Some local image references were not found."
"Old bridge","Buzzard Family Icon","avians","Sketches\avians\buzzards\buzzard-family-icon.html","https://ronenglish-archive.github.io/ron-english-sketches-and-drawings/Sketches/avians/buzzards/buzzard-family-icon.html","3","3","https://ronenglish-archive.github.io/ron-english-sketches-and-drawings/images/Sketches/avians/buzzards/Buzzard%2520Family%2520Icon%2520ORIGINAL.jpg","REVIEW","Some local image references were not found."
"Old bridge","Buzzard Flapping Wings","avians","Sketches\avians\buzzards\buzzard-flapping-wings.html","https://ronenglish-archive.github.io/ron-english-sketches-and-drawings/Sketches/avians/buzzards/buzzard-flapping-wings.html","2","2","https://ronenglish-archive.github.io/ron-english-sketches-and-drawings/images/Sketches/avians/buzzards/Buzzard%2520Flapping%2520Wings%2520ORIGINAL.jpg","REVIEW","Some local image references were not found."
"Old bridge","Buzzard House - Towering Estates","avians","Sketches\avians\buzzards\buzzard-house-towering-estates.html","https://ronenglish-archive.github.io/ron-english-sketches-and-drawings/Sketches/avians/buzzards/buzzard-house-towering-estates.html","3","3","https://ronenglish-archive.github.io/ron-english-sketches-and-drawings/images/Sketches/avians/buzzards/Buzzard%2520House%2520-%2520Towering%2520Estates%2520ORIGINAL.jpg","REVIEW","Some local image references were not found."
"Old bridge","Buzzards Logo","avians","Sketches\avians\buzzards\buzzards-logo.html","https://ronenglish-archive.github.io/ron-english-sketches-and-drawings/Sketches/avians/buzzards/buzzards-logo.html","3","3","https://ronenglish-archive.github.io/ron-english-sketches-and-drawings/images/Sketches/avians/buzzards/Buzzards%2520Logo%2520ORIGINAL.jpg","REVIEW","Some local image references were not found."
"Old bridge","Buzz Egg","avians","Sketches\avians\buzzards\buzz-egg.html","https://ronenglish-archive.github.io/ron-english-sketches-and-drawings/Sketches/avians/buzzards/buzz-egg.html","2","2","https://ronenglish-archive.github.io/ron-english-sketches-and-drawings/images/Sketches/avians/buzzards/Buzz%2520Egg%2520ORIGINAL.jpg","REVIEW","Some local image references were not found."
"Old bridge","Cluckzilla","avians","Sketches\avians\buzzards\cluckzilla.html","https://ronenglish-archive.github.io/ron-english-sketches-and-drawings/Sketches/avians/buzzards/cluckzilla.html","3","3","https://ronenglish-archive.github.io/ron-english-sketches-and-drawings/images/Sketches/avians/buzzards/Cluckzilla%2520ORIGINAL.jpg","REVIEW","Some local image references were not found."
"Old bridge","Delusionville Pilots - Buzzard","avians","Sketches\avians\buzzards\delusionville-pilots-buzzard.html","https://ronenglish-archive.github.io/ron-english-sketches-and-drawings/Sketches/avians/buzzards/delusionville-pilots-buzzard.html","5","5","https://ronenglish-archive.github.io/ron-english-sketches-and-drawings/images/Sketches/avians/buzzards/Delusionville%2520Pilots%2520-%2520Buzzard%2520side%2520view%2520ORIGINAL.jpg","REVIEW","Some local image references were not found."
"Old bridge","Grousegoose Huffyplume","avians","Sketches\avians\buzzards\grousegoose-huffyplume.html","https://ronenglish-archive.github.io/ron-english-sketches-and-drawings/Sketches/avians/buzzards/grousegoose-huffyplume.html","3","3","https://ronenglish-archive.github.io/ron-english-sketches-and-drawings/images/Sketches/avians/buzzards/Grousegoose%2520Huffyplume%2520ORIGINAL.jpg","REVIEW","Some local image references were not found."
"Old bridge","Hatch Buzzard","avians","Sketches\avians\buzzards\hatch-buzzard.html","https://ronenglish-archive.github.io/ron-english-sketches-and-drawings/Sketches/avians/buzzards/hatch-buzzard.html","3","3","https://ronenglish-archive.github.io/ron-english-sketches-and-drawings/images/Sketches/avians/buzzards/Hatch%2520buzzard%2520ORIGINAL.jpg","REVIEW","Some local image references were not found."
"Old bridge","Lightning Bird","avians","Sketches\avians\buzzards\lightning-bird.html","https://ronenglish-archive.github.io/ron-english-sketches-and-drawings/Sketches/avians/buzzards/lightning-bird.html","2","2","https://ronenglish-archive.github.io/ron-english-sketches-and-drawings/images/Sketches/avians/buzzards/lightning%2520bird%2520B%2526Wdigital.jpg","REVIEW","Some local image references were not found."
"Old bridge","Orange-Nosed Buttbrain","avians","Sketches\avians\buzzards\orange-nosed-buttbrain.html","https://ronenglish-archive.github.io/ron-english-sketches-and-drawings/Sketches/avians/buzzards/orange-nosed-buttbrain.html","3","3","https://ronenglish-archive.github.io/ron-english-sketches-and-drawings/images/Sketches/avians/buzzards/Orange-Nosed%2520Buttbrain%2520ORIGINAL.jpg","REVIEW","Some local image references were not found."
"Old bridge","Scrap Ard","avians","Sketches\avians\buzzards\scrap-ard.html","https://ronenglish-archive.github.io/ron-english-sketches-and-drawings/Sketches/avians/buzzards/scrap-ard.html","11","11","https://ronenglish-archive.github.io/ron-english-sketches-and-drawings/images/Sketches/avians/buzzards/Scrap%2520Ard%2520Flying%2520ORIGINAL.jpg","REVIEW","Some local image references were not found."
"Old bridge","Vull Ture","avians","Sketches\avians\buzzards\vull-ture.html","https://ronenglish-archive.github.io/ron-english-sketches-and-drawings/Sketches/avians/buzzards/vull-ture.html","6","6","https://ronenglish-archive.github.io/ron-english-sketches-and-drawings/images/Sketches/avians/buzzards/Vull%2520Ture%2520ORIGINAL.jpeg","REVIEW","Some local image references were not found."
"Old bridge","500-Pound Poultry","avians","Sketches\avians\chickens\500-pound-poultry.html","https://ronenglish-archive.github.io/ron-english-sketches-and-drawings/Sketches/avians/chickens/500-pound-poultry.html","20","20","https://ronenglish-archive.github.io/ron-english-sketches-and-drawings/images/Sketches/avians/chickens/500%2520Pound%2520Poultry%25202%2520ORIGINAL.jpg","REVIEW","Some local image references were not found."
"Old bridge","Alien Quack Crown","avians","Sketches\avians\ducks\alien-quack-crown.html","https://ronenglish-archive.github.io/ron-english-sketches-and-drawings/Sketches/avians/ducks/alien-quack-crown.html","2","2","https://ronenglish-archive.github.io/ron-english-sketches-and-drawings/images/Sketches/avians/ducks/Alien%20Quack%20Crown%20B%26amp%3BW.png","REVIEW","Some local image references were not found."
"Old bridge","Allie Quack","avians","Sketches\avians\ducks\allie-quack.html","https://ronenglish-archive.github.io/ron-english-sketches-and-drawings/Sketches/avians/ducks/allie-quack.html","3","3","https://ronenglish-archive.github.io/ron-english-sketches-and-drawings/images/Sketches/avians/ducks/Allie%20Quack%20COLOR.png","REVIEW","Some local image references were not found."
"Old bridge","Allie Quack Early Version","avians","Sketches\avians\ducks\allie-quack-early-version.html","https://ronenglish-archive.github.io/ron-english-sketches-and-drawings/Sketches/avians/ducks/allie-quack-early-version.html","3","3","https://ronenglish-archive.github.io/ron-english-sketches-and-drawings/images/Sketches/avians/ducks/Allie%20Quack%20early%20version%20ORIGINAL.jpg","REVIEW","Some local image references were not found."
"Old bridge","Allie Quack with Bowling Balls","avians","Sketches\avians\ducks\allie-quack-with-bowling-balls.html","https://ronenglish-archive.github.io/ron-english-sketches-and-drawings/Sketches/avians/ducks/allie-quack-with-bowling-balls.html","2","2","https://ronenglish-archive.github.io/ron-english-sketches-and-drawings/images/Sketches/avians/ducks/Allie%20Quack%20walking%20B%26amp%3BW.png","REVIEW","Some local image references were not found."
"Old bridge","Allie Quack","avians","Sketches\avians\ducks\backup-before-ducks-dynamic-v3-20260506-174814\allie-quack.html","https://ronenglish-archive.github.io/ron-english-sketches-and-drawings/Sketches/avians/ducks/backup-before-ducks-dynamic-v3-20260506-174814/allie-quack.html","2","2","https://ronenglish-archive.github.io/ron-english-sketches-and-drawings/Sketches/images/Sketches/avians/ducks/series%201%20%252311%20front%20-%20DUCKS%20-%20allie%20quack%20-%20common.png","REVIEW","Some local image references were not found."
"Old bridge","Bub Quack","avians","Sketches\avians\ducks\backup-before-ducks-dynamic-v3-20260506-174814\bub-quack.html","https://ronenglish-archive.github.io/ron-english-sketches-and-drawings/Sketches/avians/ducks/backup-before-ducks-dynamic-v3-20260506-174814/bub-quack.html","16","16","https://ronenglish-archive.github.io/ron-english-sketches-and-drawings/Sketches/images/Sketches/avians/ducks/Bub%20Quack%20sketch%201%20ORIGINAL.jpg","REVIEW","Some local image references were not found."
"Old bridge","Dr. Bub Quack","avians","Sketches\avians\ducks\backup-before-ducks-dynamic-v3-20260506-174814\dr-bub-quack.html","https://ronenglish-archive.github.io/ron-english-sketches-and-drawings/Sketches/avians/ducks/backup-before-ducks-dynamic-v3-20260506-174814/dr-bub-quack.html","18","18","https://ronenglish-archive.github.io/ron-english-sketches-and-drawings/Sketches/images/Sketches/avians/ducks/Dr%20Bub%20ORIGINAL.jpg","REVIEW","Some local image references were not found."
"Old bridge","Duck at War","avians","Sketches\avians\ducks\backup-before-ducks-dynamic-v3-20260506-174814\duck-at-war.html","https://ronenglish-archive.github.io/ron-english-sketches-and-drawings/Sketches/avians/ducks/backup-before-ducks-dynamic-v3-20260506-174814/duck-at-war.html","3","3","https://ronenglish-archive.github.io/ron-english-sketches-and-drawings/Sketches/images/Sketches/avians/ducks/Duck%20at%20War%20ORIGINAL%20COLOR.jpg","REVIEW","Some local image references were not found."
"Old bridge","Duck Boat","avians","Sketches\avians\ducks\backup-before-ducks-dynamic-v3-20260506-174814\duck-boat.html","https://ronenglish-archive.github.io/ron-english-sketches-and-drawings/Sketches/avians/ducks/backup-before-ducks-dynamic-v3-20260506-174814/duck-boat.html","8","8","https://ronenglish-archive.github.io/ron-english-sketches-and-drawings/Sketches/images/Sketches/avians/ducks/Duck%20boat%20back%20ORIGINAL.jpg","REVIEW","Some local image references were not found."
"Old bridge","Allie Quack","avians","Sketches\avians\ducks\backup-before-full-ducks-20260506-170006\allie-quack.html","https://ronenglish-archive.github.io/ron-english-sketches-and-drawings/Sketches/avians/ducks/backup-before-full-ducks-20260506-170006/allie-quack.html","2","2","https://ronenglish-archive.github.io/ron-english-sketches-and-drawings/Sketches/images/Sketches/avians/ducks/series%201%20%252311%20front%20-%20DUCKS%20-%20allie%20quack%20-%20common.png","REVIEW","Some local image references were not found."
"Old bridge","Bub Quack","avians","Sketches\avians\ducks\backup-before-full-ducks-20260506-170006\bub-quack.html","https://ronenglish-archive.github.io/ron-english-sketches-and-drawings/Sketches/avians/ducks/backup-before-full-ducks-20260506-170006/bub-quack.html","16","16","https://ronenglish-archive.github.io/ron-english-sketches-and-drawings/Sketches/images/Sketches/avians/ducks/Bub%20Quack%20sketch%201%20ORIGINAL.jpg","REVIEW","Some local image references were not found."
"Old bridge","Dr. Bub Quack","avians","Sketches\avians\ducks\backup-before-full-ducks-20260506-170006\dr-bub-quack.html","https://ronenglish-archive.github.io/ron-english-sketches-and-drawings/Sketches/avians/ducks/backup-before-full-ducks-20260506-170006/dr-bub-quack.html","18","18","https://ronenglish-archive.github.io/ron-english-sketches-and-drawings/Sketches/images/Sketches/avians/ducks/Dr%20Bub%20ORIGINAL.jpg","REVIEW","Some local image references were not found."
"Old bridge","Duck at War","avians","Sketches\avians\ducks\backup-before-full-ducks-20260506-170006\duck-at-war.html","https://ronenglish-archive.github.io/ron-english-sketches-and-drawings/Sketches/avians/ducks/backup-before-full-ducks-20260506-170006/duck-at-war.html","3","3","https://ronenglish-archive.github.io/ron-english-sketches-and-drawings/Sketches/images/Sketches/avians/ducks/Duck%20at%20War%20ORIGINAL%20COLOR.jpg","REVIEW","Some local image references were not found."
"Old bridge","Duck Boat","avians","Sketches\avians\ducks\backup-before-full-ducks-20260506-170006\duck-boat.html","https://ronenglish-archive.github.io/ron-english-sketches-and-drawings/Sketches/avians/ducks/backup-before-full-ducks-20260506-170006/duck-boat.html","8","8","https://ronenglish-archive.github.io/ron-english-sketches-and-drawings/Sketches/images/Sketches/avians/ducks/Duck%20boat%20back%20ORIGINAL.jpg","REVIEW","Some local image references were not found."
"Old bridge","Allie Quack","avians","Sketches\avians\ducks\backup-before-full-ducks-update-20260506-174346\allie-quack.html","https://ronenglish-archive.github.io/ron-english-sketches-and-drawings/Sketches/avians/ducks/backup-before-full-ducks-update-20260506-174346/allie-quack.html","2","2","https://ronenglish-archive.github.io/ron-english-sketches-and-drawings/Sketches/images/Sketches/avians/ducks/series%201%20%252311%20front%20-%20DUCKS%20-%20allie%20quack%20-%20common.png","REVIEW","Some local image references were not found."
"Old bridge","Bub Quack","avians","Sketches\avians\ducks\backup-before-full-ducks-update-20260506-174346\bub-quack.html","https://ronenglish-archive.github.io/ron-english-sketches-and-drawings/Sketches/avians/ducks/backup-before-full-ducks-update-20260506-174346/bub-quack.html","16","16","https://ronenglish-archive.github.io/ron-english-sketches-and-drawings/Sketches/images/Sketches/avians/ducks/Bub%20Quack%20sketch%201%20ORIGINAL.jpg","REVIEW","Some local image references were not found."
"Old bridge","Dr. Bub Quack","avians","Sketches\avians\ducks\backup-before-full-ducks-update-20260506-174346\dr-bub-quack.html","https://ronenglish-archive.github.io/ron-english-sketches-and-drawings/Sketches/avians/ducks/backup-before-full-ducks-update-20260506-174346/dr-bub-quack.html","18","18","https://ronenglish-archive.github.io/ron-english-sketches-and-drawings/Sketches/images/Sketches/avians/ducks/Dr%20Bub%20ORIGINAL.jpg","REVIEW","Some local image references were not found."
"Old bridge","Duck at War","avians","Sketches\avians\ducks\backup-before-full-ducks-update-20260506-174346\duck-at-war.html","https://ronenglish-archive.github.io/ron-english-sketches-and-drawings/Sketches/avians/ducks/backup-before-full-ducks-update-20260506-174346/duck-at-war.html","3","3","https://ronenglish-archive.github.io/ron-english-sketches-and-drawings/Sketches/images/Sketches/avians/ducks/Duck%20at%20War%20ORIGINAL%20COLOR.jpg","REVIEW","Some local image references were not found."
"Old bridge","Duck Boat","avians","Sketches\avians\ducks\backup-before-full-ducks-update-20260506-174346\duck-boat.html","https://ronenglish-archive.github.io/ron-english-sketches-and-drawings/Sketches/avians/ducks/backup-before-full-ducks-update-20260506-174346/duck-boat.html","8","8","https://ronenglish-archive.github.io/ron-english-sketches-and-drawings/Sketches/images/Sketches/avians/ducks/Duck%20boat%20back%20ORIGINAL.jpg","REVIEW","Some local image references were not found."
"Old bridge","Allie Quack","avians","Sketches\avians\ducks\backup-before-full-ducks-update-20260506-174531\allie-quack.html","https://ronenglish-archive.github.io/ron-english-sketches-and-drawings/Sketches/avians/ducks/backup-before-full-ducks-update-20260506-174531/allie-quack.html","2","2","https://ronenglish-archive.github.io/ron-english-sketches-and-drawings/Sketches/images/Sketches/avians/ducks/series%201%20%252311%20front%20-%20DUCKS%20-%20allie%20quack%20-%20common.png","REVIEW","Some local image references were not found."
"Old bridge","Bub Quack","avians","Sketches\avians\ducks\backup-before-full-ducks-update-20260506-174531\bub-quack.html","https://ronenglish-archive.github.io/ron-english-sketches-and-drawings/Sketches/avians/ducks/backup-before-full-ducks-update-20260506-174531/bub-quack.html","16","16","https://ronenglish-archive.github.io/ron-english-sketches-and-drawings/Sketches/images/Sketches/avians/ducks/Bub%20Quack%20sketch%201%20ORIGINAL.jpg","REVIEW","Some local image references were not found."
"Old bridge","Dr. Bub Quack","avians","Sketches\avians\ducks\backup-before-full-ducks-update-20260506-174531\dr-bub-quack.html","https://ronenglish-archive.github.io/ron-english-sketches-and-drawings/Sketches/avians/ducks/backup-before-full-ducks-update-20260506-174531/dr-bub-quack.html","18","18","https://ronenglish-archive.github.io/ron-english-sketches-and-drawings/Sketches/images/Sketches/avians/ducks/Dr%20Bub%20ORIGINAL.jpg","REVIEW","Some local image references were not found."
"Old bridge","Duck at War","avians","Sketches\avians\ducks\backup-before-full-ducks-update-20260506-174531\duck-at-war.html","https://ronenglish-archive.github.io/ron-english-sketches-and-drawings/Sketches/avians/ducks/backup-before-full-ducks-update-20260506-174531/duck-at-war.html","3","3","https://ronenglish-archive.github.io/ron-english-sketches-and-drawings/Sketches/images/Sketches/avians/ducks/Duck%20at%20War%20ORIGINAL%20COLOR.jpg","REVIEW","Some local image references were not found."
"Old bridge","Duck Boat","avians","Sketches\avians\ducks\backup-before-full-ducks-update-20260506-174531\duck-boat.html","https://ronenglish-archive.github.io/ron-english-sketches-and-drawings/Sketches/avians/ducks/backup-before-full-ducks-update-20260506-174531/duck-boat.html","8","8","https://ronenglish-archive.github.io/ron-english-sketches-and-drawings/Sketches/images/Sketches/avians/ducks/Duck%20boat%20back%20ORIGINAL.jpg","REVIEW","Some local image references were not found."
"Old bridge","Dr. Bub Quack","avians","Sketches\avians\ducks\dr-bub-quack.html","https://ronenglish-archive.github.io/ron-english-sketches-and-drawings/Sketches/avians/ducks/dr-bub-quack.html","43","43","https://ronenglish-archive.github.io/ron-english-sketches-and-drawings/images/Sketches/avians/ducks/Bub%20Quack%20and%20Friends%20ORIGINAL%20COLOR.jpg","REVIEW","Some local image references were not found."
"Old bridge","Dr. Bub Quack Early Version","avians","Sketches\avians\ducks\dr-bub-quack-early-version.html","https://ronenglish-archive.github.io/ron-english-sketches-and-drawings/Sketches/avians/ducks/dr-bub-quack-early-version.html","2","2","https://ronenglish-archive.github.io/ron-english-sketches-and-drawings/images/Sketches/avians/ducks/Dr%20Bub%20Quack%20early%20version%20B%26amp%3BW.png","REVIEW","Some local image references were not found."
"Old bridge","Duck at War","avians","Sketches\avians\ducks\duck-at-war.html","https://ronenglish-archive.github.io/ron-english-sketches-and-drawings/Sketches/avians/ducks/duck-at-war.html","3","3","https://ronenglish-archive.github.io/ron-english-sketches-and-drawings/images/Sketches/avians/ducks/Duck%20at%20War%20ORIGINAL%20COLOR.jpg","REVIEW","Some local image references were not found."
"Old bridge","Duck Boat","avians","Sketches\avians\ducks\duck-boat.html","https://ronenglish-archive.github.io/ron-english-sketches-and-drawings/Sketches/avians/ducks/duck-boat.html","8","8","https://ronenglish-archive.github.io/ron-english-sketches-and-drawings/images/Sketches/avians/ducks/Duck%20boat%20back%20ORIGINAL.jpg","REVIEW","Some local image references were not found."
"Old bridge","Duck Fetus","avians","Sketches\avians\ducks\duck-fetus.html","https://ronenglish-archive.github.io/ron-english-sketches-and-drawings/Sketches/avians/ducks/duck-fetus.html","3","3","https://ronenglish-archive.github.io/ron-english-sketches-and-drawings/images/Sketches/avians/ducks/Duck%20Fetus%20ORIGINAL.jpg","REVIEW","Some local image references were not found."
"Old bridge","Duck House - Riverview Estates","avians","Sketches\avians\ducks\duck-house-riverview-estates.html","https://ronenglish-archive.github.io/ron-english-sketches-and-drawings/Sketches/avians/ducks/duck-house-riverview-estates.html","3","3","https://ronenglish-archive.github.io/ron-english-sketches-and-drawings/images/Sketches/avians/ducks/Duck%20House%20-%20Riverview%20Estates%20ORIGINAL%20COLOR.jpg","REVIEW","Some local image references were not found."
"Old bridge","Eddie Six Quack","avians","Sketches\avians\ducks\eddie-six-quack.html","https://ronenglish-archive.github.io/ron-english-sketches-and-drawings/Sketches/avians/ducks/eddie-six-quack.html","5","5","https://ronenglish-archive.github.io/ron-english-sketches-and-drawings/images/Sketches/avians/ducks/Eddie%20%E2%80%9CSix%E2%80%9D%20Quack%20ORIGINAL.jpg","REVIEW","Some local image references were not found."
"Old bridge","Eddie Six Quack and Football","avians","Sketches\avians\ducks\eddie-six-quack-and-football.html","https://ronenglish-archive.github.io/ron-english-sketches-and-drawings/Sketches/avians/ducks/eddie-six-quack-and-football.html","2","2","https://ronenglish-archive.github.io/ron-english-sketches-and-drawings/images/Sketches/avians/ducks/Eddie%20Six%20Quack%20and%20Football%20B%26amp%3BW.png","REVIEW","Some local image references were not found."
"Old bridge","Eddie Six Quack Early Version","avians","Sketches\avians\ducks\eddie-six-quack-early-version.html","https://ronenglish-archive.github.io/ron-english-sketches-and-drawings/Sketches/avians/ducks/eddie-six-quack-early-version.html","3","3","https://ronenglish-archive.github.io/ron-english-sketches-and-drawings/images/Sketches/avians/ducks/Eddie%20Six%20Quack%20early%20version%20ORIGINAL.jpg","REVIEW","Some local image references were not found."
"Old bridge","Flying Duck","avians","Sketches\avians\ducks\flying-duck.html","https://ronenglish-archive.github.io/ron-english-sketches-and-drawings/Sketches/avians/ducks/flying-duck.html","3","3","https://ronenglish-archive.github.io/ron-english-sketches-and-drawings/images/Sketches/avians/ducks/Flying%20Duck%20ORIGINAL.jpg","REVIEW","Some local image references were not found."
"Old bridge","Football Duck","avians","Sketches\avians\ducks\football-duck.html","https://ronenglish-archive.github.io/ron-english-sketches-and-drawings/Sketches/avians/ducks/football-duck.html","3","3","https://ronenglish-archive.github.io/ron-english-sketches-and-drawings/images/Sketches/avians/ducks/Football%20Duck%20ORIGINAL.jpg","REVIEW","Some local image references were not found."
"Old bridge","Hatch Quack","avians","Sketches\avians\ducks\hatch-quack.html","https://ronenglish-archive.github.io/ron-english-sketches-and-drawings/Sketches/avians/ducks/hatch-quack.html","3","3","https://ronenglish-archive.github.io/ron-english-sketches-and-drawings/images/Sketches/avians/ducks/Hatch%20Quack%20ORIGINAL.jpg","REVIEW","Some local image references were not found."
"Old bridge","Jet Quack","avians","Sketches\avians\ducks\jet-quack.html","https://ronenglish-archive.github.io/ron-english-sketches-and-drawings/Sketches/avians/ducks/jet-quack.html","5","5","https://ronenglish-archive.github.io/ron-english-sketches-and-drawings/images/Sketches/avians/ducks/Jet%20Quack%20Quack%20ORIGINAL.jpg","REVIEW","Some local image references were not found."
"Old bridge","Jet Quack Early Version","avians","Sketches\avians\ducks\jet-quack-early-version.html","https://ronenglish-archive.github.io/ron-english-sketches-and-drawings/Sketches/avians/ducks/jet-quack-early-version.html","3","3","https://ronenglish-archive.github.io/ron-english-sketches-and-drawings/images/Sketches/avians/ducks/Jet%20Quack%20early%20version%20ORIGINAL.jpg","REVIEW","Some local image references were not found."
"Old bridge","Punk Duck","avians","Sketches\avians\ducks\punk-duck.html","https://ronenglish-archive.github.io/ron-english-sketches-and-drawings/Sketches/avians/ducks/punk-duck.html","9","9","https://ronenglish-archive.github.io/ron-english-sketches-and-drawings/images/Sketches/avians/ducks/Punk%20Duck%20back%20ORIGINAL.jpg","REVIEW","Some local image references were not found."
"Old bridge","Quack Egg","avians","Sketches\avians\ducks\quack-egg.html","https://ronenglish-archive.github.io/ron-english-sketches-and-drawings/Sketches/avians/ducks/quack-egg.html","2","2","https://ronenglish-archive.github.io/ron-english-sketches-and-drawings/images/Sketches/avians/ducks/Quack%20Egg%20ORIGINAL.jpg","REVIEW","Some local image references were not found."
"Old bridge","Quack Guernica","avians","Sketches\avians\ducks\quack-guernica.html","https://ronenglish-archive.github.io/ron-english-sketches-and-drawings/Sketches/avians/ducks/quack-guernica.html","4","4","https://ronenglish-archive.github.io/ron-english-sketches-and-drawings/images/Sketches/avians/ducks/Quack%20Guernica%201%20B%26amp%3BW.png","REVIEW","Some local image references were not found."
"Old bridge","Small Duck","avians","Sketches\avians\ducks\small-duck.html","https://ronenglish-archive.github.io/ron-english-sketches-and-drawings/Sketches/avians/ducks/small-duck.html","2","2","https://ronenglish-archive.github.io/ron-english-sketches-and-drawings/images/Sketches/avians/ducks/Small%20Duck%20B%26amp%3BW.jpg","REVIEW","Some local image references were not found."
"Old bridge","Eagle Head","avians","Sketches\avians\eagles\eagle-head.html","https://ronenglish-archive.github.io/ron-english-sketches-and-drawings/Sketches/avians/eagles/eagle-head.html","3","3","https://ronenglish-archive.github.io/ron-english-sketches-and-drawings/images/Sketches/avians/eagles/Eagle%20Head%20ORIGINAL.jpg","REVIEW","Some local image references were not found."
"Old bridge","Eagle Weed","avians","Sketches\avians\eagles\eagle-weed.html","https://ronenglish-archive.github.io/ron-english-sketches-and-drawings/Sketches/avians/eagles/eagle-weed.html","1","1","https://ronenglish-archive.github.io/ron-english-sketches-and-drawings/images/Sketches/avians/eagles/Eagle%20Weed%20COLOR%20digital.jpg","REVIEW","Some local image references were not found."
"Old bridge","Lightning Bird","avians","Sketches\avians\eagles\lightning-bird.html","https://ronenglish-archive.github.io/ron-english-sketches-and-drawings/Sketches/avians/eagles/lightning-bird.html","1","1","https://ronenglish-archive.github.io/ron-english-sketches-and-drawings/images/Sketches/avians/eagles/Lightning%20Bird%20COLOR%20digital.jpg","REVIEW","Some local image references were not found."
"Old bridge","Bird","avians","Sketches\avians\other birds\bird.html","https://ronenglish-archive.github.io/ron-english-sketches-and-drawings/Sketches/avians/other%20birds/bird.html","2","2","https://ronenglish-archive.github.io/ron-english-sketches-and-drawings/images/Sketches/avians/other%20birds/Bird%20ORIGINAL.jpeg","REVIEW","Some local image references were not found."
"Old bridge","Bird Beak","avians","Sketches\avians\other birds\bird-beak.html","https://ronenglish-archive.github.io/ron-english-sketches-and-drawings/Sketches/avians/other%20birds/bird-beak.html","2","2","https://ronenglish-archive.github.io/ron-english-sketches-and-drawings/images/Sketches/avians/other%20birds/Bird%20Beak%20B%26amp%3BW%20digital.png","REVIEW","Some local image references were not found."
"Old bridge","Staples Pigeon","avians","Sketches\avians\other birds\staples-pigeon.html","https://ronenglish-archive.github.io/ron-english-sketches-and-drawings/Sketches/avians/other%20birds/staples-pigeon.html","1","1","https://ronenglish-archive.github.io/ron-english-sketches-and-drawings/images/Sketches/avians/other%20birds/Staples%20Pigeon%20ORIGINAL.jpg","REVIEW","Some local image references were not found."
"Old bridge","Bear and Babe","bears","Sketches\bears\bear-and-babe.html","https://ronenglish-archive.github.io/ron-english-sketches-and-drawings/Sketches/bears/bear-and-babe.html","3","3","https://ronenglish-archive.github.io/ron-english-sketches-and-drawings/images/Sketches/bears/Bear%20and%20Babe%20ORIGINAL.jpg","REVIEW","Some local image references were not found."
"Old bridge","Bear Family Icon","bears","Sketches\bears\bear-family-icon.html","https://ronenglish-archive.github.io/ron-english-sketches-and-drawings/Sketches/bears/bear-family-icon.html","1","1","https://ronenglish-archive.github.io/ron-english-sketches-and-drawings/images/Sketches/bears/Bear%20Family%20Icon%20COLOR.jpg","REVIEW","Some local image references were not found."
"Old bridge","Bear Portrait","bears","Sketches\bears\bear-portrait.html","https://ronenglish-archive.github.io/ron-english-sketches-and-drawings/Sketches/bears/bear-portrait.html","1","1","https://ronenglish-archive.github.io/ron-english-sketches-and-drawings/images/Sketches/bears/Bear%20Portrait%20ORIGINAL.jpg","REVIEW","Some local image references were not found."
"Old bridge","Beer Bear","bears","Sketches\bears\beer-bear.html","https://ronenglish-archive.github.io/ron-english-sketches-and-drawings/Sketches/bears/beer-bear.html","2","2","https://ronenglish-archive.github.io/ron-english-sketches-and-drawings/images/Sketches/bears/Beer%20Bear%20B%26W%20digital.jpg","REVIEW","Some local image references were not found."
"Old bridge","Blue Bear","bears","Sketches\bears\blue-bear.html","https://ronenglish-archive.github.io/ron-english-sketches-and-drawings/Sketches/bears/blue-bear.html","3","3","https://ronenglish-archive.github.io/ron-english-sketches-and-drawings/images/Sketches/bears/Blue%20Bear%20ORIGINAL.jpg","REVIEW","Some local image references were not found."
"Old bridge","Li'l Bear","bears","Sketches\bears\lil-bear.html","https://ronenglish-archive.github.io/ron-english-sketches-and-drawings/Sketches/bears/lil-bear.html","2","2","https://ronenglish-archive.github.io/ron-english-sketches-and-drawings/images/Sketches/bears/Li","REVIEW","Some local image references were not found."
"Old bridge","My Thoughts Escape Me","bears","Sketches\bears\my-thoughts-escape-me.html","https://ronenglish-archive.github.io/ron-english-sketches-and-drawings/Sketches/bears/my-thoughts-escape-me.html","3","3","https://ronenglish-archive.github.io/ron-english-sketches-and-drawings/images/Sketches/bears/My%20Thoughts%20Escape%20Me%20ORIGINAL.jpg","REVIEW","Some local image references were not found."
"Old bridge","Papa Panda","bears","Sketches\bears\papa-panda.html","https://ronenglish-archive.github.io/ron-english-sketches-and-drawings/Sketches/bears/papa-panda.html","6","6","https://ronenglish-archive.github.io/ron-english-sketches-and-drawings/images/Sketches/bears/Papa%20Panda%20B%26W%20digital.jpg","REVIEW","Some local image references were not found."
"Old bridge","Red Bear","bears","Sketches\bears\red-bear.html","https://ronenglish-archive.github.io/ron-english-sketches-and-drawings/Sketches/bears/red-bear.html","3","3","https://ronenglish-archive.github.io/ron-english-sketches-and-drawings/images/Sketches/bears/Red%20Bear%20ORIGINAL.jpg","REVIEW","Some local image references were not found."
"Old bridge","White Bear","bears","Sketches\bears\white-bear.html","https://ronenglish-archive.github.io/ron-english-sketches-and-drawings/Sketches/bears/white-bear.html","3","3","https://ronenglish-archive.github.io/ron-english-sketches-and-drawings/images/Sketches/bears/White%20Bear%20ORIGINAL.jpg","REVIEW","Some local image references were not found."
"Old bridge","Bigfoot Family Icon","bigfoot","Sketches\bigfoot\bigfoot-family-icon.html","https://ronenglish-archive.github.io/ron-english-sketches-and-drawings/Sketches/bigfoot/bigfoot-family-icon.html","1","1","https://ronenglish-archive.github.io/ron-english-sketches-and-drawings/images/Sketches/bigfoot/Bigfoot%2520Family%2520Icon%2520COLOR.jpg","REVIEW","Some local image references were not found."
"Old bridge","Bigfoot Feet","bigfoot","Sketches\bigfoot\bigfoot-feet.html","https://ronenglish-archive.github.io/ron-english-sketches-and-drawings/Sketches/bigfoot/bigfoot-feet.html","2","2","https://ronenglish-archive.github.io/ron-english-sketches-and-drawings/images/Sketches/bigfoot/Bigfoot%2520feet%2520ORIGINAL.jpg","REVIEW","Some local image references were not found."
"Old bridge","Bigfoot Living Room","bigfoot","Sketches\bigfoot\bigfoot-living-room.html","https://ronenglish-archive.github.io/ron-english-sketches-and-drawings/Sketches/bigfoot/bigfoot-living-room.html","4","4","https://ronenglish-archive.github.io/ron-english-sketches-and-drawings/images/Sketches/bigfoot/Bigfoot%2520Living%2520Room%25201%2520ORIGINAL.jpg","REVIEW","Some local image references were not found."
"Old bridge","Bigfoot Messiah","bigfoot","Sketches\bigfoot\bigfoot-messiah.html","https://ronenglish-archive.github.io/ron-english-sketches-and-drawings/Sketches/bigfoot/bigfoot-messiah.html","3","3","https://ronenglish-archive.github.io/ron-english-sketches-and-drawings/images/Sketches/bigfoot/Bigfoot%2520Messiah%2520ORIGINAL.jpg","REVIEW","Some local image references were not found."
"Old bridge","Bigfoot Toddler","bigfoot","Sketches\bigfoot\bigfoot-toddler.html","https://ronenglish-archive.github.io/ron-english-sketches-and-drawings/Sketches/bigfoot/bigfoot-toddler.html","2","2","https://ronenglish-archive.github.io/ron-english-sketches-and-drawings/images/Sketches/bigfoot/Bigfoot%2520Toddler%2520B%26amp%3BW.jpg","REVIEW","Some local image references were not found."
"Old bridge","Bigfoot Tourist","bigfoot","Sketches\bigfoot\bigfoot-tourist.html","https://ronenglish-archive.github.io/ron-english-sketches-and-drawings/Sketches/bigfoot/bigfoot-tourist.html","4","4","https://ronenglish-archive.github.io/ron-english-sketches-and-drawings/images/Sketches/bigfoot/Bigfoot%2520Tourist%2520ORIGINAL.jpg","REVIEW","Some local image references were not found."
"Old bridge","Fake Father Bigfoot","bigfoot","Sketches\bigfoot\fake-father-bigfoot.html","https://ronenglish-archive.github.io/ron-english-sketches-and-drawings/Sketches/bigfoot/fake-father-bigfoot.html","6","6","https://ronenglish-archive.github.io/ron-english-sketches-and-drawings/images/Sketches/bigfoot/Fake%2520Father%2520Bigfoot%2520ORIGINAL.jpg","REVIEW","Some local image references were not found."
"Old bridge","Lady Bigfoot","bigfoot","Sketches\bigfoot\lady-bigfoot.html","https://ronenglish-archive.github.io/ron-english-sketches-and-drawings/Sketches/bigfoot/lady-bigfoot.html","3","3","https://ronenglish-archive.github.io/ron-english-sketches-and-drawings/images/Sketches/bigfoot/Lady%2520Bigfoot%2520ORIGINAL.jpg","REVIEW","Some local image references were not found."
"Old bridge","Li'l Bigfoot","bigfoot","Sketches\bigfoot\lil-bigfoot.html","https://ronenglish-archive.github.io/ron-english-sketches-and-drawings/Sketches/bigfoot/lil-bigfoot.html","6","6","https://ronenglish-archive.github.io/ron-english-sketches-and-drawings/images/Sketches/bigfoot/Li%26%2339%3Bl%2520Bigfoot%2520ORIGINAL.jpg","REVIEW","Some local image references were not found."
"Old bridge","Li'l Bigfoot with Beard","bigfoot","Sketches\bigfoot\lil-bigfoot-with-beard.html","https://ronenglish-archive.github.io/ron-english-sketches-and-drawings/Sketches/bigfoot/lil-bigfoot-with-beard.html","14","14","https://ronenglish-archive.github.io/ron-english-sketches-and-drawings/images/Sketches/bigfoot/Li%26%2339%3Bl%2520Bigfoot%2520with%2520beard%2520front%2520ORIGINAL.jpg","REVIEW","Some local image references were not found."
"Old bridge","Little Bigfoot","bigfoot","Sketches\bigfoot\little-bigfoot.html","https://ronenglish-archive.github.io/ron-english-sketches-and-drawings/Sketches/bigfoot/little-bigfoot.html","3","3","https://ronenglish-archive.github.io/ron-english-sketches-and-drawings/images/Sketches/bigfoot/Little%2520Bigfoot%2520ORIGINAL.jpg","REVIEW","Some local image references were not found."
"Old bridge","Midget Bigfoot","bigfoot","Sketches\bigfoot\midget-bigfoot.html","https://ronenglish-archive.github.io/ron-english-sketches-and-drawings/Sketches/bigfoot/midget-bigfoot.html","6","6","https://ronenglish-archive.github.io/ron-english-sketches-and-drawings/images/Sketches/bigfoot/Midget%2520Bigfoot%2520ORIGINAL.jpg","REVIEW","Some local image references were not found."
"Old bridge","Myth Mother Bigfoot","bigfoot","Sketches\bigfoot\myth-mother-bigfoot.html","https://ronenglish-archive.github.io/ron-english-sketches-and-drawings/Sketches/bigfoot/myth-mother-bigfoot.html","5","5","https://ronenglish-archive.github.io/ron-english-sketches-and-drawings/images/Sketches/bigfoot/Myth%2520Mother%2520Bigfoot%2520B%26amp%3BW.jpg","REVIEW","Some local image references were not found."
"Old bridge","New Urban Bigfoot","bigfoot","Sketches\bigfoot\new-urban-bigfoot.html","https://ronenglish-archive.github.io/ron-english-sketches-and-drawings/Sketches/bigfoot/new-urban-bigfoot.html","4","4","https://ronenglish-archive.github.io/ron-english-sketches-and-drawings/images/Sketches/bigfoot/New%2520Urban%2520Bigfoot%2520ORIGINAL.jpg","REVIEW","Some local image references were not found."
"Old bridge","Urban Bigfoot","bigfoot","Sketches\bigfoot\urban-bigfoot.html","https://ronenglish-archive.github.io/ron-english-sketches-and-drawings/Sketches/bigfoot/urban-bigfoot.html","14","14","https://ronenglish-archive.github.io/ron-english-sketches-and-drawings/images/Sketches/bigfoot/Urban%2520Bigfoot%25201%2520front%2520ORIGINAL.jpg","REVIEW","Some local image references were not found."
"Old bridge","Urban Bigfoot with Hoodie","bigfoot","Sketches\bigfoot\urban-bigfoot-with-hoodie.html","https://ronenglish-archive.github.io/ron-english-sketches-and-drawings/Sketches/bigfoot/urban-bigfoot-with-hoodie.html","2","2","https://ronenglish-archive.github.io/ron-english-sketches-and-drawings/images/Sketches/bigfoot/Urban%2520Bigfoot%2520with%2520Hoodie%2520front.jpg","REVIEW","Some local image references were not found."
"Old bridge","Washington Bigfoot","bigfoot","Sketches\bigfoot\washington-bigfoot.html","https://ronenglish-archive.github.io/ron-english-sketches-and-drawings/Sketches/bigfoot/washington-bigfoot.html","2","2","https://ronenglish-archive.github.io/ron-english-sketches-and-drawings/images/Sketches/bigfoot/Washington%2520Bigfoot%2520ORIGINAL.jpg","REVIEW","Some local image references were not found."
"Old bridge","Alien Baby Grin","grins","Sketches\grins\alien-baby-grin.html","https://ronenglish-archive.github.io/ron-english-sketches-and-drawings/Sketches/grins/alien-baby-grin.html","3","3","https://ronenglish-archive.github.io/ron-english-sketches-and-drawings/images/Sketches/grins/Alien%2520Baby%2520Grin%2520colorway%25201.jpg","REVIEW","Some local image references were not found."
"Old bridge","Alien Grin","grins","Sketches\grins\alien-grin.html","https://ronenglish-archive.github.io/ron-english-sketches-and-drawings/Sketches/grins/alien-grin.html","1","1","https://ronenglish-archive.github.io/ron-english-sketches-and-drawings/images/Sketches/grins/Alien%2520Grin%2520COLOR.png","REVIEW","Some local image references were not found."
"Old bridge","Angel Grin","grins","Sketches\grins\angel-grin.html","https://ronenglish-archive.github.io/ron-english-sketches-and-drawings/Sketches/grins/angel-grin.html","3","3","https://ronenglish-archive.github.io/ron-english-sketches-and-drawings/images/Sketches/grins/Angel%2520Grin%2520B%26amp%3BW.jpg","REVIEW","Some local image references were not found."
"Old bridge","Angel Wings Grin","grins","Sketches\grins\angel-wings-grin.html","https://ronenglish-archive.github.io/ron-english-sketches-and-drawings/Sketches/grins/angel-wings-grin.html","54","54","https://ronenglish-archive.github.io/ron-english-sketches-and-drawings/images/Sketches/grins/Carousel%2520Grinnie%2520front%2520ORIGINAL.jpg","REVIEW","Some local image references were not found."
"Old bridge","Artist Grin","grins","Sketches\grins\artist-grin.html","https://ronenglish-archive.github.io/ron-english-sketches-and-drawings/Sketches/grins/artist-grin.html","4","4","https://ronenglish-archive.github.io/ron-english-sketches-and-drawings/images/Sketches/grins/Artist%2520Grin%2520B%26amp%3BW.jpg","REVIEW","Some local image references were not found."
"Old bridge","Astro Boy Grin","grins","Sketches\grins\astro-boy-grin.html","https://ronenglish-archive.github.io/ron-english-sketches-and-drawings/Sketches/grins/astro-boy-grin.html","2","2","https://ronenglish-archive.github.io/ron-english-sketches-and-drawings/images/Sketches/grins/Astro%2520Boy%2520Grin%2520COLOR.jpg","REVIEW","Some local image references were not found."
"Old bridge","Astrogrin","grins","Sketches\grins\astrogrin.html","https://ronenglish-archive.github.io/ron-english-sketches-and-drawings/Sketches/grins/astrogrin.html","3","3","https://ronenglish-archive.github.io/ron-english-sketches-and-drawings/images/Sketches/grins/Astrogrin%2520ORIGINAL.jpg","REVIEW","Some local image references were not found."
"Old bridge","Babalouie Grin","grins","Sketches\grins\babalouie-grin.html","https://ronenglish-archive.github.io/ron-english-sketches-and-drawings/Sketches/grins/babalouie-grin.html","3","3","https://ronenglish-archive.github.io/ron-english-sketches-and-drawings/images/Sketches/grins/Babalouie%2520Grin%2520ORIGINAL.jpg","REVIEW","Some local image references were not found."
"Old bridge","Baby Grin","grins","Sketches\grins\baby-grin.html","https://ronenglish-archive.github.io/ron-english-sketches-and-drawings/Sketches/grins/baby-grin.html","4","4","https://ronenglish-archive.github.io/ron-english-sketches-and-drawings/images/Sketches/grins/Baby%2520Grin%2520ORIGINAL%25202.jpg","REVIEW","Some local image references were not found."
"Old bridge","Baby Grin 2","grins","Sketches\grins\baby-grin-2.html","https://ronenglish-archive.github.io/ron-english-sketches-and-drawings/Sketches/grins/baby-grin-2.html","4","4","https://ronenglish-archive.github.io/ron-english-sketches-and-drawings/images/Sketches/grins/Baby%2520Grin%25202%2520ORIGINAL.jpg","REVIEW","Some local image references were not found."
"Old bridge","Badly Drawn Batman Grin","grins","Sketches\grins\badly-drawn-batman-grin.html","https://ronenglish-archive.github.io/ron-english-sketches-and-drawings/Sketches/grins/badly-drawn-batman-grin.html","1","1","https://ronenglish-archive.github.io/ron-english-sketches-and-drawings/images/Sketches/grins/Badly%2520Drawn%2520Batman%2520Grin%2520ORIGINAL%2520COLOR.jpg","REVIEW","Some local image references were not found."
"Old bridge","Barney Grin","grins","Sketches\grins\barney-grin.html","https://ronenglish-archive.github.io/ron-english-sketches-and-drawings/Sketches/grins/barney-grin.html","22","22","https://ronenglish-archive.github.io/ron-english-sketches-and-drawings/images/Sketches/grins/Barney%2520Grin%2520front%25201%2520ORIGINAL.jpg","REVIEW","Some local image references were not found."
"Old bridge","Bart Grin","grins","Sketches\grins\bart-grin.html","https://ronenglish-archive.github.io/ron-english-sketches-and-drawings/Sketches/grins/bart-grin.html","14","14","https://ronenglish-archive.github.io/ron-english-sketches-and-drawings/images/Sketches/grins/Bart%2520Grin%2520Chubby%2520front%2520ORIGINAL.jpg","REVIEW","Some local image references were not found."
"Old bridge","Bartman Grin","grins","Sketches\grins\bartman-grin.html","https://ronenglish-archive.github.io/ron-english-sketches-and-drawings/Sketches/grins/bartman-grin.html","3","3","https://ronenglish-archive.github.io/ron-english-sketches-and-drawings/images/Sketches/grins/Bartman%2520Grin%2520flying%2520B%2526W.jpg","REVIEW","Some local image references were not found."
"Old bridge","Baseball Grin","grins","Sketches\grins\baseball-grin.html","https://ronenglish-archive.github.io/ron-english-sketches-and-drawings/Sketches/grins/baseball-grin.html","6","6","https://ronenglish-archive.github.io/ron-english-sketches-and-drawings/images/Sketches/grins/Baseball%2520Grin%2520ORIGINAL.jpg","REVIEW","Some local image references were not found."
"Old bridge","Basketball Bulldog Grin","grins","Sketches\grins\basketball-bulldog-grin.html","https://ronenglish-archive.github.io/ron-english-sketches-and-drawings/Sketches/grins/basketball-bulldog-grin.html","2","2","https://ronenglish-archive.github.io/ron-english-sketches-and-drawings/images/Sketches/grins/Basketball%2520Bulldog%2520Grin%2520B%26amp%3BW.jpg","REVIEW","Some local image references were not found."
"Old bridge","Basketball Grin","grins","Sketches\grins\basketball-grin.html","https://ronenglish-archive.github.io/ron-english-sketches-and-drawings/Sketches/grins/basketball-grin.html","16","16","https://ronenglish-archive.github.io/ron-english-sketches-and-drawings/images/Sketches/grins/Basketball%2520Grin%2520back%2520ORIGINAL.jpg","REVIEW","Some local image references were not found."
"Old bridge","Bat Grin","grins","Sketches\grins\bat-grin.html","https://ronenglish-archive.github.io/ron-english-sketches-and-drawings/Sketches/grins/bat-grin.html","6","6","https://ronenglish-archive.github.io/ron-english-sketches-and-drawings/images/Sketches/grins/Bat%2520Grin%2520front%2520ORIGINAL.jpg","REVIEW","Some local image references were not found."
"Old bridge","Bat Grin version 2","grins","Sketches\grins\bat-grin-version-2.html","https://ronenglish-archive.github.io/ron-english-sketches-and-drawings/Sketches/grins/bat-grin-version-2.html","6","6","https://ronenglish-archive.github.io/ron-english-sketches-and-drawings/images/Sketches/grins/Bat%2520Grin%2520version%25202%2520front%2520ORIGINAL.jpg","REVIEW","Some local image references were not found."
"Old bridge","Batman Grin","grins","Sketches\grins\batman-grin.html","https://ronenglish-archive.github.io/ron-english-sketches-and-drawings/Sketches/grins/batman-grin.html","7","7","https://ronenglish-archive.github.io/ron-english-sketches-and-drawings/images/Sketches/grins/Batman%2520Grin%2520ORIGINAL%25202.jpg","REVIEW","Some local image references were not found."
"Old bridge","Batman Grin and Robin 2","grins","Sketches\grins\batman-grin-and-robin-2.html","https://ronenglish-archive.github.io/ron-english-sketches-and-drawings/Sketches/grins/batman-grin-and-robin-2.html","1","1","https://ronenglish-archive.github.io/ron-english-sketches-and-drawings/images/Sketches/grins/Batman%2520Grin%2520and%2520Robin%25202%2520ORIGINAL.jpg","REVIEW","Some local image references were not found."
"Old bridge","Batman Grin Icon","grins","Sketches\grins\batman-grin-icon.html","https://ronenglish-archive.github.io/ron-english-sketches-and-drawings/Sketches/grins/batman-grin-icon.html","2","2","https://ronenglish-archive.github.io/ron-english-sketches-and-drawings/images/Sketches/grins/Batman%2520Grin%2520Icon%2520B%26amp%3BW.jpg","REVIEW","Some local image references were not found."
"Old bridge","Batman Grin Torso","grins","Sketches\grins\batman-grin-torso.html","https://ronenglish-archive.github.io/ron-english-sketches-and-drawings/Sketches/grins/batman-grin-torso.html","4","4","https://ronenglish-archive.github.io/ron-english-sketches-and-drawings/images/Sketches/grins/Batman%2520Grin%2520three%2520quarters%2520COLOR%25201.png","REVIEW","Some local image references were not found."
"Old bridge","Battle Skull Grin","grins","Sketches\grins\battle-skull-grin.html","https://ronenglish-archive.github.io/ron-english-sketches-and-drawings/Sketches/grins/battle-skull-grin.html","4","4","https://ronenglish-archive.github.io/ron-english-sketches-and-drawings/images/Sketches/grins/Battle%2520Skull%2520Grin%2520ORIGINAL.jpg","REVIEW","Some local image references were not found."
"Old bridge","Bearbrick Skull","grins","Sketches\grins\bearbrick-skull.html","https://ronenglish-archive.github.io/ron-english-sketches-and-drawings/Sketches/grins/bearbrick-skull.html","3","3","https://ronenglish-archive.github.io/ron-english-sketches-and-drawings/images/Sketches/grins/Bearbrick%2520Skull%2520ORIGINAL.jpg","REVIEW","Some local image references were not found."
"Old bridge","Bear Grin Forked Tongue","grins","Sketches\grins\bear-grin-forked-tongue.html","https://ronenglish-archive.github.io/ron-english-sketches-and-drawings/Sketches/grins/bear-grin-forked-tongue.html","5","5","https://ronenglish-archive.github.io/ron-english-sketches-and-drawings/images/Sketches/grins/Bear%2520Grin%2520Forked%2520Tongue%2520ORIGINAL.jpg","REVIEW","Some local image references were not found."
"Old bridge","Beast Man Grin","grins","Sketches\grins\beast-man-grin.html","https://ronenglish-archive.github.io/ron-english-sketches-and-drawings/Sketches/grins/beast-man-grin.html","3","3","https://ronenglish-archive.github.io/ron-english-sketches-and-drawings/images/Sketches/grins/Beast%2520Man%2520Grin%2520ORIGINAL.jpg","REVIEW","Some local image references were not found."
"Old bridge","Bert Grin","grins","Sketches\grins\bert-grin.html","https://ronenglish-archive.github.io/ron-english-sketches-and-drawings/Sketches/grins/bert-grin.html","4","4","https://ronenglish-archive.github.io/ron-english-sketches-and-drawings/images/Sketches/grins/Bert%2520Grin%2520ORIGINAL.jpg","REVIEW","Some local image references were not found."
"Old bridge","Big Boy Grin","grins","Sketches\grins\big-boy-grin.html","https://ronenglish-archive.github.io/ron-english-sketches-and-drawings/Sketches/grins/big-boy-grin.html","3","3","https://ronenglish-archive.github.io/ron-english-sketches-and-drawings/images/Sketches/grins/Big%2520Boy%2520Grin%2520ORIGINAL.jpg","REVIEW","Some local image references were not found."
"Old bridge","Biggie Grin","grins","Sketches\grins\biggie-grin.html","https://ronenglish-archive.github.io/ron-english-sketches-and-drawings/Sketches/grins/biggie-grin.html","3","3","https://ronenglish-archive.github.io/ron-english-sketches-and-drawings/images/Sketches/grins/Biggie%2520Grin%2520ORIGINAL%2520COLOR.png","REVIEW","Some local image references were not found."
"Old bridge","Blanka Grin","grins","Sketches\grins\blanka-grin.html","https://ronenglish-archive.github.io/ron-english-sketches-and-drawings/Sketches/grins/blanka-grin.html","1","1","https://ronenglish-archive.github.io/ron-english-sketches-and-drawings/images/Sketches/grins/Blanka%2520Grin%2520ORIGINAL.jpg","REVIEW","Some local image references were not found."
"Old bridge","Blotchy Grin","grins","Sketches\grins\blotchy-grin.html","https://ronenglish-archive.github.io/ron-english-sketches-and-drawings/Sketches/grins/blotchy-grin.html","2","2","https://ronenglish-archive.github.io/ron-english-sketches-and-drawings/images/Sketches/grins/Blotchy%2520Grin%2520ORIGINAL.jpg","REVIEW","Some local image references were not found."
"Old bridge","Blue From Blue’s Clues Grin","grins","Sketches\grins\blue-from-blue-s-clues-grin.html","https://ronenglish-archive.github.io/ron-english-sketches-and-drawings/Sketches/grins/blue-from-blue-s-clues-grin.html","3","3","https://ronenglish-archive.github.io/ron-english-sketches-and-drawings/images/Sketches/grins/Blue%2520From%2520Blue%25E2%2580%2599s%2520Clues%2520Grin%2520ORIGINAL.jpg","REVIEW","Some local image references were not found."
"Old bridge","Boba Fett Grin","grins","Sketches\grins\boba-fett-grin.html","https://ronenglish-archive.github.io/ron-english-sketches-and-drawings/Sketches/grins/boba-fett-grin.html","12","12","https://ronenglish-archive.github.io/ron-english-sketches-and-drawings/images/Sketches/grins/Boba%2520Fett%2520Grin%2520front%2520ORIGINAL.jpg","REVIEW","Some local image references were not found."
"Old bridge","Boo Boo Bear Grin","grins","Sketches\grins\boo-boo-bear-grin.html","https://ronenglish-archive.github.io/ron-english-sketches-and-drawings/Sketches/grins/boo-boo-bear-grin.html","3","3","https://ronenglish-archive.github.io/ron-english-sketches-and-drawings/images/Sketches/grins/Boo%2520Boo%2520Bear%2520Grin%2520ORIGINAL.jpg","REVIEW","Some local image references were not found."
"Old bridge","Bored Ape Grin","grins","Sketches\grins\bored-ape-grin.html","https://ronenglish-archive.github.io/ron-english-sketches-and-drawings/Sketches/grins/bored-ape-grin.html","1","1","https://ronenglish-archive.github.io/ron-english-sketches-and-drawings/images/Sketches/grins/Bored%2520Ape%2520Cowboy%2520Grin%2520COLOR.jpg","REVIEW","Some local image references were not found."
"Old bridge","B-Rex Grin","grins","Sketches\grins\b-rex-grin.html","https://ronenglish-archive.github.io/ron-english-sketches-and-drawings/Sketches/grins/b-rex-grin.html","7","7","https://ronenglish-archive.github.io/ron-english-sketches-and-drawings/images/Sketches/grins/B-Rex%2520Grin%2520front%2520ORIGINAL.jpg","REVIEW","Some local image references were not found."
"Old bridge","Bugs Grin","grins","Sketches\grins\bugs-grin.html","https://ronenglish-archive.github.io/ron-english-sketches-and-drawings/Sketches/grins/bugs-grin.html","3","3","https://ronenglish-archive.github.io/ron-english-sketches-and-drawings/images/Sketches/grins/Bugs%2520Grin%2520ORIGINAL.jpg","REVIEW","Some local image references were not found."
"Old bridge","Bulldog Grin","grins","Sketches\grins\bulldog-grin.html","https://ronenglish-archive.github.io/ron-english-sketches-and-drawings/Sketches/grins/bulldog-grin.html","2","2","https://ronenglish-archive.github.io/ron-english-sketches-and-drawings/images/Sketches/grins/Bulldog%2520Grin%2520B%26amp%3BW.jpg","REVIEW","Some local image references were not found."
"Old bridge","Businessman Grin","grins","Sketches\grins\businessman-grin.html","https://ronenglish-archive.github.io/ron-english-sketches-and-drawings/Sketches/grins/businessman-grin.html","12","12","https://ronenglish-archive.github.io/ron-english-sketches-and-drawings/images/Sketches/grins/Businessman%2520grin%2520back%2520ORIGINAL.jpg","REVIEW","Some local image references were not found."
"Old bridge","Butterfly Wings Grin","grins","Sketches\grins\butterfly-wings-grin.html","https://ronenglish-archive.github.io/ron-english-sketches-and-drawings/Sketches/grins/butterfly-wings-grin.html","2","2","https://ronenglish-archive.github.io/ron-english-sketches-and-drawings/images/Sketches/grins/Butterfly%2520Wings%2520Grin%25201.png","REVIEW","Some local image references were not found."
"Old bridge","C3PO Grin","grins","Sketches\grins\c3po-grin.html","https://ronenglish-archive.github.io/ron-english-sketches-and-drawings/Sketches/grins/c3po-grin.html","2","2","https://ronenglish-archive.github.io/ron-english-sketches-and-drawings/images/Sketches/grins/C3PO%2520Grin%2520B%26amp%3BW.jpg","REVIEW","Some local image references were not found."
"Old bridge","Cafeteria Lady Grin","grins","Sketches\grins\cafeteria-lady-grin.html","https://ronenglish-archive.github.io/ron-english-sketches-and-drawings/Sketches/grins/cafeteria-lady-grin.html","3","3","https://ronenglish-archive.github.io/ron-english-sketches-and-drawings/images/Sketches/grins/Cafeteria%2520Lady%2520Grin%2520ORIGINAL.jpg","REVIEW","Some local image references were not found."
"Old bridge","Cap’n Cornstarch Grin","grins","Sketches\grins\cap-n-cornstarch-grin.html","https://ronenglish-archive.github.io/ron-english-sketches-and-drawings/Sketches/grins/cap-n-cornstarch-grin.html","3","3","https://ronenglish-archive.github.io/ron-english-sketches-and-drawings/images/Sketches/grins/Cap%25E2%2580%2599n%2520Cornstarch%2520Grin%2520ORIGINAL.jpg","REVIEW","Some local image references were not found."
"Old bridge","Carmelo Grin","grins","Sketches\grins\carmelo-grin.html","https://ronenglish-archive.github.io/ron-english-sketches-and-drawings/Sketches/grins/carmelo-grin.html","3","3","https://ronenglish-archive.github.io/ron-english-sketches-and-drawings/images/Sketches/grins/Carmelo%2520Grin%2520ORIGINAL.jpg","REVIEW","Some local image references were not found."
"Old bridge","Cartman Grin","grins","Sketches\grins\cartman-grin.html","https://ronenglish-archive.github.io/ron-english-sketches-and-drawings/Sketches/grins/cartman-grin.html","8","8","https://ronenglish-archive.github.io/ron-english-sketches-and-drawings/images/Sketches/grins/Cartman%2520Grin%2520ORIGINAL.jpg","REVIEW","Some local image references were not found."
"Old bridge","Catbrain Grin","grins","Sketches\grins\catbrain-grin.html","https://ronenglish-archive.github.io/ron-english-sketches-and-drawings/Sketches/grins/catbrain-grin.html","1","1","https://ronenglish-archive.github.io/ron-english-sketches-and-drawings/images/Sketches/grins/Catbrain%2520Grin%2520ORIGINAL.jpg","REVIEW","Some local image references were not found."
"Old bridge","Cat Grin","grins","Sketches\grins\cat-grin.html","https://ronenglish-archive.github.io/ron-english-sketches-and-drawings/Sketches/grins/cat-grin.html","8","8","https://ronenglish-archive.github.io/ron-english-sketches-and-drawings/images/Sketches/grins/Cat%2520Grin%25202%2520ORIGINAL%25202.jpg","REVIEW","Some local image references were not found."
"Old bridge","Cat in Hat Grin","grins","Sketches\grins\cat-in-hat-grin.html","https://ronenglish-archive.github.io/ron-english-sketches-and-drawings/Sketches/grins/cat-in-hat-grin.html","3","3","https://ronenglish-archive.github.io/ron-english-sketches-and-drawings/images/Sketches/grins/Cat%2520in%2520Hat%2520Grin%2520ORIGINAL.jpg","REVIEW","Some local image references were not found."
"Old bridge","Charlie Brown Grin","grins","Sketches\grins\charlie-brown-grin.html","https://ronenglish-archive.github.io/ron-english-sketches-and-drawings/Sketches/grins/charlie-brown-grin.html","9","9","https://ronenglish-archive.github.io/ron-english-sketches-and-drawings/images/Sketches/grins/Charlie%2520Brown%2520Grin%2520back%2520ORIGINAL.jpg","REVIEW","Some local image references were not found."
"Old bridge","Charlie Grin X Ray","grins","Sketches\grins\charlie-grin-x-ray.html","https://ronenglish-archive.github.io/ron-english-sketches-and-drawings/Sketches/grins/charlie-grin-x-ray.html","4","4","https://ronenglish-archive.github.io/ron-english-sketches-and-drawings/images/Sketches/grins/Charlie%2520Grin%2520X%2520Ray%2520ORIGINAL.jpg","REVIEW","Some local image references were not found."
"Old bridge","Cheshire Cat Grin","grins","Sketches\grins\cheshire-cat-grin.html","https://ronenglish-archive.github.io/ron-english-sketches-and-drawings/Sketches/grins/cheshire-cat-grin.html","3","3","https://ronenglish-archive.github.io/ron-english-sketches-and-drawings/images/Sketches/grins/Cheshire%2520Cat%2520Grin%2520ORIGINAL.jpg","REVIEW","Some local image references were not found."
"Old bridge","Chico Roco","grins","Sketches\grins\chico-roco-grin.html","https://ronenglish-archive.github.io/ron-english-sketches-and-drawings/Sketches/grins/chico-roco-grin.html","15","15","https://ronenglish-archive.github.io/ron-english-sketches-and-drawings/images/Sketches/grins/Chico%2520Roco%2520back%2520ORIGINAL.jpg","REVIEW","Some local image references were not found."
"Old bridge","Chuckie Grin","grins","Sketches\grins\chuckie-grin.html","https://ronenglish-archive.github.io/ron-english-sketches-and-drawings/Sketches/grins/chuckie-grin.html","2","2","https://ronenglish-archive.github.io/ron-english-sketches-and-drawings/images/Sketches/grins/Chuckie%2520Grin%2520ORIGINAL.jpg","REVIEW","Some local image references were not found."
"Old bridge","Count Calorie Grin","grins","Sketches\grins\count-calorie-grin.html","https://ronenglish-archive.github.io/ron-english-sketches-and-drawings/Sketches/grins/count-calorie-grin.html","3","3","https://ronenglish-archive.github.io/ron-english-sketches-and-drawings/images/Sketches/grins/Count%2520Calorie%2520Grin%2520ORIGINAL.jpg","REVIEW","Some local image references were not found."
"Old bridge","Courage Dog Grin","grins","Sketches\grins\courage-dog-grin.html","https://ronenglish-archive.github.io/ron-english-sketches-and-drawings/Sketches/grins/courage-dog-grin.html","3","3","https://ronenglish-archive.github.io/ron-english-sketches-and-drawings/images/Sketches/grins/Courage%2520Dog%2520Grin%2520ORIGINAL.jpg","REVIEW","Some local image references were not found."
"Old bridge","COVID Grin","grins","Sketches\grins\covid-grin.html","https://ronenglish-archive.github.io/ron-english-sketches-and-drawings/Sketches/grins/covid-grin.html","4","4","https://ronenglish-archive.github.io/ron-english-sketches-and-drawings/images/Sketches/grins/COVID%2520Grin%2520ORIGINAL.jpg","REVIEW","Some local image references were not found."
"Old bridge","Cow Grin","grins","Sketches\grins\cow-grin.html","https://ronenglish-archive.github.io/ron-english-sketches-and-drawings/Sketches/grins/cow-grin.html","3","3","https://ronenglish-archive.github.io/ron-english-sketches-and-drawings/images/Sketches/grins/Cow%2520Grin%2520ORIGINAL.jpg","REVIEW","Some local image references were not found."
"Old bridge","Creepy Creature","grins","Sketches\grins\creepy-creature.html","https://ronenglish-archive.github.io/ron-english-sketches-and-drawings/Sketches/grins/creepy-creature.html","3","3","https://ronenglish-archive.github.io/ron-english-sketches-and-drawings/images/Sketches/grins/Creepy%2520Creature%2520ORIGINAL.jpg","REVIEW","Some local image references were not found."
"Old bridge","Croc Grin","grins","Sketches\grins\croc-grin.html","https://ronenglish-archive.github.io/ron-english-sketches-and-drawings/Sketches/grins/croc-grin.html","3","3","https://ronenglish-archive.github.io/ron-english-sketches-and-drawings/images/Sketches/grins/Croc%2520Grin%2520ORIGINAL.jpg","REVIEW","Some local image references were not found."
"Old bridge","Cryptopunk Grin","grins","Sketches\grins\cryptopunk-grin.html","https://ronenglish-archive.github.io/ron-english-sketches-and-drawings/Sketches/grins/cryptopunk-grin.html","8","8","https://ronenglish-archive.github.io/ron-english-sketches-and-drawings/images/Sketches/grins/Cryptopunk%2520Grin%2520COLOR.png","REVIEW","Some local image references were not found."
"Old bridge","Darth Vader Grin","grins","Sketches\grins\darth-vader-grin.html","https://ronenglish-archive.github.io/ron-english-sketches-and-drawings/Sketches/grins/darth-vader-grin.html","8","8","https://ronenglish-archive.github.io/ron-english-sketches-and-drawings/images/Sketches/grins/Darth%2520Grin%2520ORIGINAL.jpg","REVIEW","Some local image references were not found."
"Old bridge","David Grin","grins","Sketches\grins\david-grin.html","https://ronenglish-archive.github.io/ron-english-sketches-and-drawings/Sketches/grins/david-grin.html","3","3","https://ronenglish-archive.github.io/ron-english-sketches-and-drawings/images/Sketches/grins/David%2520Grin%2520ORIGINAL.jpg","REVIEW","Some local image references were not found."
"Old bridge","DEADMAU5 Grin","grins","Sketches\grins\deadmau5-grin.html","https://ronenglish-archive.github.io/ron-english-sketches-and-drawings/Sketches/grins/deadmau5-grin.html","16","16","https://ronenglish-archive.github.io/ron-english-sketches-and-drawings/images/Sketches/grins/DEADMAU5%2520Grin%2520Running%2520ORIGINAL.jpg","REVIEW","Some local image references were not found."
"Old bridge","Dementon Grin","grins","Sketches\grins\dementon-grin.html","https://ronenglish-archive.github.io/ron-english-sketches-and-drawings/Sketches/grins/dementon-grin.html","3","3","https://ronenglish-archive.github.io/ron-english-sketches-and-drawings/images/Sketches/grins/Dementon%2520Grin%2520ORIGINAL.jpg","REVIEW","Some local image references were not found."
"Old bridge","Deputy Dog Grin","grins","Sketches\grins\deputy-dog-grin.html","https://ronenglish-archive.github.io/ron-english-sketches-and-drawings/Sketches/grins/deputy-dog-grin.html","2","2","https://ronenglish-archive.github.io/ron-english-sketches-and-drawings/images/Sketches/grins/Deputy%2520Dog%2520Grin%2520COLOR.jpg","REVIEW","Some local image references were not found."
"Old bridge","Devil Grin","grins","Sketches\grins\devil-grin.html","https://ronenglish-archive.github.io/ron-english-sketches-and-drawings/Sketches/grins/devil-grin.html","3","3","https://ronenglish-archive.github.io/ron-english-sketches-and-drawings/images/Sketches/grins/Devil%2520Grin%2520B%2526W.jpg","REVIEW","Some local image references were not found."
"Old bridge","Devine Devil","grins","Sketches\grins\devine-devil.html","https://ronenglish-archive.github.io/ron-english-sketches-and-drawings/Sketches/grins/devine-devil.html","1","1","https://ronenglish-archive.github.io/ron-english-sketches-and-drawings/images/Sketches/grins/Devine%2520Devil%2520COLOR.jpg","REVIEW","Some local image references were not found."
"Old bridge","Dino Heart Grin","grins","Sketches\grins\dino-heart-grin.html","https://ronenglish-archive.github.io/ron-english-sketches-and-drawings/Sketches/grins/dino-heart-grin.html","3","3","https://ronenglish-archive.github.io/ron-english-sketches-and-drawings/images/Sketches/grins/Dino%2520Heart%2520Grin%2520ORIGINAL.jpg","REVIEW","Some local image references were not found."
"Old bridge","DJ Grin","grins","Sketches\grins\dj-grin.html","https://ronenglish-archive.github.io/ron-english-sketches-and-drawings/Sketches/grins/dj-grin.html","2","2","https://ronenglish-archive.github.io/ron-english-sketches-and-drawings/images/Sketches/grins/DJ%2520Grin%2520B%2526W.jpg","REVIEW","Some local image references were not found."
"Old bridge","Dog Grin","grins","Sketches\grins\dog-grin.html","https://ronenglish-archive.github.io/ron-english-sketches-and-drawings/Sketches/grins/dog-grin.html","5","5","https://ronenglish-archive.github.io/ron-english-sketches-and-drawings/images/Sketches/grins/Dog%2520Grin%2520ORIGINAL.jpg","REVIEW","Some local image references were not found."
"Old bridge","Dog Head Grin","grins","Sketches\grins\dog-head-grin.html","https://ronenglish-archive.github.io/ron-english-sketches-and-drawings/Sketches/grins/dog-head-grin.html","3","3","https://ronenglish-archive.github.io/ron-english-sketches-and-drawings/images/Sketches/grins/Dog%2520Head%2520Grin%2520ORIGINAL.jpg","REVIEW","Some local image references were not found."
"Old bridge","Dr Bub Quack Grin","grins","Sketches\grins\dr-bub-quack-grin.html","https://ronenglish-archive.github.io/ron-english-sketches-and-drawings/Sketches/grins/dr-bub-quack-grin.html","4","4","https://ronenglish-archive.github.io/ron-english-sketches-and-drawings/images/Sketches/grins/Dr%2520Bub%2520Quack%2520Animation%25201.jpg","REVIEW","Some local image references were not found."
"Old bridge","Drink the Koolaid","grins","Sketches\grins\drink-the-koolaid.html","https://ronenglish-archive.github.io/ron-english-sketches-and-drawings/Sketches/grins/drink-the-koolaid.html","4","4","https://ronenglish-archive.github.io/ron-english-sketches-and-drawings/images/Sketches/grins/Drink%2520the%2520Koolaid%25201.png","REVIEW","Some local image references were not found."
"Old bridge","Dripping Grin","grins","Sketches\grins\dripping-grin.html","https://ronenglish-archive.github.io/ron-english-sketches-and-drawings/Sketches/grins/dripping-grin.html","9","9","https://ronenglish-archive.github.io/ron-english-sketches-and-drawings/images/Sketches/grins/Dripping%2520Grin%2520head%2520COLOR%25203.png","REVIEW","Some local image references were not found."
"Old bridge","Droopy Dog Grin","grins","Sketches\grins\droopy-dog-grin.html","https://ronenglish-archive.github.io/ron-english-sketches-and-drawings/Sketches/grins/droopy-dog-grin.html","2","2","https://ronenglish-archive.github.io/ron-english-sketches-and-drawings/images/Sketches/grins/Droopy%2520Dog%2520Grin%2520ORIGINAL.jpg","REVIEW","Some local image references were not found."
"Old bridge","Dunny Grin","grins","Sketches\grins\dunny-grin.html","https://ronenglish-archive.github.io/ron-english-sketches-and-drawings/Sketches/grins/dunny-grin.html","8","8","https://ronenglish-archive.github.io/ron-english-sketches-and-drawings/images/Sketches/grins/Dunny%2520Grin%2520front%2520ORIGINAL.jpg","REVIEW","Some local image references were not found."
"Old bridge","Elefanka With Angel Wings Grin","grins","Sketches\grins\elefanka-with-angel-wings-grin.html","https://ronenglish-archive.github.io/ron-english-sketches-and-drawings/Sketches/grins/elefanka-with-angel-wings-grin.html","2","2","https://ronenglish-archive.github.io/ron-english-sketches-and-drawings/images/Sketches/grins/Elefanka%2520With%2520Angel%2520Wings%2520Grin%2520B%2526W.jpg","REVIEW","Some local image references were not found."
"Old bridge","Elephant Grin","grins","Sketches\grins\elephant-grin.html","https://ronenglish-archive.github.io/ron-english-sketches-and-drawings/Sketches/grins/elephant-grin.html","5","5","https://ronenglish-archive.github.io/ron-english-sketches-and-drawings/images/Sketches/grins/Elephant%2520Grin%2520ORIGINAL.jpg","REVIEW","Some local image references were not found."
"Old bridge","Elmo Grin","grins","Sketches\grins\elmo-grin.html","https://ronenglish-archive.github.io/ron-english-sketches-and-drawings/Sketches/grins/elmo-grin.html","3","3","https://ronenglish-archive.github.io/ron-english-sketches-and-drawings/images/Sketches/grins/Elmo%2520Grin%2520ORIGINAL.jpg","REVIEW","Some local image references were not found."
"Old bridge","Eminem Grin","grins","Sketches\grins\eminem-grin.html","https://ronenglish-archive.github.io/ron-english-sketches-and-drawings/Sketches/grins/eminem-grin.html","3","3","https://ronenglish-archive.github.io/ron-english-sketches-and-drawings/images/Sketches/grins/Eminem%2520Grin%2520ORIGINAL.jpg","REVIEW","Some local image references were not found."
"Old bridge","Ernie Grin","grins","Sketches\grins\ernie-grin.html","https://ronenglish-archive.github.io/ron-english-sketches-and-drawings/Sketches/grins/ernie-grin.html","4","4","https://ronenglish-archive.github.io/ron-english-sketches-and-drawings/images/Sketches/grins/Ernie%2520Grin%2520ORIGINAL.jpg","REVIEW","Some local image references were not found."
"Old bridge","EZ Nuts Grin","grins","Sketches\grins\ez-nuts-grin.html","https://ronenglish-archive.github.io/ron-english-sketches-and-drawings/Sketches/grins/ez-nuts-grin.html","3","3","https://ronenglish-archive.github.io/ron-english-sketches-and-drawings/images/Sketches/grins/EZ%2520Nuts%2520Grin%25201%2520COLOR.jpg","REVIEW","Some local image references were not found."
"Old bridge","Fat Stormtrooper Grin","grins","Sketches\grins\fat-stormtrooper-grin.html","https://ronenglish-archive.github.io/ron-english-sketches-and-drawings/Sketches/grins/fat-stormtrooper-grin.html","1","1","https://ronenglish-archive.github.io/ron-english-sketches-and-drawings/images/Sketches/grins/Fat%2520Stormtrooper%2520Grin%2520back%2520ORIGINAL.jpg","REVIEW","Some local image references were not found."
"Old bridge","Faze Banks Grin","grins","Sketches\grins\faze-banks-grin.html","https://ronenglish-archive.github.io/ron-english-sketches-and-drawings/Sketches/grins/faze-banks-grin.html","2","2","https://ronenglish-archive.github.io/ron-english-sketches-and-drawings/images/Sketches/grins/Faze%2520Banks%2520Grin%2520COLOR.jpg","REVIEW","Some local image references were not found."
"Old bridge","Felix Grin","grins","Sketches\grins\felix-grin.html","https://ronenglish-archive.github.io/ron-english-sketches-and-drawings/Sketches/grins/felix-grin.html","8","8","https://ronenglish-archive.github.io/ron-english-sketches-and-drawings/images/Sketches/grins/Felix%2520Grin%2520Front%2520ORIGINAL.jpg","REVIEW","Some local image references were not found."
"Old bridge","Finn Grin","grins","Sketches\grins\finn-grin.html","https://ronenglish-archive.github.io/ron-english-sketches-and-drawings/Sketches/grins/finn-grin.html","3","3","https://ronenglish-archive.github.io/ron-english-sketches-and-drawings/images/Sketches/grins/Finn%2520Grin%2520B%2526W.jpg","REVIEW","Some local image references were not found."
"Old bridge","Firecracker Skeleton Grin","grins","Sketches\grins\firecracker-skeleton-grin.html","https://ronenglish-archive.github.io/ron-english-sketches-and-drawings/Sketches/grins/firecracker-skeleton-grin.html","2","2","https://ronenglish-archive.github.io/ron-english-sketches-and-drawings/images/Sketches/grins/Firecracker%2520Skeleton%2520Grin%2520ORIGINAL.jpg","REVIEW","Some local image references were not found."
"Old bridge","Flaming O Grin","grins","Sketches\grins\flaming-o-grin.html","https://ronenglish-archive.github.io/ron-english-sketches-and-drawings/Sketches/grins/flaming-o-grin.html","3","3","https://ronenglish-archive.github.io/ron-english-sketches-and-drawings/images/Sketches/grins/Flaming%2520O%2520Grin%2520ORIGINAL.jpg","REVIEW","Some local image references were not found."
"Old bridge","Floating Grinnie","grins","Sketches\grins\floating-grinnie.html","https://ronenglish-archive.github.io/ron-english-sketches-and-drawings/Sketches/grins/floating-grinnie.html","1","1","https://ronenglish-archive.github.io/ron-english-sketches-and-drawings/images/Sketches/grins/Floating%2520Grinnie%2520ORIGINAL.jpg","REVIEW","Some local image references were not found."
"Old bridge","Flower Brain Grin","grins","Sketches\grins\flower-brain-grin.html","https://ronenglish-archive.github.io/ron-english-sketches-and-drawings/Sketches/grins/flower-brain-grin.html","1","1","https://ronenglish-archive.github.io/ron-english-sketches-and-drawings/images/Sketches/grins/Flower%2520Brain%2520Grin%2520COLOR.png","REVIEW","Some local image references were not found."
"Old bridge","Flower Grin","grins","Sketches\grins\flower-grin.html","https://ronenglish-archive.github.io/ron-english-sketches-and-drawings/Sketches/grins/flower-grin.html","3","3","https://ronenglish-archive.github.io/ron-english-sketches-and-drawings/images/Sketches/grins/Flower%2520Grin%2520COLOR.jpg","REVIEW","Some local image references were not found."
"Old bridge","Flower Grin version 2","grins","Sketches\grins\flower-grin-version-2.html","https://ronenglish-archive.github.io/ron-english-sketches-and-drawings/Sketches/grins/flower-grin-version-2.html","3","3","https://ronenglish-archive.github.io/ron-english-sketches-and-drawings/images/Sketches/grins/Flower%2520Grin%2520version%25202%2520ORIGINAL.jpg","REVIEW","Some local image references were not found."
"Old bridge","Football Grin","grins","Sketches\grins\football-grin.html","https://ronenglish-archive.github.io/ron-english-sketches-and-drawings/Sketches/grins/football-grin.html","1","1","https://ronenglish-archive.github.io/ron-english-sketches-and-drawings/images/Sketches/grins/Football%2520Grin%2520ORIGINAL.jpg","REVIEW","Some local image references were not found."
"Old bridge","Football Player Grin","grins","Sketches\grins\football-player-grin.html","https://ronenglish-archive.github.io/ron-english-sketches-and-drawings/Sketches/grins/football-player-grin.html","3","3","https://ronenglish-archive.github.io/ron-english-sketches-and-drawings/images/Sketches/grins/Football%2520Player%2520Grin%2520ORIGINAL.jpg","REVIEW","Some local image references were not found."
"Old bridge","Foot in Mouth","grins","Sketches\grins\foot-in-mouth.html","https://ronenglish-archive.github.io/ron-english-sketches-and-drawings/Sketches/grins/foot-in-mouth.html","1","1","https://ronenglish-archive.github.io/ron-english-sketches-and-drawings/images/Sketches/grins/Foot%2520in%2520Mouth%2520ORIGINAL%2520COLOR.jpg","REVIEW","Some local image references were not found."
"Old bridge","Franken Fat Grin","grins","Sketches\grins\franken-fat-grin.html","https://ronenglish-archive.github.io/ron-english-sketches-and-drawings/Sketches/grins/franken-fat-grin.html","3","3","https://ronenglish-archive.github.io/ron-english-sketches-and-drawings/images/Sketches/grins/Franken%2520Fat%2520Grin%2520ORIGINAL.jpg","REVIEW","Some local image references were not found."
"Old bridge","Franken Grin","grins","Sketches\grins\franken-grin.html","https://ronenglish-archive.github.io/ron-english-sketches-and-drawings/Sketches/grins/franken-grin.html","1","1","https://ronenglish-archive.github.io/ron-english-sketches-and-drawings/images/Sketches/grins/Franken%2520Grin%2520COLOR.png","REVIEW","Some local image references were not found."
"Old bridge","Freak Bro Afro Stache","grins","Sketches\grins\freak-bro-afro-stache.html","https://ronenglish-archive.github.io/ron-english-sketches-and-drawings/Sketches/grins/freak-bro-afro-stache.html","3","3","https://ronenglish-archive.github.io/ron-english-sketches-and-drawings/images/Sketches/grins/Freak%2520Bro%2520Afro%2520Stache%2520ORIGINAL.jpg","REVIEW","Some local image references were not found."
"Old bridge","Freak Bro Grin","grins","Sketches\grins\freak-bro-grin.html","https://ronenglish-archive.github.io/ron-english-sketches-and-drawings/Sketches/grins/freak-bro-grin.html","2","2","https://ronenglish-archive.github.io/ron-english-sketches-and-drawings/images/Sketches/grins/Freak%2520Bro%2520Grin%2520ORIGINAL.jpg","REVIEW","Some local image references were not found."
"Old bridge","Freak Cat","grins","Sketches\grins\freak-cat.html","https://ronenglish-archive.github.io/ron-english-sketches-and-drawings/Sketches/grins/freak-cat.html","3","3","https://ronenglish-archive.github.io/ron-english-sketches-and-drawings/images/Sketches/grins/Freak%2520Cat%2520ORIGINAL.jpg","REVIEW","Some local image references were not found."
"Old bridge","Freddy Funko Grin","grins","Sketches\grins\freddy-funko-grin.html","https://ronenglish-archive.github.io/ron-english-sketches-and-drawings/Sketches/grins/freddy-funko-grin.html","2","2","https://ronenglish-archive.github.io/ron-english-sketches-and-drawings/images/Sketches/grins/Freddy%2520Funko%2520Grin%2520B%2526W.jpg","REVIEW","Some local image references were not found."
"Old bridge","Freddy Funko Grin 2","grins","Sketches\grins\freddy-funko-grin-2.html","https://ronenglish-archive.github.io/ron-english-sketches-and-drawings/Sketches/grins/freddy-funko-grin-2.html","2","2","https://ronenglish-archive.github.io/ron-english-sketches-and-drawings/images/Sketches/grins/Freddy%2520Funko%2520Grin%25202%2520B%2526W.jpg","REVIEW","Some local image references were not found."
"Old bridge","Garfield Grin","grins","Sketches\grins\garfield-grin.html","https://ronenglish-archive.github.io/ron-english-sketches-and-drawings/Sketches/grins/garfield-grin.html","3","3","https://ronenglish-archive.github.io/ron-english-sketches-and-drawings/images/Sketches/grins/Garfield%2520Grin%2520ORIGINAL.jpg","REVIEW","Some local image references were not found."
"Old bridge","George Jetson Grin","grins","Sketches\grins\george-jetson-grin.html","https://ronenglish-archive.github.io/ron-english-sketches-and-drawings/Sketches/grins/george-jetson-grin.html","3","3","https://ronenglish-archive.github.io/ron-english-sketches-and-drawings/images/Sketches/grins/George%2520Jetson%2520Grin%2520ORIGINAL.jpg","REVIEW","Some local image references were not found."
"Old bridge","Ghostbuster Grin","grins","Sketches\grins\ghostbuster-grin.html","https://ronenglish-archive.github.io/ron-english-sketches-and-drawings/Sketches/grins/ghostbuster-grin.html","1","1","https://ronenglish-archive.github.io/ron-english-sketches-and-drawings/images/Sketches/grins/Ghostbuster%2520Grin%2520ORIGINAL.jpg","REVIEW","Some local image references were not found."
"Old bridge","Godzilla Heart Grin","grins","Sketches\grins\godzilla-heart-grin.html","https://ronenglish-archive.github.io/ron-english-sketches-and-drawings/Sketches/grins/godzilla-heart-grin.html","3","3","https://ronenglish-archive.github.io/ron-english-sketches-and-drawings/images/Sketches/grins/Godzilla%2520Heart%2520Grin%2520ORIGINAL.jpg","REVIEW","Some local image references were not found."
"Old bridge","Gorilla grin","grins","Sketches\grins\gorilla-grin.html","https://ronenglish-archive.github.io/ron-english-sketches-and-drawings/Sketches/grins/gorilla-grin.html","3","3","https://ronenglish-archive.github.io/ron-english-sketches-and-drawings/images/Sketches/grins/Gorilla%2520Grin%2520COLOR.jpg","REVIEW","Some local image references were not found."
"Old bridge","Gorilla Grin 2","grins","Sketches\grins\gorilla-grin-2.html","https://ronenglish-archive.github.io/ron-english-sketches-and-drawings/Sketches/grins/gorilla-grin-2.html","8","8","https://ronenglish-archive.github.io/ron-english-sketches-and-drawings/images/Sketches/grins/Gorilla%2520Grin%25202%2520back%2520ORIGINAL.jpg","REVIEW","Some local image references were not found."
"Old bridge","Grim Grin","grins","Sketches\grins\grim-grin.html","https://ronenglish-archive.github.io/ron-english-sketches-and-drawings/Sketches/grins/grim-grin.html","11","11","https://ronenglish-archive.github.io/ron-english-sketches-and-drawings/images/Sketches/grins/Grim%2520Grin%2520(Grin%2520Reaper)%2520ORIGINAL.jpg","REVIEW","Some local image references were not found."
"Old bridge","Grin","grins","Sketches\grins\grin.html","https://ronenglish-archive.github.io/ron-english-sketches-and-drawings/Sketches/grins/grin.html","6","6","https://ronenglish-archive.github.io/ron-english-sketches-and-drawings/images/Sketches/grins/Grin%2520B%2526W.jpg","REVIEW","Some local image references were not found."
"Old bridge","Grin Brain Cone","grins","Sketches\grins\grin-brain-cone.html","https://ronenglish-archive.github.io/ron-english-sketches-and-drawings/Sketches/grins/grin-brain-cone.html","3","3","https://ronenglish-archive.github.io/ron-english-sketches-and-drawings/images/Sketches/grins/Grin%2520Brain%2520Cone%2520ORIGINAL.jpg","REVIEW","Some local image references were not found."
"Old bridge","Grin Bunny Ears","grins","Sketches\grins\grin-bunny-ears.html","https://ronenglish-archive.github.io/ron-english-sketches-and-drawings/Sketches/grins/grin-bunny-ears.html","6","6","https://ronenglish-archive.github.io/ron-english-sketches-and-drawings/images/Sketches/grins/Grin%2520Bunny%2520Three%2520Ears%2520ORIGINAL.jpg","REVIEW","Some local image references were not found."
"Old bridge","Grin Car","grins","Sketches\grins\grin-car.html","https://ronenglish-archive.github.io/ron-english-sketches-and-drawings/Sketches/grins/grin-car.html","12","12","https://ronenglish-archive.github.io/ron-english-sketches-and-drawings/images/Sketches/grins/Grin%2520Car%2520front%2520ORIGINAL.jpg","REVIEW","Some local image references were not found."
"Old bridge","Grinch Grin","grins","Sketches\grins\grinch-grin.html","https://ronenglish-archive.github.io/ron-english-sketches-and-drawings/Sketches/grins/grinch-grin.html","3","3","https://ronenglish-archive.github.io/ron-english-sketches-and-drawings/images/Sketches/grins/Grinch%2520Grin%2520ORIGINAL.jpg","REVIEW","Some local image references were not found."
"Old bridge","Grin Flower","grins","Sketches\grins\grin-flower.html","https://ronenglish-archive.github.io/ron-english-sketches-and-drawings/Sketches/grins/grin-flower.html","3","3","https://ronenglish-archive.github.io/ron-english-sketches-and-drawings/images/Sketches/grins/Grin%2520Flower%2520ORIGINAL.jpg","REVIEW","Some local image references were not found."
"Old bridge","Grin God","grins","Sketches\grins\grin-god.html","https://ronenglish-archive.github.io/ron-english-sketches-and-drawings/Sketches/grins/grin-god.html","13","13","https://ronenglish-archive.github.io/ron-english-sketches-and-drawings/images/Sketches/grins/Grin%2520God%2520back%2520ORIGINAL.jpg","REVIEW","Some local image references were not found."
"Old bridge","Grin Kitty","grins","Sketches\grins\grin-kitty.html","https://ronenglish-archive.github.io/ron-english-sketches-and-drawings/Sketches/grins/grin-kitty.html","2","2","https://ronenglish-archive.github.io/ron-english-sketches-and-drawings/images/Sketches/grins/Grin%2520Kitty%2520ORIGINAL.jpg","REVIEW","Some local image references were not found."
"Old bridge","Grin Mouth","grins","Sketches\grins\grin-mouth.html","https://ronenglish-archive.github.io/ron-english-sketches-and-drawings/Sketches/grins/grin-mouth.html","1","1","https://ronenglish-archive.github.io/ron-english-sketches-and-drawings/images/Sketches/grins/Grin%2520Mouth%2520ORIGINAL.jpg","REVIEW","Some local image references were not found."
"Old bridge","Grinnie Delusionville Pilot","grins","Sketches\grins\grinnie-delusionville-pilot.html","https://ronenglish-archive.github.io/ron-english-sketches-and-drawings/Sketches/grins/grinnie-delusionville-pilot.html","8","8","https://ronenglish-archive.github.io/ron-english-sketches-and-drawings/images/Sketches/grins/Grinnie%2520Delusionville%2520Pilot%2520side%2520COLOR.jpg","REVIEW","Some local image references were not found."
"Old bridge","Grinnie on Horseback","grins","Sketches\grins\grinnie-on-horseback.html","https://ronenglish-archive.github.io/ron-english-sketches-and-drawings/Sketches/grins/grinnie-on-horseback.html","2","2","https://ronenglish-archive.github.io/ron-english-sketches-and-drawings/images/Sketches/grins/Grinnie%2520on%2520Horseback%2520ORIGINAL%25202.jpg","REVIEW","Some local image references were not found."
"Old bridge","Grinnies Grin","grins","Sketches\grins\grinnies-grin.html","https://ronenglish-archive.github.io/ron-english-sketches-and-drawings/Sketches/grins/grinnies-grin.html","3","3","https://ronenglish-archive.github.io/ron-english-sketches-and-drawings/images/Sketches/grins/Grinnies%2520Grin%2520ORIGINAL%25202.jpg","REVIEW","Some local image references were not found."
"Old bridge","Grinnies on TV","grins","Sketches\grins\grinnies-on-tv.html","https://ronenglish-archive.github.io/ron-english-sketches-and-drawings/Sketches/grins/grinnies-on-tv.html","3","3","https://ronenglish-archive.github.io/ron-english-sketches-and-drawings/images/Sketches/grins/Grinnies%2520on%2520TV%2520ORIGINAL.jpg","REVIEW","Some local image references were not found."
"Old bridge","Grin Planet","grins","Sketches\grins\grin-planet.html","https://ronenglish-archive.github.io/ron-english-sketches-and-drawings/Sketches/grins/grin-planet.html","2","2","https://ronenglish-archive.github.io/ron-english-sketches-and-drawings/images/Sketches/grins/Grin%2520Planet%2520B%26amp%3BW.png","REVIEW","Some local image references were not found."
"Old bridge","Grinplanet Nobody","grins","Sketches\grins\grinplanet-nobody.html","https://ronenglish-archive.github.io/ron-english-sketches-and-drawings/Sketches/grins/grinplanet-nobody.html","13","13","https://ronenglish-archive.github.io/ron-english-sketches-and-drawings/images/Sketches/grins/Grinplanet%2520Nobody%2520COLOR.jpg","REVIEW","Some local image references were not found."
"Old bridge","Grin Reaper version 2","grins","Sketches\grins\grin-reaper-version-2.html","https://ronenglish-archive.github.io/ron-english-sketches-and-drawings/Sketches/grins/grin-reaper-version-2.html","2","2","https://ronenglish-archive.github.io/ron-english-sketches-and-drawings/images/Sketches/grins/Grin%2520Reaper%2520version%25202%2520B%26amp%3BW.jpg","REVIEW","Some local image references were not found."
"Old bridge","Grin Reaper With Facemask","grins","Sketches\grins\grin-reaper-with-facemask.html","https://ronenglish-archive.github.io/ron-english-sketches-and-drawings/Sketches/grins/grin-reaper-with-facemask.html","3","3","https://ronenglish-archive.github.io/ron-english-sketches-and-drawings/images/Sketches/grins/Grin%2520Reaper%2520With%2520Facemask%2520ORIGINAL%2520COLOR%25201.jpg","REVIEW","Some local image references were not found."
"Old bridge","Grin Smoker","grins","Sketches\grins\grin-smoker.html","https://ronenglish-archive.github.io/ron-english-sketches-and-drawings/Sketches/grins/grin-smoker.html","4","4","https://ronenglish-archive.github.io/ron-english-sketches-and-drawings/images/Sketches/grins/Grin%2520Smoker%2520Portrait%2520ORIGINAL.jpg","REVIEW","Some local image references were not found."
"Old bridge","Grogu Grin","grins","Sketches\grins\grogu-grin.html","https://ronenglish-archive.github.io/ron-english-sketches-and-drawings/Sketches/grins/grogu-grin.html","2","2","https://ronenglish-archive.github.io/ron-english-sketches-and-drawings/images/Sketches/grins/Grogu%2520Grin%2520B%2526W.jpg","REVIEW","Some local image references were not found."
"Old bridge","Grouch Grin","grins","Sketches\grins\grouch-grin.html","https://ronenglish-archive.github.io/ron-english-sketches-and-drawings/Sketches/grins/grouch-grin.html","3","3","https://ronenglish-archive.github.io/ron-english-sketches-and-drawings/images/Sketches/grins/Grouch%2520Grin%2520ORIGINAL.jpg","REVIEW","Some local image references were not found."
"Old bridge","Gummy Bear Grin","grins","Sketches\grins\gummy-bear-grin.html","https://ronenglish-archive.github.io/ron-english-sketches-and-drawings/Sketches/grins/gummy-bear-grin.html","3","3","https://ronenglish-archive.github.io/ron-english-sketches-and-drawings/images/Sketches/grins/Gummy%2520Bear%2520Grin%2520ORIGINAL.jpg","REVIEW","Some local image references were not found."
"Old bridge","Hawaiian Punch Grin","grins","Sketches\grins\hawaiian-punch-grin.html","https://ronenglish-archive.github.io/ron-english-sketches-and-drawings/Sketches/grins/hawaiian-punch-grin.html","3","3","https://ronenglish-archive.github.io/ron-english-sketches-and-drawings/images/Sketches/grins/Hawaiian%2520Punch%2520Grin%2520ORIGINAL.jpg","REVIEW","Some local image references were not found."
"Old bridge","Hello Kitty Grin","grins","Sketches\grins\hello-kitty-grin.html","https://ronenglish-archive.github.io/ron-english-sketches-and-drawings/Sketches/grins/hello-kitty-grin.html","11","11","https://ronenglish-archive.github.io/ron-english-sketches-and-drawings/images/Sketches/grins/Hello%2520Kitty%2520Grin%2520left%2520side%2520ORIGINAL.jpg","REVIEW","Some local image references were not found."
"Old bridge","Homer Grin","grins","Sketches\grins\homer-grin.html","https://ronenglish-archive.github.io/ron-english-sketches-and-drawings/Sketches/grins/homer-grin.html","36","36","https://ronenglish-archive.github.io/ron-english-sketches-and-drawings/images/Sketches/grins/Homer%2520Grin%2520headshot%2520side%2520ORIGINAL.jpg","REVIEW","Some local image references were not found."
"Old bridge","Honey Butts Grin","grins","Sketches\grins\honey-butts-grin.html","https://ronenglish-archive.github.io/ron-english-sketches-and-drawings/Sketches/grins/honey-butts-grin.html","3","3","https://ronenglish-archive.github.io/ron-english-sketches-and-drawings/images/Sketches/grins/Honey%2520Butts%2520Grin%2520ORIGINAL.jpg","REVIEW","Some local image references were not found."
"Old bridge","Hound Grin","grins","Sketches\grins\hound-grin.html","https://ronenglish-archive.github.io/ron-english-sketches-and-drawings/Sketches/grins/hound-grin.html","3","3","https://ronenglish-archive.github.io/ron-english-sketches-and-drawings/images/Sketches/grins/Hound%2520Grin%2520Face%2520ORIGINAL.jpg","REVIEW","Some local image references were not found."
"Old bridge","HR Puffenstuff Grin","grins","Sketches\grins\hr-puffenstuff-grin.html","https://ronenglish-archive.github.io/ron-english-sketches-and-drawings/Sketches/grins/hr-puffenstuff-grin.html","3","3","https://ronenglish-archive.github.io/ron-english-sketches-and-drawings/images/Sketches/grins/HR%2520Puffenstuff%2520Grin%2520ORIGINAL.jpg","REVIEW","Some local image references were not found."
"Old bridge","Jake Grin","grins","Sketches\grins\jake-grin.html","https://ronenglish-archive.github.io/ron-english-sketches-and-drawings/Sketches/grins/jake-grin.html","4","4","https://ronenglish-archive.github.io/ron-english-sketches-and-drawings/images/Sketches/grins/Jake%2520the%2520Dog%2520Grin%2520ORIGINAL.jpg","REVIEW","Some local image references were not found."
"Old bridge","Jane Jetson Grin","grins","Sketches\grins\jane-jetson-grin.html","https://ronenglish-archive.github.io/ron-english-sketches-and-drawings/Sketches/grins/jane-jetson-grin.html","3","3","https://ronenglish-archive.github.io/ron-english-sketches-and-drawings/images/Sketches/grins/Jane%2520Jetson%2520Grin%2520ORIGINAL.jpg","REVIEW","Some local image references were not found."
"Old bridge","Jeremiah Grin","grins","Sketches\grins\jeremiah-grin.html","https://ronenglish-archive.github.io/ron-english-sketches-and-drawings/Sketches/grins/jeremiah-grin.html","4","4","https://ronenglish-archive.github.io/ron-english-sketches-and-drawings/images/Sketches/grins/Jeremiah%2520Grin%25201%2520ORIGINAL.jpg","REVIEW","Some local image references were not found."
"Old bridge","Jimi Hendrix Grin","grins","Sketches\grins\jimi-hendrix-grin.html","https://ronenglish-archive.github.io/ron-english-sketches-and-drawings/Sketches/grins/jimi-hendrix-grin.html","5","5","https://ronenglish-archive.github.io/ron-english-sketches-and-drawings/images/Sketches/grins/Jimi%2520Hendrix%2520Grin%2520ORIGINAL.jpg","REVIEW","Some local image references were not found."
"Old bridge","Joker Grin","grins","Sketches\grins\joker-grin.html","https://ronenglish-archive.github.io/ron-english-sketches-and-drawings/Sketches/grins/joker-grin.html","3","3","https://ronenglish-archive.github.io/ron-english-sketches-and-drawings/images/Sketches/grins/Joker%2520Grin%2520ORIGINAL.jpg","REVIEW","Some local image references were not found."
"Old bridge","Kanegon Grin","grins","Sketches\grins\kanegon-grin.html","https://ronenglish-archive.github.io/ron-english-sketches-and-drawings/Sketches/grins/kanegon-grin.html","6","6","https://ronenglish-archive.github.io/ron-english-sketches-and-drawings/images/Sketches/grins/Kanegon%2520Grin%2520side%2520ORIGINAL.jpg","REVIEW","Some local image references were not found."
"Old bridge","Kevin Durant Grin","grins","Sketches\grins\kevin-durant-grin.html","https://ronenglish-archive.github.io/ron-english-sketches-and-drawings/Sketches/grins/kevin-durant-grin.html","7","7","https://ronenglish-archive.github.io/ron-english-sketches-and-drawings/images/Sketches/grins/Kevin%2520Durant%2520Grin%2520With%2520Ball%2520ORIGINAL.jpeg","REVIEW","Some local image references were not found."
"Old bridge","Kiss Gene Grin","grins","Sketches\grins\kiss-gene-grin.html","https://ronenglish-archive.github.io/ron-english-sketches-and-drawings/Sketches/grins/kiss-gene-grin.html","3","3","https://ronenglish-archive.github.io/ron-english-sketches-and-drawings/images/Sketches/grins/Kiss%2520Gene%2520Grin%2520ORIGINAL.jpg","REVIEW","Some local image references were not found."
"Old bridge","Krusty the Clown Grin","grins","Sketches\grins\krusty-the-clown-grin.html","https://ronenglish-archive.github.io/ron-english-sketches-and-drawings/Sketches/grins/krusty-the-clown-grin.html","9","9","https://ronenglish-archive.github.io/ron-english-sketches-and-drawings/images/Sketches/grins/Krusty%2520the%2520Clown%2520Grin%2520front%2520ORIGINAL.jpg","REVIEW","Some local image references were not found."
"Old bridge","Kursed Grin","grins","Sketches\grins\kursed-grin.html","https://ronenglish-archive.github.io/ron-english-sketches-and-drawings/Sketches/grins/kursed-grin.html","2","2","https://ronenglish-archive.github.io/ron-english-sketches-and-drawings/images/Sketches/grins/Kursed%2520Grin%2520Side%2520View%2520COLOR.jpg","REVIEW","Some local image references were not found."
"Old bridge","Lagoon Creature Grin","grins","Sketches\grins\lagoon-creature-grin.html","https://ronenglish-archive.github.io/ron-english-sketches-and-drawings/Sketches/grins/lagoon-creature-grin.html","1","1","https://ronenglish-archive.github.io/ron-english-sketches-and-drawings/images/Sketches/grins/Lagoon%2520Creature%2520Grin%2520COLOR.jpg","REVIEW","Some local image references were not found."
"Old bridge","Lemon Boy Grin","grins","Sketches\grins\lemon-boy-grin.html","https://ronenglish-archive.github.io/ron-english-sketches-and-drawings/Sketches/grins/lemon-boy-grin.html","4","4","https://ronenglish-archive.github.io/ron-english-sketches-and-drawings/images/Sketches/grins/Lemon%2520Boy%2520Grin%2520Walking%2520face%2520ORIGINAL.jpg","REVIEW","Some local image references were not found."
"Old bridge","Leopard Grin","grins","Sketches\grins\leopard-grin.html","https://ronenglish-archive.github.io/ron-english-sketches-and-drawings/Sketches/grins/leopard-grin.html","3","3","https://ronenglish-archive.github.io/ron-english-sketches-and-drawings/images/Sketches/grins/Leopard%2520Grin%25201%2520COLOR.png","REVIEW","Some local image references were not found."
"Old bridge","Liberty Grin","grins","Sketches\grins\liberty-grin.html","https://ronenglish-archive.github.io/ron-english-sketches-and-drawings/Sketches/grins/liberty-grin.html","5","5","https://ronenglish-archive.github.io/ron-english-sketches-and-drawings/images/Sketches/grins/Liberty%2520Grin%2520ORIGINAL.jpg","REVIEW","Some local image references were not found."
"Old bridge","Lion Face Grin","grins","Sketches\grins\lion-face-grin.html","https://ronenglish-archive.github.io/ron-english-sketches-and-drawings/Sketches/grins/lion-face-grin.html","3","3","https://ronenglish-archive.github.io/ron-english-sketches-and-drawings/images/Sketches/grins/Lion%2520Face%2520Grin%2520B%2526W.png","REVIEW","Some local image references were not found."
"Old bridge","Lisa grin","grins","Sketches\grins\lisa-grin.html","https://ronenglish-archive.github.io/ron-english-sketches-and-drawings/Sketches/grins/lisa-grin.html","10","10","https://ronenglish-archive.github.io/ron-english-sketches-and-drawings/images/Sketches/grins/Lisa%2520Grin%2520front%2520ORIGINAL.jpg","REVIEW","Some local image references were not found."
"Old bridge","Lucky Cat Grin","grins","Sketches\grins\lucky-cat-grin.html","https://ronenglish-archive.github.io/ron-english-sketches-and-drawings/Sketches/grins/lucky-cat-grin.html","2","2","https://ronenglish-archive.github.io/ron-english-sketches-and-drawings/images/Sketches/grins/Lucky%2520Cat%2520Grin%2520COLOR.jpg","REVIEW","Some local image references were not found."
"Old bridge","Mad Magazine Alfred","grins","Sketches\grins\mad-magazine-alfred.html","https://ronenglish-archive.github.io/ron-english-sketches-and-drawings/Sketches/grins/mad-magazine-alfred.html","3","3","https://ronenglish-archive.github.io/ron-english-sketches-and-drawings/images/Sketches/grins/Mad%2520Magazine%2520Alfred%2520Grin%2520ORIGINAL.jpeg","REVIEW","Some local image references were not found."
"Old bridge","Mad Mickey Grin","grins","Sketches\grins\mad-mickey-grin.html","https://ronenglish-archive.github.io/ron-english-sketches-and-drawings/Sketches/grins/mad-mickey-grin.html","2","2","https://ronenglish-archive.github.io/ron-english-sketches-and-drawings/images/Sketches/grins/Mad%2520Mickey%2520Grin%2520ORIGINAL%2520COLOR.jpg","REVIEW","Some local image references were not found."
"Old bridge","Maggie Grin","grins","Sketches\grins\maggie-grin.html","https://ronenglish-archive.github.io/ron-english-sketches-and-drawings/Sketches/grins/maggie-grin.html","9","9","https://ronenglish-archive.github.io/ron-english-sketches-and-drawings/images/Sketches/grins/Maggie%2520Grin%2520front%2520ORIGINAL.jpg","REVIEW","Some local image references were not found."
"Old bridge","Manny Pacquaio Grin","grins","Sketches\grins\manny-pacquaio-grin.html","https://ronenglish-archive.github.io/ron-english-sketches-and-drawings/Sketches/grins/manny-pacquaio-grin.html","8","8","https://ronenglish-archive.github.io/ron-english-sketches-and-drawings/images/Sketches/grins/Manny%2520Pacquaio%2520Grin%2520ORIGINAL%2520head.jpg","REVIEW","Some local image references were not found."
"Old bridge","Man Shark","grins","Sketches\grins\man-shark.html","https://ronenglish-archive.github.io/ron-english-sketches-and-drawings/Sketches/grins/man-shark.html","4","4","https://ronenglish-archive.github.io/ron-english-sketches-and-drawings/images/Sketches/grins/Shark%2520Man%2520Grin%2520ORIGINAL.jpg","REVIEW","Some local image references were not found."
"Old bridge","Marge Grin","grins","Sketches\grins\marge-grin.html","https://ronenglish-archive.github.io/ron-english-sketches-and-drawings/Sketches/grins/marge-grin.html","11","11","https://ronenglish-archive.github.io/ron-english-sketches-and-drawings/images/Sketches/grins/Marge%2520Grin%2520front%2520ORIGINAL.jpg","REVIEW","Some local image references were not found."
"Old bridge","Mario Grin","grins","Sketches\grins\mario-grin.html","https://ronenglish-archive.github.io/ron-english-sketches-and-drawings/Sketches/grins/mario-grin.html","9","9","https://ronenglish-archive.github.io/ron-english-sketches-and-drawings/images/Sketches/grins/Mario%2520Grin%2520front%2520ORIGINAL.jpg","REVIEW","Some local image references were not found."
"Old bridge","Max Grin","grins","Sketches\grins\max-grin.html","https://ronenglish-archive.github.io/ron-english-sketches-and-drawings/Sketches/grins/max-grin.html","3","3","https://ronenglish-archive.github.io/ron-english-sketches-and-drawings/images/Sketches/grins/Max%2520Grin%2520ORIGINAL.jpg","REVIEW","Some local image references were not found."
"Old bridge","MC Grin","grins","Sketches\grins\mc-grin.html","https://ronenglish-archive.github.io/ron-english-sketches-and-drawings/Sketches/grins/mc-grin.html","16","16","https://ronenglish-archive.github.io/ron-english-sketches-and-drawings/images/Sketches/grins/MC%2520Supersize%2520Grin%2520Flying%2520ORIGINAL.jpg","REVIEW","Some local image references were not found."
"Old bridge","Melting Grinnie","grins","Sketches\grins\melting-grinnie.html","https://ronenglish-archive.github.io/ron-english-sketches-and-drawings/Sketches/grins/melting-grinnie.html","3","3","https://ronenglish-archive.github.io/ron-english-sketches-and-drawings/images/Sketches/grins/Melting%2520Grinnie%2520side%2520view%25201%2520COLOR.png","REVIEW","Some local image references were not found."
"Old bridge","Melting Monster Grin","grins","Sketches\grins\melting-monster-grin.html","https://ronenglish-archive.github.io/ron-english-sketches-and-drawings/Sketches/grins/melting-monster-grin.html","3","3","https://ronenglish-archive.github.io/ron-english-sketches-and-drawings/images/Sketches/grins/Melting%2520Monster%2520Grin%2520ORIGINAL.jpg","REVIEW","Some local image references were not found."
"Old bridge","Mentadusa","grins","Sketches\grins\mentadusa.html","https://ronenglish-archive.github.io/ron-english-sketches-and-drawings/Sketches/grins/mentadusa.html","3","3","https://ronenglish-archive.github.io/ron-english-sketches-and-drawings/images/Sketches/grins/Mentadusa%2520ORIGINAL.jpg","REVIEW","Some local image references were not found."
"Old bridge","Mickey Eyes Grin","grins","Sketches\grins\mickey-eyes-grin.html","https://ronenglish-archive.github.io/ron-english-sketches-and-drawings/Sketches/grins/mickey-eyes-grin.html","2","2","https://ronenglish-archive.github.io/ron-english-sketches-and-drawings/images/Sketches/grins/Mickey%2520Eyes%2520Grin%25201%2520COLOR.png","REVIEW","Some local image references were not found."
"Old bridge","Mickey Grin","grins","Sketches\grins\mickey-grin.html","https://ronenglish-archive.github.io/ron-english-sketches-and-drawings/Sketches/grins/mickey-grin.html","21","21","https://ronenglish-archive.github.io/ron-english-sketches-and-drawings/images/Sketches/grins/Mickey%2520Grin%2520head%2520ORIGINAL.jpg","REVIEW","Some local image references were not found."
"Old bridge","Mishka Eyeball Grin","grins","Sketches\grins\mishka-eyeball-grin.html","https://ronenglish-archive.github.io/ron-english-sketches-and-drawings/Sketches/grins/mishka-eyeball-grin.html","4","4","https://ronenglish-archive.github.io/ron-english-sketches-and-drawings/images/Sketches/grins/Mishka%2520Eyeball%2520Grin%2520ORIGINAL.jpg","REVIEW","Some local image references were not found."
"Old bridge","Modzilla Grin","grins","Sketches\grins\modzilla-grin.html","https://ronenglish-archive.github.io/ron-english-sketches-and-drawings/Sketches/grins/modzilla-grin.html","4","4","https://ronenglish-archive.github.io/ron-english-sketches-and-drawings/images/Sketches/grins/Modzilla%2520Grin%2520Front%2520ORIGINAL.jpg","REVIEW","Some local image references were not found."
"Old bridge","Mogul Grin","grins","Sketches\grins\mogul-grin.html","https://ronenglish-archive.github.io/ron-english-sketches-and-drawings/Sketches/grins/mogul-grin.html","16","16","https://ronenglish-archive.github.io/ron-english-sketches-and-drawings/images/Sketches/grins/Mogul%2520Grin%2520back%2520ORIGINAL.jpg","REVIEW","Some local image references were not found."
"Old bridge","Monkey Shiner Angel Grin","grins","Sketches\grins\monkey-shiner-angel-grin.html","https://ronenglish-archive.github.io/ron-english-sketches-and-drawings/Sketches/grins/monkey-shiner-angel-grin.html","2","2","https://ronenglish-archive.github.io/ron-english-sketches-and-drawings/images/Sketches/grins/Monkey%2520Shiner%2520Angel%2520Grin%2520ORINGINAL%2520(1).jpg","REVIEW","Some local image references were not found."
"Old bridge","Monkey Shriner Grin","grins","Sketches\grins\monkey-shriner-grin.html","https://ronenglish-archive.github.io/ron-english-sketches-and-drawings/Sketches/grins/monkey-shriner-grin.html","5","5","https://ronenglish-archive.github.io/ron-english-sketches-and-drawings/images/Sketches/grins/Monkey%2520Shriner%2520Grin%2520ORIGINAL.jpeg","REVIEW","Some local image references were not found."
"Old bridge","Mounted Gorilla Grin","grins","Sketches\grins\mounted-gorilla-grin.html","https://ronenglish-archive.github.io/ron-english-sketches-and-drawings/Sketches/grins/mounted-gorilla-grin.html","3","3","https://ronenglish-archive.github.io/ron-english-sketches-and-drawings/images/Sketches/grins/Mounted%2520Gorilla%2520Grin%2520ORIGINAL.jpg","REVIEW","Some local image references were not found."
"Old bridge","Mouth Grin","grins","Sketches\grins\mouth-grin.html","https://ronenglish-archive.github.io/ron-english-sketches-and-drawings/Sketches/grins/mouth-grin.html","3","3","https://ronenglish-archive.github.io/ron-english-sketches-and-drawings/images/Sketches/grins/Mouth%2520Grin%2520ORIGINAL.jpg","REVIEW","Some local image references were not found."
"Old bridge","Mr Met Grin","grins","Sketches\grins\mr-met-grin.html","https://ronenglish-archive.github.io/ron-english-sketches-and-drawings/Sketches/grins/mr-met-grin.html","3","3","https://ronenglish-archive.github.io/ron-english-sketches-and-drawings/images/Sketches/grins/Mr%2520Met%2520Grin%2520ORIGINAL%2520COLOR.jpg","REVIEW","Some local image references were not found."
"Old bridge","Mr Potato Grin","grins","Sketches\grins\mr-potato-grin.html","https://ronenglish-archive.github.io/ron-english-sketches-and-drawings/Sketches/grins/mr-potato-grin.html","4","4","https://ronenglish-archive.github.io/ron-english-sketches-and-drawings/images/Sketches/grins/Mr%2520Potato%2520Grin%2520ORIGINAL.jpg","REVIEW","Some local image references were not found."
"Old bridge","Mummy Grin","grins","Sketches\grins\mummy-grin.html","https://ronenglish-archive.github.io/ron-english-sketches-and-drawings/Sketches/grins/mummy-grin.html","5","5","https://ronenglish-archive.github.io/ron-english-sketches-and-drawings/images/Sketches/grins/Mummy%2520Grin%2520ORIGINAL.jpg","REVIEW","Some local image references were not found."
"Old bridge","M.U.S.C.L.E. He-Man Grinnie","grins","Sketches\grins\m-u-s-c-l-e-he-man-grinnie.html","https://ronenglish-archive.github.io/ron-english-sketches-and-drawings/Sketches/grins/m-u-s-c-l-e-he-man-grinnie.html","6","6","https://ronenglish-archive.github.io/ron-english-sketches-and-drawings/images/Sketches/grins/M.U.S.C.L.E.%2520He-Man%2520Grinnie%2520front%2520ORIGINAL.jpg","REVIEW","Some local image references were not found."
"Old bridge","Mush Man Grin","grins","Sketches\grins\mush-man-grin.html","https://ronenglish-archive.github.io/ron-english-sketches-and-drawings/Sketches/grins/mush-man-grin.html","8","8","https://ronenglish-archive.github.io/ron-english-sketches-and-drawings/images/Sketches/grins/Mush%2520Man%2520Grin%2520side%2520view%2520ORIGINAL.jpg","REVIEW","Some local image references were not found."
"Old bridge","Mutley Grin","grins","Sketches\grins\mutley-grin.html","https://ronenglish-archive.github.io/ron-english-sketches-and-drawings/Sketches/grins/mutley-grin.html","3","3","https://ronenglish-archive.github.io/ron-english-sketches-and-drawings/images/Sketches/grins/Mutley%2520Grin%2520ORIGINAL.jpg","REVIEW","Some local image references were not found."
"Old bridge","Ninja Turtle Grin","grins","Sketches\grins\ninja-turtle-grin.html","https://ronenglish-archive.github.io/ron-english-sketches-and-drawings/Sketches/grins/ninja-turtle-grin.html","4","4","https://ronenglish-archive.github.io/ron-english-sketches-and-drawings/images/Sketches/grins/Ninja%2520Turtle%2520Grin%2520ORIGINAL.jpg","REVIEW","Some local image references were not found."
"Old bridge","Olive Oil Grin","grins","Sketches\grins\olive-oil-grin.html","https://ronenglish-archive.github.io/ron-english-sketches-and-drawings/Sketches/grins/olive-oil-grin.html","3","3","https://ronenglish-archive.github.io/ron-english-sketches-and-drawings/images/Sketches/grins/Olive%2520Oil%2520Grin%2520ORIGINAL.jpg","REVIEW","Some local image references were not found."
"Old bridge","Orion Grin","grins","Sketches\grins\orion-grin.html","https://ronenglish-archive.github.io/ron-english-sketches-and-drawings/Sketches/grins/orion-grin.html","14","14","https://ronenglish-archive.github.io/ron-english-sketches-and-drawings/images/Sketches/grins/Orion%2520Grin%2520head%2520front%2520ORIGINAL.jpg","REVIEW","Some local image references were not found."
"Old bridge","Panda Bear Grin","grins","Sketches\grins\panda-bear-grin.html","https://ronenglish-archive.github.io/ron-english-sketches-and-drawings/Sketches/grins/panda-bear-grin.html","6","6","https://ronenglish-archive.github.io/ron-english-sketches-and-drawings/images/Sketches/grins/Panda%2520Bear%2520Grin%2520ORIGINAL.jpg","REVIEW","Some local image references were not found."
"Old bridge","Patrick Grin","grins","Sketches\grins\patrick-grin.html","https://ronenglish-archive.github.io/ron-english-sketches-and-drawings/Sketches/grins/patrick-grin.html","8","8","https://ronenglish-archive.github.io/ron-english-sketches-and-drawings/images/Sketches/grins/Patrick%2520Grin%2520ORIGINAL.jpg","REVIEW","Some local image references were not found."
"Old bridge","Peko Girl Grin","grins","Sketches\grins\peko-girl-grin.html","https://ronenglish-archive.github.io/ron-english-sketches-and-drawings/Sketches/grins/peko-girl-grin.html","3","3","https://ronenglish-archive.github.io/ron-english-sketches-and-drawings/images/Sketches/grins/Peko%2520Girl%2520Grin%2520ORIGINAL.jpg","REVIEW","Some local image references were not found."
"Old bridge","Pepz Boy Grin","grins","Sketches\grins\pepz-boy-grin.html","https://ronenglish-archive.github.io/ron-english-sketches-and-drawings/Sketches/grins/pepz-boy-grin.html","4","4","https://ronenglish-archive.github.io/ron-english-sketches-and-drawings/images/Sketches/grins/Pepz%2520Boy%2520Grin%2520ORIGINAL.jpeg","REVIEW","Some local image references were not found."
"Old bridge","Peter Grin","grins","Sketches\grins\peter-grin.html","https://ronenglish-archive.github.io/ron-english-sketches-and-drawings/Sketches/grins/peter-grin.html","3","3","https://ronenglish-archive.github.io/ron-english-sketches-and-drawings/images/Sketches/grins/Peter%2520Grin%2520ORIGINAL.jpg","REVIEW","Some local image references were not found."
"Old bridge","Peter Potamus Grin","grins","Sketches\grins\peter-potamus-grin.html","https://ronenglish-archive.github.io/ron-english-sketches-and-drawings/Sketches/grins/peter-potamus-grin.html","3","3","https://ronenglish-archive.github.io/ron-english-sketches-and-drawings/images/Sketches/grins/Peter%2520Potamus%2520Grin%2520ORIGINAL.jpg","REVIEW","Some local image references were not found."
"Old bridge","Pinocchio Grin","grins","Sketches\grins\pinocchio-grin.html","https://ronenglish-archive.github.io/ron-english-sketches-and-drawings/Sketches/grins/pinocchio-grin.html","15","15","https://ronenglish-archive.github.io/ron-english-sketches-and-drawings/images/Sketches/grins/Pinocchio%2520Grin%2520front%2520ORIGINAL.jpg","REVIEW","Some local image references were not found."
"Old bridge","Pizza This Grin","grins","Sketches\grins\pizza-this-grin.html","https://ronenglish-archive.github.io/ron-english-sketches-and-drawings/Sketches/grins/pizza-this-grin.html","3","3","https://ronenglish-archive.github.io/ron-english-sketches-and-drawings/images/Sketches/grins/Pizza%2520This%2520ORIGINAL.jpg","REVIEW","Some local image references were not found."
"Old bridge","Plush Bear Grin","grins","Sketches\grins\plush-bear-grin.html","https://ronenglish-archive.github.io/ron-english-sketches-and-drawings/Sketches/grins/plush-bear-grin.html","3","3","https://ronenglish-archive.github.io/ron-english-sketches-and-drawings/images/Sketches/grins/Plush%2520Bear%2520Grin%2520front%2520B%2526W.jpg","REVIEW","Some local image references were not found."
"Old bridge","Plush Grin","grins","Sketches\grins\plush-grin.html","https://ronenglish-archive.github.io/ron-english-sketches-and-drawings/Sketches/grins/plush-grin.html","2","2","https://ronenglish-archive.github.io/ron-english-sketches-and-drawings/images/Sketches/grins/Plush%2520Grin%2520front%2520ORIGINAL%2520COLOR.jpg","REVIEW","Some local image references were not found."
"Old bridge","Popeye Butthead Grin","grins","Sketches\grins\popeye-butthead-grin.html","https://ronenglish-archive.github.io/ron-english-sketches-and-drawings/Sketches/grins/popeye-butthead-grin.html","3","3","https://ronenglish-archive.github.io/ron-english-sketches-and-drawings/images/Sketches/grins/Popeye%2520Butthead%2520Grin%2520ORIGINAL.jpg","REVIEW","Some local image references were not found."
"Old bridge","Powerpuff Girl Bubbles Grin","grins","Sketches\grins\powerpuff-girl-bubbles-grin.html","https://ronenglish-archive.github.io/ron-english-sketches-and-drawings/Sketches/grins/powerpuff-girl-bubbles-grin.html","3","3","https://ronenglish-archive.github.io/ron-english-sketches-and-drawings/images/Sketches/grins/Powerpuff%2520Girl%2520Bubbles%2520Grin%2520ORIGINAL.jpg","REVIEW","Some local image references were not found."
"Old bridge","Pumpkin Grin","grins","Sketches\grins\pumpkin-grin.html","https://ronenglish-archive.github.io/ron-english-sketches-and-drawings/Sketches/grins/pumpkin-grin.html","6","6","https://ronenglish-archive.github.io/ron-english-sketches-and-drawings/images/Sketches/grins/Pumpkin%2520Grin%2520Side%2520View%2520ORIGINAL.jpg","REVIEW","Some local image references were not found."
"Old bridge","Qhrist Grin","grins","Sketches\grins\qhrist-grin-1.html","https://ronenglish-archive.github.io/ron-english-sketches-and-drawings/Sketches/grins/qhrist-grin-1.html","7","7","https://ronenglish-archive.github.io/ron-english-sketches-and-drawings/images/Sketches/grins/Qhrist%2520Grin%25201%2520ORIGINAL.jpg","REVIEW","Some local image references were not found."
"Old bridge","Quick Draw McGraw Grin","grins","Sketches\grins\quick-draw-mcgraw-grin.html","https://ronenglish-archive.github.io/ron-english-sketches-and-drawings/Sketches/grins/quick-draw-mcgraw-grin.html","3","3","https://ronenglish-archive.github.io/ron-english-sketches-and-drawings/images/Sketches/grins/Quick%2520Draw%2520McGraw%2520Grin%2520ORIGINAL.jpg","REVIEW","Some local image references were not found."
"Old bridge","Rabbbit Grin","grins","Sketches\grins\rabbbit-grin.html","https://ronenglish-archive.github.io/ron-english-sketches-and-drawings/Sketches/grins/rabbbit-grin.html","44","44","https://ronenglish-archive.github.io/ron-english-sketches-and-drawings/images/Sketches/grins/Rabbbit%2520Grin%2520ORIGINAL.jpg","REVIEW","Some local image references were not found."
"Old bridge","Rabbit Grin","grins","Sketches\grins\rabbit-grin.html","https://ronenglish-archive.github.io/ron-english-sketches-and-drawings/Sketches/grins/rabbit-grin.html","3","3","https://ronenglish-archive.github.io/ron-english-sketches-and-drawings/images/Sketches/grins/Rabbit%2520Grin%2520ORIGINAL.jpg","REVIEW","Some local image references were not found."
"Old bridge","Rabbit Grin 2","grins","Sketches\grins\rabbit-grin-2.html","https://ronenglish-archive.github.io/ron-english-sketches-and-drawings/Sketches/grins/rabbit-grin-2.html","3","3","https://ronenglish-archive.github.io/ron-english-sketches-and-drawings/images/Sketches/grins/Rabbit%2520Grin%25202%2520ORIGINAL.jpg","REVIEW","Some local image references were not found."
"Old bridge","Ramones Grin","grins","Sketches\grins\ramones-grin.html","https://ronenglish-archive.github.io/ron-english-sketches-and-drawings/Sketches/grins/ramones-grin.html","5","5","https://ronenglish-archive.github.io/ron-english-sketches-and-drawings/images/Sketches/grins/Ramones%2520Grin%25201%2520ORIGINAL.jpg","REVIEW","Some local image references were not found."
"Old bridge","Richie Grin","grins","Sketches\grins\richie-grin.html","https://ronenglish-archive.github.io/ron-english-sketches-and-drawings/Sketches/grins/richie-grin.html","4","4","https://ronenglish-archive.github.io/ron-english-sketches-and-drawings/images/Sketches/grins/Richie%2520Grin%2520ORIGINAL.jpg","REVIEW","Some local image references were not found."
"Old bridge","Robbie Spray Grin","grins","Sketches\grins\robbie-spray-grin.html","https://ronenglish-archive.github.io/ron-english-sketches-and-drawings/Sketches/grins/robbie-spray-grin.html","4","4","https://ronenglish-archive.github.io/ron-english-sketches-and-drawings/images/Sketches/grins/Robbie%2520Spray%2520Grin%2520ORIGINAL.jpg","REVIEW","Some local image references were not found."
"Old bridge","Robby Robot Grin","grins","Sketches\grins\robby-robot-grin.html","https://ronenglish-archive.github.io/ron-english-sketches-and-drawings/Sketches/grins/robby-robot-grin.html","3","3","https://ronenglish-archive.github.io/ron-english-sketches-and-drawings/images/Sketches/grins/Robby%2520Robot%2520Grin%2520ORIGINAL.jpg","REVIEW","Some local image references were not found."
"Old bridge","Ron Fink Grin","grins","Sketches\grins\ron-fink-grin.html","https://ronenglish-archive.github.io/ron-english-sketches-and-drawings/Sketches/grins/ron-fink-grin.html","4","4","https://ronenglish-archive.github.io/ron-english-sketches-and-drawings/images/Sketches/grins/Ron%2520Fink%2520Grin%2520ORIGINAL.jpg","REVIEW","Some local image references were not found."
"Old bridge","Ron Grin Face Icon","grins","Sketches\grins\ron-grin-face-icon.html","https://ronenglish-archive.github.io/ron-english-sketches-and-drawings/Sketches/grins/ron-grin-face-icon.html","1","1","https://ronenglish-archive.github.io/ron-english-sketches-and-drawings/images/Sketches/grins/Ron%2520Grin%2520Face%2520Icon%2520ORIGINAL%2520COLOR.jpg","REVIEW","Some local image references were not found."
"Old bridge","Rosie Jetson Grin","grins","Sketches\grins\rosie-jetson-grin.html","https://ronenglish-archive.github.io/ron-english-sketches-and-drawings/Sketches/grins/rosie-jetson-grin.html","3","3","https://ronenglish-archive.github.io/ron-english-sketches-and-drawings/images/Sketches/grins/Rosie%2520Jetson%2520Grin%2520ORIGINAL.jpg","REVIEW","Some local image references were not found."
"Old bridge","Rugrat Grin","grins","Sketches\grins\rugrat-grin.html","https://ronenglish-archive.github.io/ron-english-sketches-and-drawings/Sketches/grins/rugrat-grin.html","3","3","https://ronenglish-archive.github.io/ron-english-sketches-and-drawings/images/Sketches/grins/Rugrat%2520Grin%2520ORIGINAL.jpg","REVIEW","Some local image references were not found."
"Old bridge","Santa Cruz Hand Grin","grins","Sketches\grins\santa-cruz-hand-grin.html","https://ronenglish-archive.github.io/ron-english-sketches-and-drawings/Sketches/grins/santa-cruz-hand-grin.html","3","3","https://ronenglish-archive.github.io/ron-english-sketches-and-drawings/images/Sketches/grins/Santa%2520Cruz%2520Hand%2520Grin%2520ORIGINAL.jpg","REVIEW","Some local image references were not found."
"Old bridge","Santa Grin","grins","Sketches\grins\santa-grin.html","https://ronenglish-archive.github.io/ron-english-sketches-and-drawings/Sketches/grins/santa-grin.html","10","10","https://ronenglish-archive.github.io/ron-english-sketches-and-drawings/images/Sketches/grins/Santa%2520Grin%25201%2520ORIGINAL.jpg","REVIEW","Some local image references were not found."
"Old bridge","Scooby Doo Grin","grins","Sketches\grins\scooby-doo-grin.html","https://ronenglish-archive.github.io/ron-english-sketches-and-drawings/Sketches/grins/scooby-doo-grin.html","3","3","https://ronenglish-archive.github.io/ron-english-sketches-and-drawings/images/Sketches/grins/Scooby%2520Doo%2520Grin%2520ORIGINAL.jpg","REVIEW","Some local image references were not found."
"Old bridge","Scream Grin","grins","Sketches\grins\scream-grin.html","https://ronenglish-archive.github.io/ron-english-sketches-and-drawings/Sketches/grins/scream-grin.html","3","3","https://ronenglish-archive.github.io/ron-english-sketches-and-drawings/images/Sketches/grins/Scream%2520Grin%2520ORIGINAL.jpg","REVIEW","Some local image references were not found."
"Old bridge","Sever Fairy Landshark Grin","grins","Sketches\grins\sever-fairy-landshark-grin-mickey-fin.html","https://ronenglish-archive.github.io/ron-english-sketches-and-drawings/Sketches/grins/sever-fairy-landshark-grin-mickey-fin.html","16","16","https://ronenglish-archive.github.io/ron-english-sketches-and-drawings/images/Sketches/grins/Sever%2520Fairy%2520Landshark%2520Grin%2520(Mickey%2520Fin)%2520ORIGINAL.jpg","REVIEW","Some local image references were not found."
"Old bridge","Shark Grin Hotrod","grins","Sketches\grins\shark-grin-hotrod.html","https://ronenglish-archive.github.io/ron-english-sketches-and-drawings/Sketches/grins/shark-grin-hotrod.html","3","3","https://ronenglish-archive.github.io/ron-english-sketches-and-drawings/images/Sketches/grins/Shark%2520Grin%2520Hotrod%2520ORIGINAL.jpg","REVIEW","Some local image references were not found."
"Old bridge","Simpsons Family","grins","Sketches\grins\simpsons-family.html","https://ronenglish-archive.github.io/ron-english-sketches-and-drawings/Sketches/grins/simpsons-family.html","2","2","https://ronenglish-archive.github.io/ron-english-sketches-and-drawings/images/Sketches/grins/Simpsons%2520Family%2520Grins%25201%2520ORIGINAL.jpg","REVIEW","Some local image references were not found."
"Old bridge","Skeleton Grin","grins","Sketches\grins\skeleton-grin.html","https://ronenglish-archive.github.io/ron-english-sketches-and-drawings/Sketches/grins/skeleton-grin.html","6","6","https://ronenglish-archive.github.io/ron-english-sketches-and-drawings/images/Sketches/grins/Skeleton%2520Grin%2520front%2520ORIGINAL.jpg","REVIEW","Some local image references were not found."
"Old bridge","Slo Moe Grin","grins","Sketches\grins\slo-moe-grin.html","https://ronenglish-archive.github.io/ron-english-sketches-and-drawings/Sketches/grins/slo-moe-grin.html","6","6","https://ronenglish-archive.github.io/ron-english-sketches-and-drawings/images/Sketches/grins/Slo%2520Moe%2520Grin%2520portrait%2520closeup%2520ORIGINAL.jpg","REVIEW","Some local image references were not found."
"Old bridge","Slushsquatch Grin","grins","Sketches\grins\slushsquatch-grin.html","https://ronenglish-archive.github.io/ron-english-sketches-and-drawings/Sketches/grins/slushsquatch-grin.html","3","3","https://ronenglish-archive.github.io/ron-english-sketches-and-drawings/images/Sketches/grins/Slushsquatch%2520Grin%2520ORIGINAL.jpg","REVIEW","Some local image references were not found."
"Old bridge","Smack, Crack, Pop Grin","grins","Sketches\grins\smack-crack-pop-grin.html","https://ronenglish-archive.github.io/ron-english-sketches-and-drawings/Sketches/grins/smack-crack-pop-grin.html","3","3","https://ronenglish-archive.github.io/ron-english-sketches-and-drawings/images/Sketches/grins/Smack%252C%2520Crack%252C%2520Pop%2520Grin%2520ORIGINAL.jpg","REVIEW","Some local image references were not found."
"Old bridge","Smiley Face Dog Grin Newcastle","grins","Sketches\grins\smiley-face-dog-grin-newcastle.html","https://ronenglish-archive.github.io/ron-english-sketches-and-drawings/Sketches/grins/smiley-face-dog-grin-newcastle.html","2","2","https://ronenglish-archive.github.io/ron-english-sketches-and-drawings/images/Sketches/grins/Smiley%2520Face%2520Dog%2520Grin%2520Newcastle%2520ORIGINAL.jpg","REVIEW","Some local image references were not found."
"Old bridge","Smoking Grin","grins","Sketches\grins\smoking-grin.html","https://ronenglish-archive.github.io/ron-english-sketches-and-drawings/Sketches/grins/smoking-grin.html","4","4","https://ronenglish-archive.github.io/ron-english-sketches-and-drawings/images/Sketches/grins/Smoking%2520Grin%2520ORIGINAL.jpg","REVIEW","Some local image references were not found."
"Old bridge","Smurfette Grin","grins","Sketches\grins\smurfette-grin.html","https://ronenglish-archive.github.io/ron-english-sketches-and-drawings/Sketches/grins/smurfette-grin.html","4","4","https://ronenglish-archive.github.io/ron-english-sketches-and-drawings/images/Sketches/grins/Smurfette%2520Grin%2520ORIGINAL.jpg","REVIEW","Some local image references were not found."
"Old bridge","Smurf Grin","grins","Sketches\grins\smurf-grin.html","https://ronenglish-archive.github.io/ron-english-sketches-and-drawings/Sketches/grins/smurf-grin.html","4","4","https://ronenglish-archive.github.io/ron-english-sketches-and-drawings/images/Sketches/grins/Smurf%2520Grin%2520ORIGINAL.jpg","REVIEW","Some local image references were not found."
"Old bridge","Snoopy Grin","grins","Sketches\grins\snoopy-grin.html","https://ronenglish-archive.github.io/ron-english-sketches-and-drawings/Sketches/grins/snoopy-grin.html","12","12","https://ronenglish-archive.github.io/ron-english-sketches-and-drawings/images/Sketches/grins/Snoopy%2520Grin%2520front%2520ORIGINAL.jpg","REVIEW","Some local image references were not found."
"Old bridge","Sock Monkey Grin","grins","Sketches\grins\sock-monkey-grin.html","https://ronenglish-archive.github.io/ron-english-sketches-and-drawings/Sketches/grins/sock-monkey-grin.html","4","4","https://ronenglish-archive.github.io/ron-english-sketches-and-drawings/images/Sketches/grins/Sock%2520Monkey%2520Grin%2520ORIGINAL.jpg","REVIEW","Some local image references were not found."
"Old bridge","Sonic Grin","grins","Sketches\grins\sonic-grin.html","https://ronenglish-archive.github.io/ron-english-sketches-and-drawings/Sketches/grins/sonic-grin.html","3","3","https://ronenglish-archive.github.io/ron-english-sketches-and-drawings/images/Sketches/grins/Sonic%2520Grin%2520ORIGINAL.jpg","REVIEW","Some local image references were not found."
"Old bridge","Space Shark Grin","grins","Sketches\grins\space-shark-grin.html","https://ronenglish-archive.github.io/ron-english-sketches-and-drawings/Sketches/grins/space-shark-grin.html","2","2","https://ronenglish-archive.github.io/ron-english-sketches-and-drawings/images/Sketches/grins/Space%2520Shark%2520Grin%2520ORIGINAL.jpg","REVIEW","Some local image references were not found."
"Old bridge","Spaz Grin","grins","Sketches\grins\spaz-grin.html","https://ronenglish-archive.github.io/ron-english-sketches-and-drawings/Sketches/grins/spaz-grin.html","2","2","https://ronenglish-archive.github.io/ron-english-sketches-and-drawings/images/Sketches/grins/Spaz%2520Grin%2520ORIGINAL.jpg","REVIEW","Some local image references were not found."
"Old bridge","Speak More Evil Grin","grins","Sketches\grins\speak-more-evil-grin.html","https://ronenglish-archive.github.io/ron-english-sketches-and-drawings/Sketches/grins/speak-more-evil-grin.html","4","4","https://ronenglish-archive.github.io/ron-english-sketches-and-drawings/images/Sketches/grins/Speak%2520More%2520Evil%2520Grin%2520side%2520ORIGINAL.jpg","REVIEW","Some local image references were not found."
"Old bridge","Spitting Grin","grins","Sketches\grins\spitting-grin.html","https://ronenglish-archive.github.io/ron-english-sketches-and-drawings/Sketches/grins/spitting-grin.html","2","2","https://ronenglish-archive.github.io/ron-english-sketches-and-drawings/images/Sketches/grins/Spitting%2520Grin%2520B%2526W.jpg","REVIEW","Some local image references were not found."
"Old bridge","Spongebob Grin","grins","Sketches\grins\spongebob-grin.html","https://ronenglish-archive.github.io/ron-english-sketches-and-drawings/Sketches/grins/spongebob-grin.html","7","7","https://ronenglish-archive.github.io/ron-english-sketches-and-drawings/images/Sketches/grins/Spongebob%2520Grin%2520ORIGINAL.jpg","REVIEW","Some local image references were not found."
"Old bridge","Squirrel Squirt Grin","grins","Sketches\grins\squirrel-squirt-grin.html","https://ronenglish-archive.github.io/ron-english-sketches-and-drawings/Sketches/grins/squirrel-squirt-grin.html","5","5","https://ronenglish-archive.github.io/ron-english-sketches-and-drawings/images/Sketches/grins/Squirrel%2520Squirt%2520Grin%2520Head%2520ORIGINAL.jpg","REVIEW","Some local image references were not found."
"Old bridge","Staples Pigeon Grin","grins","Sketches\grins\staples-pigeon-grin.html","https://ronenglish-archive.github.io/ron-english-sketches-and-drawings/Sketches/grins/staples-pigeon-grin.html","6","6","https://ronenglish-archive.github.io/ron-english-sketches-and-drawings/images/Sketches/grins/Staples%2520Pigeon%2520Grin%2520front%2520ORIGINAL.jpg","REVIEW","Some local image references were not found."
"Old bridge","Starskull Trooper Grin","grins","Sketches\grins\starskull-trooper-grin.html","https://ronenglish-archive.github.io/ron-english-sketches-and-drawings/Sketches/grins/starskull-trooper-grin.html","3","3","https://ronenglish-archive.github.io/ron-english-sketches-and-drawings/images/Sketches/grins/Starskull%2520Trooper%2520Grin%2520ORIGINAL.jpeg","REVIEW","Some local image references were not found."
"Old bridge","Stewie Grin","grins","Sketches\grins\stewie-grin.html","https://ronenglish-archive.github.io/ron-english-sketches-and-drawings/Sketches/grins/stewie-grin.html","3","3","https://ronenglish-archive.github.io/ron-english-sketches-and-drawings/images/Sketches/grins/Stewie%2520Grin%2520ORIGINAL.jpg","REVIEW","Some local image references were not found."
"Old bridge","Stitch Grin","grins","Sketches\grins\stitch-grin.html","https://ronenglish-archive.github.io/ron-english-sketches-and-drawings/Sketches/grins/stitch-grin.html","4","4","https://ronenglish-archive.github.io/ron-english-sketches-and-drawings/images/Sketches/grins/Stitch%2520Grin%2520ORIGINAL.jpg","REVIEW","Some local image references were not found."
"Old bridge","Stormtrooper Grin","grins","Sketches\grins\stormtrooper-grin.html","https://ronenglish-archive.github.io/ron-english-sketches-and-drawings/Sketches/grins/stormtrooper-grin.html","3","3","https://ronenglish-archive.github.io/ron-english-sketches-and-drawings/images/Sketches/grins/Stormtrooper%2520Grin%2520ORIGINAL.jpg","REVIEW","Some local image references were not found."
"Old bridge","Street Fighter Guile Grin","grins","Sketches\grins\street-fighter-guile-grin.html","https://ronenglish-archive.github.io/ron-english-sketches-and-drawings/Sketches/grins/street-fighter-guile-grin.html","3","3","https://ronenglish-archive.github.io/ron-english-sketches-and-drawings/images/Sketches/grins/Street%2520Fighter%2520Guile%2520Grin%2520ORIGINAL.jpg","REVIEW","Some local image references were not found."
"Old bridge","Sugar Clown Grin","grins","Sketches\grins\sugar-clown-grin.html","https://ronenglish-archive.github.io/ron-english-sketches-and-drawings/Sketches/grins/sugar-clown-grin.html","11","11","https://ronenglish-archive.github.io/ron-english-sketches-and-drawings/images/Sketches/grins/Sugar%2520Clown%2520Grin%2520back%2520ORIGINAL.jpg","REVIEW","Some local image references were not found."
"Old bridge","Sugar Diabetic Bear Grin","grins","Sketches\grins\sugar-diabetic-bear-grin.html","https://ronenglish-archive.github.io/ron-english-sketches-and-drawings/Sketches/grins/sugar-diabetic-bear-grin.html","3","3","https://ronenglish-archive.github.io/ron-english-sketches-and-drawings/images/Sketches/grins/Sugar%2520Diabetic%2520Bear%2520Grin%2520ORIGINAL.jpg","REVIEW","Some local image references were not found."
"Old bridge","Sugar Smack Grin","grins","Sketches\grins\sugar-smack-grin.html","https://ronenglish-archive.github.io/ron-english-sketches-and-drawings/Sketches/grins/sugar-smack-grin.html","3","3","https://ronenglish-archive.github.io/ron-english-sketches-and-drawings/images/Sketches/grins/Sugar%2520Smack%2520Grin%2520ORIGINAL.jpg","REVIEW","Some local image references were not found."
"Old bridge","Surf Girl Grin","grins","Sketches\grins\surf-girl-grin.html","https://ronenglish-archive.github.io/ron-english-sketches-and-drawings/Sketches/grins/surf-girl-grin.html","4","4","https://ronenglish-archive.github.io/ron-english-sketches-and-drawings/images/Sketches/grins/Surf%2520Girl%2520Grin%2520ORIGINAL.jpg","REVIEW","Some local image references were not found."
"Old bridge","Taz Grin","grins","Sketches\grins\taz-grin.html","https://ronenglish-archive.github.io/ron-english-sketches-and-drawings/Sketches/grins/taz-grin.html","7","7","https://ronenglish-archive.github.io/ron-english-sketches-and-drawings/images/Sketches/grins/Taz%2520Grin%2520ORIGINAL.jpg","REVIEW","Some local image references were not found."
"Old bridge","Techno Kitten Grin","grins","Sketches\grins\techno-kitten-grin.html","https://ronenglish-archive.github.io/ron-english-sketches-and-drawings/Sketches/grins/techno-kitten-grin.html","3","3","https://ronenglish-archive.github.io/ron-english-sketches-and-drawings/images/Sketches/grins/Techno%2520Kitten%2520Grin%2520ORIGINAL.jpg","REVIEW","Some local image references were not found."
"Old bridge","Teddy Bear Grin","grins","Sketches\grins\teddy-bear-grin.html","https://ronenglish-archive.github.io/ron-english-sketches-and-drawings/Sketches/grins/teddy-bear-grin.html","7","7","https://ronenglish-archive.github.io/ron-english-sketches-and-drawings/images/Sketches/grins/Teddy%2520Bear%2520Grin%2520ORIGINAL.jpg","REVIEW","Some local image references were not found."
"Old bridge","Telegrinnie","grins","Sketches\grins\telegrinnie.html","https://ronenglish-archive.github.io/ron-english-sketches-and-drawings/Sketches/grins/telegrinnie.html","10","10","https://ronenglish-archive.github.io/ron-english-sketches-and-drawings/images/Sketches/grins/Telegrinnie%2520side%2520ORIGINAL.jpg","REVIEW","Some local image references were not found."
"Old bridge","Tiger Grin","grins","Sketches\grins\tiger-grin.html","https://ronenglish-archive.github.io/ron-english-sketches-and-drawings/Sketches/grins/tiger-grin.html","5","5","https://ronenglish-archive.github.io/ron-english-sketches-and-drawings/images/Sketches/grins/Tiger%2520Grin%2520ORIGINAL.jpg","REVIEW","Some local image references were not found."
"Old bridge","Tiger Sphinx Grin","grins","Sketches\grins\tiger-sphinx-grin.html","https://ronenglish-archive.github.io/ron-english-sketches-and-drawings/Sketches/grins/tiger-sphinx-grin.html","6","6","https://ronenglish-archive.github.io/ron-english-sketches-and-drawings/images/Sketches/grins/Tiger%2520Sphinx%2520Grin%2520ORIGINAL.jpg","REVIEW","Some local image references were not found."
"Old bridge","Timid Shark Grin","grins","Sketches\grins\timid-shark-grin.html","https://ronenglish-archive.github.io/ron-english-sketches-and-drawings/Sketches/grins/timid-shark-grin.html","3","3","https://ronenglish-archive.github.io/ron-english-sketches-and-drawings/images/Sketches/grins/Timid%2520Shark%2520Grin%2520ORIGINAL.jpg","REVIEW","Some local image references were not found."
"Old bridge","Timmy Turner Grin","grins","Sketches\grins\timmy-turner-grin.html","https://ronenglish-archive.github.io/ron-english-sketches-and-drawings/Sketches/grins/timmy-turner-grin.html","3","3","https://ronenglish-archive.github.io/ron-english-sketches-and-drawings/images/Sketches/grins/Timmy%2520Turner%2520Grin%2520ORIGINAL.jpg","REVIEW","Some local image references were not found."
"Old bridge","Tmnt Leonardo Grin","grins","Sketches\grins\tmnt-leonardo-grin.html","https://ronenglish-archive.github.io/ron-english-sketches-and-drawings/Sketches/grins/tmnt-leonardo-grin.html","3","3","https://ronenglish-archive.github.io/ron-english-sketches-and-drawings/images/Sketches/grins/Tmnt%2520Leonardo%2520Grin%2520ORIGINAL.jpg","REVIEW","Some local image references were not found."
"Old bridge","Tmnt Michelangelo Grin","grins","Sketches\grins\tmnt-michelangelo-grin.html","https://ronenglish-archive.github.io/ron-english-sketches-and-drawings/Sketches/grins/tmnt-michelangelo-grin.html","3","3","https://ronenglish-archive.github.io/ron-english-sketches-and-drawings/images/Sketches/grins/Tmnt%2520Michelangelo%2520Grin%2520ORIGINAL.jpg","REVIEW","Some local image references were not found."
"Old bridge","Tmnt Raphael Grin","grins","Sketches\grins\tmnt-raphael-grin.html","https://ronenglish-archive.github.io/ron-english-sketches-and-drawings/Sketches/grins/tmnt-raphael-grin.html","3","3","https://ronenglish-archive.github.io/ron-english-sketches-and-drawings/images/Sketches/grins/Tmnt%2520Raphael%2520Grin%2520ORIGINAL.jpg","REVIEW","Some local image references were not found."
"Old bridge","Tom N Jerry Grins","grins","Sketches\grins\tom-n-jerry-grins.html","https://ronenglish-archive.github.io/ron-english-sketches-and-drawings/Sketches/grins/tom-n-jerry-grins.html","2","2","https://ronenglish-archive.github.io/ron-english-sketches-and-drawings/images/Sketches/grins/Tom%2520N%2520Jerry%2520Grins%2520ORIGINAL.jpg","REVIEW","Some local image references were not found."
"Old bridge","Tony Tiger Grin","grins","Sketches\grins\tony-tiger-grin.html","https://ronenglish-archive.github.io/ron-english-sketches-and-drawings/Sketches/grins/tony-tiger-grin.html","8","8","https://ronenglish-archive.github.io/ron-english-sketches-and-drawings/images/Sketches/grins/Tony%2520Tiger%2520Grin%25201%2520ORIGINAL.jpg","REVIEW","Some local image references were not found."
"Old bridge","Topcat Grin","grins","Sketches\grins\topcat-grin.html","https://ronenglish-archive.github.io/ron-english-sketches-and-drawings/Sketches/grins/topcat-grin.html","3","3","https://ronenglish-archive.github.io/ron-english-sketches-and-drawings/images/Sketches/grins/Topcat%2520Grin%2520ORIGINAL.jpg","REVIEW","Some local image references were not found."
"Old bridge","Trippy Grin","grins","Sketches\grins\trippy-grin.html","https://ronenglish-archive.github.io/ron-english-sketches-and-drawings/Sketches/grins/trippy-grin.html","6","6","https://ronenglish-archive.github.io/ron-english-sketches-and-drawings/images/Sketches/grins/Trippy%2520Grin%2520ORIGINAL.jpg","REVIEW","Some local image references were not found."
"Old bridge","Tupac Grin","grins","Sketches\grins\tupac-grin.html","https://ronenglish-archive.github.io/ron-english-sketches-and-drawings/Sketches/grins/tupac-grin.html","5","5","https://ronenglish-archive.github.io/ron-english-sketches-and-drawings/images/Sketches/grins/Tupac%2520Grin%2520ORIGINAL%25201.jpg","REVIEW","Some local image references were not found."
"Old bridge","Tweetie Grin","grins","Sketches\grins\tweetie-grin.html","https://ronenglish-archive.github.io/ron-english-sketches-and-drawings/Sketches/grins/tweetie-grin.html","2","2","https://ronenglish-archive.github.io/ron-english-sketches-and-drawings/images/Sketches/grins/Tweetie%2520Grin%2520ORIGINAL.jpg","REVIEW","Some local image references were not found."
"Old bridge","Ultraman Grin","grins","Sketches\grins\ultraman-grin.html","https://ronenglish-archive.github.io/ron-english-sketches-and-drawings/Sketches/grins/ultraman-grin.html","3","3","https://ronenglish-archive.github.io/ron-english-sketches-and-drawings/images/Sketches/grins/Ultraman%2520Grin%2520ORIGINAL.jpg","REVIEW","Some local image references were not found."
"Old bridge","Unicorn Grin","grins","Sketches\grins\unicorn-grin.html","https://ronenglish-archive.github.io/ron-english-sketches-and-drawings/Sketches/grins/unicorn-grin.html","12","12","https://ronenglish-archive.github.io/ron-english-sketches-and-drawings/images/Sketches/grins/Unicorn%2520Grin%2520ORIGINAL.jpg","REVIEW","Some local image references were not found."
"Old bridge","Unipig Grin","grins","Sketches\grins\unipig-grin.html","https://ronenglish-archive.github.io/ron-english-sketches-and-drawings/Sketches/grins/unipig-grin.html","3","3","https://ronenglish-archive.github.io/ron-english-sketches-and-drawings/images/Sketches/grins/Unipig%2520Grin%2520ORIGINAL.jpg","REVIEW","Some local image references were not found."
"Old bridge","Urban Bigfoot Grin","grins","Sketches\grins\urban-bigfoot-grin.html","https://ronenglish-archive.github.io/ron-english-sketches-and-drawings/Sketches/grins/urban-bigfoot-grin.html","4","4","https://ronenglish-archive.github.io/ron-english-sketches-and-drawings/images/Sketches/grins/Urban%2520Bigfoot%2520Grin%2520front%2520face%2520ORIGINAL.jpg","REVIEW","Some local image references were not found."
"Old bridge","Vampire Grin","grins","Sketches\grins\vampire-grin.html","https://ronenglish-archive.github.io/ron-english-sketches-and-drawings/Sketches/grins/vampire-grin.html","2","2","https://ronenglish-archive.github.io/ron-english-sketches-and-drawings/images/Sketches/grins/Vampire%2520Grin%2520Front%2520B%2526W.jpg","REVIEW","Some local image references were not found."
"Old bridge","Wing Grin","grins","Sketches\grins\wing-grin.html","https://ronenglish-archive.github.io/ron-english-sketches-and-drawings/Sketches/grins/wing-grin.html","3","3","https://ronenglish-archive.github.io/ron-english-sketches-and-drawings/images/Sketches/grins/Wing%2520Grin%2520body%2520ORIGINAL.jpg","REVIEW","Some local image references were not found."
"Old bridge","Wolf Grin","grins","Sketches\grins\wolf-grin.html","https://ronenglish-archive.github.io/ron-english-sketches-and-drawings/Sketches/grins/wolf-grin.html","5","5","https://ronenglish-archive.github.io/ron-english-sketches-and-drawings/images/Sketches/grins/Wolf%2520Grin%2520ORIGINAL.jpg","REVIEW","Some local image references were not found."
"Old bridge","Woodstock Grin","grins","Sketches\grins\woodstock-grin.html","https://ronenglish-archive.github.io/ron-english-sketches-and-drawings/Sketches/grins/woodstock-grin.html","8","8","https://ronenglish-archive.github.io/ron-english-sketches-and-drawings/images/Sketches/grins/Woodstock%2520Grin%2520ORIGINAL.jpg","REVIEW","Some local image references were not found."
"Old bridge","Yellow Submarine Grin","grins","Sketches\grins\yellow-submarine-grin.html","https://ronenglish-archive.github.io/ron-english-sketches-and-drawings/Sketches/grins/yellow-submarine-grin.html","3","3","https://ronenglish-archive.github.io/ron-english-sketches-and-drawings/images/Sketches/grins/Yellow%2520Submarine%2520Grin%2520ORIGINAL.jpg","REVIEW","Some local image references were not found."
"Old bridge","Yin Yang Grin","grins","Sketches\grins\yin-yang-grin-1.html","https://ronenglish-archive.github.io/ron-english-sketches-and-drawings/Sketches/grins/yin-yang-grin-1.html","8","8","https://ronenglish-archive.github.io/ron-english-sketches-and-drawings/images/Sketches/grins/Yin%2520Yang%2520Grin%25202%2520ORIGINAL%25202.jpg","REVIEW","Some local image references were not found."
"Old bridge","Yogi Bear Grin","grins","Sketches\grins\yogi-bear-grin.html","https://ronenglish-archive.github.io/ron-english-sketches-and-drawings/Sketches/grins/yogi-bear-grin.html","3","3","https://ronenglish-archive.github.io/ron-english-sketches-and-drawings/images/Sketches/grins/Yogi%2520Bear%2520Grin%2520ORIGINAL.jpg","REVIEW","Some local image references were not found."
"Old bridge","Yucky Charmer Grin","grins","Sketches\grins\yucky-charmer-grin.html","https://ronenglish-archive.github.io/ron-english-sketches-and-drawings/Sketches/grins/yucky-charmer-grin.html","3","3","https://ronenglish-archive.github.io/ron-english-sketches-and-drawings/images/Sketches/grins/Yucky%2520Charmer%2520Grin%2520ORIGINAL.jpg","REVIEW","Some local image references were not found."
"Old bridge","Zephyr Zelephant Grin","grins","Sketches\grins\zephyr-zelephant-grin.html","https://ronenglish-archive.github.io/ron-english-sketches-and-drawings/Sketches/grins/zephyr-zelephant-grin.html","2","2","https://ronenglish-archive.github.io/ron-english-sketches-and-drawings/images/Sketches/grins/Zephyr%2520Zelephant%2520Grin%2520ORIGINAL.jpg","REVIEW","Some local image references were not found."
"Animals","Ballsy Frog","amphibians","Sketches\amphibians\frogs\ballsy-frog.html","https://ronenglish-archive.github.io/ron-english-sketches-animals/Sketches/amphibians/frogs/ballsy-frog.html","3","3","https://ronenglish-archive.github.io/ron-english-sketches-animals/images/Sketches/amphibians/frogs/Ballsy%2520Frog%2520ORIGINAL.jpg","REVIEW","Some local image references were not found."
"Animals","Frogman","amphibians","Sketches\amphibians\frogs\frogman.html","https://ronenglish-archive.github.io/ron-english-sketches-animals/Sketches/amphibians/frogs/frogman.html","1","1","https://ronenglish-archive.github.io/ron-english-sketches-animals/images/Sketches/amphibians/frogs/Frogman%2520ORIGINAL.jpg","REVIEW","Some local image references were not found."
"Animals","Frog Prince","amphibians","Sketches\amphibians\frogs\frog-prince.html","https://ronenglish-archive.github.io/ron-english-sketches-animals/Sketches/amphibians/frogs/frog-prince.html","5","5","https://ronenglish-archive.github.io/ron-english-sketches-animals/images/Sketches/amphibians/frogs/Frog%2520Prince%2520ORIGINAL.jpg","REVIEW","Some local image references were not found."
"Animals","Frog Princess","amphibians","Sketches\amphibians\frogs\frog-princess.html","https://ronenglish-archive.github.io/ron-english-sketches-animals/Sketches/amphibians/frogs/frog-princess.html","4","4","https://ronenglish-archive.github.io/ron-english-sketches-animals/images/Sketches/amphibians/frogs/Frog%2520Princess%2520ORIGINAL.jpg","REVIEW","Some local image references were not found."
"Animals","Frog Queen","amphibians","Sketches\amphibians\frogs\frog-queen.html","https://ronenglish-archive.github.io/ron-english-sketches-animals/Sketches/amphibians/frogs/frog-queen.html","3","3","https://ronenglish-archive.github.io/ron-english-sketches-animals/images/Sketches/amphibians/frogs/Frog%2520Queen%2520ORIGINAL.jpg","REVIEW","Some local image references were not found."
"Animals","Mick Monster","amphibians","Sketches\amphibians\frogs\mick-monster.html","https://ronenglish-archive.github.io/ron-english-sketches-animals/Sketches/amphibians/frogs/mick-monster.html","3","3","https://ronenglish-archive.github.io/ron-english-sketches-animals/images/Sketches/amphibians/frogs/Mick%2520Monster%2520ORIGINAL.jpg","REVIEW","Some local image references were not found."
"Animals","Obese Alien Bullfrog","amphibians","Sketches\amphibians\frogs\obese-alien-bullfrog.html","https://ronenglish-archive.github.io/ron-english-sketches-animals/Sketches/amphibians/frogs/obese-alien-bullfrog.html","3","3","https://ronenglish-archive.github.io/ron-english-sketches-animals/images/Sketches/amphibians/frogs/Obese%2520Alien%2520Bullfrog%2520ORIGINAL.jpg","REVIEW","Some local image references were not found."
"Animals","Sea Mobster","amphibians","Sketches\amphibians\frogs\sea-mobster.html","https://ronenglish-archive.github.io/ron-english-sketches-animals/Sketches/amphibians/frogs/sea-mobster.html","3","3","https://ronenglish-archive.github.io/ron-english-sketches-animals/images/Sketches/amphibians/frogs/Sea%2520Mobster%2520ORIGINAL.jpg","REVIEW","Some local image references were not found."
"Animals","Toadstool","amphibians","Sketches\amphibians\frogs\toadstool.html","https://ronenglish-archive.github.io/ron-english-sketches-animals/Sketches/amphibians/frogs/toadstool.html","9","9","https://ronenglish-archive.github.io/ron-english-sketches-animals/images/Sketches/amphibians/frogs/Toadstool%25201%2520ORIGINAL.jpg","REVIEW","Some local image references were not found."
"Animals","Heart Yin Yang","amphibians","Sketches\amphibians\salamanders\heart-yin-yang.html","https://ronenglish-archive.github.io/ron-english-sketches-animals/Sketches/amphibians/salamanders/heart-yin-yang.html","3","3","https://ronenglish-archive.github.io/ron-english-sketches-animals/images/Sketches/amphibians/salamanders/Heart%2520Yin%2520Yang%2520ORIGINAL.jpg","REVIEW","Some local image references were not found."
"Animals","Last Supper Salamanders","amphibians","Sketches\amphibians\salamanders\last-supper-salamanders.html","https://ronenglish-archive.github.io/ron-english-sketches-animals/Sketches/amphibians/salamanders/last-supper-salamanders.html","3","3","https://ronenglish-archive.github.io/ron-english-sketches-animals/images/Sketches/amphibians/salamanders/Last%2520Supper%2520Salamanders%2520ORIGINAL.jpg","REVIEW","Some local image references were not found."
"Animals","Running Salamander","amphibians","Sketches\amphibians\salamanders\running-salamander.html","https://ronenglish-archive.github.io/ron-english-sketches-animals/Sketches/amphibians/salamanders/running-salamander.html","3","3","https://ronenglish-archive.github.io/ron-english-sketches-animals/images/Sketches/amphibians/salamanders/Running%2520Salamander%2520ORIGINAL.jpg","REVIEW","Some local image references were not found."
"Animals","Salamander Bubbles 1","amphibians","Sketches\amphibians\salamanders\salamander-bubbles-1.html","https://ronenglish-archive.github.io/ron-english-sketches-animals/Sketches/amphibians/salamanders/salamander-bubbles-1.html","3","3","https://ronenglish-archive.github.io/ron-english-sketches-animals/images/Sketches/amphibians/salamanders/Salamander%2520Bubbles%25201%2520ORIGINAL.jpg","REVIEW","Some local image references were not found."
"Animals","Salamander Bubbles 2","amphibians","Sketches\amphibians\salamanders\salamander-bubbles-2.html","https://ronenglish-archive.github.io/ron-english-sketches-animals/Sketches/amphibians/salamanders/salamander-bubbles-2.html","3","3","https://ronenglish-archive.github.io/ron-english-sketches-animals/images/Sketches/amphibians/salamanders/Salamander%2520Bubbles%2520ORIGINAL.jpg","REVIEW","Some local image references were not found."
"Animals","Salamander Bubbles 3","amphibians","Sketches\amphibians\salamanders\salamander-bubbles-3.html","https://ronenglish-archive.github.io/ron-english-sketches-animals/Sketches/amphibians/salamanders/salamander-bubbles-3.html","3","3","https://ronenglish-archive.github.io/ron-english-sketches-animals/images/Sketches/amphibians/salamanders/Salamander%2520Bubbles%2520ORIGINAL.jpg","REVIEW","Some local image references were not found."
"Animals","Salamander Bubbles 4","amphibians","Sketches\amphibians\salamanders\salamander-bubbles-4.html","https://ronenglish-archive.github.io/ron-english-sketches-animals/Sketches/amphibians/salamanders/salamander-bubbles-4.html","3","3","https://ronenglish-archive.github.io/ron-english-sketches-animals/images/Sketches/amphibians/salamanders/Salamander%2520Bubbles%2520ORIGINAL.jpg","REVIEW","Some local image references were not found."
"Animals","Salamander Cop - Trace Girl","amphibians","Sketches\amphibians\salamanders\salamander-cop.html","https://ronenglish-archive.github.io/ron-english-sketches-animals/Sketches/amphibians/salamanders/salamander-cop.html","3","3","https://ronenglish-archive.github.io/ron-english-sketches-animals/images/Sketches/amphibians/salamanders/Salamander%2520Cop%2520ORIGINAL.jpg","REVIEW","Some local image references were not found."
"Animals","Salamander Heart 2","amphibians","Sketches\amphibians\salamanders\salamander-heart-2.html","https://ronenglish-archive.github.io/ron-english-sketches-animals/Sketches/amphibians/salamanders/salamander-heart-2.html","3","3","https://ronenglish-archive.github.io/ron-english-sketches-animals/images/Sketches/amphibians/salamanders/Salamander%2520Heart%25202%2520ORIGINAL.jpg","REVIEW","Some local image references were not found."
"Animals","Salamander Hula","amphibians","Sketches\amphibians\salamanders\salamander-hula.html","https://ronenglish-archive.github.io/ron-english-sketches-animals/Sketches/amphibians/salamanders/salamander-hula.html","3","3","https://ronenglish-archive.github.io/ron-english-sketches-animals/images/Sketches/amphibians/salamanders/Salamander%2520Hula%2520ORIGINAL.jpg","REVIEW","Some local image references were not found."
"Animals","Salamander on Ladder 1 & 2","amphibians","Sketches\amphibians\salamanders\salamander-on-ladder.html","https://ronenglish-archive.github.io/ron-english-sketches-animals/Sketches/amphibians/salamanders/salamander-on-ladder.html","6","6","https://ronenglish-archive.github.io/ron-english-sketches-animals/images/Sketches/amphibians/salamanders/Salamander%2520on%2520Ladder%25201%2520ORIGINAL.jpg","REVIEW","Some local image references were not found."
"Animals","Salamander Question Mark","amphibians","Sketches\amphibians\salamanders\salamander-question-mark.html","https://ronenglish-archive.github.io/ron-english-sketches-animals/Sketches/amphibians/salamanders/salamander-question-mark.html","3","3","https://ronenglish-archive.github.io/ron-english-sketches-animals/images/Sketches/amphibians/salamanders/Salamander%2520Question%2520Mark%2520ORIGINAL.jpg","REVIEW","Some local image references were not found."
"Animals","Salamander TV","amphibians","Sketches\amphibians\salamanders\salamander-tv.html","https://ronenglish-archive.github.io/ron-english-sketches-animals/Sketches/amphibians/salamanders/salamander-tv.html","3","3","https://ronenglish-archive.github.io/ron-english-sketches-animals/images/Sketches/amphibians/salamanders/Salamander%2520TV%2520ORIGINAL.jpg","REVIEW","Some local image references were not found."
"Animals","Salamander Van Gogh","amphibians","Sketches\amphibians\salamanders\salamander-van-gogh.html","https://ronenglish-archive.github.io/ron-english-sketches-animals/Sketches/amphibians/salamanders/salamander-van-gogh.html","3","3","https://ronenglish-archive.github.io/ron-english-sketches-animals/images/Sketches/amphibians/salamanders/Salamander%2520Van%2520Gogh%2520ORIGINAL.jpg","REVIEW","Some local image references were not found."
"Animals","That's All Folks!","amphibians","Sketches\amphibians\salamanders\thats-all-folks.html","https://ronenglish-archive.github.io/ron-english-sketches-animals/Sketches/amphibians/salamanders/thats-all-folks.html","3","3","https://ronenglish-archive.github.io/ron-english-sketches-animals/images/Sketches/amphibians/salamanders/That%2527s%2520All%2520Folks%2521%2520ORIGINAL.jpg","REVIEW","Some local image references were not found."
"Animals","Yang","amphibians","Sketches\amphibians\salamanders\yang.html","https://ronenglish-archive.github.io/ron-english-sketches-animals/Sketches/amphibians/salamanders/yang.html","9","9","https://ronenglish-archive.github.io/ron-english-sketches-animals/images/Sketches/amphibians/salamanders/Yang%2520left%2520side%2520ORIGINAL.jpg","REVIEW","Some local image references were not found."
"Animals","Yin Rock","amphibians","Sketches\amphibians\salamanders\yin-rock.html","https://ronenglish-archive.github.io/ron-english-sketches-animals/Sketches/amphibians/salamanders/yin-rock.html","3","3","https://ronenglish-archive.github.io/ron-english-sketches-animals/images/Sketches/amphibians/salamanders/Yin%2520Rock%2520ORIGINAL.jpg","REVIEW","Some local image references were not found."
"Animals","Abe Waters","aquatic-dwellers","Sketches\aquatic-dwellers\aqua-apes\abe-waters.html","https://ronenglish-archive.github.io/ron-english-sketches-animals/Sketches/aquatic-dwellers/aqua-apes/abe-waters.html","3","3","https://ronenglish-archive.github.io/ron-english-sketches-animals/images/Sketches/aquatic-dwellers/aqua-apes/Abe%2520Waters%2520B%2526W%2520digital.jpg","REVIEW","Some local image references were not found."
"Animals","Angel Cake","aquatic-dwellers","Sketches\aquatic-dwellers\aqua-apes\angel-cake.html","https://ronenglish-archive.github.io/ron-english-sketches-animals/Sketches/aquatic-dwellers/aqua-apes/angel-cake.html","3","3","https://ronenglish-archive.github.io/ron-english-sketches-animals/images/Sketches/aquatic-dwellers/aqua-apes/Angel%2520Cake%2520ORIGINAL%2520copy.jpg","REVIEW","Some local image references were not found."
"Animals","Angie Waters","aquatic-dwellers","Sketches\aquatic-dwellers\aqua-apes\angie-waters.html","https://ronenglish-archive.github.io/ron-english-sketches-animals/Sketches/aquatic-dwellers/aqua-apes/angie-waters.html","4","4","https://ronenglish-archive.github.io/ron-english-sketches-animals/images/Sketches/aquatic-dwellers/aqua-apes/Angie%2520Waters%2520ORIGINAL.jpg","REVIEW","Some local image references were not found."
"Animals","Apette Waters","aquatic-dwellers","Sketches\aquatic-dwellers\aqua-apes\apette-waters.html","https://ronenglish-archive.github.io/ron-english-sketches-animals/Sketches/aquatic-dwellers/aqua-apes/apette-waters.html","4","4","https://ronenglish-archive.github.io/ron-english-sketches-animals/images/Sketches/aquatic-dwellers/aqua-apes/Apette%2520Waters%2520ORIGINAL%2520copy.jpg","REVIEW","Some local image references were not found."
"Animals","Aqua Ape for Snow Globe 1","aquatic-dwellers","Sketches\aquatic-dwellers\aqua-apes\aqua-ape-for-snow-globe-1.html","https://ronenglish-archive.github.io/ron-english-sketches-animals/Sketches/aquatic-dwellers/aqua-apes/aqua-ape-for-snow-globe-1.html","2","2","https://ronenglish-archive.github.io/ron-english-sketches-animals/images/Sketches/aquatic-dwellers/aqua-apes/Aqua%2520Ape%2520for%2520Snow%2520Globe%25201%2520B%2526W%2520digital.jpg","REVIEW","Some local image references were not found."
"Animals","Aqua Ape for Snow Globe 2","aquatic-dwellers","Sketches\aquatic-dwellers\aqua-apes\aqua-ape-for-snow-globe-2.html","https://ronenglish-archive.github.io/ron-english-sketches-animals/Sketches/aquatic-dwellers/aqua-apes/aqua-ape-for-snow-globe-2.html","2","2","https://ronenglish-archive.github.io/ron-english-sketches-animals/images/Sketches/aquatic-dwellers/aqua-apes/Aqua%2520Ape%2520for%2520Snow%2520Globe%25202%2520B%2526W%2520digital.jpg","REVIEW","Some local image references were not found."
"Animals","Aqua Ape on Chair","aquatic-dwellers","Sketches\aquatic-dwellers\aqua-apes\aqua-ape-on-chair.html","https://ronenglish-archive.github.io/ron-english-sketches-animals/Sketches/aquatic-dwellers/aqua-apes/aqua-ape-on-chair.html","1","1","https://ronenglish-archive.github.io/ron-english-sketches-animals/images/Sketches/aquatic-dwellers/aqua-apes/Aqua%2520Ape%2520on%2520Chair%2520ORIGINAL.jpg","REVIEW","Some local image references were not found."
"Animals","Aqua Apes Family Icon","aquatic-dwellers","Sketches\aquatic-dwellers\aqua-apes\aqua-apes-family-icon.html","https://ronenglish-archive.github.io/ron-english-sketches-animals/Sketches/aquatic-dwellers/aqua-apes/aqua-apes-family-icon.html","2","2","https://ronenglish-archive.github.io/ron-english-sketches-animals/images/Sketches/aquatic-dwellers/aqua-apes/Aqua%2520Apes%2520Family%2520Icon%2520B%2526W%2520%2520digital.jpg","REVIEW","Some local image references were not found."
"Animals","Aqua Apes Icon","aquatic-dwellers","Sketches\aquatic-dwellers\aqua-apes\aqua-apes-icon.html","https://ronenglish-archive.github.io/ron-english-sketches-animals/Sketches/aquatic-dwellers/aqua-apes/aqua-apes-icon.html","1","1","https://ronenglish-archive.github.io/ron-english-sketches-animals/images/Sketches/aquatic-dwellers/aqua-apes/Aqua%2520Apes%2520Icon%2520ORIGINAL.jpg","REVIEW","Some local image references were not found."
"Animals","Brooke Waters","aquatic-dwellers","Sketches\aquatic-dwellers\aqua-apes\brooke-waters.html","https://ronenglish-archive.github.io/ron-english-sketches-animals/Sketches/aquatic-dwellers/aqua-apes/brooke-waters.html","4","4","https://ronenglish-archive.github.io/ron-english-sketches-animals/images/Sketches/aquatic-dwellers/aqua-apes/Brooke%2520Waters%2520B%2526W%2520digital.jpg","REVIEW","Some local image references were not found."
"Animals","Infant Aqua Ape","aquatic-dwellers","Sketches\aquatic-dwellers\aqua-apes\infant-aqua-ape.html","https://ronenglish-archive.github.io/ron-english-sketches-animals/Sketches/aquatic-dwellers/aqua-apes/infant-aqua-ape.html","4","4","https://ronenglish-archive.github.io/ron-english-sketches-animals/images/Sketches/aquatic-dwellers/aqua-apes/Infant%2520Aqua%2520Ape%2520B%2526W%2520digital.jpg","REVIEW","Some local image references were not found."
"Animals","Marilyn Mini Mollosk","aquatic-dwellers","Sketches\aquatic-dwellers\aqua-apes\marilyn-mini-mollosk.html","https://ronenglish-archive.github.io/ron-english-sketches-animals/Sketches/aquatic-dwellers/aqua-apes/marilyn-mini-mollosk.html","3","3","https://ronenglish-archive.github.io/ron-english-sketches-animals/images/Sketches/aquatic-dwellers/aqua-apes/Marilyn%2520Mini%2520Mollosk%2520ORIGINAL%2520copy.jpg","REVIEW","Some local image references were not found."
"Animals","Newt Wave","aquatic-dwellers","Sketches\aquatic-dwellers\aqua-apes\newt-wave.html","https://ronenglish-archive.github.io/ron-english-sketches-animals/Sketches/aquatic-dwellers/aqua-apes/newt-wave.html","3","3","https://ronenglish-archive.github.io/ron-english-sketches-animals/images/Sketches/aquatic-dwellers/aqua-apes/Newt%2520Wave%2520ORIGINAL.jpg","REVIEW","Some local image references were not found."
"Animals","Sea Monkeys Beach Party","aquatic-dwellers","Sketches\aquatic-dwellers\aqua-apes\sea-monkeys-beach-party.html","https://ronenglish-archive.github.io/ron-english-sketches-animals/Sketches/aquatic-dwellers/aqua-apes/sea-monkeys-beach-party.html","1","1","https://ronenglish-archive.github.io/ron-english-sketches-animals/images/Sketches/aquatic-dwellers/aqua-apes/Sea%2520Monkeys%2520Beach%2520Party%2520ORIGINAL.jpg","REVIEW","Some local image references were not found."
"Animals","Sea Squatch","aquatic-dwellers","Sketches\aquatic-dwellers\aqua-apes\sea-squatch.html","https://ronenglish-archive.github.io/ron-english-sketches-animals/Sketches/aquatic-dwellers/aqua-apes/sea-squatch.html","3","3","https://ronenglish-archive.github.io/ron-english-sketches-animals/images/Sketches/aquatic-dwellers/aqua-apes/Sea%2520Squatch%2520ORIGINAL.jpg","REVIEW","Some local image references were not found."
"Animals","See Money","aquatic-dwellers","Sketches\aquatic-dwellers\aqua-apes\see-money.html","https://ronenglish-archive.github.io/ron-english-sketches-animals/Sketches/aquatic-dwellers/aqua-apes/see-money.html","3","3","https://ronenglish-archive.github.io/ron-english-sketches-animals/images/Sketches/aquatic-dwellers/aqua-apes/See%2520Money%2520ORIGINAL.jpg","REVIEW","Some local image references were not found."
"Animals","Shellsea Waters","aquatic-dwellers","Sketches\aquatic-dwellers\aqua-apes\shellsea-waters.html","https://ronenglish-archive.github.io/ron-english-sketches-animals/Sketches/aquatic-dwellers/aqua-apes/shellsea-waters.html","5","5","https://ronenglish-archive.github.io/ron-english-sketches-animals/images/Sketches/aquatic-dwellers/aqua-apes/Shellsea%2520Waters%2520ORIGINAL.jpg","REVIEW","Some local image references were not found."
"Animals","Susan Squid","aquatic-dwellers","Sketches\aquatic-dwellers\aqua-apes\susan-squid.html","https://ronenglish-archive.github.io/ron-english-sketches-animals/Sketches/aquatic-dwellers/aqua-apes/susan-squid.html","3","3","https://ronenglish-archive.github.io/ron-english-sketches-animals/images/Sketches/aquatic-dwellers/aqua-apes/Susan%2520Squid%2520ORIGINAL.jpg","REVIEW","Some local image references were not found."
"Animals","Tittie Squid","aquatic-dwellers","Sketches\aquatic-dwellers\aqua-apes\tittie-squid.html","https://ronenglish-archive.github.io/ron-english-sketches-animals/Sketches/aquatic-dwellers/aqua-apes/tittie-squid.html","3","3","https://ronenglish-archive.github.io/ron-english-sketches-animals/images/Sketches/aquatic-dwellers/aqua-apes/Tittie%2520Squid%2520COLORWAY%25201%2520digital.jpg","REVIEW","Some local image references were not found."
"Animals","Titty Squid","aquatic-dwellers","Sketches\aquatic-dwellers\aqua-apes\titty-squid.html","https://ronenglish-archive.github.io/ron-english-sketches-animals/Sketches/aquatic-dwellers/aqua-apes/titty-squid.html","3","3","https://ronenglish-archive.github.io/ron-english-sketches-animals/images/Sketches/aquatic-dwellers/aqua-apes/Titty%2520Squid%2520ORIGINAL.jpg","REVIEW","Some local image references were not found."
"Animals","Trippie Squid","aquatic-dwellers","Sketches\aquatic-dwellers\aqua-apes\trippie-squid.html","https://ronenglish-archive.github.io/ron-english-sketches-animals/Sketches/aquatic-dwellers/aqua-apes/trippie-squid.html","6","6","https://ronenglish-archive.github.io/ron-english-sketches-animals/images/Sketches/aquatic-dwellers/aqua-apes/Trippie%2520Squid%2520ORIGINAL.jpg","REVIEW","Some local image references were not found."
"Animals","Walter Waters","aquatic-dwellers","Sketches\aquatic-dwellers\aqua-apes\walter-waters.html","https://ronenglish-archive.github.io/ron-english-sketches-animals/Sketches/aquatic-dwellers/aqua-apes/walter-waters.html","8","8","https://ronenglish-archive.github.io/ron-english-sketches-animals/images/Sketches/aquatic-dwellers/aqua-apes/Walter%2520Waters%2520B%2526W%2520digital.jpg","REVIEW","Some local image references were not found."
"Animals","Water Walker","aquatic-dwellers","Sketches\aquatic-dwellers\aqua-apes\water-walker.html","https://ronenglish-archive.github.io/ron-english-sketches-animals/Sketches/aquatic-dwellers/aqua-apes/water-walker.html","3","3","https://ronenglish-archive.github.io/ron-english-sketches-animals/images/Sketches/aquatic-dwellers/aqua-apes/Water%2520Walker%2520ORIGINAL.jpg","REVIEW","Some local image references were not found."
"Animals","Young Aqua Ape","aquatic-dwellers","Sketches\aquatic-dwellers\aqua-apes\young-aqua-ape.html","https://ronenglish-archive.github.io/ron-english-sketches-animals/Sketches/aquatic-dwellers/aqua-apes/young-aqua-ape.html","3","3","https://ronenglish-archive.github.io/ron-english-sketches-animals/images/Sketches/aquatic-dwellers/aqua-apes/Young%2520Aqua%2520Ape%2520ORIGINAL.jpg","REVIEW","Some local image references were not found."
"Animals","Younger Waters","aquatic-dwellers","Sketches\aquatic-dwellers\aqua-apes\younger-waters.html","https://ronenglish-archive.github.io/ron-english-sketches-animals/Sketches/aquatic-dwellers/aqua-apes/younger-waters.html","5","5","https://ronenglish-archive.github.io/ron-english-sketches-animals/images/Sketches/aquatic-dwellers/aqua-apes/Younger%2520Waters%2520B%2526W%2520digital.jpg","REVIEW","Some local image references were not found."
"Animals","Dolphinheaded Mermaid Girls","aquatic-dwellers","Sketches\aquatic-dwellers\dolphins\dolphinheaded-mermaid-girls.html","https://ronenglish-archive.github.io/ron-english-sketches-animals/Sketches/aquatic-dwellers/dolphins/dolphinheaded-mermaid-girls.html","4","0","https://ronenglish-archive.github.io/ron-english-sketches-animals/images/Sketches/aquatic-dwellers/dolphins/Dolphinheaded%20Mermaid%20Girls%20ORIGINAL.jpg","OK","Ready."
"Animals","Ona Porpoise","aquatic-dwellers","Sketches\aquatic-dwellers\dolphins\ona-porpoise.html","https://ronenglish-archive.github.io/ron-english-sketches-animals/Sketches/aquatic-dwellers/dolphins/ona-porpoise.html","4","0","https://ronenglish-archive.github.io/ron-english-sketches-animals/images/Sketches/aquatic-dwellers/dolphins/Ona%20Porpoise%20ORIGINAL.jpg","OK","Ready."
"Animals","Culture Catch","aquatic-dwellers","Sketches\aquatic-dwellers\fish\culture-catch.html","https://ronenglish-archive.github.io/ron-english-sketches-animals/Sketches/aquatic-dwellers/fish/culture-catch.html","3","3","https://ronenglish-archive.github.io/ron-english-sketches-animals/images/Sketches/aquatic-dwellers/fish/Culture%2520Catch%2520ORIGINAL%2520digital.jpg","REVIEW","Some local image references were not found."
"Animals","Fat GoldFish","aquatic-dwellers","Sketches\aquatic-dwellers\fish\fat-goldfish.html","https://ronenglish-archive.github.io/ron-english-sketches-animals/Sketches/aquatic-dwellers/fish/fat-goldfish.html","6","6","https://ronenglish-archive.github.io/ron-english-sketches-animals/images/Sketches/aquatic-dwellers/fish/Fat%2520Goldfish%2520ORIGINAL.jpg","REVIEW","Some local image references were not found."
"Animals","Fin Evolution","aquatic-dwellers","Sketches\aquatic-dwellers\fish\fin-evolution.html","https://ronenglish-archive.github.io/ron-english-sketches-animals/Sketches/aquatic-dwellers/fish/fin-evolution.html","3","3","https://ronenglish-archive.github.io/ron-english-sketches-animals/images/Sketches/aquatic-dwellers/fish/Fin%2520Evolution%2520ORIGINAL.jpg","REVIEW","Some local image references were not found."
"Animals","FinFlyer Finley","aquatic-dwellers","Sketches\aquatic-dwellers\fish\finflyer-finley.html","https://ronenglish-archive.github.io/ron-english-sketches-animals/Sketches/aquatic-dwellers/fish/finflyer-finley.html","3","3","https://ronenglish-archive.github.io/ron-english-sketches-animals/images/Sketches/aquatic-dwellers/fish/FinFlyer%2520Finley%2520ORIGINAL.jpg","REVIEW","Some local image references were not found."
"Animals","Fish","aquatic-dwellers","Sketches\aquatic-dwellers\fish\fish.html","https://ronenglish-archive.github.io/ron-english-sketches-animals/Sketches/aquatic-dwellers/fish/fish.html","2","2","https://ronenglish-archive.github.io/ron-english-sketches-animals/images/Sketches/aquatic-dwellers/fish/Fish%2520B%2526W%2520digital.png","REVIEW","Some local image references were not found."
"Animals","Fish in Bowl","aquatic-dwellers","Sketches\aquatic-dwellers\fish\fish-in-bowl.html","https://ronenglish-archive.github.io/ron-english-sketches-animals/Sketches/aquatic-dwellers/fish/fish-in-bowl.html","3","3","https://ronenglish-archive.github.io/ron-english-sketches-animals/images/Sketches/aquatic-dwellers/fish/Fish%2520in%2520Bowl%2520ORIGINAL.jpg","REVIEW","Some local image references were not found."
"Animals","Fish in Cowboy Hat","aquatic-dwellers","Sketches\aquatic-dwellers\fish\fish-in-cowboy-hat.html","https://ronenglish-archive.github.io/ron-english-sketches-animals/Sketches/aquatic-dwellers/fish/fish-in-cowboy-hat.html","3","3","https://ronenglish-archive.github.io/ron-english-sketches-animals/images/Sketches/aquatic-dwellers/fish/Fish%2520in%2520Cowboy%2520Hat%2520ORIGINAL.jpg","REVIEW","Some local image references were not found."
"Animals","Goldfish Caviar","aquatic-dwellers","Sketches\aquatic-dwellers\fish\goldfish-caviar.html","https://ronenglish-archive.github.io/ron-english-sketches-animals/Sketches/aquatic-dwellers/fish/goldfish-caviar.html","3","3","https://ronenglish-archive.github.io/ron-english-sketches-animals/images/Sketches/aquatic-dwellers/fish/Goldfish%2520Caviar%25201color%2520ORIGINAL.png","REVIEW","Some local image references were not found."
"Animals","Monarch Fish","aquatic-dwellers","Sketches\aquatic-dwellers\fish\monarch-fish.html","https://ronenglish-archive.github.io/ron-english-sketches-animals/Sketches/aquatic-dwellers/fish/monarch-fish.html","3","3","https://ronenglish-archive.github.io/ron-english-sketches-animals/images/Sketches/aquatic-dwellers/fish/Monarch%2520Fish%2520B%2526W%2520digital.png","REVIEW","Some local image references were not found."
"Animals","Mystifeye Finley","aquatic-dwellers","Sketches\aquatic-dwellers\fish\mystifeye-finley.html","https://ronenglish-archive.github.io/ron-english-sketches-animals/Sketches/aquatic-dwellers/fish/mystifeye-finley.html","3","3","https://ronenglish-archive.github.io/ron-english-sketches-animals/images/Sketches/aquatic-dwellers/fish/Mystifeye%2520Finley%2520ORIGINAL.jpg","REVIEW","Some local image references were not found."
"Animals","Swish Evolve","aquatic-dwellers","Sketches\aquatic-dwellers\fish\swish-evolve.html","https://ronenglish-archive.github.io/ron-english-sketches-animals/Sketches/aquatic-dwellers/fish/swish-evolve.html","2","2","https://ronenglish-archive.github.io/ron-english-sketches-animals/images/Sketches/aquatic-dwellers/fish/Swish%2520Evolve%2520ORIGINAL.jpg","REVIEW","Some local image references were not found."
"Animals","Mermaid","aquatic-dwellers","Sketches\aquatic-dwellers\mermaids\mermaid.html","https://ronenglish-archive.github.io/ron-english-sketches-animals/Sketches/aquatic-dwellers/mermaids/mermaid.html","3","3","https://ronenglish-archive.github.io/ron-english-sketches-animals/images/Sketches/aquatic-dwellers/mermaids/Mermaid%2520ORIGINAL.jpg","REVIEW","Some local image references were not found."
"Animals","Mermonkey","aquatic-dwellers","Sketches\aquatic-dwellers\mermaids\mermonkey.html","https://ronenglish-archive.github.io/ron-english-sketches-animals/Sketches/aquatic-dwellers/mermaids/mermonkey.html","1","1","https://ronenglish-archive.github.io/ron-english-sketches-animals/images/Sketches/aquatic-dwellers/mermaids/Mermonkey%2520ORIGINAL.jpg","REVIEW","Some local image references were not found."
"Animals","Sharkattack Mermaid","aquatic-dwellers","Sketches\aquatic-dwellers\mermaids\sharkattack-mermaid.html","https://ronenglish-archive.github.io/ron-english-sketches-animals/Sketches/aquatic-dwellers/mermaids/sharkattack-mermaid.html","10","10","https://ronenglish-archive.github.io/ron-english-sketches-animals/images/Sketches/aquatic-dwellers/mermaids/Sharkattack%2520Mermaid%2520front%2520ORIGINAL.jpg","REVIEW","Some local image references were not found."
"Animals","Starbucks Mermaid","aquatic-dwellers","Sketches\aquatic-dwellers\mermaids\starbucks-mermaid.html","https://ronenglish-archive.github.io/ron-english-sketches-animals/Sketches/aquatic-dwellers/mermaids/starbucks-mermaid.html","3","3","https://ronenglish-archive.github.io/ron-english-sketches-animals/images/Sketches/aquatic-dwellers/mermaids/Starbucks%2520Mermaid%2520ORIGINAL.jpg","REVIEW","Some local image references were not found."
"Animals","Unplugged Mermaid","aquatic-dwellers","Sketches\aquatic-dwellers\mermaids\unplugged-mermaid.html","https://ronenglish-archive.github.io/ron-english-sketches-animals/Sketches/aquatic-dwellers/mermaids/unplugged-mermaid.html","3","3","https://ronenglish-archive.github.io/ron-english-sketches-animals/images/Sketches/aquatic-dwellers/mermaids/Unplugged%2520Mermaid%2520ORIGINAL.jpg","REVIEW","Some local image references were not found."
"Animals","Jah Bliss Octopus","aquatic-dwellers","Sketches\aquatic-dwellers\octopi\jah-bliss-octopus.html","https://ronenglish-archive.github.io/ron-english-sketches-animals/Sketches/aquatic-dwellers/octopi/jah-bliss-octopus.html","4","4","https://ronenglish-archive.github.io/ron-english-sketches-animals/images/Sketches/aquatic-dwellers/octopi/Jah%2520Bliss%2520Octopus%2520B%2526W.jpg","REVIEW","Some local image references were not found."
"Animals","Lorraine Yang","aquatic-dwellers","Sketches\aquatic-dwellers\octopi\lorraine-yang.html","https://ronenglish-archive.github.io/ron-english-sketches-animals/Sketches/aquatic-dwellers/octopi/lorraine-yang.html","4","4","https://ronenglish-archive.github.io/ron-english-sketches-animals/images/Sketches/aquatic-dwellers/octopi/Lorraine%2520Yang%2520ORIGINAL.png","REVIEW","Some local image references were not found."
"Animals","Sea Monster","aquatic-dwellers","Sketches\aquatic-dwellers\octopi\sea-monster.html","https://ronenglish-archive.github.io/ron-english-sketches-animals/Sketches/aquatic-dwellers/octopi/sea-monster.html","3","3","https://ronenglish-archive.github.io/ron-english-sketches-animals/images/Sketches/aquatic-dwellers/octopi/Sea%2520Monster%2520ORIGINAL.jpg","REVIEW","Some local image references were not found."
"Animals","Swirly Octopus","aquatic-dwellers","Sketches\aquatic-dwellers\octopi\swirly-octopus.html","https://ronenglish-archive.github.io/ron-english-sketches-animals/Sketches/aquatic-dwellers/octopi/swirly-octopus.html","2","2","https://ronenglish-archive.github.io/ron-english-sketches-animals/images/Sketches/aquatic-dwellers/octopi/Swirly%2520Octopus%2520ORIGINAL.png","REVIEW","Some local image references were not found."
"Animals","Duckbill Platypus","aquatic-dwellers","Sketches\aquatic-dwellers\platypus\duckbill-platypus.html","https://ronenglish-archive.github.io/ron-english-sketches-animals/Sketches/aquatic-dwellers/platypus/duckbill-platypus.html","3","3","https://ronenglish-archive.github.io/ron-english-sketches-animals/images/Sketches/aquatic-dwellers/platypus/Duckbill%2520Platypus%2520ORIGINAL.jpg","REVIEW","Some local image references were not found."
"Animals","Frowning Shark","aquatic-dwellers","Sketches\aquatic-dwellers\sharks\frowning-shark.html","https://ronenglish-archive.github.io/ron-english-sketches-animals/Sketches/aquatic-dwellers/sharks/frowning-shark.html","2","2","https://ronenglish-archive.github.io/ron-english-sketches-animals/images/Sketches/aquatic-dwellers/sharks/Frowning%2520Shark%2520B%2526W%2520digital.png","REVIEW","Some local image references were not found."
"Animals","Grinning Shark","aquatic-dwellers","Sketches\aquatic-dwellers\sharks\grinning-shark.html","https://ronenglish-archive.github.io/ron-english-sketches-animals/Sketches/aquatic-dwellers/sharks/grinning-shark.html","2","2","https://ronenglish-archive.github.io/ron-english-sketches-animals/images/Sketches/aquatic-dwellers/sharks/Grinning%2520Shark%2520B%2526W%2520digital.png","REVIEW","Some local image references were not found."
"Animals","Lightning Shark","aquatic-dwellers","Sketches\aquatic-dwellers\sharks\lightning-shark.html","https://ronenglish-archive.github.io/ron-english-sketches-animals/Sketches/aquatic-dwellers/sharks/lightning-shark.html","1","1","https://ronenglish-archive.github.io/ron-english-sketches-animals/images/Sketches/aquatic-dwellers/sharks/Lightning%2520Shark%2520ORIGINAL.jpg","REVIEW","Some local image references were not found."
"Animals","Sever Fairy Landshark Grin (Mickey Fin)","aquatic-dwellers","Sketches\aquatic-dwellers\sharks\sever-fairy-landshark-grin-mickey-fin.html","https://ronenglish-archive.github.io/ron-english-sketches-animals/Sketches/aquatic-dwellers/sharks/sever-fairy-landshark-grin-mickey-fin.html","8","8","https://ronenglish-archive.github.io/ron-english-sketches-animals/images/Sketches/aquatic-dwellers/sharks/Sever%2520Fairy%2520Landshark%2520Grin%2520(Mickey%2520Fin)%2520Portrait%2520ORIGINAL.jpg","REVIEW","Some local image references were not found."
"Animals","Shark Eating Shark","aquatic-dwellers","Sketches\aquatic-dwellers\sharks\shark-eating-shark.html","https://ronenglish-archive.github.io/ron-english-sketches-animals/Sketches/aquatic-dwellers/sharks/shark-eating-shark.html","3","3","https://ronenglish-archive.github.io/ron-english-sketches-animals/images/Sketches/aquatic-dwellers/sharks/Shark%2520Eating%2520Shark%2520ORIGINAL.jpg","REVIEW","Some local image references were not found."
"Animals","Shark Head 1","aquatic-dwellers","Sketches\aquatic-dwellers\sharks\shark-head-1.html","https://ronenglish-archive.github.io/ron-english-sketches-animals/Sketches/aquatic-dwellers/sharks/shark-head-1.html","3","3","https://ronenglish-archive.github.io/ron-english-sketches-animals/images/Sketches/aquatic-dwellers/sharks/Shark%2520Head%25201%2520ORIGINAL.jpg","REVIEW","Some local image references were not found."
"Animals","Shark Head 2","aquatic-dwellers","Sketches\aquatic-dwellers\sharks\shark-head-2.html","https://ronenglish-archive.github.io/ron-english-sketches-animals/Sketches/aquatic-dwellers/sharks/shark-head-2.html","3","3","https://ronenglish-archive.github.io/ron-english-sketches-animals/images/Sketches/aquatic-dwellers/sharks/Shark%2520Head%25202%2520ORIGINAL.jpg","REVIEW","Some local image references were not found."
"Animals","Shark Head 3","aquatic-dwellers","Sketches\aquatic-dwellers\sharks\shark-head-3.html","https://ronenglish-archive.github.io/ron-english-sketches-animals/Sketches/aquatic-dwellers/sharks/shark-head-3.html","3","3","https://ronenglish-archive.github.io/ron-english-sketches-animals/images/Sketches/aquatic-dwellers/sharks/Shark%2520Head%25203%2520ORIGINAL.jpg","REVIEW","Some local image references were not found."
"Animals","Shark Head 4","aquatic-dwellers","Sketches\aquatic-dwellers\sharks\shark-head-4.html","https://ronenglish-archive.github.io/ron-english-sketches-animals/Sketches/aquatic-dwellers/sharks/shark-head-4.html","1","1","https://ronenglish-archive.github.io/ron-english-sketches-animals/images/Sketches/aquatic-dwellers/sharks/Shark%2520Head%25204%2520ORIGINAL.jpg","REVIEW","Some local image references were not found."
"Animals","Shark Sketch Study for Hawaii Mural 1","aquatic-dwellers","Sketches\aquatic-dwellers\sharks\shark-sketch-study-for-hawaii-mural-1.html","https://ronenglish-archive.github.io/ron-english-sketches-animals/Sketches/aquatic-dwellers/sharks/shark-sketch-study-for-hawaii-mural-1.html","1","1","https://ronenglish-archive.github.io/ron-english-sketches-animals/images/Sketches/aquatic-dwellers/sharks/Shark%2520Sketch%2520Study%2520for%2520Hawaii%2520Mural%25201%2520ORIGINAL.jpg","REVIEW","Some local image references were not found."
"Animals","Shark Sketch Study for Hawaii Mural 2","aquatic-dwellers","Sketches\aquatic-dwellers\sharks\shark-sketch-study-for-hawaii-mural-2.html","https://ronenglish-archive.github.io/ron-english-sketches-animals/Sketches/aquatic-dwellers/sharks/shark-sketch-study-for-hawaii-mural-2.html","1","1","https://ronenglish-archive.github.io/ron-english-sketches-animals/images/Sketches/aquatic-dwellers/sharks/Shark%2520Sketch%2520Study%2520for%2520Hawaii%2520Mural%25202%2520ORIGINAL.jpg","REVIEW","Some local image references were not found."
"Animals","Shark Skull Man","aquatic-dwellers","Sketches\aquatic-dwellers\sharks\shark-skull-man.html","https://ronenglish-archive.github.io/ron-english-sketches-animals/Sketches/aquatic-dwellers/sharks/shark-skull-man.html","5","5","https://ronenglish-archive.github.io/ron-english-sketches-animals/images/Sketches/aquatic-dwellers/sharks/Shark%2520Skull%2520Man%2520ORIGINAL.jpg","REVIEW","Some local image references were not found."
"Animals","Shark Smile","aquatic-dwellers","Sketches\aquatic-dwellers\sharks\shark-smile.html","https://ronenglish-archive.github.io/ron-english-sketches-animals/Sketches/aquatic-dwellers/sharks/shark-smile.html","3","3","https://ronenglish-archive.github.io/ron-english-sketches-animals/images/Sketches/aquatic-dwellers/sharks/Shark%2520Smile%2520ORIGINAL.jpg","REVIEW","Some local image references were not found."
"Animals","Two Point Five Children","aquatic-dwellers","Sketches\aquatic-dwellers\sharks\two-point-five-children.html","https://ronenglish-archive.github.io/ron-english-sketches-animals/Sketches/aquatic-dwellers/sharks/two-point-five-children.html","3","3","https://ronenglish-archive.github.io/ron-english-sketches-animals/images/Sketches/aquatic-dwellers/sharks/Two%2520Point%2520Five%2520Children%2520ORIGINAL.jpg","REVIEW","Some local image references were not found."
"Animals","Bird Brain","avians","Sketches\avians\buzzards\bird-brain.html","https://ronenglish-archive.github.io/ron-english-sketches-animals/Sketches/avians/buzzards/bird-brain.html","5","5","https://ronenglish-archive.github.io/ron-english-sketches-animals/images/Sketches/avians/buzzards/Bird%2520Brain%2520ORIGINAL.jpg","REVIEW","Some local image references were not found."
"Animals","Birdy Bob Buzzard","avians","Sketches\avians\buzzards\birdy-bob-buzzard.html","https://ronenglish-archive.github.io/ron-english-sketches-animals/Sketches/avians/buzzards/birdy-bob-buzzard.html","4","4","https://ronenglish-archive.github.io/ron-english-sketches-animals/images/Sketches/avians/buzzards/Birdy-Bob%2520Buzzard%2520B%2526W.jpg","REVIEW","Some local image references were not found."
"Animals","Buzz Ard","avians","Sketches\avians\buzzards\buzz-ard.html","https://ronenglish-archive.github.io/ron-english-sketches-animals/Sketches/avians/buzzards/buzz-ard.html","6","6","https://ronenglish-archive.github.io/ron-english-sketches-animals/images/Sketches/avians/buzzards/Buzz%2520Ard%2520ORIGINAL.jpg","REVIEW","Some local image references were not found."
"Animals","Buzzard Boat","avians","Sketches\avians\buzzards\buzzard-boat.html","https://ronenglish-archive.github.io/ron-english-sketches-animals/Sketches/avians/buzzards/buzzard-boat.html","3","3","https://ronenglish-archive.github.io/ron-english-sketches-animals/images/Sketches/avians/buzzards/Buzzard%2520Boat%2520ORIGINAL.jpg","REVIEW","Some local image references were not found."
"Animals","Buzzard Family Icon","avians","Sketches\avians\buzzards\buzzard-family-icon.html","https://ronenglish-archive.github.io/ron-english-sketches-animals/Sketches/avians/buzzards/buzzard-family-icon.html","3","3","https://ronenglish-archive.github.io/ron-english-sketches-animals/images/Sketches/avians/buzzards/Buzzard%2520Family%2520Icon%2520ORIGINAL.jpg","REVIEW","Some local image references were not found."
"Animals","Buzzard Flapping Wings","avians","Sketches\avians\buzzards\buzzard-flapping-wings.html","https://ronenglish-archive.github.io/ron-english-sketches-animals/Sketches/avians/buzzards/buzzard-flapping-wings.html","2","2","https://ronenglish-archive.github.io/ron-english-sketches-animals/images/Sketches/avians/buzzards/Buzzard%2520Flapping%2520Wings%2520ORIGINAL.jpg","REVIEW","Some local image references were not found."
"Animals","Buzzard House - Towering Estates","avians","Sketches\avians\buzzards\buzzard-house-towering-estates.html","https://ronenglish-archive.github.io/ron-english-sketches-animals/Sketches/avians/buzzards/buzzard-house-towering-estates.html","3","3","https://ronenglish-archive.github.io/ron-english-sketches-animals/images/Sketches/avians/buzzards/Buzzard%2520House%2520-%2520Towering%2520Estates%2520ORIGINAL.jpg","REVIEW","Some local image references were not found."
"Animals","Buzzards Logo","avians","Sketches\avians\buzzards\buzzards-logo.html","https://ronenglish-archive.github.io/ron-english-sketches-animals/Sketches/avians/buzzards/buzzards-logo.html","3","3","https://ronenglish-archive.github.io/ron-english-sketches-animals/images/Sketches/avians/buzzards/Buzzards%2520Logo%2520ORIGINAL.jpg","REVIEW","Some local image references were not found."
"Animals","Buzz Egg","avians","Sketches\avians\buzzards\buzz-egg.html","https://ronenglish-archive.github.io/ron-english-sketches-animals/Sketches/avians/buzzards/buzz-egg.html","2","2","https://ronenglish-archive.github.io/ron-english-sketches-animals/images/Sketches/avians/buzzards/Buzz%2520Egg%2520ORIGINAL.jpg","REVIEW","Some local image references were not found."
"Animals","Cluckzilla","avians","Sketches\avians\buzzards\cluckzilla.html","https://ronenglish-archive.github.io/ron-english-sketches-animals/Sketches/avians/buzzards/cluckzilla.html","3","3","https://ronenglish-archive.github.io/ron-english-sketches-animals/images/Sketches/avians/buzzards/Cluckzilla%2520ORIGINAL.jpg","REVIEW","Some local image references were not found."
"Animals","Delusionville Pilots - Buzzard","avians","Sketches\avians\buzzards\delusionville-pilots-buzzard.html","https://ronenglish-archive.github.io/ron-english-sketches-animals/Sketches/avians/buzzards/delusionville-pilots-buzzard.html","5","5","https://ronenglish-archive.github.io/ron-english-sketches-animals/images/Sketches/avians/buzzards/Delusionville%2520Pilots%2520-%2520Buzzard%2520side%2520view%2520ORIGINAL.jpg","REVIEW","Some local image references were not found."
"Animals","Grousegoose Huffyplume","avians","Sketches\avians\buzzards\grousegoose-huffyplume.html","https://ronenglish-archive.github.io/ron-english-sketches-animals/Sketches/avians/buzzards/grousegoose-huffyplume.html","3","3","https://ronenglish-archive.github.io/ron-english-sketches-animals/images/Sketches/avians/buzzards/Grousegoose%2520Huffyplume%2520ORIGINAL.jpg","REVIEW","Some local image references were not found."
"Animals","Hatch Buzzard","avians","Sketches\avians\buzzards\hatch-buzzard.html","https://ronenglish-archive.github.io/ron-english-sketches-animals/Sketches/avians/buzzards/hatch-buzzard.html","3","3","https://ronenglish-archive.github.io/ron-english-sketches-animals/images/Sketches/avians/buzzards/Hatch%2520buzzard%2520ORIGINAL.jpg","REVIEW","Some local image references were not found."
"Animals","Lightning Bird","avians","Sketches\avians\buzzards\lightning-bird.html","https://ronenglish-archive.github.io/ron-english-sketches-animals/Sketches/avians/buzzards/lightning-bird.html","2","2","https://ronenglish-archive.github.io/ron-english-sketches-animals/images/Sketches/avians/buzzards/lightning%2520bird%2520B%2526Wdigital.jpg","REVIEW","Some local image references were not found."
"Animals","Orange-Nosed Buttbrain","avians","Sketches\avians\buzzards\orange-nosed-buttbrain.html","https://ronenglish-archive.github.io/ron-english-sketches-animals/Sketches/avians/buzzards/orange-nosed-buttbrain.html","3","2","https://ronenglish-archive.github.io/ron-english-sketches-animals/images/Sketches/avians/buzzards/Orange-Nosed%2520Buttbrain%2520ORIGINAL.jpg","REVIEW","Some local image references were not found."
"Animals","Scrap Ard","avians","Sketches\avians\buzzards\scrap-ard.html","https://ronenglish-archive.github.io/ron-english-sketches-animals/Sketches/avians/buzzards/scrap-ard.html","11","11","https://ronenglish-archive.github.io/ron-english-sketches-animals/images/Sketches/avians/buzzards/Scrap%2520Ard%2520Flying%2520ORIGINAL.jpg","REVIEW","Some local image references were not found."
"Animals","Vull Ture","avians","Sketches\avians\buzzards\vull-ture.html","https://ronenglish-archive.github.io/ron-english-sketches-animals/Sketches/avians/buzzards/vull-ture.html","6","6","https://ronenglish-archive.github.io/ron-english-sketches-animals/images/Sketches/avians/buzzards/Vull%2520Ture%2520ORIGINAL.jpeg","REVIEW","Some local image references were not found."
"Animals","500-Pound Poultry","avians","Sketches\avians\chickens\500-pound-poultry.html","https://ronenglish-archive.github.io/ron-english-sketches-animals/Sketches/avians/chickens/500-pound-poultry.html","20","20","https://ronenglish-archive.github.io/ron-english-sketches-animals/images/Sketches/avians/chickens/500%2520Pound%2520Poultry%25202%2520ORIGINAL.jpg","REVIEW","Some local image references were not found."
"Animals","Alien Quack Crown","avians","Sketches\avians\ducks\alien-quack-crown.html","https://ronenglish-archive.github.io/ron-english-sketches-animals/Sketches/avians/ducks/alien-quack-crown.html","2","1","https://ronenglish-archive.github.io/ron-english-sketches-animals/images/Sketches/avians/ducks/Alien%20Quack%20Crown%20B%26amp%3BW.png","REVIEW","Some local image references were not found."
"Animals","Allie Quack","avians","Sketches\avians\ducks\allie-quack.html","https://ronenglish-archive.github.io/ron-english-sketches-animals/Sketches/avians/ducks/allie-quack.html","3","2","https://ronenglish-archive.github.io/ron-english-sketches-animals/images/Sketches/avians/ducks/Allie%20Quack%20COLOR.png","REVIEW","Some local image references were not found."
"Animals","Allie Quack Early Version","avians","Sketches\avians\ducks\allie-quack-early-version.html","https://ronenglish-archive.github.io/ron-english-sketches-animals/Sketches/avians/ducks/allie-quack-early-version.html","3","1","https://ronenglish-archive.github.io/ron-english-sketches-animals/images/Sketches/avians/ducks/Allie%20Quack%20early%20version%20ORIGINAL.jpg","REVIEW","Some local image references were not found."
"Animals","Allie Quack with Bowling Balls","avians","Sketches\avians\ducks\allie-quack-with-bowling-balls.html","https://ronenglish-archive.github.io/ron-english-sketches-animals/Sketches/avians/ducks/allie-quack-with-bowling-balls.html","2","1","https://ronenglish-archive.github.io/ron-english-sketches-animals/images/Sketches/avians/ducks/Allie%20Quack%20walking%20B%26amp%3BW.png","REVIEW","Some local image references were not found."
"Animals","Dr. Bub Quack","avians","Sketches\avians\ducks\dr-bub-quack.html","https://ronenglish-archive.github.io/ron-english-sketches-animals/Sketches/avians/ducks/dr-bub-quack.html","43","14","https://ronenglish-archive.github.io/ron-english-sketches-animals/images/Sketches/avians/ducks/Bub%20Quack%20and%20Friends%20ORIGINAL%20COLOR.jpg","REVIEW","Some local image references were not found."
"Animals","Dr. Bub Quack Early Version","avians","Sketches\avians\ducks\dr-bub-quack-early-version.html","https://ronenglish-archive.github.io/ron-english-sketches-animals/Sketches/avians/ducks/dr-bub-quack-early-version.html","2","1","https://ronenglish-archive.github.io/ron-english-sketches-animals/images/Sketches/avians/ducks/Dr%20Bub%20Quack%20early%20version%20B%26amp%3BW.png","REVIEW","Some local image references were not found."
"Animals","Duck at War","avians","Sketches\avians\ducks\duck-at-war.html","https://ronenglish-archive.github.io/ron-english-sketches-animals/Sketches/avians/ducks/duck-at-war.html","3","1","https://ronenglish-archive.github.io/ron-english-sketches-animals/images/Sketches/avians/ducks/Duck%20at%20War%20ORIGINAL%20COLOR.jpg","REVIEW","Some local image references were not found."
"Animals","Duck Boat","avians","Sketches\avians\ducks\duck-boat.html","https://ronenglish-archive.github.io/ron-english-sketches-animals/Sketches/avians/ducks/duck-boat.html","8","2","https://ronenglish-archive.github.io/ron-english-sketches-animals/images/Sketches/avians/ducks/Duck%20boat%20back%20ORIGINAL.jpg","REVIEW","Some local image references were not found."
"Animals","Duck Fetus","avians","Sketches\avians\ducks\duck-fetus.html","https://ronenglish-archive.github.io/ron-english-sketches-animals/Sketches/avians/ducks/duck-fetus.html","3","1","https://ronenglish-archive.github.io/ron-english-sketches-animals/images/Sketches/avians/ducks/Duck%20Fetus%20ORIGINAL.jpg","REVIEW","Some local image references were not found."
"Animals","Duck House - Riverview Estates","avians","Sketches\avians\ducks\duck-house-riverview-estates.html","https://ronenglish-archive.github.io/ron-english-sketches-animals/Sketches/avians/ducks/duck-house-riverview-estates.html","3","1","https://ronenglish-archive.github.io/ron-english-sketches-animals/images/Sketches/avians/ducks/Duck%20House%20-%20Riverview%20Estates%20ORIGINAL%20COLOR.jpg","REVIEW","Some local image references were not found."
"Animals","Eddie Six Quack","avians","Sketches\avians\ducks\eddie-six-quack.html","https://ronenglish-archive.github.io/ron-english-sketches-animals/Sketches/avians/ducks/eddie-six-quack.html","5","3","https://ronenglish-archive.github.io/ron-english-sketches-animals/images/Sketches/avians/ducks/Eddie%20%E2%80%9CSix%E2%80%9D%20Quack%20ORIGINAL.jpg","REVIEW","Some local image references were not found."
"Animals","Eddie Six Quack and Football","avians","Sketches\avians\ducks\eddie-six-quack-and-football.html","https://ronenglish-archive.github.io/ron-english-sketches-animals/Sketches/avians/ducks/eddie-six-quack-and-football.html","2","1","https://ronenglish-archive.github.io/ron-english-sketches-animals/images/Sketches/avians/ducks/Eddie%20Six%20Quack%20and%20Football%20B%26amp%3BW.png","REVIEW","Some local image references were not found."
"Animals","Eddie Six Quack Early Version","avians","Sketches\avians\ducks\eddie-six-quack-early-version.html","https://ronenglish-archive.github.io/ron-english-sketches-animals/Sketches/avians/ducks/eddie-six-quack-early-version.html","3","1","https://ronenglish-archive.github.io/ron-english-sketches-animals/images/Sketches/avians/ducks/Eddie%20Six%20Quack%20early%20version%20ORIGINAL.jpg","REVIEW","Some local image references were not found."
"Animals","Flying Duck","avians","Sketches\avians\ducks\flying-duck.html","https://ronenglish-archive.github.io/ron-english-sketches-animals/Sketches/avians/ducks/flying-duck.html","3","1","https://ronenglish-archive.github.io/ron-english-sketches-animals/images/Sketches/avians/ducks/Flying%20Duck%20ORIGINAL.jpg","REVIEW","Some local image references were not found."
"Animals","Football Duck","avians","Sketches\avians\ducks\football-duck.html","https://ronenglish-archive.github.io/ron-english-sketches-animals/Sketches/avians/ducks/football-duck.html","3","1","https://ronenglish-archive.github.io/ron-english-sketches-animals/images/Sketches/avians/ducks/Football%20Duck%20ORIGINAL.jpg","REVIEW","Some local image references were not found."
"Animals","Hatch Quack","avians","Sketches\avians\ducks\hatch-quack.html","https://ronenglish-archive.github.io/ron-english-sketches-animals/Sketches/avians/ducks/hatch-quack.html","3","1","https://ronenglish-archive.github.io/ron-english-sketches-animals/images/Sketches/avians/ducks/Hatch%20Quack%20ORIGINAL.jpg","REVIEW","Some local image references were not found."
"Animals","Jet Quack","avians","Sketches\avians\ducks\jet-quack.html","https://ronenglish-archive.github.io/ron-english-sketches-animals/Sketches/avians/ducks/jet-quack.html","5","3","https://ronenglish-archive.github.io/ron-english-sketches-animals/images/Sketches/avians/ducks/Jet%20Quack%20Quack%20ORIGINAL.jpg","REVIEW","Some local image references were not found."
"Animals","Jet Quack Early Version","avians","Sketches\avians\ducks\jet-quack-early-version.html","https://ronenglish-archive.github.io/ron-english-sketches-animals/Sketches/avians/ducks/jet-quack-early-version.html","3","1","https://ronenglish-archive.github.io/ron-english-sketches-animals/images/Sketches/avians/ducks/Jet%20Quack%20early%20version%20ORIGINAL.jpg","REVIEW","Some local image references were not found."
"Animals","Punk Duck","avians","Sketches\avians\ducks\punk-duck.html","https://ronenglish-archive.github.io/ron-english-sketches-animals/Sketches/avians/ducks/punk-duck.html","9","3","https://ronenglish-archive.github.io/ron-english-sketches-animals/images/Sketches/avians/ducks/Punk%20Duck%20back%20ORIGINAL.jpg","REVIEW","Some local image references were not found."
"Animals","Quack Egg","avians","Sketches\avians\ducks\quack-egg.html","https://ronenglish-archive.github.io/ron-english-sketches-animals/Sketches/avians/ducks/quack-egg.html","2","0","https://ronenglish-archive.github.io/ron-english-sketches-animals/images/Sketches/avians/ducks/Quack%20Egg%20ORIGINAL.jpg","OK","Ready."
"Animals","Quack Guernica","avians","Sketches\avians\ducks\quack-guernica.html","https://ronenglish-archive.github.io/ron-english-sketches-animals/Sketches/avians/ducks/quack-guernica.html","4","2","https://ronenglish-archive.github.io/ron-english-sketches-animals/images/Sketches/avians/ducks/Quack%20Guernica%201%20B%26amp%3BW.png","REVIEW","Some local image references were not found."
"Animals","Small Duck","avians","Sketches\avians\ducks\small-duck.html","https://ronenglish-archive.github.io/ron-english-sketches-animals/Sketches/avians/ducks/small-duck.html","2","1","https://ronenglish-archive.github.io/ron-english-sketches-animals/images/Sketches/avians/ducks/Small%20Duck%20B%26amp%3BW.jpg","REVIEW","Some local image references were not found."
"Animals","Eagle Head","avians","Sketches\avians\eagles\eagle-head.html","https://ronenglish-archive.github.io/ron-english-sketches-animals/Sketches/avians/eagles/eagle-head.html","3","1","https://ronenglish-archive.github.io/ron-english-sketches-animals/images/Sketches/avians/eagles/Eagle%20Head%20ORIGINAL.jpg","REVIEW","Some local image references were not found."
"Animals","Eagle Weed","avians","Sketches\avians\eagles\eagle-weed.html","https://ronenglish-archive.github.io/ron-english-sketches-animals/Sketches/avians/eagles/eagle-weed.html","1","0","https://ronenglish-archive.github.io/ron-english-sketches-animals/images/Sketches/avians/eagles/Eagle%20Weed%20COLOR%20digital.jpg","OK","Ready."
"Animals","Lightning Bird","avians","Sketches\avians\eagles\lightning-bird.html","https://ronenglish-archive.github.io/ron-english-sketches-animals/Sketches/avians/eagles/lightning-bird.html","1","0","https://ronenglish-archive.github.io/ron-english-sketches-animals/images/Sketches/avians/eagles/Lightning%20Bird%20COLOR%20digital.jpg","OK","Ready."
"Animals","Bird","avians","Sketches\avians\other birds\bird.html","https://ronenglish-archive.github.io/ron-english-sketches-animals/Sketches/avians/other%20birds/bird.html","2","1","https://ronenglish-archive.github.io/ron-english-sketches-animals/images/Sketches/avians/other%20birds/Bird%20ORIGINAL.jpeg","REVIEW","Some local image references were not found."
"Animals","Bird Beak","avians","Sketches\avians\other birds\bird-beak.html","https://ronenglish-archive.github.io/ron-english-sketches-animals/Sketches/avians/other%20birds/bird-beak.html","2","1","https://ronenglish-archive.github.io/ron-english-sketches-animals/images/Sketches/avians/other%20birds/Bird%20Beak%20B%26amp%3BW%20digital.png","REVIEW","Some local image references were not found."
"Animals","Staples Pigeon","avians","Sketches\avians\other birds\staples-pigeon.html","https://ronenglish-archive.github.io/ron-english-sketches-animals/Sketches/avians/other%20birds/staples-pigeon.html","1","0","https://ronenglish-archive.github.io/ron-english-sketches-animals/images/Sketches/avians/other%20birds/Staples%20Pigeon%20ORIGINAL.jpg","OK","Ready."
"Animals","Bear and Babe","bears","Sketches\bears\bear-and-babe.html","https://ronenglish-archive.github.io/ron-english-sketches-animals/Sketches/bears/bear-and-babe.html","3","0","https://ronenglish-archive.github.io/ron-english-sketches-animals/images/Sketches/bears/Bear%20and%20Babe%20ORIGINAL.jpg","OK","Ready."
"Animals","Bear Family Icon","bears","Sketches\bears\bear-family-icon.html","https://ronenglish-archive.github.io/ron-english-sketches-animals/Sketches/bears/bear-family-icon.html","1","0","https://ronenglish-archive.github.io/ron-english-sketches-animals/images/Sketches/bears/Bear%20Family%20Icon%20COLOR.jpg","OK","Ready."
"Animals","Bear Portrait","bears","Sketches\bears\bear-portrait.html","https://ronenglish-archive.github.io/ron-english-sketches-animals/Sketches/bears/bear-portrait.html","1","0","https://ronenglish-archive.github.io/ron-english-sketches-animals/images/Sketches/bears/Bear%20Portrait%20ORIGINAL.jpg","OK","Ready."
"Animals","Beer Bear","bears","Sketches\bears\beer-bear.html","https://ronenglish-archive.github.io/ron-english-sketches-animals/Sketches/bears/beer-bear.html","2","0","https://ronenglish-archive.github.io/ron-english-sketches-animals/images/Sketches/bears/Beer%20Bear%20B%26W%20digital.jpg","OK","Ready."
"Animals","Blue Bear","bears","Sketches\bears\blue-bear.html","https://ronenglish-archive.github.io/ron-english-sketches-animals/Sketches/bears/blue-bear.html","3","0","https://ronenglish-archive.github.io/ron-english-sketches-animals/images/Sketches/bears/Blue%20Bear%20ORIGINAL.jpg","OK","Ready."
"Animals","Li'l Bear","bears","Sketches\bears\lil-bear.html","https://ronenglish-archive.github.io/ron-english-sketches-animals/Sketches/bears/lil-bear.html","2","2","https://ronenglish-archive.github.io/ron-english-sketches-animals/images/Sketches/bears/Li","REVIEW","Some local image references were not found."
"Animals","My Thoughts Escape Me","bears","Sketches\bears\my-thoughts-escape-me.html","https://ronenglish-archive.github.io/ron-english-sketches-animals/Sketches/bears/my-thoughts-escape-me.html","3","0","https://ronenglish-archive.github.io/ron-english-sketches-animals/images/Sketches/bears/My%20Thoughts%20Escape%20Me%20ORIGINAL.jpg","OK","Ready."
"Animals","Papa Panda","bears","Sketches\bears\papa-panda.html","https://ronenglish-archive.github.io/ron-english-sketches-animals/Sketches/bears/papa-panda.html","6","0","https://ronenglish-archive.github.io/ron-english-sketches-animals/images/Sketches/bears/Papa%20Panda%20B%26W%20digital.jpg","OK","Ready."
"Animals","Red Bear","bears","Sketches\bears\red-bear.html","https://ronenglish-archive.github.io/ron-english-sketches-animals/Sketches/bears/red-bear.html","3","0","https://ronenglish-archive.github.io/ron-english-sketches-animals/images/Sketches/bears/Red%20Bear%20ORIGINAL.jpg","OK","Ready."
"Animals","White Bear","bears","Sketches\bears\white-bear.html","https://ronenglish-archive.github.io/ron-english-sketches-animals/Sketches/bears/white-bear.html","3","0","https://ronenglish-archive.github.io/ron-english-sketches-animals/images/Sketches/bears/White%20Bear%20ORIGINAL.jpg","OK","Ready."
"Animals","Bigfoot Family Icon","bigfoot","Sketches\bigfoot\bigfoot-family-icon.html","https://ronenglish-archive.github.io/ron-english-sketches-animals/Sketches/bigfoot/bigfoot-family-icon.html","1","1","https://ronenglish-archive.github.io/ron-english-sketches-animals/images/Sketches/bigfoot/Bigfoot%2520Family%2520Icon%2520COLOR.jpg","REVIEW","Some local image references were not found."
"Animals","Bigfoot Feet","bigfoot","Sketches\bigfoot\bigfoot-feet.html","https://ronenglish-archive.github.io/ron-english-sketches-animals/Sketches/bigfoot/bigfoot-feet.html","2","2","https://ronenglish-archive.github.io/ron-english-sketches-animals/images/Sketches/bigfoot/Bigfoot%2520feet%2520ORIGINAL.jpg","REVIEW","Some local image references were not found."
"Animals","Bigfoot Living Room","bigfoot","Sketches\bigfoot\bigfoot-living-room.html","https://ronenglish-archive.github.io/ron-english-sketches-animals/Sketches/bigfoot/bigfoot-living-room.html","4","4","https://ronenglish-archive.github.io/ron-english-sketches-animals/images/Sketches/bigfoot/Bigfoot%2520Living%2520Room%25201%2520ORIGINAL.jpg","REVIEW","Some local image references were not found."
"Animals","Bigfoot Messiah","bigfoot","Sketches\bigfoot\bigfoot-messiah.html","https://ronenglish-archive.github.io/ron-english-sketches-animals/Sketches/bigfoot/bigfoot-messiah.html","3","3","https://ronenglish-archive.github.io/ron-english-sketches-animals/images/Sketches/bigfoot/Bigfoot%2520Messiah%2520ORIGINAL.jpg","REVIEW","Some local image references were not found."
"Animals","Bigfoot Toddler","bigfoot","Sketches\bigfoot\bigfoot-toddler.html","https://ronenglish-archive.github.io/ron-english-sketches-animals/Sketches/bigfoot/bigfoot-toddler.html","2","2","https://ronenglish-archive.github.io/ron-english-sketches-animals/images/Sketches/bigfoot/Bigfoot%2520Toddler%2520B%26amp%3BW.jpg","REVIEW","Some local image references were not found."
"Animals","Bigfoot Tourist","bigfoot","Sketches\bigfoot\bigfoot-tourist.html","https://ronenglish-archive.github.io/ron-english-sketches-animals/Sketches/bigfoot/bigfoot-tourist.html","4","4","https://ronenglish-archive.github.io/ron-english-sketches-animals/images/Sketches/bigfoot/Bigfoot%2520Tourist%2520ORIGINAL.jpg","REVIEW","Some local image references were not found."
"Animals","Fake Father Bigfoot","bigfoot","Sketches\bigfoot\fake-father-bigfoot.html","https://ronenglish-archive.github.io/ron-english-sketches-animals/Sketches/bigfoot/fake-father-bigfoot.html","6","6","https://ronenglish-archive.github.io/ron-english-sketches-animals/images/Sketches/bigfoot/Fake%2520Father%2520Bigfoot%2520ORIGINAL.jpg","REVIEW","Some local image references were not found."
"Animals","Lady Bigfoot","bigfoot","Sketches\bigfoot\lady-bigfoot.html","https://ronenglish-archive.github.io/ron-english-sketches-animals/Sketches/bigfoot/lady-bigfoot.html","3","3","https://ronenglish-archive.github.io/ron-english-sketches-animals/images/Sketches/bigfoot/Lady%2520Bigfoot%2520ORIGINAL.jpg","REVIEW","Some local image references were not found."
"Animals","Li'l Bigfoot","bigfoot","Sketches\bigfoot\lil-bigfoot.html","https://ronenglish-archive.github.io/ron-english-sketches-animals/Sketches/bigfoot/lil-bigfoot.html","6","6","https://ronenglish-archive.github.io/ron-english-sketches-animals/images/Sketches/bigfoot/Li%26%2339%3Bl%2520Bigfoot%2520ORIGINAL.jpg","REVIEW","Some local image references were not found."
"Animals","Li'l Bigfoot with Beard","bigfoot","Sketches\bigfoot\lil-bigfoot-with-beard.html","https://ronenglish-archive.github.io/ron-english-sketches-animals/Sketches/bigfoot/lil-bigfoot-with-beard.html","14","14","https://ronenglish-archive.github.io/ron-english-sketches-animals/images/Sketches/bigfoot/Li%26%2339%3Bl%2520Bigfoot%2520with%2520beard%2520front%2520ORIGINAL.jpg","REVIEW","Some local image references were not found."
"Animals","Little Bigfoot","bigfoot","Sketches\bigfoot\little-bigfoot.html","https://ronenglish-archive.github.io/ron-english-sketches-animals/Sketches/bigfoot/little-bigfoot.html","3","3","https://ronenglish-archive.github.io/ron-english-sketches-animals/images/Sketches/bigfoot/Little%2520Bigfoot%2520ORIGINAL.jpg","REVIEW","Some local image references were not found."
"Animals","Midget Bigfoot","bigfoot","Sketches\bigfoot\midget-bigfoot.html","https://ronenglish-archive.github.io/ron-english-sketches-animals/Sketches/bigfoot/midget-bigfoot.html","6","6","https://ronenglish-archive.github.io/ron-english-sketches-animals/images/Sketches/bigfoot/Midget%2520Bigfoot%2520ORIGINAL.jpg","REVIEW","Some local image references were not found."
"Animals","Myth Mother Bigfoot","bigfoot","Sketches\bigfoot\myth-mother-bigfoot.html","https://ronenglish-archive.github.io/ron-english-sketches-animals/Sketches/bigfoot/myth-mother-bigfoot.html","5","5","https://ronenglish-archive.github.io/ron-english-sketches-animals/images/Sketches/bigfoot/Myth%2520Mother%2520Bigfoot%2520B%26amp%3BW.jpg","REVIEW","Some local image references were not found."
"Animals","New Urban Bigfoot","bigfoot","Sketches\bigfoot\new-urban-bigfoot.html","https://ronenglish-archive.github.io/ron-english-sketches-animals/Sketches/bigfoot/new-urban-bigfoot.html","4","4","https://ronenglish-archive.github.io/ron-english-sketches-animals/images/Sketches/bigfoot/New%2520Urban%2520Bigfoot%2520ORIGINAL.jpg","REVIEW","Some local image references were not found."
"Animals","Urban Bigfoot","bigfoot","Sketches\bigfoot\urban-bigfoot.html","https://ronenglish-archive.github.io/ron-english-sketches-animals/Sketches/bigfoot/urban-bigfoot.html","14","14","https://ronenglish-archive.github.io/ron-english-sketches-animals/images/Sketches/bigfoot/Urban%2520Bigfoot%25201%2520front%2520ORIGINAL.jpg","REVIEW","Some local image references were not found."
"Animals","Urban Bigfoot with Hoodie","bigfoot","Sketches\bigfoot\urban-bigfoot-with-hoodie.html","https://ronenglish-archive.github.io/ron-english-sketches-animals/Sketches/bigfoot/urban-bigfoot-with-hoodie.html","2","2","https://ronenglish-archive.github.io/ron-english-sketches-animals/images/Sketches/bigfoot/Urban%2520Bigfoot%2520with%2520Hoodie%2520front.jpg","REVIEW","Some local image references were not found."
"Animals","Washington Bigfoot","bigfoot","Sketches\bigfoot\washington-bigfoot.html","https://ronenglish-archive.github.io/ron-english-sketches-animals/Sketches/bigfoot/washington-bigfoot.html","2","2","https://ronenglish-archive.github.io/ron-english-sketches-animals/images/Sketches/bigfoot/Washington%2520Bigfoot%2520ORIGINAL.jpg","REVIEW","Some local image references were not found."
"Grins","Alien Baby Grin","grins","Sketches\grins\alien-baby-grin.html","https://ronenglish-archive.github.io/ron-english-sketches-grins/Sketches/grins/alien-baby-grin.html","3","3","https://ronenglish-archive.github.io/ron-english-sketches-grins/images/Sketches/grins/Alien%2520Baby%2520Grin%2520colorway%25201.jpg","REVIEW","Some local image references were not found."
"Grins","Alien Grin","grins","Sketches\grins\alien-grin.html","https://ronenglish-archive.github.io/ron-english-sketches-grins/Sketches/grins/alien-grin.html","1","1","https://ronenglish-archive.github.io/ron-english-sketches-grins/images/Sketches/grins/Alien%2520Grin%2520COLOR.png","REVIEW","Some local image references were not found."
"Grins","Angel Grin","grins","Sketches\grins\angel-grin.html","https://ronenglish-archive.github.io/ron-english-sketches-grins/Sketches/grins/angel-grin.html","3","3","https://ronenglish-archive.github.io/ron-english-sketches-grins/images/Sketches/grins/Angel%2520Grin%2520B%26amp%3BW.jpg","REVIEW","Some local image references were not found."
"Grins","Angel Wings Grin","grins","Sketches\grins\angel-wings-grin.html","https://ronenglish-archive.github.io/ron-english-sketches-grins/Sketches/grins/angel-wings-grin.html","54","54","https://ronenglish-archive.github.io/ron-english-sketches-grins/images/Sketches/grins/Carousel%2520Grinnie%2520front%2520ORIGINAL.jpg","REVIEW","Some local image references were not found."
"Grins","Artist Grin","grins","Sketches\grins\artist-grin.html","https://ronenglish-archive.github.io/ron-english-sketches-grins/Sketches/grins/artist-grin.html","4","4","https://ronenglish-archive.github.io/ron-english-sketches-grins/images/Sketches/grins/Artist%2520Grin%2520B%26amp%3BW.jpg","REVIEW","Some local image references were not found."
"Grins","Astro Boy Grin","grins","Sketches\grins\astro-boy-grin.html","https://ronenglish-archive.github.io/ron-english-sketches-grins/Sketches/grins/astro-boy-grin.html","2","2","https://ronenglish-archive.github.io/ron-english-sketches-grins/images/Sketches/grins/Astro%2520Boy%2520Grin%2520COLOR.jpg","REVIEW","Some local image references were not found."
"Grins","Astrogrin","grins","Sketches\grins\astrogrin.html","https://ronenglish-archive.github.io/ron-english-sketches-grins/Sketches/grins/astrogrin.html","3","3","https://ronenglish-archive.github.io/ron-english-sketches-grins/images/Sketches/grins/Astrogrin%2520ORIGINAL.jpg","REVIEW","Some local image references were not found."
"Grins","Babalouie Grin","grins","Sketches\grins\babalouie-grin.html","https://ronenglish-archive.github.io/ron-english-sketches-grins/Sketches/grins/babalouie-grin.html","3","3","https://ronenglish-archive.github.io/ron-english-sketches-grins/images/Sketches/grins/Babalouie%2520Grin%2520ORIGINAL.jpg","REVIEW","Some local image references were not found."
"Grins","Baby Grin","grins","Sketches\grins\baby-grin.html","https://ronenglish-archive.github.io/ron-english-sketches-grins/Sketches/grins/baby-grin.html","4","4","https://ronenglish-archive.github.io/ron-english-sketches-grins/images/Sketches/grins/Baby%2520Grin%2520ORIGINAL%25202.jpg","REVIEW","Some local image references were not found."
"Grins","Baby Grin 2","grins","Sketches\grins\baby-grin-2.html","https://ronenglish-archive.github.io/ron-english-sketches-grins/Sketches/grins/baby-grin-2.html","4","4","https://ronenglish-archive.github.io/ron-english-sketches-grins/images/Sketches/grins/Baby%2520Grin%25202%2520ORIGINAL.jpg","REVIEW","Some local image references were not found."
"Grins","Badly Drawn Batman Grin","grins","Sketches\grins\badly-drawn-batman-grin.html","https://ronenglish-archive.github.io/ron-english-sketches-grins/Sketches/grins/badly-drawn-batman-grin.html","1","1","https://ronenglish-archive.github.io/ron-english-sketches-grins/images/Sketches/grins/Badly%2520Drawn%2520Batman%2520Grin%2520ORIGINAL%2520COLOR.jpg","REVIEW","Some local image references were not found."
"Grins","Barney Grin","grins","Sketches\grins\barney-grin.html","https://ronenglish-archive.github.io/ron-english-sketches-grins/Sketches/grins/barney-grin.html","22","22","https://ronenglish-archive.github.io/ron-english-sketches-grins/images/Sketches/grins/Barney%2520Grin%2520front%25201%2520ORIGINAL.jpg","REVIEW","Some local image references were not found."
"Grins","Bart Grin","grins","Sketches\grins\bart-grin.html","https://ronenglish-archive.github.io/ron-english-sketches-grins/Sketches/grins/bart-grin.html","14","14","https://ronenglish-archive.github.io/ron-english-sketches-grins/images/Sketches/grins/Bart%2520Grin%2520Chubby%2520front%2520ORIGINAL.jpg","REVIEW","Some local image references were not found."
"Grins","Bartman Grin","grins","Sketches\grins\bartman-grin.html","https://ronenglish-archive.github.io/ron-english-sketches-grins/Sketches/grins/bartman-grin.html","3","3","https://ronenglish-archive.github.io/ron-english-sketches-grins/images/Sketches/grins/Bartman%2520Grin%2520flying%2520B%2526W.jpg","REVIEW","Some local image references were not found."
"Grins","Baseball Grin","grins","Sketches\grins\baseball-grin.html","https://ronenglish-archive.github.io/ron-english-sketches-grins/Sketches/grins/baseball-grin.html","6","6","https://ronenglish-archive.github.io/ron-english-sketches-grins/images/Sketches/grins/Baseball%2520Grin%2520ORIGINAL.jpg","REVIEW","Some local image references were not found."
"Grins","Basketball Bulldog Grin","grins","Sketches\grins\basketball-bulldog-grin.html","https://ronenglish-archive.github.io/ron-english-sketches-grins/Sketches/grins/basketball-bulldog-grin.html","2","2","https://ronenglish-archive.github.io/ron-english-sketches-grins/images/Sketches/grins/Basketball%2520Bulldog%2520Grin%2520B%26amp%3BW.jpg","REVIEW","Some local image references were not found."
"Grins","Basketball Grin","grins","Sketches\grins\basketball-grin.html","https://ronenglish-archive.github.io/ron-english-sketches-grins/Sketches/grins/basketball-grin.html","16","16","https://ronenglish-archive.github.io/ron-english-sketches-grins/images/Sketches/grins/Basketball%2520Grin%2520back%2520ORIGINAL.jpg","REVIEW","Some local image references were not found."
"Grins","Bat Grin","grins","Sketches\grins\bat-grin.html","https://ronenglish-archive.github.io/ron-english-sketches-grins/Sketches/grins/bat-grin.html","6","6","https://ronenglish-archive.github.io/ron-english-sketches-grins/images/Sketches/grins/Bat%2520Grin%2520front%2520ORIGINAL.jpg","REVIEW","Some local image references were not found."
"Grins","Bat Grin version 2","grins","Sketches\grins\bat-grin-version-2.html","https://ronenglish-archive.github.io/ron-english-sketches-grins/Sketches/grins/bat-grin-version-2.html","6","6","https://ronenglish-archive.github.io/ron-english-sketches-grins/images/Sketches/grins/Bat%2520Grin%2520version%25202%2520front%2520ORIGINAL.jpg","REVIEW","Some local image references were not found."
"Grins","Batman Grin","grins","Sketches\grins\batman-grin.html","https://ronenglish-archive.github.io/ron-english-sketches-grins/Sketches/grins/batman-grin.html","7","7","https://ronenglish-archive.github.io/ron-english-sketches-grins/images/Sketches/grins/Batman%2520Grin%2520ORIGINAL%25202.jpg","REVIEW","Some local image references were not found."
"Grins","Batman Grin and Robin 2","grins","Sketches\grins\batman-grin-and-robin-2.html","https://ronenglish-archive.github.io/ron-english-sketches-grins/Sketches/grins/batman-grin-and-robin-2.html","1","1","https://ronenglish-archive.github.io/ron-english-sketches-grins/images/Sketches/grins/Batman%2520Grin%2520and%2520Robin%25202%2520ORIGINAL.jpg","REVIEW","Some local image references were not found."
"Grins","Batman Grin Icon","grins","Sketches\grins\batman-grin-icon.html","https://ronenglish-archive.github.io/ron-english-sketches-grins/Sketches/grins/batman-grin-icon.html","2","2","https://ronenglish-archive.github.io/ron-english-sketches-grins/images/Sketches/grins/Batman%2520Grin%2520Icon%2520B%26amp%3BW.jpg","REVIEW","Some local image references were not found."
"Grins","Batman Grin Torso","grins","Sketches\grins\batman-grin-torso.html","https://ronenglish-archive.github.io/ron-english-sketches-grins/Sketches/grins/batman-grin-torso.html","4","4","https://ronenglish-archive.github.io/ron-english-sketches-grins/images/Sketches/grins/Batman%2520Grin%2520three%2520quarters%2520COLOR%25201.png","REVIEW","Some local image references were not found."
"Grins","Battle Skull Grin","grins","Sketches\grins\battle-skull-grin.html","https://ronenglish-archive.github.io/ron-english-sketches-grins/Sketches/grins/battle-skull-grin.html","4","4","https://ronenglish-archive.github.io/ron-english-sketches-grins/images/Sketches/grins/Battle%2520Skull%2520Grin%2520ORIGINAL.jpg","REVIEW","Some local image references were not found."
"Grins","Bearbrick Skull","grins","Sketches\grins\bearbrick-skull.html","https://ronenglish-archive.github.io/ron-english-sketches-grins/Sketches/grins/bearbrick-skull.html","3","3","https://ronenglish-archive.github.io/ron-english-sketches-grins/images/Sketches/grins/Bearbrick%2520Skull%2520ORIGINAL.jpg","REVIEW","Some local image references were not found."
"Grins","Bear Grin Forked Tongue","grins","Sketches\grins\bear-grin-forked-tongue.html","https://ronenglish-archive.github.io/ron-english-sketches-grins/Sketches/grins/bear-grin-forked-tongue.html","5","5","https://ronenglish-archive.github.io/ron-english-sketches-grins/images/Sketches/grins/Bear%2520Grin%2520Forked%2520Tongue%2520ORIGINAL.jpg","REVIEW","Some local image references were not found."
"Grins","Beast Man Grin","grins","Sketches\grins\beast-man-grin.html","https://ronenglish-archive.github.io/ron-english-sketches-grins/Sketches/grins/beast-man-grin.html","3","3","https://ronenglish-archive.github.io/ron-english-sketches-grins/images/Sketches/grins/Beast%2520Man%2520Grin%2520ORIGINAL.jpg","REVIEW","Some local image references were not found."
"Grins","Bert Grin","grins","Sketches\grins\bert-grin.html","https://ronenglish-archive.github.io/ron-english-sketches-grins/Sketches/grins/bert-grin.html","4","4","https://ronenglish-archive.github.io/ron-english-sketches-grins/images/Sketches/grins/Bert%2520Grin%2520ORIGINAL.jpg","REVIEW","Some local image references were not found."
"Grins","Big Boy Grin","grins","Sketches\grins\big-boy-grin.html","https://ronenglish-archive.github.io/ron-english-sketches-grins/Sketches/grins/big-boy-grin.html","3","3","https://ronenglish-archive.github.io/ron-english-sketches-grins/images/Sketches/grins/Big%2520Boy%2520Grin%2520ORIGINAL.jpg","REVIEW","Some local image references were not found."
"Grins","Biggie Grin","grins","Sketches\grins\biggie-grin.html","https://ronenglish-archive.github.io/ron-english-sketches-grins/Sketches/grins/biggie-grin.html","3","3","https://ronenglish-archive.github.io/ron-english-sketches-grins/images/Sketches/grins/Biggie%2520Grin%2520ORIGINAL%2520COLOR.png","REVIEW","Some local image references were not found."
"Grins","Blanka Grin","grins","Sketches\grins\blanka-grin.html","https://ronenglish-archive.github.io/ron-english-sketches-grins/Sketches/grins/blanka-grin.html","1","1","https://ronenglish-archive.github.io/ron-english-sketches-grins/images/Sketches/grins/Blanka%2520Grin%2520ORIGINAL.jpg","REVIEW","Some local image references were not found."
"Grins","Blotchy Grin","grins","Sketches\grins\blotchy-grin.html","https://ronenglish-archive.github.io/ron-english-sketches-grins/Sketches/grins/blotchy-grin.html","2","2","https://ronenglish-archive.github.io/ron-english-sketches-grins/images/Sketches/grins/Blotchy%2520Grin%2520ORIGINAL.jpg","REVIEW","Some local image references were not found."
"Grins","Blue From Blue’s Clues Grin","grins","Sketches\grins\blue-from-blue-s-clues-grin.html","https://ronenglish-archive.github.io/ron-english-sketches-grins/Sketches/grins/blue-from-blue-s-clues-grin.html","3","3","https://ronenglish-archive.github.io/ron-english-sketches-grins/images/Sketches/grins/Blue%2520From%2520Blue%25E2%2580%2599s%2520Clues%2520Grin%2520ORIGINAL.jpg","REVIEW","Some local image references were not found."
"Grins","Boba Fett Grin","grins","Sketches\grins\boba-fett-grin.html","https://ronenglish-archive.github.io/ron-english-sketches-grins/Sketches/grins/boba-fett-grin.html","12","12","https://ronenglish-archive.github.io/ron-english-sketches-grins/images/Sketches/grins/Boba%2520Fett%2520Grin%2520front%2520ORIGINAL.jpg","REVIEW","Some local image references were not found."
"Grins","Boo Boo Bear Grin","grins","Sketches\grins\boo-boo-bear-grin.html","https://ronenglish-archive.github.io/ron-english-sketches-grins/Sketches/grins/boo-boo-bear-grin.html","3","3","https://ronenglish-archive.github.io/ron-english-sketches-grins/images/Sketches/grins/Boo%2520Boo%2520Bear%2520Grin%2520ORIGINAL.jpg","REVIEW","Some local image references were not found."
"Grins","Bored Ape Grin","grins","Sketches\grins\bored-ape-grin.html","https://ronenglish-archive.github.io/ron-english-sketches-grins/Sketches/grins/bored-ape-grin.html","1","1","https://ronenglish-archive.github.io/ron-english-sketches-grins/images/Sketches/grins/Bored%2520Ape%2520Cowboy%2520Grin%2520COLOR.jpg","REVIEW","Some local image references were not found."
"Grins","B-Rex Grin","grins","Sketches\grins\b-rex-grin.html","https://ronenglish-archive.github.io/ron-english-sketches-grins/Sketches/grins/b-rex-grin.html","7","7","https://ronenglish-archive.github.io/ron-english-sketches-grins/images/Sketches/grins/B-Rex%2520Grin%2520front%2520ORIGINAL.jpg","REVIEW","Some local image references were not found."
"Grins","Bugs Grin","grins","Sketches\grins\bugs-grin.html","https://ronenglish-archive.github.io/ron-english-sketches-grins/Sketches/grins/bugs-grin.html","3","3","https://ronenglish-archive.github.io/ron-english-sketches-grins/images/Sketches/grins/Bugs%2520Grin%2520ORIGINAL.jpg","REVIEW","Some local image references were not found."
"Grins","Bulldog Grin","grins","Sketches\grins\bulldog-grin.html","https://ronenglish-archive.github.io/ron-english-sketches-grins/Sketches/grins/bulldog-grin.html","2","2","https://ronenglish-archive.github.io/ron-english-sketches-grins/images/Sketches/grins/Bulldog%2520Grin%2520B%26amp%3BW.jpg","REVIEW","Some local image references were not found."
"Grins","Businessman Grin","grins","Sketches\grins\businessman-grin.html","https://ronenglish-archive.github.io/ron-english-sketches-grins/Sketches/grins/businessman-grin.html","12","12","https://ronenglish-archive.github.io/ron-english-sketches-grins/images/Sketches/grins/Businessman%2520grin%2520back%2520ORIGINAL.jpg","REVIEW","Some local image references were not found."
"Grins","Butterfly Wings Grin","grins","Sketches\grins\butterfly-wings-grin.html","https://ronenglish-archive.github.io/ron-english-sketches-grins/Sketches/grins/butterfly-wings-grin.html","2","2","https://ronenglish-archive.github.io/ron-english-sketches-grins/images/Sketches/grins/Butterfly%2520Wings%2520Grin%25201.png","REVIEW","Some local image references were not found."
"Grins","C3PO Grin","grins","Sketches\grins\c3po-grin.html","https://ronenglish-archive.github.io/ron-english-sketches-grins/Sketches/grins/c3po-grin.html","2","2","https://ronenglish-archive.github.io/ron-english-sketches-grins/images/Sketches/grins/C3PO%2520Grin%2520B%26amp%3BW.jpg","REVIEW","Some local image references were not found."
"Grins","Cafeteria Lady Grin","grins","Sketches\grins\cafeteria-lady-grin.html","https://ronenglish-archive.github.io/ron-english-sketches-grins/Sketches/grins/cafeteria-lady-grin.html","3","3","https://ronenglish-archive.github.io/ron-english-sketches-grins/images/Sketches/grins/Cafeteria%2520Lady%2520Grin%2520ORIGINAL.jpg","REVIEW","Some local image references were not found."
"Grins","Cap’n Cornstarch Grin","grins","Sketches\grins\cap-n-cornstarch-grin.html","https://ronenglish-archive.github.io/ron-english-sketches-grins/Sketches/grins/cap-n-cornstarch-grin.html","3","3","https://ronenglish-archive.github.io/ron-english-sketches-grins/images/Sketches/grins/Cap%25E2%2580%2599n%2520Cornstarch%2520Grin%2520ORIGINAL.jpg","REVIEW","Some local image references were not found."
"Grins","Carmelo Grin","grins","Sketches\grins\carmelo-grin.html","https://ronenglish-archive.github.io/ron-english-sketches-grins/Sketches/grins/carmelo-grin.html","3","3","https://ronenglish-archive.github.io/ron-english-sketches-grins/images/Sketches/grins/Carmelo%2520Grin%2520ORIGINAL.jpg","REVIEW","Some local image references were not found."
"Grins","Cartman Grin","grins","Sketches\grins\cartman-grin.html","https://ronenglish-archive.github.io/ron-english-sketches-grins/Sketches/grins/cartman-grin.html","8","8","https://ronenglish-archive.github.io/ron-english-sketches-grins/images/Sketches/grins/Cartman%2520Grin%2520ORIGINAL.jpg","REVIEW","Some local image references were not found."
"Grins","Catbrain Grin","grins","Sketches\grins\catbrain-grin.html","https://ronenglish-archive.github.io/ron-english-sketches-grins/Sketches/grins/catbrain-grin.html","1","1","https://ronenglish-archive.github.io/ron-english-sketches-grins/images/Sketches/grins/Catbrain%2520Grin%2520ORIGINAL.jpg","REVIEW","Some local image references were not found."
"Grins","Cat Grin","grins","Sketches\grins\cat-grin.html","https://ronenglish-archive.github.io/ron-english-sketches-grins/Sketches/grins/cat-grin.html","8","8","https://ronenglish-archive.github.io/ron-english-sketches-grins/images/Sketches/grins/Cat%2520Grin%25202%2520ORIGINAL%25202.jpg","REVIEW","Some local image references were not found."
"Grins","Cat in Hat Grin","grins","Sketches\grins\cat-in-hat-grin.html","https://ronenglish-archive.github.io/ron-english-sketches-grins/Sketches/grins/cat-in-hat-grin.html","3","3","https://ronenglish-archive.github.io/ron-english-sketches-grins/images/Sketches/grins/Cat%2520in%2520Hat%2520Grin%2520ORIGINAL.jpg","REVIEW","Some local image references were not found."
"Grins","Charlie Brown Grin","grins","Sketches\grins\charlie-brown-grin.html","https://ronenglish-archive.github.io/ron-english-sketches-grins/Sketches/grins/charlie-brown-grin.html","9","9","https://ronenglish-archive.github.io/ron-english-sketches-grins/images/Sketches/grins/Charlie%2520Brown%2520Grin%2520back%2520ORIGINAL.jpg","REVIEW","Some local image references were not found."
"Grins","Charlie Grin X Ray","grins","Sketches\grins\charlie-grin-x-ray.html","https://ronenglish-archive.github.io/ron-english-sketches-grins/Sketches/grins/charlie-grin-x-ray.html","4","4","https://ronenglish-archive.github.io/ron-english-sketches-grins/images/Sketches/grins/Charlie%2520Grin%2520X%2520Ray%2520ORIGINAL.jpg","REVIEW","Some local image references were not found."
"Grins","Cheshire Cat Grin","grins","Sketches\grins\cheshire-cat-grin.html","https://ronenglish-archive.github.io/ron-english-sketches-grins/Sketches/grins/cheshire-cat-grin.html","3","3","https://ronenglish-archive.github.io/ron-english-sketches-grins/images/Sketches/grins/Cheshire%2520Cat%2520Grin%2520ORIGINAL.jpg","REVIEW","Some local image references were not found."
"Grins","Chico Roco","grins","Sketches\grins\chico-roco-grin.html","https://ronenglish-archive.github.io/ron-english-sketches-grins/Sketches/grins/chico-roco-grin.html","15","15","https://ronenglish-archive.github.io/ron-english-sketches-grins/images/Sketches/grins/Chico%2520Roco%2520back%2520ORIGINAL.jpg","REVIEW","Some local image references were not found."
"Grins","Chuckie Grin","grins","Sketches\grins\chuckie-grin.html","https://ronenglish-archive.github.io/ron-english-sketches-grins/Sketches/grins/chuckie-grin.html","2","2","https://ronenglish-archive.github.io/ron-english-sketches-grins/images/Sketches/grins/Chuckie%2520Grin%2520ORIGINAL.jpg","REVIEW","Some local image references were not found."
"Grins","Count Calorie Grin","grins","Sketches\grins\count-calorie-grin.html","https://ronenglish-archive.github.io/ron-english-sketches-grins/Sketches/grins/count-calorie-grin.html","3","3","https://ronenglish-archive.github.io/ron-english-sketches-grins/images/Sketches/grins/Count%2520Calorie%2520Grin%2520ORIGINAL.jpg","REVIEW","Some local image references were not found."
"Grins","Courage Dog Grin","grins","Sketches\grins\courage-dog-grin.html","https://ronenglish-archive.github.io/ron-english-sketches-grins/Sketches/grins/courage-dog-grin.html","3","3","https://ronenglish-archive.github.io/ron-english-sketches-grins/images/Sketches/grins/Courage%2520Dog%2520Grin%2520ORIGINAL.jpg","REVIEW","Some local image references were not found."
"Grins","COVID Grin","grins","Sketches\grins\covid-grin.html","https://ronenglish-archive.github.io/ron-english-sketches-grins/Sketches/grins/covid-grin.html","4","4","https://ronenglish-archive.github.io/ron-english-sketches-grins/images/Sketches/grins/COVID%2520Grin%2520ORIGINAL.jpg","REVIEW","Some local image references were not found."
"Grins","Cow Grin","grins","Sketches\grins\cow-grin.html","https://ronenglish-archive.github.io/ron-english-sketches-grins/Sketches/grins/cow-grin.html","3","3","https://ronenglish-archive.github.io/ron-english-sketches-grins/images/Sketches/grins/Cow%2520Grin%2520ORIGINAL.jpg","REVIEW","Some local image references were not found."
"Grins","Creepy Creature","grins","Sketches\grins\creepy-creature.html","https://ronenglish-archive.github.io/ron-english-sketches-grins/Sketches/grins/creepy-creature.html","3","3","https://ronenglish-archive.github.io/ron-english-sketches-grins/images/Sketches/grins/Creepy%2520Creature%2520ORIGINAL.jpg","REVIEW","Some local image references were not found."
"Grins","Croc Grin","grins","Sketches\grins\croc-grin.html","https://ronenglish-archive.github.io/ron-english-sketches-grins/Sketches/grins/croc-grin.html","3","3","https://ronenglish-archive.github.io/ron-english-sketches-grins/images/Sketches/grins/Croc%2520Grin%2520ORIGINAL.jpg","REVIEW","Some local image references were not found."
"Grins","Cryptopunk Grin","grins","Sketches\grins\cryptopunk-grin.html","https://ronenglish-archive.github.io/ron-english-sketches-grins/Sketches/grins/cryptopunk-grin.html","8","8","https://ronenglish-archive.github.io/ron-english-sketches-grins/images/Sketches/grins/Cryptopunk%2520Grin%2520COLOR.png","REVIEW","Some local image references were not found."
"Grins","Darth Vader Grin","grins","Sketches\grins\darth-vader-grin.html","https://ronenglish-archive.github.io/ron-english-sketches-grins/Sketches/grins/darth-vader-grin.html","8","8","https://ronenglish-archive.github.io/ron-english-sketches-grins/images/Sketches/grins/Darth%2520Grin%2520ORIGINAL.jpg","REVIEW","Some local image references were not found."
"Grins","David Grin","grins","Sketches\grins\david-grin.html","https://ronenglish-archive.github.io/ron-english-sketches-grins/Sketches/grins/david-grin.html","3","3","https://ronenglish-archive.github.io/ron-english-sketches-grins/images/Sketches/grins/David%2520Grin%2520ORIGINAL.jpg","REVIEW","Some local image references were not found."
"Grins","DEADMAU5 Grin","grins","Sketches\grins\deadmau5-grin.html","https://ronenglish-archive.github.io/ron-english-sketches-grins/Sketches/grins/deadmau5-grin.html","16","16","https://ronenglish-archive.github.io/ron-english-sketches-grins/images/Sketches/grins/DEADMAU5%2520Grin%2520Running%2520ORIGINAL.jpg","REVIEW","Some local image references were not found."
"Grins","Dementon Grin","grins","Sketches\grins\dementon-grin.html","https://ronenglish-archive.github.io/ron-english-sketches-grins/Sketches/grins/dementon-grin.html","3","3","https://ronenglish-archive.github.io/ron-english-sketches-grins/images/Sketches/grins/Dementon%2520Grin%2520ORIGINAL.jpg","REVIEW","Some local image references were not found."
"Grins","Deputy Dog Grin","grins","Sketches\grins\deputy-dog-grin.html","https://ronenglish-archive.github.io/ron-english-sketches-grins/Sketches/grins/deputy-dog-grin.html","2","2","https://ronenglish-archive.github.io/ron-english-sketches-grins/images/Sketches/grins/Deputy%2520Dog%2520Grin%2520COLOR.jpg","REVIEW","Some local image references were not found."
"Grins","Devil Grin","grins","Sketches\grins\devil-grin.html","https://ronenglish-archive.github.io/ron-english-sketches-grins/Sketches/grins/devil-grin.html","3","3","https://ronenglish-archive.github.io/ron-english-sketches-grins/images/Sketches/grins/Devil%2520Grin%2520B%2526W.jpg","REVIEW","Some local image references were not found."
"Grins","Devine Devil","grins","Sketches\grins\devine-devil.html","https://ronenglish-archive.github.io/ron-english-sketches-grins/Sketches/grins/devine-devil.html","1","1","https://ronenglish-archive.github.io/ron-english-sketches-grins/images/Sketches/grins/Devine%2520Devil%2520COLOR.jpg","REVIEW","Some local image references were not found."
"Grins","Dino Heart Grin","grins","Sketches\grins\dino-heart-grin.html","https://ronenglish-archive.github.io/ron-english-sketches-grins/Sketches/grins/dino-heart-grin.html","3","3","https://ronenglish-archive.github.io/ron-english-sketches-grins/images/Sketches/grins/Dino%2520Heart%2520Grin%2520ORIGINAL.jpg","REVIEW","Some local image references were not found."
"Grins","DJ Grin","grins","Sketches\grins\dj-grin.html","https://ronenglish-archive.github.io/ron-english-sketches-grins/Sketches/grins/dj-grin.html","2","2","https://ronenglish-archive.github.io/ron-english-sketches-grins/images/Sketches/grins/DJ%2520Grin%2520B%2526W.jpg","REVIEW","Some local image references were not found."
"Grins","Dog Grin","grins","Sketches\grins\dog-grin.html","https://ronenglish-archive.github.io/ron-english-sketches-grins/Sketches/grins/dog-grin.html","5","5","https://ronenglish-archive.github.io/ron-english-sketches-grins/images/Sketches/grins/Dog%2520Grin%2520ORIGINAL.jpg","REVIEW","Some local image references were not found."
"Grins","Dog Head Grin","grins","Sketches\grins\dog-head-grin.html","https://ronenglish-archive.github.io/ron-english-sketches-grins/Sketches/grins/dog-head-grin.html","3","3","https://ronenglish-archive.github.io/ron-english-sketches-grins/images/Sketches/grins/Dog%2520Head%2520Grin%2520ORIGINAL.jpg","REVIEW","Some local image references were not found."
"Grins","Dr Bub Quack Grin","grins","Sketches\grins\dr-bub-quack-grin.html","https://ronenglish-archive.github.io/ron-english-sketches-grins/Sketches/grins/dr-bub-quack-grin.html","4","4","https://ronenglish-archive.github.io/ron-english-sketches-grins/images/Sketches/grins/Dr%2520Bub%2520Quack%2520Animation%25201.jpg","REVIEW","Some local image references were not found."
"Grins","Drink the Koolaid","grins","Sketches\grins\drink-the-koolaid.html","https://ronenglish-archive.github.io/ron-english-sketches-grins/Sketches/grins/drink-the-koolaid.html","4","4","https://ronenglish-archive.github.io/ron-english-sketches-grins/images/Sketches/grins/Drink%2520the%2520Koolaid%25201.png","REVIEW","Some local image references were not found."
"Grins","Dripping Grin","grins","Sketches\grins\dripping-grin.html","https://ronenglish-archive.github.io/ron-english-sketches-grins/Sketches/grins/dripping-grin.html","9","9","https://ronenglish-archive.github.io/ron-english-sketches-grins/images/Sketches/grins/Dripping%2520Grin%2520head%2520COLOR%25203.png","REVIEW","Some local image references were not found."
"Grins","Droopy Dog Grin","grins","Sketches\grins\droopy-dog-grin.html","https://ronenglish-archive.github.io/ron-english-sketches-grins/Sketches/grins/droopy-dog-grin.html","2","2","https://ronenglish-archive.github.io/ron-english-sketches-grins/images/Sketches/grins/Droopy%2520Dog%2520Grin%2520ORIGINAL.jpg","REVIEW","Some local image references were not found."
"Grins","Dunny Grin","grins","Sketches\grins\dunny-grin.html","https://ronenglish-archive.github.io/ron-english-sketches-grins/Sketches/grins/dunny-grin.html","8","8","https://ronenglish-archive.github.io/ron-english-sketches-grins/images/Sketches/grins/Dunny%2520Grin%2520front%2520ORIGINAL.jpg","REVIEW","Some local image references were not found."
"Grins","Elefanka With Angel Wings Grin","grins","Sketches\grins\elefanka-with-angel-wings-grin.html","https://ronenglish-archive.github.io/ron-english-sketches-grins/Sketches/grins/elefanka-with-angel-wings-grin.html","2","2","https://ronenglish-archive.github.io/ron-english-sketches-grins/images/Sketches/grins/Elefanka%2520With%2520Angel%2520Wings%2520Grin%2520B%2526W.jpg","REVIEW","Some local image references were not found."
"Grins","Elephant Grin","grins","Sketches\grins\elephant-grin.html","https://ronenglish-archive.github.io/ron-english-sketches-grins/Sketches/grins/elephant-grin.html","5","5","https://ronenglish-archive.github.io/ron-english-sketches-grins/images/Sketches/grins/Elephant%2520Grin%2520ORIGINAL.jpg","REVIEW","Some local image references were not found."
"Grins","Elmo Grin","grins","Sketches\grins\elmo-grin.html","https://ronenglish-archive.github.io/ron-english-sketches-grins/Sketches/grins/elmo-grin.html","3","3","https://ronenglish-archive.github.io/ron-english-sketches-grins/images/Sketches/grins/Elmo%2520Grin%2520ORIGINAL.jpg","REVIEW","Some local image references were not found."
"Grins","Eminem Grin","grins","Sketches\grins\eminem-grin.html","https://ronenglish-archive.github.io/ron-english-sketches-grins/Sketches/grins/eminem-grin.html","3","3","https://ronenglish-archive.github.io/ron-english-sketches-grins/images/Sketches/grins/Eminem%2520Grin%2520ORIGINAL.jpg","REVIEW","Some local image references were not found."
"Grins","Ernie Grin","grins","Sketches\grins\ernie-grin.html","https://ronenglish-archive.github.io/ron-english-sketches-grins/Sketches/grins/ernie-grin.html","4","4","https://ronenglish-archive.github.io/ron-english-sketches-grins/images/Sketches/grins/Ernie%2520Grin%2520ORIGINAL.jpg","REVIEW","Some local image references were not found."
"Grins","EZ Nuts Grin","grins","Sketches\grins\ez-nuts-grin.html","https://ronenglish-archive.github.io/ron-english-sketches-grins/Sketches/grins/ez-nuts-grin.html","3","3","https://ronenglish-archive.github.io/ron-english-sketches-grins/images/Sketches/grins/EZ%2520Nuts%2520Grin%25201%2520COLOR.jpg","REVIEW","Some local image references were not found."
"Grins","Fat Stormtrooper Grin","grins","Sketches\grins\fat-stormtrooper-grin.html","https://ronenglish-archive.github.io/ron-english-sketches-grins/Sketches/grins/fat-stormtrooper-grin.html","1","1","https://ronenglish-archive.github.io/ron-english-sketches-grins/images/Sketches/grins/Fat%2520Stormtrooper%2520Grin%2520back%2520ORIGINAL.jpg","REVIEW","Some local image references were not found."
"Grins","Faze Banks Grin","grins","Sketches\grins\faze-banks-grin.html","https://ronenglish-archive.github.io/ron-english-sketches-grins/Sketches/grins/faze-banks-grin.html","2","2","https://ronenglish-archive.github.io/ron-english-sketches-grins/images/Sketches/grins/Faze%2520Banks%2520Grin%2520COLOR.jpg","REVIEW","Some local image references were not found."
"Grins","Felix Grin","grins","Sketches\grins\felix-grin.html","https://ronenglish-archive.github.io/ron-english-sketches-grins/Sketches/grins/felix-grin.html","8","8","https://ronenglish-archive.github.io/ron-english-sketches-grins/images/Sketches/grins/Felix%2520Grin%2520Front%2520ORIGINAL.jpg","REVIEW","Some local image references were not found."
"Grins","Finn Grin","grins","Sketches\grins\finn-grin.html","https://ronenglish-archive.github.io/ron-english-sketches-grins/Sketches/grins/finn-grin.html","3","3","https://ronenglish-archive.github.io/ron-english-sketches-grins/images/Sketches/grins/Finn%2520Grin%2520B%2526W.jpg","REVIEW","Some local image references were not found."
"Grins","Firecracker Skeleton Grin","grins","Sketches\grins\firecracker-skeleton-grin.html","https://ronenglish-archive.github.io/ron-english-sketches-grins/Sketches/grins/firecracker-skeleton-grin.html","2","2","https://ronenglish-archive.github.io/ron-english-sketches-grins/images/Sketches/grins/Firecracker%2520Skeleton%2520Grin%2520ORIGINAL.jpg","REVIEW","Some local image references were not found."
"Grins","Flaming O Grin","grins","Sketches\grins\flaming-o-grin.html","https://ronenglish-archive.github.io/ron-english-sketches-grins/Sketches/grins/flaming-o-grin.html","3","3","https://ronenglish-archive.github.io/ron-english-sketches-grins/images/Sketches/grins/Flaming%2520O%2520Grin%2520ORIGINAL.jpg","REVIEW","Some local image references were not found."
"Grins","Floating Grinnie","grins","Sketches\grins\floating-grinnie.html","https://ronenglish-archive.github.io/ron-english-sketches-grins/Sketches/grins/floating-grinnie.html","1","1","https://ronenglish-archive.github.io/ron-english-sketches-grins/images/Sketches/grins/Floating%2520Grinnie%2520ORIGINAL.jpg","REVIEW","Some local image references were not found."
"Grins","Flower Brain Grin","grins","Sketches\grins\flower-brain-grin.html","https://ronenglish-archive.github.io/ron-english-sketches-grins/Sketches/grins/flower-brain-grin.html","1","1","https://ronenglish-archive.github.io/ron-english-sketches-grins/images/Sketches/grins/Flower%2520Brain%2520Grin%2520COLOR.png","REVIEW","Some local image references were not found."
"Grins","Flower Grin","grins","Sketches\grins\flower-grin.html","https://ronenglish-archive.github.io/ron-english-sketches-grins/Sketches/grins/flower-grin.html","3","3","https://ronenglish-archive.github.io/ron-english-sketches-grins/images/Sketches/grins/Flower%2520Grin%2520COLOR.jpg","REVIEW","Some local image references were not found."
"Grins","Flower Grin version 2","grins","Sketches\grins\flower-grin-version-2.html","https://ronenglish-archive.github.io/ron-english-sketches-grins/Sketches/grins/flower-grin-version-2.html","3","3","https://ronenglish-archive.github.io/ron-english-sketches-grins/images/Sketches/grins/Flower%2520Grin%2520version%25202%2520ORIGINAL.jpg","REVIEW","Some local image references were not found."
"Grins","Football Grin","grins","Sketches\grins\football-grin.html","https://ronenglish-archive.github.io/ron-english-sketches-grins/Sketches/grins/football-grin.html","1","1","https://ronenglish-archive.github.io/ron-english-sketches-grins/images/Sketches/grins/Football%2520Grin%2520ORIGINAL.jpg","REVIEW","Some local image references were not found."
"Grins","Football Player Grin","grins","Sketches\grins\football-player-grin.html","https://ronenglish-archive.github.io/ron-english-sketches-grins/Sketches/grins/football-player-grin.html","3","3","https://ronenglish-archive.github.io/ron-english-sketches-grins/images/Sketches/grins/Football%2520Player%2520Grin%2520ORIGINAL.jpg","REVIEW","Some local image references were not found."
"Grins","Foot in Mouth","grins","Sketches\grins\foot-in-mouth.html","https://ronenglish-archive.github.io/ron-english-sketches-grins/Sketches/grins/foot-in-mouth.html","1","1","https://ronenglish-archive.github.io/ron-english-sketches-grins/images/Sketches/grins/Foot%2520in%2520Mouth%2520ORIGINAL%2520COLOR.jpg","REVIEW","Some local image references were not found."
"Grins","Franken Fat Grin","grins","Sketches\grins\franken-fat-grin.html","https://ronenglish-archive.github.io/ron-english-sketches-grins/Sketches/grins/franken-fat-grin.html","3","3","https://ronenglish-archive.github.io/ron-english-sketches-grins/images/Sketches/grins/Franken%2520Fat%2520Grin%2520ORIGINAL.jpg","REVIEW","Some local image references were not found."
"Grins","Franken Grin","grins","Sketches\grins\franken-grin.html","https://ronenglish-archive.github.io/ron-english-sketches-grins/Sketches/grins/franken-grin.html","1","1","https://ronenglish-archive.github.io/ron-english-sketches-grins/images/Sketches/grins/Franken%2520Grin%2520COLOR.png","REVIEW","Some local image references were not found."
"Grins","Freak Bro Afro Stache","grins","Sketches\grins\freak-bro-afro-stache.html","https://ronenglish-archive.github.io/ron-english-sketches-grins/Sketches/grins/freak-bro-afro-stache.html","3","3","https://ronenglish-archive.github.io/ron-english-sketches-grins/images/Sketches/grins/Freak%2520Bro%2520Afro%2520Stache%2520ORIGINAL.jpg","REVIEW","Some local image references were not found."
"Grins","Freak Bro Grin","grins","Sketches\grins\freak-bro-grin.html","https://ronenglish-archive.github.io/ron-english-sketches-grins/Sketches/grins/freak-bro-grin.html","2","2","https://ronenglish-archive.github.io/ron-english-sketches-grins/images/Sketches/grins/Freak%2520Bro%2520Grin%2520ORIGINAL.jpg","REVIEW","Some local image references were not found."
"Grins","Freak Cat","grins","Sketches\grins\freak-cat.html","https://ronenglish-archive.github.io/ron-english-sketches-grins/Sketches/grins/freak-cat.html","3","3","https://ronenglish-archive.github.io/ron-english-sketches-grins/images/Sketches/grins/Freak%2520Cat%2520ORIGINAL.jpg","REVIEW","Some local image references were not found."
"Grins","Freddy Funko Grin","grins","Sketches\grins\freddy-funko-grin.html","https://ronenglish-archive.github.io/ron-english-sketches-grins/Sketches/grins/freddy-funko-grin.html","2","2","https://ronenglish-archive.github.io/ron-english-sketches-grins/images/Sketches/grins/Freddy%2520Funko%2520Grin%2520B%2526W.jpg","REVIEW","Some local image references were not found."
"Grins","Freddy Funko Grin 2","grins","Sketches\grins\freddy-funko-grin-2.html","https://ronenglish-archive.github.io/ron-english-sketches-grins/Sketches/grins/freddy-funko-grin-2.html","2","2","https://ronenglish-archive.github.io/ron-english-sketches-grins/images/Sketches/grins/Freddy%2520Funko%2520Grin%25202%2520B%2526W.jpg","REVIEW","Some local image references were not found."
"Grins","Garfield Grin","grins","Sketches\grins\garfield-grin.html","https://ronenglish-archive.github.io/ron-english-sketches-grins/Sketches/grins/garfield-grin.html","3","3","https://ronenglish-archive.github.io/ron-english-sketches-grins/images/Sketches/grins/Garfield%2520Grin%2520ORIGINAL.jpg","REVIEW","Some local image references were not found."
"Grins","George Jetson Grin","grins","Sketches\grins\george-jetson-grin.html","https://ronenglish-archive.github.io/ron-english-sketches-grins/Sketches/grins/george-jetson-grin.html","3","3","https://ronenglish-archive.github.io/ron-english-sketches-grins/images/Sketches/grins/George%2520Jetson%2520Grin%2520ORIGINAL.jpg","REVIEW","Some local image references were not found."
"Grins","Ghostbuster Grin","grins","Sketches\grins\ghostbuster-grin.html","https://ronenglish-archive.github.io/ron-english-sketches-grins/Sketches/grins/ghostbuster-grin.html","1","1","https://ronenglish-archive.github.io/ron-english-sketches-grins/images/Sketches/grins/Ghostbuster%2520Grin%2520ORIGINAL.jpg","REVIEW","Some local image references were not found."
"Grins","Godzilla Heart Grin","grins","Sketches\grins\godzilla-heart-grin.html","https://ronenglish-archive.github.io/ron-english-sketches-grins/Sketches/grins/godzilla-heart-grin.html","3","3","https://ronenglish-archive.github.io/ron-english-sketches-grins/images/Sketches/grins/Godzilla%2520Heart%2520Grin%2520ORIGINAL.jpg","REVIEW","Some local image references were not found."
"Grins","Gorilla grin","grins","Sketches\grins\gorilla-grin.html","https://ronenglish-archive.github.io/ron-english-sketches-grins/Sketches/grins/gorilla-grin.html","3","3","https://ronenglish-archive.github.io/ron-english-sketches-grins/images/Sketches/grins/Gorilla%2520Grin%2520COLOR.jpg","REVIEW","Some local image references were not found."
"Grins","Gorilla Grin 2","grins","Sketches\grins\gorilla-grin-2.html","https://ronenglish-archive.github.io/ron-english-sketches-grins/Sketches/grins/gorilla-grin-2.html","8","8","https://ronenglish-archive.github.io/ron-english-sketches-grins/images/Sketches/grins/Gorilla%2520Grin%25202%2520back%2520ORIGINAL.jpg","REVIEW","Some local image references were not found."
"Grins","Grim Grin","grins","Sketches\grins\grim-grin.html","https://ronenglish-archive.github.io/ron-english-sketches-grins/Sketches/grins/grim-grin.html","11","11","https://ronenglish-archive.github.io/ron-english-sketches-grins/images/Sketches/grins/Grim%2520Grin%2520(Grin%2520Reaper)%2520ORIGINAL.jpg","REVIEW","Some local image references were not found."
"Grins","Grin","grins","Sketches\grins\grin.html","https://ronenglish-archive.github.io/ron-english-sketches-grins/Sketches/grins/grin.html","6","6","https://ronenglish-archive.github.io/ron-english-sketches-grins/images/Sketches/grins/Grin%2520B%2526W.jpg","REVIEW","Some local image references were not found."
"Grins","Grin Brain Cone","grins","Sketches\grins\grin-brain-cone.html","https://ronenglish-archive.github.io/ron-english-sketches-grins/Sketches/grins/grin-brain-cone.html","3","3","https://ronenglish-archive.github.io/ron-english-sketches-grins/images/Sketches/grins/Grin%2520Brain%2520Cone%2520ORIGINAL.jpg","REVIEW","Some local image references were not found."
"Grins","Grin Bunny Ears","grins","Sketches\grins\grin-bunny-ears.html","https://ronenglish-archive.github.io/ron-english-sketches-grins/Sketches/grins/grin-bunny-ears.html","6","6","https://ronenglish-archive.github.io/ron-english-sketches-grins/images/Sketches/grins/Grin%2520Bunny%2520Three%2520Ears%2520ORIGINAL.jpg","REVIEW","Some local image references were not found."
"Grins","Grin Car","grins","Sketches\grins\grin-car.html","https://ronenglish-archive.github.io/ron-english-sketches-grins/Sketches/grins/grin-car.html","12","12","https://ronenglish-archive.github.io/ron-english-sketches-grins/images/Sketches/grins/Grin%2520Car%2520front%2520ORIGINAL.jpg","REVIEW","Some local image references were not found."
"Grins","Grinch Grin","grins","Sketches\grins\grinch-grin.html","https://ronenglish-archive.github.io/ron-english-sketches-grins/Sketches/grins/grinch-grin.html","3","3","https://ronenglish-archive.github.io/ron-english-sketches-grins/images/Sketches/grins/Grinch%2520Grin%2520ORIGINAL.jpg","REVIEW","Some local image references were not found."
"Grins","Grin Flower","grins","Sketches\grins\grin-flower.html","https://ronenglish-archive.github.io/ron-english-sketches-grins/Sketches/grins/grin-flower.html","3","3","https://ronenglish-archive.github.io/ron-english-sketches-grins/images/Sketches/grins/Grin%2520Flower%2520ORIGINAL.jpg","REVIEW","Some local image references were not found."
"Grins","Grin God","grins","Sketches\grins\grin-god.html","https://ronenglish-archive.github.io/ron-english-sketches-grins/Sketches/grins/grin-god.html","13","13","https://ronenglish-archive.github.io/ron-english-sketches-grins/images/Sketches/grins/Grin%2520God%2520back%2520ORIGINAL.jpg","REVIEW","Some local image references were not found."
"Grins","Grin Kitty","grins","Sketches\grins\grin-kitty.html","https://ronenglish-archive.github.io/ron-english-sketches-grins/Sketches/grins/grin-kitty.html","2","2","https://ronenglish-archive.github.io/ron-english-sketches-grins/images/Sketches/grins/Grin%2520Kitty%2520ORIGINAL.jpg","REVIEW","Some local image references were not found."
"Grins","Grin Mouth","grins","Sketches\grins\grin-mouth.html","https://ronenglish-archive.github.io/ron-english-sketches-grins/Sketches/grins/grin-mouth.html","1","1","https://ronenglish-archive.github.io/ron-english-sketches-grins/images/Sketches/grins/Grin%2520Mouth%2520ORIGINAL.jpg","REVIEW","Some local image references were not found."
"Grins","Grinnie Delusionville Pilot","grins","Sketches\grins\grinnie-delusionville-pilot.html","https://ronenglish-archive.github.io/ron-english-sketches-grins/Sketches/grins/grinnie-delusionville-pilot.html","8","8","https://ronenglish-archive.github.io/ron-english-sketches-grins/images/Sketches/grins/Grinnie%2520Delusionville%2520Pilot%2520side%2520COLOR.jpg","REVIEW","Some local image references were not found."
"Grins","Grinnie on Horseback","grins","Sketches\grins\grinnie-on-horseback.html","https://ronenglish-archive.github.io/ron-english-sketches-grins/Sketches/grins/grinnie-on-horseback.html","2","2","https://ronenglish-archive.github.io/ron-english-sketches-grins/images/Sketches/grins/Grinnie%2520on%2520Horseback%2520ORIGINAL%25202.jpg","REVIEW","Some local image references were not found."
"Grins","Grinnies Grin","grins","Sketches\grins\grinnies-grin.html","https://ronenglish-archive.github.io/ron-english-sketches-grins/Sketches/grins/grinnies-grin.html","3","3","https://ronenglish-archive.github.io/ron-english-sketches-grins/images/Sketches/grins/Grinnies%2520Grin%2520ORIGINAL%25202.jpg","REVIEW","Some local image references were not found."
"Grins","Grinnies on TV","grins","Sketches\grins\grinnies-on-tv.html","https://ronenglish-archive.github.io/ron-english-sketches-grins/Sketches/grins/grinnies-on-tv.html","3","3","https://ronenglish-archive.github.io/ron-english-sketches-grins/images/Sketches/grins/Grinnies%2520on%2520TV%2520ORIGINAL.jpg","REVIEW","Some local image references were not found."
"Grins","Grin Planet","grins","Sketches\grins\grin-planet.html","https://ronenglish-archive.github.io/ron-english-sketches-grins/Sketches/grins/grin-planet.html","2","2","https://ronenglish-archive.github.io/ron-english-sketches-grins/images/Sketches/grins/Grin%2520Planet%2520B%26amp%3BW.png","REVIEW","Some local image references were not found."
"Grins","Grinplanet Nobody","grins","Sketches\grins\grinplanet-nobody.html","https://ronenglish-archive.github.io/ron-english-sketches-grins/Sketches/grins/grinplanet-nobody.html","13","13","https://ronenglish-archive.github.io/ron-english-sketches-grins/images/Sketches/grins/Grinplanet%2520Nobody%2520COLOR.jpg","REVIEW","Some local image references were not found."
"Grins","Grin Reaper version 2","grins","Sketches\grins\grin-reaper-version-2.html","https://ronenglish-archive.github.io/ron-english-sketches-grins/Sketches/grins/grin-reaper-version-2.html","2","2","https://ronenglish-archive.github.io/ron-english-sketches-grins/images/Sketches/grins/Grin%2520Reaper%2520version%25202%2520B%26amp%3BW.jpg","REVIEW","Some local image references were not found."
"Grins","Grin Reaper With Facemask","grins","Sketches\grins\grin-reaper-with-facemask.html","https://ronenglish-archive.github.io/ron-english-sketches-grins/Sketches/grins/grin-reaper-with-facemask.html","3","3","https://ronenglish-archive.github.io/ron-english-sketches-grins/images/Sketches/grins/Grin%2520Reaper%2520With%2520Facemask%2520ORIGINAL%2520COLOR%25201.jpg","REVIEW","Some local image references were not found."
"Grins","Grin Smoker","grins","Sketches\grins\grin-smoker.html","https://ronenglish-archive.github.io/ron-english-sketches-grins/Sketches/grins/grin-smoker.html","4","4","https://ronenglish-archive.github.io/ron-english-sketches-grins/images/Sketches/grins/Grin%2520Smoker%2520Portrait%2520ORIGINAL.jpg","REVIEW","Some local image references were not found."
"Grins","Grogu Grin","grins","Sketches\grins\grogu-grin.html","https://ronenglish-archive.github.io/ron-english-sketches-grins/Sketches/grins/grogu-grin.html","2","2","https://ronenglish-archive.github.io/ron-english-sketches-grins/images/Sketches/grins/Grogu%2520Grin%2520B%2526W.jpg","REVIEW","Some local image references were not found."
"Grins","Grouch Grin","grins","Sketches\grins\grouch-grin.html","https://ronenglish-archive.github.io/ron-english-sketches-grins/Sketches/grins/grouch-grin.html","3","3","https://ronenglish-archive.github.io/ron-english-sketches-grins/images/Sketches/grins/Grouch%2520Grin%2520ORIGINAL.jpg","REVIEW","Some local image references were not found."
"Grins","Gummy Bear Grin","grins","Sketches\grins\gummy-bear-grin.html","https://ronenglish-archive.github.io/ron-english-sketches-grins/Sketches/grins/gummy-bear-grin.html","3","3","https://ronenglish-archive.github.io/ron-english-sketches-grins/images/Sketches/grins/Gummy%2520Bear%2520Grin%2520ORIGINAL.jpg","REVIEW","Some local image references were not found."
"Grins","Hawaiian Punch Grin","grins","Sketches\grins\hawaiian-punch-grin.html","https://ronenglish-archive.github.io/ron-english-sketches-grins/Sketches/grins/hawaiian-punch-grin.html","3","3","https://ronenglish-archive.github.io/ron-english-sketches-grins/images/Sketches/grins/Hawaiian%2520Punch%2520Grin%2520ORIGINAL.jpg","REVIEW","Some local image references were not found."
"Grins","Hello Kitty Grin","grins","Sketches\grins\hello-kitty-grin.html","https://ronenglish-archive.github.io/ron-english-sketches-grins/Sketches/grins/hello-kitty-grin.html","11","11","https://ronenglish-archive.github.io/ron-english-sketches-grins/images/Sketches/grins/Hello%2520Kitty%2520Grin%2520left%2520side%2520ORIGINAL.jpg","REVIEW","Some local image references were not found."
"Grins","Homer Grin","grins","Sketches\grins\homer-grin.html","https://ronenglish-archive.github.io/ron-english-sketches-grins/Sketches/grins/homer-grin.html","36","36","https://ronenglish-archive.github.io/ron-english-sketches-grins/images/Sketches/grins/Homer%2520Grin%2520headshot%2520side%2520ORIGINAL.jpg","REVIEW","Some local image references were not found."
"Grins","Honey Butts Grin","grins","Sketches\grins\honey-butts-grin.html","https://ronenglish-archive.github.io/ron-english-sketches-grins/Sketches/grins/honey-butts-grin.html","3","3","https://ronenglish-archive.github.io/ron-english-sketches-grins/images/Sketches/grins/Honey%2520Butts%2520Grin%2520ORIGINAL.jpg","REVIEW","Some local image references were not found."
"Grins","Hound Grin","grins","Sketches\grins\hound-grin.html","https://ronenglish-archive.github.io/ron-english-sketches-grins/Sketches/grins/hound-grin.html","3","3","https://ronenglish-archive.github.io/ron-english-sketches-grins/images/Sketches/grins/Hound%2520Grin%2520Face%2520ORIGINAL.jpg","REVIEW","Some local image references were not found."
"Grins","HR Puffenstuff Grin","grins","Sketches\grins\hr-puffenstuff-grin.html","https://ronenglish-archive.github.io/ron-english-sketches-grins/Sketches/grins/hr-puffenstuff-grin.html","3","3","https://ronenglish-archive.github.io/ron-english-sketches-grins/images/Sketches/grins/HR%2520Puffenstuff%2520Grin%2520ORIGINAL.jpg","REVIEW","Some local image references were not found."
"Grins","Jake Grin","grins","Sketches\grins\jake-grin.html","https://ronenglish-archive.github.io/ron-english-sketches-grins/Sketches/grins/jake-grin.html","4","4","https://ronenglish-archive.github.io/ron-english-sketches-grins/images/Sketches/grins/Jake%2520the%2520Dog%2520Grin%2520ORIGINAL.jpg","REVIEW","Some local image references were not found."
"Grins","Jane Jetson Grin","grins","Sketches\grins\jane-jetson-grin.html","https://ronenglish-archive.github.io/ron-english-sketches-grins/Sketches/grins/jane-jetson-grin.html","3","3","https://ronenglish-archive.github.io/ron-english-sketches-grins/images/Sketches/grins/Jane%2520Jetson%2520Grin%2520ORIGINAL.jpg","REVIEW","Some local image references were not found."
"Grins","Jeremiah Grin","grins","Sketches\grins\jeremiah-grin.html","https://ronenglish-archive.github.io/ron-english-sketches-grins/Sketches/grins/jeremiah-grin.html","4","4","https://ronenglish-archive.github.io/ron-english-sketches-grins/images/Sketches/grins/Jeremiah%2520Grin%25201%2520ORIGINAL.jpg","REVIEW","Some local image references were not found."
"Grins","Jimi Hendrix Grin","grins","Sketches\grins\jimi-hendrix-grin.html","https://ronenglish-archive.github.io/ron-english-sketches-grins/Sketches/grins/jimi-hendrix-grin.html","5","5","https://ronenglish-archive.github.io/ron-english-sketches-grins/images/Sketches/grins/Jimi%2520Hendrix%2520Grin%2520ORIGINAL.jpg","REVIEW","Some local image references were not found."
"Grins","Joker Grin","grins","Sketches\grins\joker-grin.html","https://ronenglish-archive.github.io/ron-english-sketches-grins/Sketches/grins/joker-grin.html","3","3","https://ronenglish-archive.github.io/ron-english-sketches-grins/images/Sketches/grins/Joker%2520Grin%2520ORIGINAL.jpg","REVIEW","Some local image references were not found."
"Grins","Kanegon Grin","grins","Sketches\grins\kanegon-grin.html","https://ronenglish-archive.github.io/ron-english-sketches-grins/Sketches/grins/kanegon-grin.html","6","6","https://ronenglish-archive.github.io/ron-english-sketches-grins/images/Sketches/grins/Kanegon%2520Grin%2520side%2520ORIGINAL.jpg","REVIEW","Some local image references were not found."
"Grins","Kevin Durant Grin","grins","Sketches\grins\kevin-durant-grin.html","https://ronenglish-archive.github.io/ron-english-sketches-grins/Sketches/grins/kevin-durant-grin.html","7","7","https://ronenglish-archive.github.io/ron-english-sketches-grins/images/Sketches/grins/Kevin%2520Durant%2520Grin%2520With%2520Ball%2520ORIGINAL.jpeg","REVIEW","Some local image references were not found."
"Grins","Kiss Gene Grin","grins","Sketches\grins\kiss-gene-grin.html","https://ronenglish-archive.github.io/ron-english-sketches-grins/Sketches/grins/kiss-gene-grin.html","3","3","https://ronenglish-archive.github.io/ron-english-sketches-grins/images/Sketches/grins/Kiss%2520Gene%2520Grin%2520ORIGINAL.jpg","REVIEW","Some local image references were not found."
"Grins","Krusty the Clown Grin","grins","Sketches\grins\krusty-the-clown-grin.html","https://ronenglish-archive.github.io/ron-english-sketches-grins/Sketches/grins/krusty-the-clown-grin.html","9","9","https://ronenglish-archive.github.io/ron-english-sketches-grins/images/Sketches/grins/Krusty%2520the%2520Clown%2520Grin%2520front%2520ORIGINAL.jpg","REVIEW","Some local image references were not found."
"Grins","Kursed Grin","grins","Sketches\grins\kursed-grin.html","https://ronenglish-archive.github.io/ron-english-sketches-grins/Sketches/grins/kursed-grin.html","2","2","https://ronenglish-archive.github.io/ron-english-sketches-grins/images/Sketches/grins/Kursed%2520Grin%2520Side%2520View%2520COLOR.jpg","REVIEW","Some local image references were not found."
"Grins","Lagoon Creature Grin","grins","Sketches\grins\lagoon-creature-grin.html","https://ronenglish-archive.github.io/ron-english-sketches-grins/Sketches/grins/lagoon-creature-grin.html","1","1","https://ronenglish-archive.github.io/ron-english-sketches-grins/images/Sketches/grins/Lagoon%2520Creature%2520Grin%2520COLOR.jpg","REVIEW","Some local image references were not found."
"Grins","Lemon Boy Grin","grins","Sketches\grins\lemon-boy-grin.html","https://ronenglish-archive.github.io/ron-english-sketches-grins/Sketches/grins/lemon-boy-grin.html","4","4","https://ronenglish-archive.github.io/ron-english-sketches-grins/images/Sketches/grins/Lemon%2520Boy%2520Grin%2520Walking%2520face%2520ORIGINAL.jpg","REVIEW","Some local image references were not found."
"Grins","Leopard Grin","grins","Sketches\grins\leopard-grin.html","https://ronenglish-archive.github.io/ron-english-sketches-grins/Sketches/grins/leopard-grin.html","3","3","https://ronenglish-archive.github.io/ron-english-sketches-grins/images/Sketches/grins/Leopard%2520Grin%25201%2520COLOR.png","REVIEW","Some local image references were not found."
"Grins","Liberty Grin","grins","Sketches\grins\liberty-grin.html","https://ronenglish-archive.github.io/ron-english-sketches-grins/Sketches/grins/liberty-grin.html","5","5","https://ronenglish-archive.github.io/ron-english-sketches-grins/images/Sketches/grins/Liberty%2520Grin%2520ORIGINAL.jpg","REVIEW","Some local image references were not found."
"Grins","Lion Face Grin","grins","Sketches\grins\lion-face-grin.html","https://ronenglish-archive.github.io/ron-english-sketches-grins/Sketches/grins/lion-face-grin.html","3","3","https://ronenglish-archive.github.io/ron-english-sketches-grins/images/Sketches/grins/Lion%2520Face%2520Grin%2520B%2526W.png","REVIEW","Some local image references were not found."
"Grins","Lisa grin","grins","Sketches\grins\lisa-grin.html","https://ronenglish-archive.github.io/ron-english-sketches-grins/Sketches/grins/lisa-grin.html","10","10","https://ronenglish-archive.github.io/ron-english-sketches-grins/images/Sketches/grins/Lisa%2520Grin%2520front%2520ORIGINAL.jpg","REVIEW","Some local image references were not found."
"Grins","Lucky Cat Grin","grins","Sketches\grins\lucky-cat-grin.html","https://ronenglish-archive.github.io/ron-english-sketches-grins/Sketches/grins/lucky-cat-grin.html","2","2","https://ronenglish-archive.github.io/ron-english-sketches-grins/images/Sketches/grins/Lucky%2520Cat%2520Grin%2520COLOR.jpg","REVIEW","Some local image references were not found."
"Grins","Mad Magazine Alfred","grins","Sketches\grins\mad-magazine-alfred.html","https://ronenglish-archive.github.io/ron-english-sketches-grins/Sketches/grins/mad-magazine-alfred.html","3","3","https://ronenglish-archive.github.io/ron-english-sketches-grins/images/Sketches/grins/Mad%2520Magazine%2520Alfred%2520Grin%2520ORIGINAL.jpeg","REVIEW","Some local image references were not found."
"Grins","Mad Mickey Grin","grins","Sketches\grins\mad-mickey-grin.html","https://ronenglish-archive.github.io/ron-english-sketches-grins/Sketches/grins/mad-mickey-grin.html","2","2","https://ronenglish-archive.github.io/ron-english-sketches-grins/images/Sketches/grins/Mad%2520Mickey%2520Grin%2520ORIGINAL%2520COLOR.jpg","REVIEW","Some local image references were not found."
"Grins","Maggie Grin","grins","Sketches\grins\maggie-grin.html","https://ronenglish-archive.github.io/ron-english-sketches-grins/Sketches/grins/maggie-grin.html","9","9","https://ronenglish-archive.github.io/ron-english-sketches-grins/images/Sketches/grins/Maggie%2520Grin%2520front%2520ORIGINAL.jpg","REVIEW","Some local image references were not found."
"Grins","Manny Pacquaio Grin","grins","Sketches\grins\manny-pacquaio-grin.html","https://ronenglish-archive.github.io/ron-english-sketches-grins/Sketches/grins/manny-pacquaio-grin.html","8","8","https://ronenglish-archive.github.io/ron-english-sketches-grins/images/Sketches/grins/Manny%2520Pacquaio%2520Grin%2520ORIGINAL%2520head.jpg","REVIEW","Some local image references were not found."
"Grins","Man Shark","grins","Sketches\grins\man-shark.html","https://ronenglish-archive.github.io/ron-english-sketches-grins/Sketches/grins/man-shark.html","4","4","https://ronenglish-archive.github.io/ron-english-sketches-grins/images/Sketches/grins/Shark%2520Man%2520Grin%2520ORIGINAL.jpg","REVIEW","Some local image references were not found."
"Grins","Marge Grin","grins","Sketches\grins\marge-grin.html","https://ronenglish-archive.github.io/ron-english-sketches-grins/Sketches/grins/marge-grin.html","11","11","https://ronenglish-archive.github.io/ron-english-sketches-grins/images/Sketches/grins/Marge%2520Grin%2520front%2520ORIGINAL.jpg","REVIEW","Some local image references were not found."
"Grins","Mario Grin","grins","Sketches\grins\mario-grin.html","https://ronenglish-archive.github.io/ron-english-sketches-grins/Sketches/grins/mario-grin.html","9","9","https://ronenglish-archive.github.io/ron-english-sketches-grins/images/Sketches/grins/Mario%2520Grin%2520front%2520ORIGINAL.jpg","REVIEW","Some local image references were not found."
"Grins","Max Grin","grins","Sketches\grins\max-grin.html","https://ronenglish-archive.github.io/ron-english-sketches-grins/Sketches/grins/max-grin.html","3","3","https://ronenglish-archive.github.io/ron-english-sketches-grins/images/Sketches/grins/Max%2520Grin%2520ORIGINAL.jpg","REVIEW","Some local image references were not found."
"Grins","MC Grin","grins","Sketches\grins\mc-grin.html","https://ronenglish-archive.github.io/ron-english-sketches-grins/Sketches/grins/mc-grin.html","16","16","https://ronenglish-archive.github.io/ron-english-sketches-grins/images/Sketches/grins/MC%2520Supersize%2520Grin%2520Flying%2520ORIGINAL.jpg","REVIEW","Some local image references were not found."
"Grins","Melting Grinnie","grins","Sketches\grins\melting-grinnie.html","https://ronenglish-archive.github.io/ron-english-sketches-grins/Sketches/grins/melting-grinnie.html","3","3","https://ronenglish-archive.github.io/ron-english-sketches-grins/images/Sketches/grins/Melting%2520Grinnie%2520side%2520view%25201%2520COLOR.png","REVIEW","Some local image references were not found."
"Grins","Melting Monster Grin","grins","Sketches\grins\melting-monster-grin.html","https://ronenglish-archive.github.io/ron-english-sketches-grins/Sketches/grins/melting-monster-grin.html","3","3","https://ronenglish-archive.github.io/ron-english-sketches-grins/images/Sketches/grins/Melting%2520Monster%2520Grin%2520ORIGINAL.jpg","REVIEW","Some local image references were not found."
"Grins","Mentadusa","grins","Sketches\grins\mentadusa.html","https://ronenglish-archive.github.io/ron-english-sketches-grins/Sketches/grins/mentadusa.html","3","3","https://ronenglish-archive.github.io/ron-english-sketches-grins/images/Sketches/grins/Mentadusa%2520ORIGINAL.jpg","REVIEW","Some local image references were not found."
"Grins","Mickey Eyes Grin","grins","Sketches\grins\mickey-eyes-grin.html","https://ronenglish-archive.github.io/ron-english-sketches-grins/Sketches/grins/mickey-eyes-grin.html","2","2","https://ronenglish-archive.github.io/ron-english-sketches-grins/images/Sketches/grins/Mickey%2520Eyes%2520Grin%25201%2520COLOR.png","REVIEW","Some local image references were not found."
"Grins","Mickey Grin","grins","Sketches\grins\mickey-grin.html","https://ronenglish-archive.github.io/ron-english-sketches-grins/Sketches/grins/mickey-grin.html","21","21","https://ronenglish-archive.github.io/ron-english-sketches-grins/images/Sketches/grins/Mickey%2520Grin%2520head%2520ORIGINAL.jpg","REVIEW","Some local image references were not found."
"Grins","Mishka Eyeball Grin","grins","Sketches\grins\mishka-eyeball-grin.html","https://ronenglish-archive.github.io/ron-english-sketches-grins/Sketches/grins/mishka-eyeball-grin.html","4","4","https://ronenglish-archive.github.io/ron-english-sketches-grins/images/Sketches/grins/Mishka%2520Eyeball%2520Grin%2520ORIGINAL.jpg","REVIEW","Some local image references were not found."
"Grins","Modzilla Grin","grins","Sketches\grins\modzilla-grin.html","https://ronenglish-archive.github.io/ron-english-sketches-grins/Sketches/grins/modzilla-grin.html","4","4","https://ronenglish-archive.github.io/ron-english-sketches-grins/images/Sketches/grins/Modzilla%2520Grin%2520Front%2520ORIGINAL.jpg","REVIEW","Some local image references were not found."
"Grins","Mogul Grin","grins","Sketches\grins\mogul-grin.html","https://ronenglish-archive.github.io/ron-english-sketches-grins/Sketches/grins/mogul-grin.html","16","16","https://ronenglish-archive.github.io/ron-english-sketches-grins/images/Sketches/grins/Mogul%2520Grin%2520back%2520ORIGINAL.jpg","REVIEW","Some local image references were not found."
"Grins","Monkey Shiner Angel Grin","grins","Sketches\grins\monkey-shiner-angel-grin.html","https://ronenglish-archive.github.io/ron-english-sketches-grins/Sketches/grins/monkey-shiner-angel-grin.html","2","2","https://ronenglish-archive.github.io/ron-english-sketches-grins/images/Sketches/grins/Monkey%2520Shiner%2520Angel%2520Grin%2520ORINGINAL%2520(1).jpg","REVIEW","Some local image references were not found."
"Grins","Monkey Shriner Grin","grins","Sketches\grins\monkey-shriner-grin.html","https://ronenglish-archive.github.io/ron-english-sketches-grins/Sketches/grins/monkey-shriner-grin.html","5","5","https://ronenglish-archive.github.io/ron-english-sketches-grins/images/Sketches/grins/Monkey%2520Shriner%2520Grin%2520ORIGINAL.jpeg","REVIEW","Some local image references were not found."
"Grins","Mounted Gorilla Grin","grins","Sketches\grins\mounted-gorilla-grin.html","https://ronenglish-archive.github.io/ron-english-sketches-grins/Sketches/grins/mounted-gorilla-grin.html","3","3","https://ronenglish-archive.github.io/ron-english-sketches-grins/images/Sketches/grins/Mounted%2520Gorilla%2520Grin%2520ORIGINAL.jpg","REVIEW","Some local image references were not found."
"Grins","Mouth Grin","grins","Sketches\grins\mouth-grin.html","https://ronenglish-archive.github.io/ron-english-sketches-grins/Sketches/grins/mouth-grin.html","3","3","https://ronenglish-archive.github.io/ron-english-sketches-grins/images/Sketches/grins/Mouth%2520Grin%2520ORIGINAL.jpg","REVIEW","Some local image references were not found."
"Grins","Mr Met Grin","grins","Sketches\grins\mr-met-grin.html","https://ronenglish-archive.github.io/ron-english-sketches-grins/Sketches/grins/mr-met-grin.html","3","3","https://ronenglish-archive.github.io/ron-english-sketches-grins/images/Sketches/grins/Mr%2520Met%2520Grin%2520ORIGINAL%2520COLOR.jpg","REVIEW","Some local image references were not found."
"Grins","Mr Potato Grin","grins","Sketches\grins\mr-potato-grin.html","https://ronenglish-archive.github.io/ron-english-sketches-grins/Sketches/grins/mr-potato-grin.html","4","4","https://ronenglish-archive.github.io/ron-english-sketches-grins/images/Sketches/grins/Mr%2520Potato%2520Grin%2520ORIGINAL.jpg","REVIEW","Some local image references were not found."
"Grins","Mummy Grin","grins","Sketches\grins\mummy-grin.html","https://ronenglish-archive.github.io/ron-english-sketches-grins/Sketches/grins/mummy-grin.html","5","5","https://ronenglish-archive.github.io/ron-english-sketches-grins/images/Sketches/grins/Mummy%2520Grin%2520ORIGINAL.jpg","REVIEW","Some local image references were not found."
"Grins","M.U.S.C.L.E. He-Man Grinnie","grins","Sketches\grins\m-u-s-c-l-e-he-man-grinnie.html","https://ronenglish-archive.github.io/ron-english-sketches-grins/Sketches/grins/m-u-s-c-l-e-he-man-grinnie.html","6","6","https://ronenglish-archive.github.io/ron-english-sketches-grins/images/Sketches/grins/M.U.S.C.L.E.%2520He-Man%2520Grinnie%2520front%2520ORIGINAL.jpg","REVIEW","Some local image references were not found."
"Grins","Mush Man Grin","grins","Sketches\grins\mush-man-grin.html","https://ronenglish-archive.github.io/ron-english-sketches-grins/Sketches/grins/mush-man-grin.html","8","8","https://ronenglish-archive.github.io/ron-english-sketches-grins/images/Sketches/grins/Mush%2520Man%2520Grin%2520side%2520view%2520ORIGINAL.jpg","REVIEW","Some local image references were not found."
"Grins","Mutley Grin","grins","Sketches\grins\mutley-grin.html","https://ronenglish-archive.github.io/ron-english-sketches-grins/Sketches/grins/mutley-grin.html","3","3","https://ronenglish-archive.github.io/ron-english-sketches-grins/images/Sketches/grins/Mutley%2520Grin%2520ORIGINAL.jpg","REVIEW","Some local image references were not found."
"Grins","Ninja Turtle Grin","grins","Sketches\grins\ninja-turtle-grin.html","https://ronenglish-archive.github.io/ron-english-sketches-grins/Sketches/grins/ninja-turtle-grin.html","4","4","https://ronenglish-archive.github.io/ron-english-sketches-grins/images/Sketches/grins/Ninja%2520Turtle%2520Grin%2520ORIGINAL.jpg","REVIEW","Some local image references were not found."
"Grins","Olive Oil Grin","grins","Sketches\grins\olive-oil-grin.html","https://ronenglish-archive.github.io/ron-english-sketches-grins/Sketches/grins/olive-oil-grin.html","3","3","https://ronenglish-archive.github.io/ron-english-sketches-grins/images/Sketches/grins/Olive%2520Oil%2520Grin%2520ORIGINAL.jpg","REVIEW","Some local image references were not found."
"Grins","Orion Grin","grins","Sketches\grins\orion-grin.html","https://ronenglish-archive.github.io/ron-english-sketches-grins/Sketches/grins/orion-grin.html","14","14","https://ronenglish-archive.github.io/ron-english-sketches-grins/images/Sketches/grins/Orion%2520Grin%2520head%2520front%2520ORIGINAL.jpg","REVIEW","Some local image references were not found."
"Grins","Panda Bear Grin","grins","Sketches\grins\panda-bear-grin.html","https://ronenglish-archive.github.io/ron-english-sketches-grins/Sketches/grins/panda-bear-grin.html","6","6","https://ronenglish-archive.github.io/ron-english-sketches-grins/images/Sketches/grins/Panda%2520Bear%2520Grin%2520ORIGINAL.jpg","REVIEW","Some local image references were not found."
"Grins","Patrick Grin","grins","Sketches\grins\patrick-grin.html","https://ronenglish-archive.github.io/ron-english-sketches-grins/Sketches/grins/patrick-grin.html","8","8","https://ronenglish-archive.github.io/ron-english-sketches-grins/images/Sketches/grins/Patrick%2520Grin%2520ORIGINAL.jpg","REVIEW","Some local image references were not found."
"Grins","Peko Girl Grin","grins","Sketches\grins\peko-girl-grin.html","https://ronenglish-archive.github.io/ron-english-sketches-grins/Sketches/grins/peko-girl-grin.html","3","3","https://ronenglish-archive.github.io/ron-english-sketches-grins/images/Sketches/grins/Peko%2520Girl%2520Grin%2520ORIGINAL.jpg","REVIEW","Some local image references were not found."
"Grins","Pepz Boy Grin","grins","Sketches\grins\pepz-boy-grin.html","https://ronenglish-archive.github.io/ron-english-sketches-grins/Sketches/grins/pepz-boy-grin.html","4","4","https://ronenglish-archive.github.io/ron-english-sketches-grins/images/Sketches/grins/Pepz%2520Boy%2520Grin%2520ORIGINAL.jpeg","REVIEW","Some local image references were not found."
"Grins","Peter Grin","grins","Sketches\grins\peter-grin.html","https://ronenglish-archive.github.io/ron-english-sketches-grins/Sketches/grins/peter-grin.html","3","3","https://ronenglish-archive.github.io/ron-english-sketches-grins/images/Sketches/grins/Peter%2520Grin%2520ORIGINAL.jpg","REVIEW","Some local image references were not found."
"Grins","Peter Potamus Grin","grins","Sketches\grins\peter-potamus-grin.html","https://ronenglish-archive.github.io/ron-english-sketches-grins/Sketches/grins/peter-potamus-grin.html","3","3","https://ronenglish-archive.github.io/ron-english-sketches-grins/images/Sketches/grins/Peter%2520Potamus%2520Grin%2520ORIGINAL.jpg","REVIEW","Some local image references were not found."
"Grins","Pinocchio Grin","grins","Sketches\grins\pinocchio-grin.html","https://ronenglish-archive.github.io/ron-english-sketches-grins/Sketches/grins/pinocchio-grin.html","15","15","https://ronenglish-archive.github.io/ron-english-sketches-grins/images/Sketches/grins/Pinocchio%2520Grin%2520front%2520ORIGINAL.jpg","REVIEW","Some local image references were not found."
"Grins","Pizza This Grin","grins","Sketches\grins\pizza-this-grin.html","https://ronenglish-archive.github.io/ron-english-sketches-grins/Sketches/grins/pizza-this-grin.html","3","3","https://ronenglish-archive.github.io/ron-english-sketches-grins/images/Sketches/grins/Pizza%2520This%2520ORIGINAL.jpg","REVIEW","Some local image references were not found."
"Grins","Plush Bear Grin","grins","Sketches\grins\plush-bear-grin.html","https://ronenglish-archive.github.io/ron-english-sketches-grins/Sketches/grins/plush-bear-grin.html","3","3","https://ronenglish-archive.github.io/ron-english-sketches-grins/images/Sketches/grins/Plush%2520Bear%2520Grin%2520front%2520B%2526W.jpg","REVIEW","Some local image references were not found."
"Grins","Plush Grin","grins","Sketches\grins\plush-grin.html","https://ronenglish-archive.github.io/ron-english-sketches-grins/Sketches/grins/plush-grin.html","2","2","https://ronenglish-archive.github.io/ron-english-sketches-grins/images/Sketches/grins/Plush%2520Grin%2520front%2520ORIGINAL%2520COLOR.jpg","REVIEW","Some local image references were not found."
"Grins","Popeye Butthead Grin","grins","Sketches\grins\popeye-butthead-grin.html","https://ronenglish-archive.github.io/ron-english-sketches-grins/Sketches/grins/popeye-butthead-grin.html","3","3","https://ronenglish-archive.github.io/ron-english-sketches-grins/images/Sketches/grins/Popeye%2520Butthead%2520Grin%2520ORIGINAL.jpg","REVIEW","Some local image references were not found."
"Grins","Powerpuff Girl Bubbles Grin","grins","Sketches\grins\powerpuff-girl-bubbles-grin.html","https://ronenglish-archive.github.io/ron-english-sketches-grins/Sketches/grins/powerpuff-girl-bubbles-grin.html","3","3","https://ronenglish-archive.github.io/ron-english-sketches-grins/images/Sketches/grins/Powerpuff%2520Girl%2520Bubbles%2520Grin%2520ORIGINAL.jpg","REVIEW","Some local image references were not found."
"Grins","Pumpkin Grin","grins","Sketches\grins\pumpkin-grin.html","https://ronenglish-archive.github.io/ron-english-sketches-grins/Sketches/grins/pumpkin-grin.html","6","6","https://ronenglish-archive.github.io/ron-english-sketches-grins/images/Sketches/grins/Pumpkin%2520Grin%2520Side%2520View%2520ORIGINAL.jpg","REVIEW","Some local image references were not found."
"Grins","Qhrist Grin","grins","Sketches\grins\qhrist-grin-1.html","https://ronenglish-archive.github.io/ron-english-sketches-grins/Sketches/grins/qhrist-grin-1.html","7","7","https://ronenglish-archive.github.io/ron-english-sketches-grins/images/Sketches/grins/Qhrist%2520Grin%25201%2520ORIGINAL.jpg","REVIEW","Some local image references were not found."
"Grins","Quick Draw McGraw Grin","grins","Sketches\grins\quick-draw-mcgraw-grin.html","https://ronenglish-archive.github.io/ron-english-sketches-grins/Sketches/grins/quick-draw-mcgraw-grin.html","3","3","https://ronenglish-archive.github.io/ron-english-sketches-grins/images/Sketches/grins/Quick%2520Draw%2520McGraw%2520Grin%2520ORIGINAL.jpg","REVIEW","Some local image references were not found."
"Grins","Rabbbit Grin","grins","Sketches\grins\rabbbit-grin.html","https://ronenglish-archive.github.io/ron-english-sketches-grins/Sketches/grins/rabbbit-grin.html","44","44","https://ronenglish-archive.github.io/ron-english-sketches-grins/images/Sketches/grins/Rabbbit%2520Grin%2520ORIGINAL.jpg","REVIEW","Some local image references were not found."
"Grins","Rabbit Grin","grins","Sketches\grins\rabbit-grin.html","https://ronenglish-archive.github.io/ron-english-sketches-grins/Sketches/grins/rabbit-grin.html","3","3","https://ronenglish-archive.github.io/ron-english-sketches-grins/images/Sketches/grins/Rabbit%2520Grin%2520ORIGINAL.jpg","REVIEW","Some local image references were not found."
"Grins","Rabbit Grin 2","grins","Sketches\grins\rabbit-grin-2.html","https://ronenglish-archive.github.io/ron-english-sketches-grins/Sketches/grins/rabbit-grin-2.html","3","3","https://ronenglish-archive.github.io/ron-english-sketches-grins/images/Sketches/grins/Rabbit%2520Grin%25202%2520ORIGINAL.jpg","REVIEW","Some local image references were not found."
"Grins","Ramones Grin","grins","Sketches\grins\ramones-grin.html","https://ronenglish-archive.github.io/ron-english-sketches-grins/Sketches/grins/ramones-grin.html","5","5","https://ronenglish-archive.github.io/ron-english-sketches-grins/images/Sketches/grins/Ramones%2520Grin%25201%2520ORIGINAL.jpg","REVIEW","Some local image references were not found."
"Grins","Richie Grin","grins","Sketches\grins\richie-grin.html","https://ronenglish-archive.github.io/ron-english-sketches-grins/Sketches/grins/richie-grin.html","4","4","https://ronenglish-archive.github.io/ron-english-sketches-grins/images/Sketches/grins/Richie%2520Grin%2520ORIGINAL.jpg","REVIEW","Some local image references were not found."
"Grins","Robbie Spray Grin","grins","Sketches\grins\robbie-spray-grin.html","https://ronenglish-archive.github.io/ron-english-sketches-grins/Sketches/grins/robbie-spray-grin.html","4","4","https://ronenglish-archive.github.io/ron-english-sketches-grins/images/Sketches/grins/Robbie%2520Spray%2520Grin%2520ORIGINAL.jpg","REVIEW","Some local image references were not found."
"Grins","Robby Robot Grin","grins","Sketches\grins\robby-robot-grin.html","https://ronenglish-archive.github.io/ron-english-sketches-grins/Sketches/grins/robby-robot-grin.html","3","3","https://ronenglish-archive.github.io/ron-english-sketches-grins/images/Sketches/grins/Robby%2520Robot%2520Grin%2520ORIGINAL.jpg","REVIEW","Some local image references were not found."
"Grins","Ron Fink Grin","grins","Sketches\grins\ron-fink-grin.html","https://ronenglish-archive.github.io/ron-english-sketches-grins/Sketches/grins/ron-fink-grin.html","4","4","https://ronenglish-archive.github.io/ron-english-sketches-grins/images/Sketches/grins/Ron%2520Fink%2520Grin%2520ORIGINAL.jpg","REVIEW","Some local image references were not found."
"Grins","Ron Grin Face Icon","grins","Sketches\grins\ron-grin-face-icon.html","https://ronenglish-archive.github.io/ron-english-sketches-grins/Sketches/grins/ron-grin-face-icon.html","1","1","https://ronenglish-archive.github.io/ron-english-sketches-grins/images/Sketches/grins/Ron%2520Grin%2520Face%2520Icon%2520ORIGINAL%2520COLOR.jpg","REVIEW","Some local image references were not found."
"Grins","Rosie Jetson Grin","grins","Sketches\grins\rosie-jetson-grin.html","https://ronenglish-archive.github.io/ron-english-sketches-grins/Sketches/grins/rosie-jetson-grin.html","3","3","https://ronenglish-archive.github.io/ron-english-sketches-grins/images/Sketches/grins/Rosie%2520Jetson%2520Grin%2520ORIGINAL.jpg","REVIEW","Some local image references were not found."
"Grins","Rugrat Grin","grins","Sketches\grins\rugrat-grin.html","https://ronenglish-archive.github.io/ron-english-sketches-grins/Sketches/grins/rugrat-grin.html","3","3","https://ronenglish-archive.github.io/ron-english-sketches-grins/images/Sketches/grins/Rugrat%2520Grin%2520ORIGINAL.jpg","REVIEW","Some local image references were not found."
"Grins","Santa Cruz Hand Grin","grins","Sketches\grins\santa-cruz-hand-grin.html","https://ronenglish-archive.github.io/ron-english-sketches-grins/Sketches/grins/santa-cruz-hand-grin.html","3","3","https://ronenglish-archive.github.io/ron-english-sketches-grins/images/Sketches/grins/Santa%2520Cruz%2520Hand%2520Grin%2520ORIGINAL.jpg","REVIEW","Some local image references were not found."
"Grins","Santa Grin","grins","Sketches\grins\santa-grin.html","https://ronenglish-archive.github.io/ron-english-sketches-grins/Sketches/grins/santa-grin.html","10","10","https://ronenglish-archive.github.io/ron-english-sketches-grins/images/Sketches/grins/Santa%2520Grin%25201%2520ORIGINAL.jpg","REVIEW","Some local image references were not found."
"Grins","Scooby Doo Grin","grins","Sketches\grins\scooby-doo-grin.html","https://ronenglish-archive.github.io/ron-english-sketches-grins/Sketches/grins/scooby-doo-grin.html","3","3","https://ronenglish-archive.github.io/ron-english-sketches-grins/images/Sketches/grins/Scooby%2520Doo%2520Grin%2520ORIGINAL.jpg","REVIEW","Some local image references were not found."
"Grins","Scream Grin","grins","Sketches\grins\scream-grin.html","https://ronenglish-archive.github.io/ron-english-sketches-grins/Sketches/grins/scream-grin.html","3","3","https://ronenglish-archive.github.io/ron-english-sketches-grins/images/Sketches/grins/Scream%2520Grin%2520ORIGINAL.jpg","REVIEW","Some local image references were not found."
"Grins","Sever Fairy Landshark Grin","grins","Sketches\grins\sever-fairy-landshark-grin-mickey-fin.html","https://ronenglish-archive.github.io/ron-english-sketches-grins/Sketches/grins/sever-fairy-landshark-grin-mickey-fin.html","16","16","https://ronenglish-archive.github.io/ron-english-sketches-grins/images/Sketches/grins/Sever%2520Fairy%2520Landshark%2520Grin%2520(Mickey%2520Fin)%2520ORIGINAL.jpg","REVIEW","Some local image references were not found."
"Grins","Shark Grin Hotrod","grins","Sketches\grins\shark-grin-hotrod.html","https://ronenglish-archive.github.io/ron-english-sketches-grins/Sketches/grins/shark-grin-hotrod.html","3","3","https://ronenglish-archive.github.io/ron-english-sketches-grins/images/Sketches/grins/Shark%2520Grin%2520Hotrod%2520ORIGINAL.jpg","REVIEW","Some local image references were not found."
"Grins","Simpsons Family","grins","Sketches\grins\simpsons-family.html","https://ronenglish-archive.github.io/ron-english-sketches-grins/Sketches/grins/simpsons-family.html","2","2","https://ronenglish-archive.github.io/ron-english-sketches-grins/images/Sketches/grins/Simpsons%2520Family%2520Grins%25201%2520ORIGINAL.jpg","REVIEW","Some local image references were not found."
"Grins","Skeleton Grin","grins","Sketches\grins\skeleton-grin.html","https://ronenglish-archive.github.io/ron-english-sketches-grins/Sketches/grins/skeleton-grin.html","6","6","https://ronenglish-archive.github.io/ron-english-sketches-grins/images/Sketches/grins/Skeleton%2520Grin%2520front%2520ORIGINAL.jpg","REVIEW","Some local image references were not found."
"Grins","Slo Moe Grin","grins","Sketches\grins\slo-moe-grin.html","https://ronenglish-archive.github.io/ron-english-sketches-grins/Sketches/grins/slo-moe-grin.html","6","6","https://ronenglish-archive.github.io/ron-english-sketches-grins/images/Sketches/grins/Slo%2520Moe%2520Grin%2520portrait%2520closeup%2520ORIGINAL.jpg","REVIEW","Some local image references were not found."
"Grins","Slushsquatch Grin","grins","Sketches\grins\slushsquatch-grin.html","https://ronenglish-archive.github.io/ron-english-sketches-grins/Sketches/grins/slushsquatch-grin.html","3","3","https://ronenglish-archive.github.io/ron-english-sketches-grins/images/Sketches/grins/Slushsquatch%2520Grin%2520ORIGINAL.jpg","REVIEW","Some local image references were not found."
"Grins","Smack, Crack, Pop Grin","grins","Sketches\grins\smack-crack-pop-grin.html","https://ronenglish-archive.github.io/ron-english-sketches-grins/Sketches/grins/smack-crack-pop-grin.html","3","3","https://ronenglish-archive.github.io/ron-english-sketches-grins/images/Sketches/grins/Smack%252C%2520Crack%252C%2520Pop%2520Grin%2520ORIGINAL.jpg","REVIEW","Some local image references were not found."
"Grins","Smiley Face Dog Grin Newcastle","grins","Sketches\grins\smiley-face-dog-grin-newcastle.html","https://ronenglish-archive.github.io/ron-english-sketches-grins/Sketches/grins/smiley-face-dog-grin-newcastle.html","2","2","https://ronenglish-archive.github.io/ron-english-sketches-grins/images/Sketches/grins/Smiley%2520Face%2520Dog%2520Grin%2520Newcastle%2520ORIGINAL.jpg","REVIEW","Some local image references were not found."
"Grins","Smoking Grin","grins","Sketches\grins\smoking-grin.html","https://ronenglish-archive.github.io/ron-english-sketches-grins/Sketches/grins/smoking-grin.html","4","4","https://ronenglish-archive.github.io/ron-english-sketches-grins/images/Sketches/grins/Smoking%2520Grin%2520ORIGINAL.jpg","REVIEW","Some local image references were not found."
"Grins","Smurfette Grin","grins","Sketches\grins\smurfette-grin.html","https://ronenglish-archive.github.io/ron-english-sketches-grins/Sketches/grins/smurfette-grin.html","4","4","https://ronenglish-archive.github.io/ron-english-sketches-grins/images/Sketches/grins/Smurfette%2520Grin%2520ORIGINAL.jpg","REVIEW","Some local image references were not found."
"Grins","Smurf Grin","grins","Sketches\grins\smurf-grin.html","https://ronenglish-archive.github.io/ron-english-sketches-grins/Sketches/grins/smurf-grin.html","4","4","https://ronenglish-archive.github.io/ron-english-sketches-grins/images/Sketches/grins/Smurf%2520Grin%2520ORIGINAL.jpg","REVIEW","Some local image references were not found."
"Grins","Snoopy Grin","grins","Sketches\grins\snoopy-grin.html","https://ronenglish-archive.github.io/ron-english-sketches-grins/Sketches/grins/snoopy-grin.html","12","12","https://ronenglish-archive.github.io/ron-english-sketches-grins/images/Sketches/grins/Snoopy%2520Grin%2520front%2520ORIGINAL.jpg","REVIEW","Some local image references were not found."
"Grins","Sock Monkey Grin","grins","Sketches\grins\sock-monkey-grin.html","https://ronenglish-archive.github.io/ron-english-sketches-grins/Sketches/grins/sock-monkey-grin.html","4","4","https://ronenglish-archive.github.io/ron-english-sketches-grins/images/Sketches/grins/Sock%2520Monkey%2520Grin%2520ORIGINAL.jpg","REVIEW","Some local image references were not found."
"Grins","Sonic Grin","grins","Sketches\grins\sonic-grin.html","https://ronenglish-archive.github.io/ron-english-sketches-grins/Sketches/grins/sonic-grin.html","3","3","https://ronenglish-archive.github.io/ron-english-sketches-grins/images/Sketches/grins/Sonic%2520Grin%2520ORIGINAL.jpg","REVIEW","Some local image references were not found."
"Grins","Space Shark Grin","grins","Sketches\grins\space-shark-grin.html","https://ronenglish-archive.github.io/ron-english-sketches-grins/Sketches/grins/space-shark-grin.html","2","2","https://ronenglish-archive.github.io/ron-english-sketches-grins/images/Sketches/grins/Space%2520Shark%2520Grin%2520ORIGINAL.jpg","REVIEW","Some local image references were not found."
"Grins","Spaz Grin","grins","Sketches\grins\spaz-grin.html","https://ronenglish-archive.github.io/ron-english-sketches-grins/Sketches/grins/spaz-grin.html","2","2","https://ronenglish-archive.github.io/ron-english-sketches-grins/images/Sketches/grins/Spaz%2520Grin%2520ORIGINAL.jpg","REVIEW","Some local image references were not found."
"Grins","Speak More Evil Grin","grins","Sketches\grins\speak-more-evil-grin.html","https://ronenglish-archive.github.io/ron-english-sketches-grins/Sketches/grins/speak-more-evil-grin.html","4","4","https://ronenglish-archive.github.io/ron-english-sketches-grins/images/Sketches/grins/Speak%2520More%2520Evil%2520Grin%2520side%2520ORIGINAL.jpg","REVIEW","Some local image references were not found."
"Grins","Spitting Grin","grins","Sketches\grins\spitting-grin.html","https://ronenglish-archive.github.io/ron-english-sketches-grins/Sketches/grins/spitting-grin.html","2","2","https://ronenglish-archive.github.io/ron-english-sketches-grins/images/Sketches/grins/Spitting%2520Grin%2520B%2526W.jpg","REVIEW","Some local image references were not found."
"Grins","Spongebob Grin","grins","Sketches\grins\spongebob-grin.html","https://ronenglish-archive.github.io/ron-english-sketches-grins/Sketches/grins/spongebob-grin.html","7","7","https://ronenglish-archive.github.io/ron-english-sketches-grins/images/Sketches/grins/Spongebob%2520Grin%2520ORIGINAL.jpg","REVIEW","Some local image references were not found."
"Grins","Squirrel Squirt Grin","grins","Sketches\grins\squirrel-squirt-grin.html","https://ronenglish-archive.github.io/ron-english-sketches-grins/Sketches/grins/squirrel-squirt-grin.html","5","5","https://ronenglish-archive.github.io/ron-english-sketches-grins/images/Sketches/grins/Squirrel%2520Squirt%2520Grin%2520Head%2520ORIGINAL.jpg","REVIEW","Some local image references were not found."
"Grins","Staples Pigeon Grin","grins","Sketches\grins\staples-pigeon-grin.html","https://ronenglish-archive.github.io/ron-english-sketches-grins/Sketches/grins/staples-pigeon-grin.html","6","6","https://ronenglish-archive.github.io/ron-english-sketches-grins/images/Sketches/grins/Staples%2520Pigeon%2520Grin%2520front%2520ORIGINAL.jpg","REVIEW","Some local image references were not found."
"Grins","Starskull Trooper Grin","grins","Sketches\grins\starskull-trooper-grin.html","https://ronenglish-archive.github.io/ron-english-sketches-grins/Sketches/grins/starskull-trooper-grin.html","3","3","https://ronenglish-archive.github.io/ron-english-sketches-grins/images/Sketches/grins/Starskull%2520Trooper%2520Grin%2520ORIGINAL.jpeg","REVIEW","Some local image references were not found."
"Grins","Stewie Grin","grins","Sketches\grins\stewie-grin.html","https://ronenglish-archive.github.io/ron-english-sketches-grins/Sketches/grins/stewie-grin.html","3","3","https://ronenglish-archive.github.io/ron-english-sketches-grins/images/Sketches/grins/Stewie%2520Grin%2520ORIGINAL.jpg","REVIEW","Some local image references were not found."
"Grins","Stitch Grin","grins","Sketches\grins\stitch-grin.html","https://ronenglish-archive.github.io/ron-english-sketches-grins/Sketches/grins/stitch-grin.html","4","4","https://ronenglish-archive.github.io/ron-english-sketches-grins/images/Sketches/grins/Stitch%2520Grin%2520ORIGINAL.jpg","REVIEW","Some local image references were not found."
"Grins","Stormtrooper Grin","grins","Sketches\grins\stormtrooper-grin.html","https://ronenglish-archive.github.io/ron-english-sketches-grins/Sketches/grins/stormtrooper-grin.html","3","3","https://ronenglish-archive.github.io/ron-english-sketches-grins/images/Sketches/grins/Stormtrooper%2520Grin%2520ORIGINAL.jpg","REVIEW","Some local image references were not found."
"Grins","Street Fighter Guile Grin","grins","Sketches\grins\street-fighter-guile-grin.html","https://ronenglish-archive.github.io/ron-english-sketches-grins/Sketches/grins/street-fighter-guile-grin.html","3","3","https://ronenglish-archive.github.io/ron-english-sketches-grins/images/Sketches/grins/Street%2520Fighter%2520Guile%2520Grin%2520ORIGINAL.jpg","REVIEW","Some local image references were not found."
"Grins","Sugar Clown Grin","grins","Sketches\grins\sugar-clown-grin.html","https://ronenglish-archive.github.io/ron-english-sketches-grins/Sketches/grins/sugar-clown-grin.html","11","11","https://ronenglish-archive.github.io/ron-english-sketches-grins/images/Sketches/grins/Sugar%2520Clown%2520Grin%2520back%2520ORIGINAL.jpg","REVIEW","Some local image references were not found."
"Grins","Sugar Diabetic Bear Grin","grins","Sketches\grins\sugar-diabetic-bear-grin.html","https://ronenglish-archive.github.io/ron-english-sketches-grins/Sketches/grins/sugar-diabetic-bear-grin.html","3","3","https://ronenglish-archive.github.io/ron-english-sketches-grins/images/Sketches/grins/Sugar%2520Diabetic%2520Bear%2520Grin%2520ORIGINAL.jpg","REVIEW","Some local image references were not found."
"Grins","Sugar Smack Grin","grins","Sketches\grins\sugar-smack-grin.html","https://ronenglish-archive.github.io/ron-english-sketches-grins/Sketches/grins/sugar-smack-grin.html","3","3","https://ronenglish-archive.github.io/ron-english-sketches-grins/images/Sketches/grins/Sugar%2520Smack%2520Grin%2520ORIGINAL.jpg","REVIEW","Some local image references were not found."
"Grins","Surf Girl Grin","grins","Sketches\grins\surf-girl-grin.html","https://ronenglish-archive.github.io/ron-english-sketches-grins/Sketches/grins/surf-girl-grin.html","4","4","https://ronenglish-archive.github.io/ron-english-sketches-grins/images/Sketches/grins/Surf%2520Girl%2520Grin%2520ORIGINAL.jpg","REVIEW","Some local image references were not found."
"Grins","Taz Grin","grins","Sketches\grins\taz-grin.html","https://ronenglish-archive.github.io/ron-english-sketches-grins/Sketches/grins/taz-grin.html","7","7","https://ronenglish-archive.github.io/ron-english-sketches-grins/images/Sketches/grins/Taz%2520Grin%2520ORIGINAL.jpg","REVIEW","Some local image references were not found."
"Grins","Techno Kitten Grin","grins","Sketches\grins\techno-kitten-grin.html","https://ronenglish-archive.github.io/ron-english-sketches-grins/Sketches/grins/techno-kitten-grin.html","3","3","https://ronenglish-archive.github.io/ron-english-sketches-grins/images/Sketches/grins/Techno%2520Kitten%2520Grin%2520ORIGINAL.jpg","REVIEW","Some local image references were not found."
"Grins","Teddy Bear Grin","grins","Sketches\grins\teddy-bear-grin.html","https://ronenglish-archive.github.io/ron-english-sketches-grins/Sketches/grins/teddy-bear-grin.html","7","7","https://ronenglish-archive.github.io/ron-english-sketches-grins/images/Sketches/grins/Teddy%2520Bear%2520Grin%2520ORIGINAL.jpg","REVIEW","Some local image references were not found."
"Grins","Telegrinnie","grins","Sketches\grins\telegrinnie.html","https://ronenglish-archive.github.io/ron-english-sketches-grins/Sketches/grins/telegrinnie.html","10","10","https://ronenglish-archive.github.io/ron-english-sketches-grins/images/Sketches/grins/Telegrinnie%2520side%2520ORIGINAL.jpg","REVIEW","Some local image references were not found."
"Grins","Tiger Grin","grins","Sketches\grins\tiger-grin.html","https://ronenglish-archive.github.io/ron-english-sketches-grins/Sketches/grins/tiger-grin.html","5","5","https://ronenglish-archive.github.io/ron-english-sketches-grins/images/Sketches/grins/Tiger%2520Grin%2520ORIGINAL.jpg","REVIEW","Some local image references were not found."
"Grins","Tiger Sphinx Grin","grins","Sketches\grins\tiger-sphinx-grin.html","https://ronenglish-archive.github.io/ron-english-sketches-grins/Sketches/grins/tiger-sphinx-grin.html","6","6","https://ronenglish-archive.github.io/ron-english-sketches-grins/images/Sketches/grins/Tiger%2520Sphinx%2520Grin%2520ORIGINAL.jpg","REVIEW","Some local image references were not found."
"Grins","Timid Shark Grin","grins","Sketches\grins\timid-shark-grin.html","https://ronenglish-archive.github.io/ron-english-sketches-grins/Sketches/grins/timid-shark-grin.html","3","3","https://ronenglish-archive.github.io/ron-english-sketches-grins/images/Sketches/grins/Timid%2520Shark%2520Grin%2520ORIGINAL.jpg","REVIEW","Some local image references were not found."
"Grins","Timmy Turner Grin","grins","Sketches\grins\timmy-turner-grin.html","https://ronenglish-archive.github.io/ron-english-sketches-grins/Sketches/grins/timmy-turner-grin.html","3","3","https://ronenglish-archive.github.io/ron-english-sketches-grins/images/Sketches/grins/Timmy%2520Turner%2520Grin%2520ORIGINAL.jpg","REVIEW","Some local image references were not found."
"Grins","Tmnt Leonardo Grin","grins","Sketches\grins\tmnt-leonardo-grin.html","https://ronenglish-archive.github.io/ron-english-sketches-grins/Sketches/grins/tmnt-leonardo-grin.html","3","3","https://ronenglish-archive.github.io/ron-english-sketches-grins/images/Sketches/grins/Tmnt%2520Leonardo%2520Grin%2520ORIGINAL.jpg","REVIEW","Some local image references were not found."
"Grins","Tmnt Michelangelo Grin","grins","Sketches\grins\tmnt-michelangelo-grin.html","https://ronenglish-archive.github.io/ron-english-sketches-grins/Sketches/grins/tmnt-michelangelo-grin.html","3","3","https://ronenglish-archive.github.io/ron-english-sketches-grins/images/Sketches/grins/Tmnt%2520Michelangelo%2520Grin%2520ORIGINAL.jpg","REVIEW","Some local image references were not found."
"Grins","Tmnt Raphael Grin","grins","Sketches\grins\tmnt-raphael-grin.html","https://ronenglish-archive.github.io/ron-english-sketches-grins/Sketches/grins/tmnt-raphael-grin.html","3","3","https://ronenglish-archive.github.io/ron-english-sketches-grins/images/Sketches/grins/Tmnt%2520Raphael%2520Grin%2520ORIGINAL.jpg","REVIEW","Some local image references were not found."
"Grins","Tom N Jerry Grins","grins","Sketches\grins\tom-n-jerry-grins.html","https://ronenglish-archive.github.io/ron-english-sketches-grins/Sketches/grins/tom-n-jerry-grins.html","2","2","https://ronenglish-archive.github.io/ron-english-sketches-grins/images/Sketches/grins/Tom%2520N%2520Jerry%2520Grins%2520ORIGINAL.jpg","REVIEW","Some local image references were not found."
"Grins","Tony Tiger Grin","grins","Sketches\grins\tony-tiger-grin.html","https://ronenglish-archive.github.io/ron-english-sketches-grins/Sketches/grins/tony-tiger-grin.html","8","8","https://ronenglish-archive.github.io/ron-english-sketches-grins/images/Sketches/grins/Tony%2520Tiger%2520Grin%25201%2520ORIGINAL.jpg","REVIEW","Some local image references were not found."
"Grins","Topcat Grin","grins","Sketches\grins\topcat-grin.html","https://ronenglish-archive.github.io/ron-english-sketches-grins/Sketches/grins/topcat-grin.html","3","3","https://ronenglish-archive.github.io/ron-english-sketches-grins/images/Sketches/grins/Topcat%2520Grin%2520ORIGINAL.jpg","REVIEW","Some local image references were not found."
"Grins","Trippy Grin","grins","Sketches\grins\trippy-grin.html","https://ronenglish-archive.github.io/ron-english-sketches-grins/Sketches/grins/trippy-grin.html","6","6","https://ronenglish-archive.github.io/ron-english-sketches-grins/images/Sketches/grins/Trippy%2520Grin%2520ORIGINAL.jpg","REVIEW","Some local image references were not found."
"Grins","Tupac Grin","grins","Sketches\grins\tupac-grin.html","https://ronenglish-archive.github.io/ron-english-sketches-grins/Sketches/grins/tupac-grin.html","5","5","https://ronenglish-archive.github.io/ron-english-sketches-grins/images/Sketches/grins/Tupac%2520Grin%2520ORIGINAL%25201.jpg","REVIEW","Some local image references were not found."
"Grins","Tweetie Grin","grins","Sketches\grins\tweetie-grin.html","https://ronenglish-archive.github.io/ron-english-sketches-grins/Sketches/grins/tweetie-grin.html","2","2","https://ronenglish-archive.github.io/ron-english-sketches-grins/images/Sketches/grins/Tweetie%2520Grin%2520ORIGINAL.jpg","REVIEW","Some local image references were not found."
"Grins","Ultraman Grin","grins","Sketches\grins\ultraman-grin.html","https://ronenglish-archive.github.io/ron-english-sketches-grins/Sketches/grins/ultraman-grin.html","3","3","https://ronenglish-archive.github.io/ron-english-sketches-grins/images/Sketches/grins/Ultraman%2520Grin%2520ORIGINAL.jpg","REVIEW","Some local image references were not found."
"Grins","Unicorn Grin","grins","Sketches\grins\unicorn-grin.html","https://ronenglish-archive.github.io/ron-english-sketches-grins/Sketches/grins/unicorn-grin.html","12","12","https://ronenglish-archive.github.io/ron-english-sketches-grins/images/Sketches/grins/Unicorn%2520Grin%2520ORIGINAL.jpg","REVIEW","Some local image references were not found."
"Grins","Unipig Grin","grins","Sketches\grins\unipig-grin.html","https://ronenglish-archive.github.io/ron-english-sketches-grins/Sketches/grins/unipig-grin.html","3","3","https://ronenglish-archive.github.io/ron-english-sketches-grins/images/Sketches/grins/Unipig%2520Grin%2520ORIGINAL.jpg","REVIEW","Some local image references were not found."
"Grins","Urban Bigfoot Grin","grins","Sketches\grins\urban-bigfoot-grin.html","https://ronenglish-archive.github.io/ron-english-sketches-grins/Sketches/grins/urban-bigfoot-grin.html","4","4","https://ronenglish-archive.github.io/ron-english-sketches-grins/images/Sketches/grins/Urban%2520Bigfoot%2520Grin%2520front%2520face%2520ORIGINAL.jpg","REVIEW","Some local image references were not found."
"Grins","Vampire Grin","grins","Sketches\grins\vampire-grin.html","https://ronenglish-archive.github.io/ron-english-sketches-grins/Sketches/grins/vampire-grin.html","2","2","https://ronenglish-archive.github.io/ron-english-sketches-grins/images/Sketches/grins/Vampire%2520Grin%2520Front%2520B%2526W.jpg","REVIEW","Some local image references were not found."
"Grins","Wing Grin","grins","Sketches\grins\wing-grin.html","https://ronenglish-archive.github.io/ron-english-sketches-grins/Sketches/grins/wing-grin.html","3","3","https://ronenglish-archive.github.io/ron-english-sketches-grins/images/Sketches/grins/Wing%2520Grin%2520body%2520ORIGINAL.jpg","REVIEW","Some local image references were not found."
"Grins","Wolf Grin","grins","Sketches\grins\wolf-grin.html","https://ronenglish-archive.github.io/ron-english-sketches-grins/Sketches/grins/wolf-grin.html","5","5","https://ronenglish-archive.github.io/ron-english-sketches-grins/images/Sketches/grins/Wolf%2520Grin%2520ORIGINAL.jpg","REVIEW","Some local image references were not found."
"Grins","Woodstock Grin","grins","Sketches\grins\woodstock-grin.html","https://ronenglish-archive.github.io/ron-english-sketches-grins/Sketches/grins/woodstock-grin.html","8","8","https://ronenglish-archive.github.io/ron-english-sketches-grins/images/Sketches/grins/Woodstock%2520Grin%2520ORIGINAL.jpg","REVIEW","Some local image references were not found."
"Grins","Yellow Submarine Grin","grins","Sketches\grins\yellow-submarine-grin.html","https://ronenglish-archive.github.io/ron-english-sketches-grins/Sketches/grins/yellow-submarine-grin.html","3","3","https://ronenglish-archive.github.io/ron-english-sketches-grins/images/Sketches/grins/Yellow%2520Submarine%2520Grin%2520ORIGINAL.jpg","REVIEW","Some local image references were not found."
"Grins","Yin Yang Grin","grins","Sketches\grins\yin-yang-grin-1.html","https://ronenglish-archive.github.io/ron-english-sketches-grins/Sketches/grins/yin-yang-grin-1.html","8","8","https://ronenglish-archive.github.io/ron-english-sketches-grins/images/Sketches/grins/Yin%2520Yang%2520Grin%25202%2520ORIGINAL%25202.jpg","REVIEW","Some local image references were not found."
"Grins","Yogi Bear Grin","grins","Sketches\grins\yogi-bear-grin.html","https://ronenglish-archive.github.io/ron-english-sketches-grins/Sketches/grins/yogi-bear-grin.html","3","3","https://ronenglish-archive.github.io/ron-english-sketches-grins/images/Sketches/grins/Yogi%2520Bear%2520Grin%2520ORIGINAL.jpg","REVIEW","Some local image references were not found."
"Grins","Yucky Charmer Grin","grins","Sketches\grins\yucky-charmer-grin.html","https://ronenglish-archive.github.io/ron-english-sketches-grins/Sketches/grins/yucky-charmer-grin.html","3","3","https://ronenglish-archive.github.io/ron-english-sketches-grins/images/Sketches/grins/Yucky%2520Charmer%2520Grin%2520ORIGINAL.jpg","REVIEW","Some local image references were not found."
"Grins","Zephyr Zelephant Grin","grins","Sketches\grins\zephyr-zelephant-grin.html","https://ronenglish-archive.github.io/ron-english-sketches-grins/Sketches/grins/zephyr-zelephant-grin.html","2","2","https://ronenglish-archive.github.io/ron-english-sketches-grins/images/Sketches/grins/Zephyr%2520Zelephant%2520Grin%2520ORIGINAL.jpg","REVIEW","Some local image references were not found."
