"File","RelativePath","FullPath","WillChange","Backup","Status"
"500-pound-poultry-alien.html","Sketches\aliens\500-pound-poultry-alien.html","D:\github\ron-english-sketches-and-drawings\Sketches\aliens\500-pound-poultry-alien.html","True","D:\github\ron-english-sketches-and-drawings\Sketches\aliens\500-pound-poultry-alien.html.bak-centering-20260507-142124","Updated"
"absubtract-analsupress.html","Sketches\aliens\absubtract-analsupress.html","D:\github\ron-english-sketches-and-drawings\Sketches\aliens\absubtract-analsupress.html","True","D:\github\ron-english-sketches-and-drawings\Sketches\aliens\absubtract-analsupress.html.bak-centering-20260507-142124","Updated"
"adam-alien.html","Sketches\aliens\adam-alien.html","D:\github\ron-english-sketches-and-drawings\Sketches\aliens\adam-alien.html","True","D:\github\ron-english-sketches-and-drawings\Sketches\aliens\adam-alien.html.bak-centering-20260507-142124","Updated"
"adrian-alien.html","Sketches\aliens\adrian-alien.html","D:\github\ron-english-sketches-and-drawings\Sketches\aliens\adrian-alien.html","True","D:\github\ron-english-sketches-and-drawings\Sketches\aliens\adrian-alien.html.bak-centering-20260507-142124","Updated"
"aerospam-demotron.html","Sketches\aliens\aerospam-demotron.html","D:\github\ron-english-sketches-and-drawings\Sketches\aliens\aerospam-demotron.html","True","D:\github\ron-english-sketches-and-drawings\Sketches\aliens\aerospam-demotron.html.bak-centering-20260507-142124","Updated"
"alexandrinus-reflection.html","Sketches\aliens\alexandrinus-reflection.html","D:\github\ron-english-sketches-and-drawings\Sketches\aliens\alexandrinus-reflection.html","True","D:\github\ron-english-sketches-and-drawings\Sketches\aliens\alexandrinus-reflection.html.bak-centering-20260507-142124","Updated"
"aliegenie.html","Sketches\aliens\aliegenie.html","D:\github\ron-english-sketches-and-drawings\Sketches\aliens\aliegenie.html","True","D:\github\ron-english-sketches-and-drawings\Sketches\aliens\aliegenie.html.bak-centering-20260507-142124","Updated"
"alien-bot.html","Sketches\aliens\alien-bot.html","D:\github\ron-english-sketches-and-drawings\Sketches\aliens\alien-bot.html","True","D:\github\ron-english-sketches-and-drawings\Sketches\aliens\alien-bot.html.bak-centering-20260507-142124","Updated"
"alien-cherub.html","Sketches\aliens\alien-cherub.html","D:\github\ron-english-sketches-and-drawings\Sketches\aliens\alien-cherub.html","True","D:\github\ron-english-sketches-and-drawings\Sketches\aliens\alien-cherub.html.bak-centering-20260507-142124","Updated"
"alien-offspring.html","Sketches\aliens\alien-offspring.html","D:\github\ron-english-sketches-and-drawings\Sketches\aliens\alien-offspring.html","True","D:\github\ron-english-sketches-and-drawings\Sketches\aliens\alien-offspring.html.bak-centering-20260507-142124","Updated"
"alien-spiral-eyes.html","Sketches\aliens\alien-spiral-eyes.html","D:\github\ron-english-sketches-and-drawings\Sketches\aliens\alien-spiral-eyes.html","True","D:\github\ron-english-sketches-and-drawings\Sketches\aliens\alien-spiral-eyes.html.bak-centering-20260507-142124","Updated"
"alien-superman.html","Sketches\aliens\alien-superman.html","D:\github\ron-english-sketches-and-drawings\Sketches\aliens\alien-superman.html","True","D:\github\ron-english-sketches-and-drawings\Sketches\aliens\alien-superman.html.bak-centering-20260507-142124","Updated"
"all-ears-ernie.html","Sketches\aliens\all-ears-ernie.html","D:\github\ron-english-sketches-and-drawings\Sketches\aliens\all-ears-ernie.html","True","D:\github\ron-english-sketches-and-drawings\Sketches\aliens\all-ears-ernie.html.bak-centering-20260507-142124","Updated"
"alley-boutwit.html","Sketches\aliens\alley-boutwit.html","D:\github\ron-english-sketches-and-drawings\Sketches\aliens\alley-boutwit.html","True","D:\github\ron-english-sketches-and-drawings\Sketches\aliens\alley-boutwit.html.bak-centering-20260507-142124","Updated"
"amblyopiate.html","Sketches\aliens\amblyopiate.html","D:\github\ron-english-sketches-and-drawings\Sketches\aliens\amblyopiate.html","True","D:\github\ron-english-sketches-and-drawings\Sketches\aliens\amblyopiate.html.bak-centering-20260507-142124","Updated"
"ampadextal-testamonk.html","Sketches\aliens\ampadextal-testamonk.html","D:\github\ron-english-sketches-and-drawings\Sketches\aliens\ampadextal-testamonk.html","True","D:\github\ron-english-sketches-and-drawings\Sketches\aliens\ampadextal-testamonk.html.bak-centering-20260507-142124","Updated"
"andresistor-toomoo.html","Sketches\aliens\andresistor-toomoo.html","D:\github\ron-english-sketches-and-drawings\Sketches\aliens\andresistor-toomoo.html","True","D:\github\ron-english-sketches-and-drawings\Sketches\aliens\andresistor-toomoo.html.bak-centering-20260507-142124","Updated"
"andresonor-vanvermon.html","Sketches\aliens\andresonor-vanvermon.html","D:\github\ron-english-sketches-and-drawings\Sketches\aliens\andresonor-vanvermon.html","True","D:\github\ron-english-sketches-and-drawings\Sketches\aliens\andresonor-vanvermon.html.bak-centering-20260507-142124","Updated"
"anexus-elefander.html","Sketches\aliens\anexus-elefander.html","D:\github\ron-english-sketches-and-drawings\Sketches\aliens\anexus-elefander.html","True","D:\github\ron-english-sketches-and-drawings\Sketches\aliens\anexus-elefander.html.bak-centering-20260507-142124","Updated"
"antron-gridiron-alien.html","Sketches\aliens\antron-gridiron-alien.html","D:\github\ron-english-sketches-and-drawings\Sketches\aliens\antron-gridiron-alien.html","True","D:\github\ron-english-sketches-and-drawings\Sketches\aliens\antron-gridiron-alien.html.bak-centering-20260507-142124","Updated"
"aphelionia.html","Sketches\aliens\aphelionia.html","D:\github\ron-english-sketches-and-drawings\Sketches\aliens\aphelionia.html","True","D:\github\ron-english-sketches-and-drawings\Sketches\aliens\aphelionia.html.bak-centering-20260507-142124","Updated"
"aqua-lung-alien.html","Sketches\aliens\aqua-lung-alien.html","D:\github\ron-english-sketches-and-drawings\Sketches\aliens\aqua-lung-alien.html","True","D:\github\ron-english-sketches-and-drawings\Sketches\aliens\aqua-lung-alien.html.bak-centering-20260507-142124","Updated"
"ardent-adventurer.html","Sketches\aliens\ardent-adventurer.html","D:\github\ron-english-sketches-and-drawings\Sketches\aliens\ardent-adventurer.html","True","D:\github\ron-english-sketches-and-drawings\Sketches\aliens\ardent-adventurer.html.bak-centering-20260507-142124","Updated"
"asher-gnasher.html","Sketches\aliens\asher-gnasher.html","D:\github\ron-english-sketches-and-drawings\Sketches\aliens\asher-gnasher.html","True","D:\github\ron-english-sketches-and-drawings\Sketches\aliens\asher-gnasher.html.bak-centering-20260507-142124","Updated"
"aston-nish.html","Sketches\aliens\aston-nish.html","D:\github\ron-english-sketches-and-drawings\Sketches\aliens\aston-nish.html","True","D:\github\ron-english-sketches-and-drawings\Sketches\aliens\aston-nish.html.bak-centering-20260507-142124","Updated"
"astragrockle.html","Sketches\aliens\astragrockle.html","D:\github\ron-english-sketches-and-drawings\Sketches\aliens\astragrockle.html","True","D:\github\ron-english-sketches-and-drawings\Sketches\aliens\astragrockle.html.bak-centering-20260507-142124","Updated"
"astral-alex.html","Sketches\aliens\astral-alex.html","D:\github\ron-english-sketches-and-drawings\Sketches\aliens\astral-alex.html","True","D:\github\ron-english-sketches-and-drawings\Sketches\aliens\astral-alex.html.bak-centering-20260507-142124","Updated"
"astral-galexic.html","Sketches\aliens\astral-galexic.html","D:\github\ron-english-sketches-and-drawings\Sketches\aliens\astral-galexic.html","True","D:\github\ron-english-sketches-and-drawings\Sketches\aliens\astral-galexic.html.bak-centering-20260507-142124","Updated"
"astral-galexic-version-2.html","Sketches\aliens\astral-galexic-version-2.html","D:\github\ron-english-sketches-and-drawings\Sketches\aliens\astral-galexic-version-2.html","True","D:\github\ron-english-sketches-and-drawings\Sketches\aliens\astral-galexic-version-2.html.bak-centering-20260507-142124","Updated"
"astro.html","Sketches\aliens\astro.html","D:\github\ron-english-sketches-and-drawings\Sketches\aliens\astro.html","True","D:\github\ron-english-sketches-and-drawings\Sketches\aliens\astro.html.bak-centering-20260507-142124","Updated"
"astrokurse.html","Sketches\aliens\astrokurse.html","D:\github\ron-english-sketches-and-drawings\Sketches\aliens\astrokurse.html","True","D:\github\ron-english-sketches-and-drawings\Sketches\aliens\astrokurse.html.bak-centering-20260507-142124","Updated"
"astropatra.html","Sketches\aliens\astropatra.html","D:\github\ron-english-sketches-and-drawings\Sketches\aliens\astropatra.html","True","D:\github\ron-english-sketches-and-drawings\Sketches\aliens\astropatra.html.bak-centering-20260507-142124","Updated"
"astrostotle.html","Sketches\aliens\astrostotle.html","D:\github\ron-english-sketches-and-drawings\Sketches\aliens\astrostotle.html","True","D:\github\ron-english-sketches-and-drawings\Sketches\aliens\astrostotle.html.bak-centering-20260507-142124","Updated"
"axus-aliender.html","Sketches\aliens\axus-aliender.html","D:\github\ron-english-sketches-and-drawings\Sketches\aliens\axus-aliender.html","True","D:\github\ron-english-sketches-and-drawings\Sketches\aliens\axus-aliender.html.bak-centering-20260507-142124","Updated"
"bacchan-complainer.html","Sketches\aliens\bacchan-complainer.html","D:\github\ron-english-sketches-and-drawings\Sketches\aliens\bacchan-complainer.html","True","D:\github\ron-english-sketches-and-drawings\Sketches\aliens\bacchan-complainer.html.bak-centering-20260507-142124","Updated"
"bee-sting-alien.html","Sketches\aliens\bee-sting-alien.html","D:\github\ron-english-sketches-and-drawings\Sketches\aliens\bee-sting-alien.html","True","D:\github\ron-english-sketches-and-drawings\Sketches\aliens\bee-sting-alien.html.bak-centering-20260507-142124","Updated"
"bert-e-brator.html","Sketches\aliens\bert-e-brator.html","D:\github\ron-english-sketches-and-drawings\Sketches\aliens\bert-e-brator.html","True","D:\github\ron-english-sketches-and-drawings\Sketches\aliens\bert-e-brator.html.bak-centering-20260507-142124","Updated"
"berzerk-krypton.html","Sketches\aliens\berzerk-krypton.html","D:\github\ron-english-sketches-and-drawings\Sketches\aliens\berzerk-krypton.html","True","D:\github\ron-english-sketches-and-drawings\Sketches\aliens\berzerk-krypton.html.bak-centering-20260507-142124","Updated"
"blotto-grog.html","Sketches\aliens\blotto-grog.html","D:\github\ron-english-sketches-and-drawings\Sketches\aliens\blotto-grog.html","True","D:\github\ron-english-sketches-and-drawings\Sketches\aliens\blotto-grog.html.bak-centering-20260507-142124","Updated"
"blubby-bono.html","Sketches\aliens\blubby-bono.html","D:\github\ron-english-sketches-and-drawings\Sketches\aliens\blubby-bono.html","True","D:\github\ron-english-sketches-and-drawings\Sketches\aliens\blubby-bono.html.bak-centering-20260507-142124","Updated"
"bob-knobble.html","Sketches\aliens\bob-knobble.html","D:\github\ron-english-sketches-and-drawings\Sketches\aliens\bob-knobble.html","True","D:\github\ron-english-sketches-and-drawings\Sketches\aliens\bob-knobble.html.bak-centering-20260507-142124","Updated"
"bozobreath-anusless.html","Sketches\aliens\bozobreath-anusless.html","D:\github\ron-english-sketches-and-drawings\Sketches\aliens\bozobreath-anusless.html","True","D:\github\ron-english-sketches-and-drawings\Sketches\aliens\bozobreath-anusless.html.bak-centering-20260507-142124","Updated"
"braniacosmus.html","Sketches\aliens\braniacosmus.html","D:\github\ron-english-sketches-and-drawings\Sketches\aliens\braniacosmus.html","True","D:\github\ron-english-sketches-and-drawings\Sketches\aliens\braniacosmus.html.bak-centering-20260507-142124","Updated"
"brooke-chinook.html","Sketches\aliens\brooke-chinook.html","D:\github\ron-english-sketches-and-drawings\Sketches\aliens\brooke-chinook.html","True","D:\github\ron-english-sketches-and-drawings\Sketches\aliens\brooke-chinook.html.bak-centering-20260507-142124","Updated"
"caelumbis.html","Sketches\aliens\caelumbis.html","D:\github\ron-english-sketches-and-drawings\Sketches\aliens\caelumbis.html","True","D:\github\ron-english-sketches-and-drawings\Sketches\aliens\caelumbis.html.bak-centering-20260507-142124","Updated"
"caezahr.html","Sketches\aliens\caezahr.html","D:\github\ron-english-sketches-and-drawings\Sketches\aliens\caezahr.html","True","D:\github\ron-english-sketches-and-drawings\Sketches\aliens\caezahr.html.bak-centering-20260507-142124","Updated"
"cairene-cosmos.html","Sketches\aliens\cairene-cosmos.html","D:\github\ron-english-sketches-and-drawings\Sketches\aliens\cairene-cosmos.html","True","D:\github\ron-english-sketches-and-drawings\Sketches\aliens\cairene-cosmos.html.bak-centering-20260507-142124","Updated"
"caption-alien.html","Sketches\aliens\caption-alien.html","D:\github\ron-english-sketches-and-drawings\Sketches\aliens\caption-alien.html","True","D:\github\ron-english-sketches-and-drawings\Sketches\aliens\caption-alien.html.bak-centering-20260507-142124","Updated"
"catalien.html","Sketches\aliens\catalien.html","D:\github\ron-english-sketches-and-drawings\Sketches\aliens\catalien.html","True","D:\github\ron-english-sketches-and-drawings\Sketches\aliens\catalien.html.bak-centering-20260507-142124","Updated"
"catmask.html","Sketches\aliens\catmask.html","D:\github\ron-english-sketches-and-drawings\Sketches\aliens\catmask.html","True","D:\github\ron-english-sketches-and-drawings\Sketches\aliens\catmask.html.bak-centering-20260507-142124","Updated"
"cavaler-avaler.html","Sketches\aliens\cavaler-avaler.html","D:\github\ron-english-sketches-and-drawings\Sketches\aliens\cavaler-avaler.html","True","D:\github\ron-english-sketches-and-drawings\Sketches\aliens\cavaler-avaler.html.bak-centering-20260507-142124","Updated"
"cb-astronaut-fishbowl.html","Sketches\aliens\cb-astronaut-fishbowl.html","D:\github\ron-english-sketches-and-drawings\Sketches\aliens\cb-astronaut-fishbowl.html","True","D:\github\ron-english-sketches-and-drawings\Sketches\aliens\cb-astronaut-fishbowl.html.bak-centering-20260507-142124","Updated"
"cb-astronaut-internal-aliens.html","Sketches\aliens\cb-astronaut-internal-aliens.html","D:\github\ron-english-sketches-and-drawings\Sketches\aliens\cb-astronaut-internal-aliens.html","True","D:\github\ron-english-sketches-and-drawings\Sketches\aliens\cb-astronaut-internal-aliens.html.bak-centering-20260507-142124","Updated"
"cb-astronaut-microphone.html","Sketches\aliens\cb-astronaut-microphone.html","D:\github\ron-english-sketches-and-drawings\Sketches\aliens\cb-astronaut-microphone.html","True","D:\github\ron-english-sketches-and-drawings\Sketches\aliens\cb-astronaut-microphone.html.bak-centering-20260507-142124","Updated"
"cb-astronaut-star-skull.html","Sketches\aliens\cb-astronaut-star-skull.html","D:\github\ron-english-sketches-and-drawings\Sketches\aliens\cb-astronaut-star-skull.html","True","D:\github\ron-english-sketches-and-drawings\Sketches\aliens\cb-astronaut-star-skull.html.bak-centering-20260507-142124","Updated"
"celestial-terrestial.html","Sketches\aliens\celestial-terrestial.html","D:\github\ron-english-sketches-and-drawings\Sketches\aliens\celestial-terrestial.html","True","D:\github\ron-english-sketches-and-drawings\Sketches\aliens\celestial-terrestial.html.bak-centering-20260507-142124","Updated"
"celibscent-scanidol.html","Sketches\aliens\celibscent-scanidol.html","D:\github\ron-english-sketches-and-drawings\Sketches\aliens\celibscent-scanidol.html","True","D:\github\ron-english-sketches-and-drawings\Sketches\aliens\celibscent-scanidol.html.bak-centering-20260507-142124","Updated"
"cereb-raul.html","Sketches\aliens\cereb-raul.html","D:\github\ron-english-sketches-and-drawings\Sketches\aliens\cereb-raul.html","True","D:\github\ron-english-sketches-and-drawings\Sketches\aliens\cereb-raul.html.bak-centering-20260507-142124","Updated"
"charlie-brown-alien.html","Sketches\aliens\charlie-brown-alien.html","D:\github\ron-english-sketches-and-drawings\Sketches\aliens\charlie-brown-alien.html","True","D:\github\ron-english-sketches-and-drawings\Sketches\aliens\charlie-brown-alien.html.bak-centering-20260507-142124","Updated"
"cheer-breeder.html","Sketches\aliens\cheer-breeder.html","D:\github\ron-english-sketches-and-drawings\Sketches\aliens\cheer-breeder.html","True","D:\github\ron-english-sketches-and-drawings\Sketches\aliens\cheer-breeder.html.bak-centering-20260507-142124","Updated"
"clegg-bleater.html","Sketches\aliens\clegg-bleater.html","D:\github\ron-english-sketches-and-drawings\Sketches\aliens\clegg-bleater.html","True","D:\github\ron-english-sketches-and-drawings\Sketches\aliens\clegg-bleater.html.bak-centering-20260507-142124","Updated"
"cloud-cover.html","Sketches\aliens\cloud-cover.html","D:\github\ron-english-sketches-and-drawings\Sketches\aliens\cloud-cover.html","True","D:\github\ron-english-sketches-and-drawings\Sketches\aliens\cloud-cover.html.bak-centering-20260507-142124","Updated"
"codextra-manasser.html","Sketches\aliens\codextra-manasser.html","D:\github\ron-english-sketches-and-drawings\Sketches\aliens\codextra-manasser.html","True","D:\github\ron-english-sketches-and-drawings\Sketches\aliens\codextra-manasser.html.bak-centering-20260507-142124","Updated"
"cosmet-raith.html","Sketches\aliens\cosmet-raith.html","D:\github\ron-english-sketches-and-drawings\Sketches\aliens\cosmet-raith.html","True","D:\github\ron-english-sketches-and-drawings\Sketches\aliens\cosmet-raith.html.bak-centering-20260507-142124","Updated"
"cosmic-karla.html","Sketches\aliens\cosmic-karla.html","D:\github\ron-english-sketches-and-drawings\Sketches\aliens\cosmic-karla.html","True","D:\github\ron-english-sketches-and-drawings\Sketches\aliens\cosmic-karla.html.bak-centering-20260507-142124","Updated"
"cosmo-polite.html","Sketches\aliens\cosmo-polite.html","D:\github\ron-english-sketches-and-drawings\Sketches\aliens\cosmo-polite.html","True","D:\github\ron-english-sketches-and-drawings\Sketches\aliens\cosmo-polite.html.bak-centering-20260507-142124","Updated"
"cosmo-politian.html","Sketches\aliens\cosmo-politian.html","D:\github\ron-english-sketches-and-drawings\Sketches\aliens\cosmo-politian.html","True","D:\github\ron-english-sketches-and-drawings\Sketches\aliens\cosmo-politian.html.bak-centering-20260507-142124","Updated"
"cosmo-titian.html","Sketches\aliens\cosmo-titian.html","D:\github\ron-english-sketches-and-drawings\Sketches\aliens\cosmo-titian.html","True","D:\github\ron-english-sketches-and-drawings\Sketches\aliens\cosmo-titian.html.bak-centering-20260507-142124","Updated"
"crash-helmet.html","Sketches\aliens\crash-helmet.html","D:\github\ron-english-sketches-and-drawings\Sketches\aliens\crash-helmet.html","True","D:\github\ron-english-sketches-and-drawings\Sketches\aliens\crash-helmet.html.bak-centering-20260507-142124","Updated"
"crockmonster.html","Sketches\aliens\crockmonster.html","D:\github\ron-english-sketches-and-drawings\Sketches\aliens\crockmonster.html","True","D:\github\ron-english-sketches-and-drawings\Sketches\aliens\crockmonster.html.bak-centering-20260507-142124","Updated"
"cronik-comet.html","Sketches\aliens\cronik-comet.html","D:\github\ron-english-sketches-and-drawings\Sketches\aliens\cronik-comet.html","True","D:\github\ron-english-sketches-and-drawings\Sketches\aliens\cronik-comet.html.bak-centering-20260507-142124","Updated"
"curious-hauge.html","Sketches\aliens\curious-hauge.html","D:\github\ron-english-sketches-and-drawings\Sketches\aliens\curious-hauge.html","True","D:\github\ron-english-sketches-and-drawings\Sketches\aliens\curious-hauge.html.bak-centering-20260507-142124","Updated"
"cybor-external.html","Sketches\aliens\cybor-external.html","D:\github\ron-english-sketches-and-drawings\Sketches\aliens\cybor-external.html","True","D:\github\ron-english-sketches-and-drawings\Sketches\aliens\cybor-external.html.bak-centering-20260507-142124","Updated"
"deep-drowned-alien.html","Sketches\aliens\deep-drowned-alien.html","D:\github\ron-english-sketches-and-drawings\Sketches\aliens\deep-drowned-alien.html","True","D:\github\ron-english-sketches-and-drawings\Sketches\aliens\deep-drowned-alien.html.bak-centering-20260507-142124","Updated"
"demi-mondain.html","Sketches\aliens\demi-mondain.html","D:\github\ron-english-sketches-and-drawings\Sketches\aliens\demi-mondain.html","True","D:\github\ron-english-sketches-and-drawings\Sketches\aliens\demi-mondain.html.bak-centering-20260507-142124","Updated"
"didicoy-vagrant.html","Sketches\aliens\didicoy-vagrant.html","D:\github\ron-english-sketches-and-drawings\Sketches\aliens\didicoy-vagrant.html","True","D:\github\ron-english-sketches-and-drawings\Sketches\aliens\didicoy-vagrant.html.bak-centering-20260507-142124","Updated"
"di-zygus.html","Sketches\aliens\di-zygus.html","D:\github\ron-english-sketches-and-drawings\Sketches\aliens\di-zygus.html","True","D:\github\ron-english-sketches-and-drawings\Sketches\aliens\di-zygus.html.bak-centering-20260507-142124","Updated"
"dj-alien-angel.html","Sketches\aliens\dj-alien-angel.html","D:\github\ron-english-sketches-and-drawings\Sketches\aliens\dj-alien-angel.html","True","D:\github\ron-english-sketches-and-drawings\Sketches\aliens\dj-alien-angel.html.bak-centering-20260507-142124","Updated"
"dwell-cogo.html","Sketches\aliens\dwell-cogo.html","D:\github\ron-english-sketches-and-drawings\Sketches\aliens\dwell-cogo.html","True","D:\github\ron-english-sketches-and-drawings\Sketches\aliens\dwell-cogo.html.bak-centering-20260507-142124","Updated"
"egg-spaceship.html","Sketches\aliens\egg-spaceship.html","D:\github\ron-english-sketches-and-drawings\Sketches\aliens\egg-spaceship.html","True","D:\github\ron-english-sketches-and-drawings\Sketches\aliens\egg-spaceship.html.bak-centering-20260507-142124","Updated"
"elated-xtra-terrestrial.html","Sketches\aliens\elated-xtra-terrestrial.html","D:\github\ron-english-sketches-and-drawings\Sketches\aliens\elated-xtra-terrestrial.html","True","D:\github\ron-english-sketches-and-drawings\Sketches\aliens\elated-xtra-terrestrial.html.bak-centering-20260507-142124","Updated"
"electropia-exotropia.html","Sketches\aliens\electropia-exotropia.html","D:\github\ron-english-sketches-and-drawings\Sketches\aliens\electropia-exotropia.html","True","D:\github\ron-english-sketches-and-drawings\Sketches\aliens\electropia-exotropia.html.bak-centering-20260507-142124","Updated"
"elexacon-angel.html","Sketches\aliens\elexacon-angel.html","D:\github\ron-english-sketches-and-drawings\Sketches\aliens\elexacon-angel.html","True","D:\github\ron-english-sketches-and-drawings\Sketches\aliens\elexacon-angel.html.bak-centering-20260507-142124","Updated"
"empty-suit-alien.html","Sketches\aliens\empty-suit-alien.html","D:\github\ron-english-sketches-and-drawings\Sketches\aliens\empty-suit-alien.html","True","D:\github\ron-english-sketches-and-drawings\Sketches\aliens\empty-suit-alien.html.bak-centering-20260507-142124","Updated"
"empyreambler.html","Sketches\aliens\empyreambler.html","D:\github\ron-english-sketches-and-drawings\Sketches\aliens\empyreambler.html","True","D:\github\ron-english-sketches-and-drawings\Sketches\aliens\empyreambler.html.bak-centering-20260507-142124","Updated"
"equinoxious.html","Sketches\aliens\equinoxious.html","D:\github\ron-english-sketches-and-drawings\Sketches\aliens\equinoxious.html","True","D:\github\ron-english-sketches-and-drawings\Sketches\aliens\equinoxious.html.bak-centering-20260507-142124","Updated"
"equinoxious-2.html","Sketches\aliens\equinoxious-2.html","D:\github\ron-english-sketches-and-drawings\Sketches\aliens\equinoxious-2.html","True","D:\github\ron-english-sketches-and-drawings\Sketches\aliens\equinoxious-2.html.bak-centering-20260507-142124","Updated"
"e-t-banditti.html","Sketches\aliens\e-t-banditti.html","D:\github\ron-english-sketches-and-drawings\Sketches\aliens\e-t-banditti.html","True","D:\github\ron-english-sketches-and-drawings\Sketches\aliens\e-t-banditti.html.bak-centering-20260507-142124","Updated"
"eternal-bernal.html","Sketches\aliens\eternal-bernal.html","D:\github\ron-english-sketches-and-drawings\Sketches\aliens\eternal-bernal.html","True","D:\github\ron-english-sketches-and-drawings\Sketches\aliens\eternal-bernal.html.bak-centering-20260507-142124","Updated"
"etymogual-benedictus.html","Sketches\aliens\etymogual-benedictus.html","D:\github\ron-english-sketches-and-drawings\Sketches\aliens\etymogual-benedictus.html","True","D:\github\ron-english-sketches-and-drawings\Sketches\aliens\etymogual-benedictus.html.bak-centering-20260507-142124","Updated"
"eve-alien.html","Sketches\aliens\eve-alien.html","D:\github\ron-english-sketches-and-drawings\Sketches\aliens\eve-alien.html","True","D:\github\ron-english-sketches-and-drawings\Sketches\aliens\eve-alien.html.bak-centering-20260507-142124","Updated"
"extratron-gallexyz.html","Sketches\aliens\extratron-gallexyz.html","D:\github\ron-english-sketches-and-drawings\Sketches\aliens\extratron-gallexyz.html","True","D:\github\ron-english-sketches-and-drawings\Sketches\aliens\extratron-gallexyz.html.bak-centering-20260507-142124","Updated"
"eyesove-tismas.html","Sketches\aliens\eyesove-tismas.html","D:\github\ron-english-sketches-and-drawings\Sketches\aliens\eyesove-tismas.html","True","D:\github\ron-english-sketches-and-drawings\Sketches\aliens\eyesove-tismas.html.bak-centering-20260507-142124","Updated"
"eye-speak-alien.html","Sketches\aliens\eye-speak-alien.html","D:\github\ron-english-sketches-and-drawings\Sketches\aliens\eye-speak-alien.html","True","D:\github\ron-english-sketches-and-drawings\Sketches\aliens\eye-speak-alien.html.bak-centering-20260507-142124","Updated"
"fabian-alien.html","Sketches\aliens\fabian-alien.html","D:\github\ron-english-sketches-and-drawings\Sketches\aliens\fabian-alien.html","True","D:\github\ron-english-sketches-and-drawings\Sketches\aliens\fabian-alien.html.bak-centering-20260507-142124","Updated"
"feline-nine-alien.html","Sketches\aliens\feline-nine-alien.html","D:\github\ron-english-sketches-and-drawings\Sketches\aliens\feline-nine-alien.html","True","D:\github\ron-english-sketches-and-drawings\Sketches\aliens\feline-nine-alien.html.bak-centering-20260507-142124","Updated"
"fetal-deceit-phil.html","Sketches\aliens\fetal-deceit-phil.html","D:\github\ron-english-sketches-and-drawings\Sketches\aliens\fetal-deceit-phil.html","True","D:\github\ron-english-sketches-and-drawings\Sketches\aliens\fetal-deceit-phil.html.bak-centering-20260507-142124","Updated"
"fetal-fraxulus.html","Sketches\aliens\fetal-fraxulus.html","D:\github\ron-english-sketches-and-drawings\Sketches\aliens\fetal-fraxulus.html","True","D:\github\ron-english-sketches-and-drawings\Sketches\aliens\fetal-fraxulus.html.bak-centering-20260507-142124","Updated"
"fishbowl-ufo.html","Sketches\aliens\fishbowl-ufo.html","D:\github\ron-english-sketches-and-drawings\Sketches\aliens\fishbowl-ufo.html","True","D:\github\ron-english-sketches-and-drawings\Sketches\aliens\fishbowl-ufo.html.bak-centering-20260507-142124","Updated"
"fish-bulb-alien.html","Sketches\aliens\fish-bulb-alien.html","D:\github\ron-english-sketches-and-drawings\Sketches\aliens\fish-bulb-alien.html","True","D:\github\ron-english-sketches-and-drawings\Sketches\aliens\fish-bulb-alien.html.bak-centering-20260507-142124","Updated"
"flavorpee-zronback.html","Sketches\aliens\flavorpee-zronback.html","D:\github\ron-english-sketches-and-drawings\Sketches\aliens\flavorpee-zronback.html","True","D:\github\ron-english-sketches-and-drawings\Sketches\aliens\flavorpee-zronback.html.bak-centering-20260507-142124","Updated"
"fleshire-gwyn.html","Sketches\aliens\fleshire-gwyn.html","D:\github\ron-english-sketches-and-drawings\Sketches\aliens\fleshire-gwyn.html","True","D:\github\ron-english-sketches-and-drawings\Sketches\aliens\fleshire-gwyn.html.bak-centering-20260507-142124","Updated"
"flexulus.html","Sketches\aliens\flexulus.html","D:\github\ron-english-sketches-and-drawings\Sketches\aliens\flexulus.html","True","D:\github\ron-english-sketches-and-drawings\Sketches\aliens\flexulus.html.bak-centering-20260507-142124","Updated"
"flushal-recokon.html","Sketches\aliens\flushal-recokon.html","D:\github\ron-english-sketches-and-drawings\Sketches\aliens\flushal-recokon.html","True","D:\github\ron-english-sketches-and-drawings\Sketches\aliens\flushal-recokon.html.bak-centering-20260507-142124","Updated"
"forgon-intruder.html","Sketches\aliens\forgon-intruder.html","D:\github\ron-english-sketches-and-drawings\Sketches\aliens\forgon-intruder.html","True","D:\github\ron-english-sketches-and-drawings\Sketches\aliens\forgon-intruder.html.bak-centering-20260507-142124","Updated"
"frazier-razor.html","Sketches\aliens\frazier-razor.html","D:\github\ron-english-sketches-and-drawings\Sketches\aliens\frazier-razor.html","True","D:\github\ron-english-sketches-and-drawings\Sketches\aliens\frazier-razor.html.bak-centering-20260507-142124","Updated"
"freakachu-alien.html","Sketches\aliens\freakachu-alien.html","D:\github\ron-english-sketches-and-drawings\Sketches\aliens\freakachu-alien.html","True","D:\github\ron-english-sketches-and-drawings\Sketches\aliens\freakachu-alien.html.bak-centering-20260507-142124","Updated"
"fuelatron-jellybone.html","Sketches\aliens\fuelatron-jellybone.html","D:\github\ron-english-sketches-and-drawings\Sketches\aliens\fuelatron-jellybone.html","True","D:\github\ron-english-sketches-and-drawings\Sketches\aliens\fuelatron-jellybone.html.bak-centering-20260507-142124","Updated"
"galacter-equanimous.html","Sketches\aliens\galacter-equanimous.html","D:\github\ron-english-sketches-and-drawings\Sketches\aliens\galacter-equanimous.html","True","D:\github\ron-english-sketches-and-drawings\Sketches\aliens\galacter-equanimous.html.bak-centering-20260507-142124","Updated"
"galactic-gamine.html","Sketches\aliens\galactic-gamine.html","D:\github\ron-english-sketches-and-drawings\Sketches\aliens\galactic-gamine.html","True","D:\github\ron-english-sketches-and-drawings\Sketches\aliens\galactic-gamine.html.bak-centering-20260507-142124","Updated"
"galaxel.html","Sketches\aliens\galaxel.html","D:\github\ron-english-sketches-and-drawings\Sketches\aliens\galaxel.html","True","D:\github\ron-english-sketches-and-drawings\Sketches\aliens\galaxel.html.bak-centering-20260507-142124","Updated"
"gangrenous-blast.html","Sketches\aliens\gangrenous-blast.html","D:\github\ron-english-sketches-and-drawings\Sketches\aliens\gangrenous-blast.html","True","D:\github\ron-english-sketches-and-drawings\Sketches\aliens\gangrenous-blast.html.bak-centering-20260507-142124","Updated"
"garth-raider-alien.html","Sketches\aliens\garth-raider-alien.html","D:\github\ron-english-sketches-and-drawings\Sketches\aliens\garth-raider-alien.html","True","D:\github\ron-english-sketches-and-drawings\Sketches\aliens\garth-raider-alien.html.bak-centering-20260507-142124","Updated"
"general-genitals-alien.html","Sketches\aliens\general-genitals-alien.html","D:\github\ron-english-sketches-and-drawings\Sketches\aliens\general-genitals-alien.html","True","D:\github\ron-english-sketches-and-drawings\Sketches\aliens\general-genitals-alien.html.bak-centering-20260507-142124","Updated"
"genhumas-transretnal.html","Sketches\aliens\genhumas-transretnal.html","D:\github\ron-english-sketches-and-drawings\Sketches\aliens\genhumas-transretnal.html","True","D:\github\ron-english-sketches-and-drawings\Sketches\aliens\genhumas-transretnal.html.bak-centering-20260507-142124","Updated"
"genus-dexus.html","Sketches\aliens\genus-dexus.html","D:\github\ron-english-sketches-and-drawings\Sketches\aliens\genus-dexus.html","True","D:\github\ron-english-sketches-and-drawings\Sketches\aliens\genus-dexus.html.bak-centering-20260507-142124","Updated"
"glove-alien.html","Sketches\aliens\glove-alien.html","D:\github\ron-english-sketches-and-drawings\Sketches\aliens\glove-alien.html","True","D:\github\ron-english-sketches-and-drawings\Sketches\aliens\glove-alien.html.bak-centering-20260507-142124","Updated"
"goldie-aquanaut.html","Sketches\aliens\goldie-aquanaut.html","D:\github\ron-english-sketches-and-drawings\Sketches\aliens\goldie-aquanaut.html","True","D:\github\ron-english-sketches-and-drawings\Sketches\aliens\goldie-aquanaut.html.bak-centering-20260507-142124","Updated"
"gralien.html","Sketches\aliens\gralien.html","D:\github\ron-english-sketches-and-drawings\Sketches\aliens\gralien.html","True","D:\github\ron-english-sketches-and-drawings\Sketches\aliens\gralien.html.bak-centering-20260507-142124","Updated"
"grey-combatter.html","Sketches\aliens\grey-combatter.html","D:\github\ron-english-sketches-and-drawings\Sketches\aliens\grey-combatter.html","True","D:\github\ron-english-sketches-and-drawings\Sketches\aliens\grey-combatter.html.bak-centering-20260507-142124","Updated"
"grey-omomyid.html","Sketches\aliens\grey-omomyid.html","D:\github\ron-english-sketches-and-drawings\Sketches\aliens\grey-omomyid.html","True","D:\github\ron-english-sketches-and-drawings\Sketches\aliens\grey-omomyid.html.bak-centering-20260507-142124","Updated"
"grift-drifter.html","Sketches\aliens\grift-drifter.html","D:\github\ron-english-sketches-and-drawings\Sketches\aliens\grift-drifter.html","True","D:\github\ron-english-sketches-and-drawings\Sketches\aliens\grift-drifter.html.bak-centering-20260507-142124","Updated"
"grimical-credance.html","Sketches\aliens\grimical-credance.html","D:\github\ron-english-sketches-and-drawings\Sketches\aliens\grimical-credance.html","True","D:\github\ron-english-sketches-and-drawings\Sketches\aliens\grimical-credance.html.bak-centering-20260507-142124","Updated"
"grinnie-martian.html","Sketches\aliens\grinnie-martian.html","D:\github\ron-english-sketches-and-drawings\Sketches\aliens\grinnie-martian.html","True","D:\github\ron-english-sketches-and-drawings\Sketches\aliens\grinnie-martian.html.bak-centering-20260507-142124","Updated"
"grumps-alien.html","Sketches\aliens\grumps-alien.html","D:\github\ron-english-sketches-and-drawings\Sketches\aliens\grumps-alien.html","True","D:\github\ron-english-sketches-and-drawings\Sketches\aliens\grumps-alien.html.bak-centering-20260507-142124","Updated"
"happree-zelonaut.html","Sketches\aliens\happree-zelonaut.html","D:\github\ron-english-sketches-and-drawings\Sketches\aliens\happree-zelonaut.html","True","D:\github\ron-english-sketches-and-drawings\Sketches\aliens\happree-zelonaut.html.bak-centering-20260507-142124","Updated"
"heinel-schnapp.html","Sketches\aliens\heinel-schnapp.html","D:\github\ron-english-sketches-and-drawings\Sketches\aliens\heinel-schnapp.html","True","D:\github\ron-english-sketches-and-drawings\Sketches\aliens\heinel-schnapp.html.bak-centering-20260507-142124","Updated"
"hobgoblien.html","Sketches\aliens\hobgoblien.html","D:\github\ron-english-sketches-and-drawings\Sketches\aliens\hobgoblien.html","True","D:\github\ron-english-sketches-and-drawings\Sketches\aliens\hobgoblien.html.bak-centering-20260507-142124","Updated"
"incontinent-alien.html","Sketches\aliens\incontinent-alien.html","D:\github\ron-english-sketches-and-drawings\Sketches\aliens\incontinent-alien.html","True","D:\github\ron-english-sketches-and-drawings\Sketches\aliens\incontinent-alien.html.bak-centering-20260507-142124","Updated"
"index.html","Sketches\aliens\index.html","D:\github\ron-english-sketches-and-drawings\Sketches\aliens\index.html","True","D:\github\ron-english-sketches-and-drawings\Sketches\aliens\index.html.bak-centering-20260507-142124","Updated"
"infinitisis.html","Sketches\aliens\infinitisis.html","D:\github\ron-english-sketches-and-drawings\Sketches\aliens\infinitisis.html","True","D:\github\ron-english-sketches-and-drawings\Sketches\aliens\infinitisis.html.bak-centering-20260507-142124","Updated"
"inner-sane.html","Sketches\aliens\inner-sane.html","D:\github\ron-english-sketches-and-drawings\Sketches\aliens\inner-sane.html","True","D:\github\ron-english-sketches-and-drawings\Sketches\aliens\inner-sane.html.bak-centering-20260507-142124","Updated"
"intercosmo.html","Sketches\aliens\intercosmo.html","D:\github\ron-english-sketches-and-drawings\Sketches\aliens\intercosmo.html","True","D:\github\ron-english-sketches-and-drawings\Sketches\aliens\intercosmo.html.bak-centering-20260507-142124","Updated"
"internal-planted.html","Sketches\aliens\internal-planted.html","D:\github\ron-english-sketches-and-drawings\Sketches\aliens\internal-planted.html","True","D:\github\ron-english-sketches-and-drawings\Sketches\aliens\internal-planted.html.bak-centering-20260507-142124","Updated"
"inveterate-vertibralien.html","Sketches\aliens\inveterate-vertibralien.html","D:\github\ron-english-sketches-and-drawings\Sketches\aliens\inveterate-vertibralien.html","True","D:\github\ron-english-sketches-and-drawings\Sketches\aliens\inveterate-vertibralien.html.bak-centering-20260507-142124","Updated"
"jake-and-flake-ape-alien.html","Sketches\aliens\jake-and-flake-ape-alien.html","D:\github\ron-english-sketches-and-drawings\Sketches\aliens\jake-and-flake-ape-alien.html","True","D:\github\ron-english-sketches-and-drawings\Sketches\aliens\jake-and-flake-ape-alien.html.bak-centering-20260507-142124","Updated"
"jibber-jahman.html","Sketches\aliens\jibber-jahman.html","D:\github\ron-english-sketches-and-drawings\Sketches\aliens\jibber-jahman.html","True","D:\github\ron-english-sketches-and-drawings\Sketches\aliens\jibber-jahman.html.bak-centering-20260507-142124","Updated"
"kidmark-que.html","Sketches\aliens\kidmark-que.html","D:\github\ron-english-sketches-and-drawings\Sketches\aliens\kidmark-que.html","True","D:\github\ron-english-sketches-and-drawings\Sketches\aliens\kidmark-que.html.bak-centering-20260507-142124","Updated"
"lavishless-fabuness.html","Sketches\aliens\lavishless-fabuness.html","D:\github\ron-english-sketches-and-drawings\Sketches\aliens\lavishless-fabuness.html","True","D:\github\ron-english-sketches-and-drawings\Sketches\aliens\lavishless-fabuness.html.bak-centering-20260507-142124","Updated"
"lavishless-fauness.html","Sketches\aliens\lavishless-fauness.html","D:\github\ron-english-sketches-and-drawings\Sketches\aliens\lavishless-fauness.html","True","D:\github\ron-english-sketches-and-drawings\Sketches\aliens\lavishless-fauness.html.bak-centering-20260507-142124","Updated"
"leisurabilly-indeafatigable.html","Sketches\aliens\leisurabilly-indeafatigable.html","D:\github\ron-english-sketches-and-drawings\Sketches\aliens\leisurabilly-indeafatigable.html","True","D:\github\ron-english-sketches-and-drawings\Sketches\aliens\leisurabilly-indeafatigable.html.bak-centering-20260507-142124","Updated"
"liberty-import.html","Sketches\aliens\liberty-import.html","D:\github\ron-english-sketches-and-drawings\Sketches\aliens\liberty-import.html","True","D:\github\ron-english-sketches-and-drawings\Sketches\aliens\liberty-import.html.bak-centering-20260507-142124","Updated"
"light-cult-cryptonaut.html","Sketches\aliens\light-cult-cryptonaut.html","D:\github\ron-english-sketches-and-drawings\Sketches\aliens\light-cult-cryptonaut.html","True","D:\github\ron-english-sketches-and-drawings\Sketches\aliens\light-cult-cryptonaut.html.bak-centering-20260507-142124","Updated"
"lightning-hawk.html","Sketches\aliens\lightning-hawk.html","D:\github\ron-english-sketches-and-drawings\Sketches\aliens\lightning-hawk.html","True","D:\github\ron-english-sketches-and-drawings\Sketches\aliens\lightning-hawk.html.bak-centering-20260507-142124","Updated"
"lillithone-saviour.html","Sketches\aliens\lillithone-saviour.html","D:\github\ron-english-sketches-and-drawings\Sketches\aliens\lillithone-saviour.html","True","D:\github\ron-english-sketches-and-drawings\Sketches\aliens\lillithone-saviour.html.bak-centering-20260507-142124","Updated"
"lugubrian.html","Sketches\aliens\lugubrian.html","D:\github\ron-english-sketches-and-drawings\Sketches\aliens\lugubrian.html","True","D:\github\ron-english-sketches-and-drawings\Sketches\aliens\lugubrian.html.bak-centering-20260507-142124","Updated"
"lugushire.html","Sketches\aliens\lugushire.html","D:\github\ron-english-sketches-and-drawings\Sketches\aliens\lugushire.html","True","D:\github\ron-english-sketches-and-drawings\Sketches\aliens\lugushire.html.bak-centering-20260507-142124","Updated"
"lunashtick.html","Sketches\aliens\lunashtick.html","D:\github\ron-english-sketches-and-drawings\Sketches\aliens\lunashtick.html","True","D:\github\ron-english-sketches-and-drawings\Sketches\aliens\lunashtick.html.bak-centering-20260507-142124","Updated"
"marilyn-bordeaux-alien.html","Sketches\aliens\marilyn-bordeaux-alien.html","D:\github\ron-english-sketches-and-drawings\Sketches\aliens\marilyn-bordeaux-alien.html","True","D:\github\ron-english-sketches-and-drawings\Sketches\aliens\marilyn-bordeaux-alien.html.bak-centering-20260507-142124","Updated"
"maximum-myopia.html","Sketches\aliens\maximum-myopia.html","D:\github\ron-english-sketches-and-drawings\Sketches\aliens\maximum-myopia.html","True","D:\github\ron-english-sketches-and-drawings\Sketches\aliens\maximum-myopia.html.bak-centering-20260507-142124","Updated"
"medulla-gullah.html","Sketches\aliens\medulla-gullah.html","D:\github\ron-english-sketches-and-drawings\Sketches\aliens\medulla-gullah.html","True","D:\github\ron-english-sketches-and-drawings\Sketches\aliens\medulla-gullah.html.bak-centering-20260507-142124","Updated"
"megagalactron.html","Sketches\aliens\megagalactron.html","D:\github\ron-english-sketches-and-drawings\Sketches\aliens\megagalactron.html","True","D:\github\ron-english-sketches-and-drawings\Sketches\aliens\megagalactron.html.bak-centering-20260507-142124","Updated"
"mira-mecia.html","Sketches\aliens\mira-mecia.html","D:\github\ron-english-sketches-and-drawings\Sketches\aliens\mira-mecia.html","True","D:\github\ron-english-sketches-and-drawings\Sketches\aliens\mira-mecia.html.bak-centering-20260507-142124","Updated"
"mirreckless-mucilaginor.html","Sketches\aliens\mirreckless-mucilaginor.html","D:\github\ron-english-sketches-and-drawings\Sketches\aliens\mirreckless-mucilaginor.html","True","D:\github\ron-english-sketches-and-drawings\Sketches\aliens\mirreckless-mucilaginor.html.bak-centering-20260507-142124","Updated"
"moe-clown-alien.html","Sketches\aliens\moe-clown-alien.html","D:\github\ron-english-sketches-and-drawings\Sketches\aliens\moe-clown-alien.html","True","D:\github\ron-english-sketches-and-drawings\Sketches\aliens\moe-clown-alien.html.bak-centering-20260507-142124","Updated"
"ms-terious-celeillated.html","Sketches\aliens\ms-terious-celeillated.html","D:\github\ron-english-sketches-and-drawings\Sketches\aliens\ms-terious-celeillated.html","True","D:\github\ron-english-sketches-and-drawings\Sketches\aliens\ms-terious-celeillated.html.bak-centering-20260507-142124","Updated"
"myntra-venus.html","Sketches\aliens\myntra-venus.html","D:\github\ron-english-sketches-and-drawings\Sketches\aliens\myntra-venus.html","True","D:\github\ron-english-sketches-and-drawings\Sketches\aliens\myntra-venus.html.bak-centering-20260507-142124","Updated"
"mystical-visitor.html","Sketches\aliens\mystical-visitor.html","D:\github\ron-english-sketches-and-drawings\Sketches\aliens\mystical-visitor.html","True","D:\github\ron-english-sketches-and-drawings\Sketches\aliens\mystical-visitor.html.bak-centering-20260507-142124","Updated"
"mythical-sith-mouse.html","Sketches\aliens\mythical-sith-mouse.html","D:\github\ron-english-sketches-and-drawings\Sketches\aliens\mythical-sith-mouse.html","True","D:\github\ron-english-sketches-and-drawings\Sketches\aliens\mythical-sith-mouse.html.bak-centering-20260507-142124","Updated"
"nastronaut-snubbin.html","Sketches\aliens\nastronaut-snubbin.html","D:\github\ron-english-sketches-and-drawings\Sketches\aliens\nastronaut-snubbin.html","True","D:\github\ron-english-sketches-and-drawings\Sketches\aliens\nastronaut-snubbin.html.bak-centering-20260507-142124","Updated"
"neandastral.html","Sketches\aliens\neandastral.html","D:\github\ron-english-sketches-and-drawings\Sketches\aliens\neandastral.html","True","D:\github\ron-english-sketches-and-drawings\Sketches\aliens\neandastral.html.bak-centering-20260507-142124","Updated"
"nebulator.html","Sketches\aliens\nebulator.html","D:\github\ron-english-sketches-and-drawings\Sketches\aliens\nebulator.html","True","D:\github\ron-english-sketches-and-drawings\Sketches\aliens\nebulator.html.bak-centering-20260507-142124","Updated"
"obese-alien.html","Sketches\aliens\obese-alien.html","D:\github\ron-english-sketches-and-drawings\Sketches\aliens\obese-alien.html","True","D:\github\ron-english-sketches-and-drawings\Sketches\aliens\obese-alien.html.bak-centering-20260507-142124","Updated"
"oculestria.html","Sketches\aliens\oculestria.html","D:\github\ron-english-sketches-and-drawings\Sketches\aliens\oculestria.html","True","D:\github\ron-english-sketches-and-drawings\Sketches\aliens\oculestria.html.bak-centering-20260507-142124","Updated"
"og-sinner-alien.html","Sketches\aliens\og-sinner-alien.html","D:\github\ron-english-sketches-and-drawings\Sketches\aliens\og-sinner-alien.html","True","D:\github\ron-english-sketches-and-drawings\Sketches\aliens\og-sinner-alien.html.bak-centering-20260507-142124","Updated"
"oogie-boogie.html","Sketches\aliens\oogie-boogie.html","D:\github\ron-english-sketches-and-drawings\Sketches\aliens\oogie-boogie.html","True","D:\github\ron-english-sketches-and-drawings\Sketches\aliens\oogie-boogie.html.bak-centering-20260507-142124","Updated"
"opoid-ian.html","Sketches\aliens\opoid-ian.html","D:\github\ron-english-sketches-and-drawings\Sketches\aliens\opoid-ian.html","True","D:\github\ron-english-sketches-and-drawings\Sketches\aliens\opoid-ian.html.bak-centering-20260507-142124","Updated"
"orgie-porgie-alien.html","Sketches\aliens\orgie-porgie-alien.html","D:\github\ron-english-sketches-and-drawings\Sketches\aliens\orgie-porgie-alien.html","True","D:\github\ron-english-sketches-and-drawings\Sketches\aliens\orgie-porgie-alien.html.bak-centering-20260507-142124","Updated"
"orion-pod-slime.html","Sketches\aliens\orion-pod-slime.html","D:\github\ron-english-sketches-and-drawings\Sketches\aliens\orion-pod-slime.html","True","D:\github\ron-english-sketches-and-drawings\Sketches\aliens\orion-pod-slime.html.bak-centering-20260507-142124","Updated"
"orion-the-obese-alien.html","Sketches\aliens\orion-the-obese-alien.html","D:\github\ron-english-sketches-and-drawings\Sketches\aliens\orion-the-obese-alien.html","True","D:\github\ron-english-sketches-and-drawings\Sketches\aliens\orion-the-obese-alien.html.bak-centering-20260507-142124","Updated"
"otherworld-overlord.html","Sketches\aliens\otherworld-overlord.html","D:\github\ron-english-sketches-and-drawings\Sketches\aliens\otherworld-overlord.html","True","D:\github\ron-english-sketches-and-drawings\Sketches\aliens\otherworld-overlord.html.bak-centering-20260507-142124","Updated"
"palliduness-flatulence.html","Sketches\aliens\palliduness-flatulence.html","D:\github\ron-english-sketches-and-drawings\Sketches\aliens\palliduness-flatulence.html","True","D:\github\ron-english-sketches-and-drawings\Sketches\aliens\palliduness-flatulence.html.bak-centering-20260507-142124","Updated"
"patchy-podium.html","Sketches\aliens\patchy-podium.html","D:\github\ron-english-sketches-and-drawings\Sketches\aliens\patchy-podium.html","True","D:\github\ron-english-sketches-and-drawings\Sketches\aliens\patchy-podium.html.bak-centering-20260507-142124","Updated"
"perp-petual.html","Sketches\aliens\perp-petual.html","D:\github\ron-english-sketches-and-drawings\Sketches\aliens\perp-petual.html","True","D:\github\ron-english-sketches-and-drawings\Sketches\aliens\perp-petual.html.bak-centering-20260507-142124","Updated"
"phoebus-fetus-alien.html","Sketches\aliens\phoebus-fetus-alien.html","D:\github\ron-english-sketches-and-drawings\Sketches\aliens\phoebus-fetus-alien.html","True","D:\github\ron-english-sketches-and-drawings\Sketches\aliens\phoebus-fetus-alien.html.bak-centering-20260507-142124","Updated"
"phone-home-alien.html","Sketches\aliens\phone-home-alien.html","D:\github\ron-english-sketches-and-drawings\Sketches\aliens\phone-home-alien.html","True","D:\github\ron-english-sketches-and-drawings\Sketches\aliens\phone-home-alien.html.bak-centering-20260507-142124","Updated"
"pluton-ian.html","Sketches\aliens\pluton-ian.html","D:\github\ron-english-sketches-and-drawings\Sketches\aliens\pluton-ian.html","True","D:\github\ron-english-sketches-and-drawings\Sketches\aliens\pluton-ian.html.bak-centering-20260507-142124","Updated"
"popeye-alien.html","Sketches\aliens\popeye-alien.html","D:\github\ron-english-sketches-and-drawings\Sketches\aliens\popeye-alien.html","True","D:\github\ron-english-sketches-and-drawings\Sketches\aliens\popeye-alien.html.bak-centering-20260507-142124","Updated"
"poultry-rex-and-eggshell-ship.html","Sketches\aliens\poultry-rex-and-eggshell-ship.html","D:\github\ron-english-sketches-and-drawings\Sketches\aliens\poultry-rex-and-eggshell-ship.html","True","D:\github\ron-english-sketches-and-drawings\Sketches\aliens\poultry-rex-and-eggshell-ship.html.bak-centering-20260507-142124","Updated"
"prechinca-peach.html","Sketches\aliens\prechinca-peach.html","D:\github\ron-english-sketches-and-drawings\Sketches\aliens\prechinca-peach.html","True","D:\github\ron-english-sketches-and-drawings\Sketches\aliens\prechinca-peach.html.bak-centering-20260507-142124","Updated"
"proteus-lowlander.html","Sketches\aliens\proteus-lowlander.html","D:\github\ron-english-sketches-and-drawings\Sketches\aliens\proteus-lowlander.html","True","D:\github\ron-english-sketches-and-drawings\Sketches\aliens\proteus-lowlander.html.bak-centering-20260507-142124","Updated"
"psalty-turin-shout.html","Sketches\aliens\psalty-turin-shout.html","D:\github\ron-english-sketches-and-drawings\Sketches\aliens\psalty-turin-shout.html","True","D:\github\ron-english-sketches-and-drawings\Sketches\aliens\psalty-turin-shout.html.bak-centering-20260507-142124","Updated"
"pudge-alien.html","Sketches\aliens\pudge-alien.html","D:\github\ron-english-sketches-and-drawings\Sketches\aliens\pudge-alien.html","True","D:\github\ron-english-sketches-and-drawings\Sketches\aliens\pudge-alien.html.bak-centering-20260507-142124","Updated"
"qarkadee.html","Sketches\aliens\qarkadee.html","D:\github\ron-english-sketches-and-drawings\Sketches\aliens\qarkadee.html","True","D:\github\ron-english-sketches-and-drawings\Sketches\aliens\qarkadee.html.bak-centering-20260507-142124","Updated"
"quarterback-squeak.html","Sketches\aliens\quarterback-squeak.html","D:\github\ron-english-sketches-and-drawings\Sketches\aliens\quarterback-squeak.html","True","D:\github\ron-english-sketches-and-drawings\Sketches\aliens\quarterback-squeak.html.bak-centering-20260507-142124","Updated"
"quasamos.html","Sketches\aliens\quasamos.html","D:\github\ron-english-sketches-and-drawings\Sketches\aliens\quasamos.html","True","D:\github\ron-english-sketches-and-drawings\Sketches\aliens\quasamos.html.bak-centering-20260507-142124","Updated"
"ratrental-adreheum.html","Sketches\aliens\ratrental-adreheum.html","D:\github\ron-english-sketches-and-drawings\Sketches\aliens\ratrental-adreheum.html","True","D:\github\ron-english-sketches-and-drawings\Sketches\aliens\ratrental-adreheum.html.bak-centering-20260507-142124","Updated"
"ravelbless-calluconcious.html","Sketches\aliens\ravelbless-calluconcious.html","D:\github\ron-english-sketches-and-drawings\Sketches\aliens\ravelbless-calluconcious.html","True","D:\github\ron-english-sketches-and-drawings\Sketches\aliens\ravelbless-calluconcious.html.bak-centering-20260507-142124","Updated"
"remora-rabbbit.html","Sketches\aliens\remora-rabbbit.html","D:\github\ron-english-sketches-and-drawings\Sketches\aliens\remora-rabbbit.html","True","D:\github\ron-english-sketches-and-drawings\Sketches\aliens\remora-rabbbit.html.bak-centering-20260507-142124","Updated"
"reptilian-rhapsody.html","Sketches\aliens\reptilian-rhapsody.html","D:\github\ron-english-sketches-and-drawings\Sketches\aliens\reptilian-rhapsody.html","True","D:\github\ron-english-sketches-and-drawings\Sketches\aliens\reptilian-rhapsody.html.bak-centering-20260507-142124","Updated"
"reptoculi.html","Sketches\aliens\reptoculi.html","D:\github\ron-english-sketches-and-drawings\Sketches\aliens\reptoculi.html","True","D:\github\ron-english-sketches-and-drawings\Sketches\aliens\reptoculi.html.bak-centering-20260507-142124","Updated"
"revel-rioter.html","Sketches\aliens\revel-rioter.html","D:\github\ron-english-sketches-and-drawings\Sketches\aliens\revel-rioter.html","True","D:\github\ron-english-sketches-and-drawings\Sketches\aliens\revel-rioter.html.bak-centering-20260507-142124","Updated"
"rocket-alien.html","Sketches\aliens\rocket-alien.html","D:\github\ron-english-sketches-and-drawings\Sketches\aliens\rocket-alien.html","True","D:\github\ron-english-sketches-and-drawings\Sketches\aliens\rocket-alien.html.bak-centering-20260507-142124","Updated"
"sally-yanger.html","Sketches\aliens\sally-yanger.html","D:\github\ron-english-sketches-and-drawings\Sketches\aliens\sally-yanger.html","True","D:\github\ron-english-sketches-and-drawings\Sketches\aliens\sally-yanger.html.bak-centering-20260507-142124","Updated"
"samboner-infaspace.html","Sketches\aliens\samboner-infaspace.html","D:\github\ron-english-sketches-and-drawings\Sketches\aliens\samboner-infaspace.html","True","D:\github\ron-english-sketches-and-drawings\Sketches\aliens\samboner-infaspace.html.bak-centering-20260507-142124","Updated"
"sandmo-abstance.html","Sketches\aliens\sandmo-abstance.html","D:\github\ron-english-sketches-and-drawings\Sketches\aliens\sandmo-abstance.html","True","D:\github\ron-english-sketches-and-drawings\Sketches\aliens\sandmo-abstance.html.bak-centering-20260507-142124","Updated"
"satur-nine.html","Sketches\aliens\satur-nine.html","D:\github\ron-english-sketches-and-drawings\Sketches\aliens\satur-nine.html","True","D:\github\ron-english-sketches-and-drawings\Sketches\aliens\satur-nine.html.bak-centering-20260507-142124","Updated"
"saturnine-samwich.html","Sketches\aliens\saturnine-samwich.html","D:\github\ron-english-sketches-and-drawings\Sketches\aliens\saturnine-samwich.html","True","D:\github\ron-english-sketches-and-drawings\Sketches\aliens\saturnine-samwich.html.bak-centering-20260507-142124","Updated"
"saturn-sam.html","Sketches\aliens\saturn-sam.html","D:\github\ron-english-sketches-and-drawings\Sketches\aliens\saturn-sam.html","True","D:\github\ron-english-sketches-and-drawings\Sketches\aliens\saturn-sam.html.bak-centering-20260507-142124","Updated"
"schedufool-unit-42.html","Sketches\aliens\schedufool-unit-42.html","D:\github\ron-english-sketches-and-drawings\Sketches\aliens\schedufool-unit-42.html","True","D:\github\ron-english-sketches-and-drawings\Sketches\aliens\schedufool-unit-42.html.bak-centering-20260507-142124","Updated"
"schlubber.html","Sketches\aliens\schlubber.html","D:\github\ron-english-sketches-and-drawings\Sketches\aliens\schlubber.html","True","D:\github\ron-english-sketches-and-drawings\Sketches\aliens\schlubber.html.bak-centering-20260507-142124","Updated"
"scotty-illuminati.html","Sketches\aliens\scotty-illuminati.html","D:\github\ron-english-sketches-and-drawings\Sketches\aliens\scotty-illuminati.html","True","D:\github\ron-english-sketches-and-drawings\Sketches\aliens\scotty-illuminati.html.bak-centering-20260507-142124","Updated"
"scrabismus-estropian.html","Sketches\aliens\scrabismus-estropian.html","D:\github\ron-english-sketches-and-drawings\Sketches\aliens\scrabismus-estropian.html","True","D:\github\ron-english-sketches-and-drawings\Sketches\aliens\scrabismus-estropian.html.bak-centering-20260507-142124","Updated"
"senior-homecause.html","Sketches\aliens\senior-homecause.html","D:\github\ron-english-sketches-and-drawings\Sketches\aliens\senior-homecause.html","True","D:\github\ron-english-sketches-and-drawings\Sketches\aliens\senior-homecause.html.bak-centering-20260507-142124","Updated"
"sermound-canibalier.html","Sketches\aliens\sermound-canibalier.html","D:\github\ron-english-sketches-and-drawings\Sketches\aliens\sermound-canibalier.html","True","D:\github\ron-english-sketches-and-drawings\Sketches\aliens\sermound-canibalier.html.bak-centering-20260507-142124","Updated"
"sirius-circus-alien.html","Sketches\aliens\sirius-circus-alien.html","D:\github\ron-english-sketches-and-drawings\Sketches\aliens\sirius-circus-alien.html","True","D:\github\ron-english-sketches-and-drawings\Sketches\aliens\sirius-circus-alien.html.bak-centering-20260507-142124","Updated"
"siron-alien.html","Sketches\aliens\siron-alien.html","D:\github\ron-english-sketches-and-drawings\Sketches\aliens\siron-alien.html","True","D:\github\ron-english-sketches-and-drawings\Sketches\aliens\siron-alien.html.bak-centering-20260507-142124","Updated"
"sirus-alien.html","Sketches\aliens\sirus-alien.html","D:\github\ron-english-sketches-and-drawings\Sketches\aliens\sirus-alien.html","True","D:\github\ron-english-sketches-and-drawings\Sketches\aliens\sirus-alien.html.bak-centering-20260507-142124","Updated"
"skullcrow.html","Sketches\aliens\skullcrow.html","D:\github\ron-english-sketches-and-drawings\Sketches\aliens\skullcrow.html","True","D:\github\ron-english-sketches-and-drawings\Sketches\aliens\skullcrow.html.bak-centering-20260507-142124","Updated"
"space-bunnny-suit-alien.html","Sketches\aliens\space-bunnny-suit-alien.html","D:\github\ron-english-sketches-and-drawings\Sketches\aliens\space-bunnny-suit-alien.html","True","D:\github\ron-english-sketches-and-drawings\Sketches\aliens\space-bunnny-suit-alien.html.bak-centering-20260507-142124","Updated"
"spirastro.html","Sketches\aliens\spirastro.html","D:\github\ron-english-sketches-and-drawings\Sketches\aliens\spirastro.html","True","D:\github\ron-english-sketches-and-drawings\Sketches\aliens\spirastro.html.bak-centering-20260507-142124","Updated"
"squinch.html","Sketches\aliens\squinch.html","D:\github\ron-english-sketches-and-drawings\Sketches\aliens\squinch.html","True","D:\github\ron-english-sketches-and-drawings\Sketches\aliens\squinch.html.bak-centering-20260507-142124","Updated"
"starfarer-epicureans-max.html","Sketches\aliens\starfarer-epicureans-max.html","D:\github\ron-english-sketches-and-drawings\Sketches\aliens\starfarer-epicureans-max.html","True","D:\github\ron-english-sketches-and-drawings\Sketches\aliens\starfarer-epicureans-max.html.bak-centering-20260507-142124","Updated"
"star-skull-alien.html","Sketches\aliens\star-skull-alien.html","D:\github\ron-english-sketches-and-drawings\Sketches\aliens\star-skull-alien.html","True","D:\github\ron-english-sketches-and-drawings\Sketches\aliens\star-skull-alien.html.bak-centering-20260507-142124","Updated"
"starskull-rocket.html","Sketches\aliens\starskull-rocket.html","D:\github\ron-english-sketches-and-drawings\Sketches\aliens\starskull-rocket.html","True","D:\github\ron-english-sketches-and-drawings\Sketches\aliens\starskull-rocket.html.bak-centering-20260507-142124","Updated"
"star-trooper-alien.html","Sketches\aliens\star-trooper-alien.html","D:\github\ron-english-sketches-and-drawings\Sketches\aliens\star-trooper-alien.html","True","D:\github\ron-english-sketches-and-drawings\Sketches\aliens\star-trooper-alien.html.bak-centering-20260507-142124","Updated"
"storm-thunder.html","Sketches\aliens\storm-thunder.html","D:\github\ron-english-sketches-and-drawings\Sketches\aliens\storm-thunder.html","True","D:\github\ron-english-sketches-and-drawings\Sketches\aliens\storm-thunder.html.bak-centering-20260507-142124","Updated"
"stupor-trooper-alien.html","Sketches\aliens\stupor-trooper-alien.html","D:\github\ron-english-sketches-and-drawings\Sketches\aliens\stupor-trooper-alien.html","True","D:\github\ron-english-sketches-and-drawings\Sketches\aliens\stupor-trooper-alien.html.bak-centering-20260507-142124","Updated"
"svelt-lown.html","Sketches\aliens\svelt-lown.html","D:\github\ron-english-sketches-and-drawings\Sketches\aliens\svelt-lown.html","True","D:\github\ron-english-sketches-and-drawings\Sketches\aliens\svelt-lown.html.bak-centering-20260507-142124","Updated"
"tantalus-zathuman-45.html","Sketches\aliens\tantalus-zathuman-45.html","D:\github\ron-english-sketches-and-drawings\Sketches\aliens\tantalus-zathuman-45.html","True","D:\github\ron-english-sketches-and-drawings\Sketches\aliens\tantalus-zathuman-45.html.bak-centering-20260507-142124","Updated"
"teardrop-alien.html","Sketches\aliens\teardrop-alien.html","D:\github\ron-english-sketches-and-drawings\Sketches\aliens\teardrop-alien.html","True","D:\github\ron-english-sketches-and-drawings\Sketches\aliens\teardrop-alien.html.bak-centering-20260507-142124","Updated"
"thcycler-sanbow.html","Sketches\aliens\thcycler-sanbow.html","D:\github\ron-english-sketches-and-drawings\Sketches\aliens\thcycler-sanbow.html","True","D:\github\ron-english-sketches-and-drawings\Sketches\aliens\thcycler-sanbow.html.bak-centering-20260507-142124","Updated"
"titfotat.html","Sketches\aliens\titfotat.html","D:\github\ron-english-sketches-and-drawings\Sketches\aliens\titfotat.html","True","D:\github\ron-english-sketches-and-drawings\Sketches\aliens\titfotat.html.bak-centering-20260507-142124","Updated"
"toothie-ruthie.html","Sketches\aliens\toothie-ruthie.html","D:\github\ron-english-sketches-and-drawings\Sketches\aliens\toothie-ruthie.html","True","D:\github\ron-english-sketches-and-drawings\Sketches\aliens\toothie-ruthie.html.bak-centering-20260507-142124","Updated"
"trans-mogrifie.html","Sketches\aliens\trans-mogrifie.html","D:\github\ron-english-sketches-and-drawings\Sketches\aliens\trans-mogrifie.html","True","D:\github\ron-english-sketches-and-drawings\Sketches\aliens\trans-mogrifie.html.bak-centering-20260507-142124","Updated"
"transretinal-orion.html","Sketches\aliens\transretinal-orion.html","D:\github\ron-english-sketches-and-drawings\Sketches\aliens\transretinal-orion.html","True","D:\github\ron-english-sketches-and-drawings\Sketches\aliens\transretinal-orion.html.bak-centering-20260507-142124","Updated"
"trippant-traveler.html","Sketches\aliens\trippant-traveler.html","D:\github\ron-english-sketches-and-drawings\Sketches\aliens\trippant-traveler.html","True","D:\github\ron-english-sketches-and-drawings\Sketches\aliens\trippant-traveler.html.bak-centering-20260507-142124","Updated"
"trooper-mechanical-proxy.html","Sketches\aliens\trooper-mechanical-proxy.html","D:\github\ron-english-sketches-and-drawings\Sketches\aliens\trooper-mechanical-proxy.html","True","D:\github\ron-english-sketches-and-drawings\Sketches\aliens\trooper-mechanical-proxy.html.bak-centering-20260507-142124","Updated"
"tsechgo-the-terror.html","Sketches\aliens\tsechgo-the-terror.html","D:\github\ron-english-sketches-and-drawings\Sketches\aliens\tsechgo-the-terror.html","True","D:\github\ron-english-sketches-and-drawings\Sketches\aliens\tsechgo-the-terror.html.bak-centering-20260507-142124","Updated"
"udder-space-cowgirl.html","Sketches\aliens\udder-space-cowgirl.html","D:\github\ron-english-sketches-and-drawings\Sketches\aliens\udder-space-cowgirl.html","True","D:\github\ron-english-sketches-and-drawings\Sketches\aliens\udder-space-cowgirl.html.bak-centering-20260507-142124","Updated"
"venusian-uranian.html","Sketches\aliens\venusian-uranian.html","D:\github\ron-english-sketches-and-drawings\Sketches\aliens\venusian-uranian.html","True","D:\github\ron-english-sketches-and-drawings\Sketches\aliens\venusian-uranian.html.bak-centering-20260507-142124","Updated"
"virgin-alien.html","Sketches\aliens\virgin-alien.html","D:\github\ron-english-sketches-and-drawings\Sketches\aliens\virgin-alien.html","True","D:\github\ron-english-sketches-and-drawings\Sketches\aliens\virgin-alien.html.bak-centering-20260507-142124","Updated"
"vivatous-vee.html","Sketches\aliens\vivatous-vee.html","D:\github\ron-english-sketches-and-drawings\Sketches\aliens\vivatous-vee.html","True","D:\github\ron-english-sketches-and-drawings\Sketches\aliens\vivatous-vee.html.bak-centering-20260507-142124","Updated"
"vol-kant.html","Sketches\aliens\vol-kant.html","D:\github\ron-english-sketches-and-drawings\Sketches\aliens\vol-kant.html","True","D:\github\ron-english-sketches-and-drawings\Sketches\aliens\vol-kant.html.bak-centering-20260507-142125","Updated"
"voyagel-wonderer.html","Sketches\aliens\voyagel-wonderer.html","D:\github\ron-english-sketches-and-drawings\Sketches\aliens\voyagel-wonderer.html","True","D:\github\ron-english-sketches-and-drawings\Sketches\aliens\voyagel-wonderer.html.bak-centering-20260507-142125","Updated"
"vulcan-vortex.html","Sketches\aliens\vulcan-vortex.html","D:\github\ron-english-sketches-and-drawings\Sketches\aliens\vulcan-vortex.html","True","D:\github\ron-english-sketches-and-drawings\Sketches\aliens\vulcan-vortex.html.bak-centering-20260507-142125","Updated"
"wackotron-rover.html","Sketches\aliens\wackotron-rover.html","D:\github\ron-english-sketches-and-drawings\Sketches\aliens\wackotron-rover.html","True","D:\github\ron-english-sketches-and-drawings\Sketches\aliens\wackotron-rover.html.bak-centering-20260507-142125","Updated"
"walleyed-strabismus.html","Sketches\aliens\walleyed-strabismus.html","D:\github\ron-english-sketches-and-drawings\Sketches\aliens\walleyed-strabismus.html","True","D:\github\ron-english-sketches-and-drawings\Sketches\aliens\walleyed-strabismus.html.bak-centering-20260507-142125","Updated"
"way-ward.html","Sketches\aliens\way-ward.html","D:\github\ron-english-sketches-and-drawings\Sketches\aliens\way-ward.html","True","D:\github\ron-english-sketches-and-drawings\Sketches\aliens\way-ward.html.bak-centering-20260507-142125","Updated"
"whats-up-pup.html","Sketches\aliens\whats-up-pup.html","D:\github\ron-english-sketches-and-drawings\Sketches\aliens\whats-up-pup.html","True","D:\github\ron-english-sketches-and-drawings\Sketches\aliens\whats-up-pup.html.bak-centering-20260507-142125","Updated"
"wingman-miller.html","Sketches\aliens\wingman-miller.html","D:\github\ron-english-sketches-and-drawings\Sketches\aliens\wingman-miller.html","True","D:\github\ron-english-sketches-and-drawings\Sketches\aliens\wingman-miller.html.bak-centering-20260507-142125","Updated"
"xeno-dochium.html","Sketches\aliens\xeno-dochium.html","D:\github\ron-english-sketches-and-drawings\Sketches\aliens\xeno-dochium.html","True","D:\github\ron-english-sketches-and-drawings\Sketches\aliens\xeno-dochium.html.bak-centering-20260507-142125","Updated"
"yinyang-swirl.html","Sketches\aliens\yinyang-swirl.html","D:\github\ron-english-sketches-and-drawings\Sketches\aliens\yinyang-swirl.html","True","D:\github\ron-english-sketches-and-drawings\Sketches\aliens\yinyang-swirl.html.bak-centering-20260507-142125","Updated"
"you-born-alien.html","Sketches\aliens\you-born-alien.html","D:\github\ron-english-sketches-and-drawings\Sketches\aliens\you-born-alien.html","True","D:\github\ron-english-sketches-and-drawings\Sketches\aliens\you-born-alien.html.bak-centering-20260507-142125","Updated"
"zerk-zuckzerd.html","Sketches\aliens\zerk-zuckzerd.html","D:\github\ron-english-sketches-and-drawings\Sketches\aliens\zerk-zuckzerd.html","True","D:\github\ron-english-sketches-and-drawings\Sketches\aliens\zerk-zuckzerd.html.bak-centering-20260507-142125","Updated"
"zonk-temulent.html","Sketches\aliens\zonk-temulent.html","D:\github\ron-english-sketches-and-drawings\Sketches\aliens\zonk-temulent.html","True","D:\github\ron-english-sketches-and-drawings\Sketches\aliens\zonk-temulent.html.bak-centering-20260507-142125","Updated"
"zyvax-quirkbana.html","Sketches\aliens\zyvax-quirkbana.html","D:\github\ron-english-sketches-and-drawings\Sketches\aliens\zyvax-quirkbana.html","True","D:\github\ron-english-sketches-and-drawings\Sketches\aliens\zyvax-quirkbana.html.bak-centering-20260507-142125","Updated"
"ballsy-frog.html","Sketches\amphibians\frogs\ballsy-frog.html","D:\github\ron-english-sketches-and-drawings\Sketches\amphibians\frogs\ballsy-frog.html","True","D:\github\ron-english-sketches-and-drawings\Sketches\amphibians\frogs\ballsy-frog.html.bak-centering-20260507-142125","Updated"
"frogman.html","Sketches\amphibians\frogs\frogman.html","D:\github\ron-english-sketches-and-drawings\Sketches\amphibians\frogs\frogman.html","True","D:\github\ron-english-sketches-and-drawings\Sketches\amphibians\frogs\frogman.html.bak-centering-20260507-142125","Updated"
"frog-prince.html","Sketches\amphibians\frogs\frog-prince.html","D:\github\ron-english-sketches-and-drawings\Sketches\amphibians\frogs\frog-prince.html","True","D:\github\ron-english-sketches-and-drawings\Sketches\amphibians\frogs\frog-prince.html.bak-centering-20260507-142125","Updated"
"frog-princess.html","Sketches\amphibians\frogs\frog-princess.html","D:\github\ron-english-sketches-and-drawings\Sketches\amphibians\frogs\frog-princess.html","True","D:\github\ron-english-sketches-and-drawings\Sketches\amphibians\frogs\frog-princess.html.bak-centering-20260507-142125","Updated"
"frog-queen.html","Sketches\amphibians\frogs\frog-queen.html","D:\github\ron-english-sketches-and-drawings\Sketches\amphibians\frogs\frog-queen.html","True","D:\github\ron-english-sketches-and-drawings\Sketches\amphibians\frogs\frog-queen.html.bak-centering-20260507-142125","Updated"
"index.html","Sketches\amphibians\frogs\index.html","D:\github\ron-english-sketches-and-drawings\Sketches\amphibians\frogs\index.html","True","D:\github\ron-english-sketches-and-drawings\Sketches\amphibians\frogs\index.html.bak-centering-20260507-142125","Updated"
"mick-monster.html","Sketches\amphibians\frogs\mick-monster.html","D:\github\ron-english-sketches-and-drawings\Sketches\amphibians\frogs\mick-monster.html","True","D:\github\ron-english-sketches-and-drawings\Sketches\amphibians\frogs\mick-monster.html.bak-centering-20260507-142125","Updated"
"obese-alien-bullfrog.html","Sketches\amphibians\frogs\obese-alien-bullfrog.html","D:\github\ron-english-sketches-and-drawings\Sketches\amphibians\frogs\obese-alien-bullfrog.html","True","D:\github\ron-english-sketches-and-drawings\Sketches\amphibians\frogs\obese-alien-bullfrog.html.bak-centering-20260507-142125","Updated"
"sea-mobster.html","Sketches\amphibians\frogs\sea-mobster.html","D:\github\ron-english-sketches-and-drawings\Sketches\amphibians\frogs\sea-mobster.html","True","D:\github\ron-english-sketches-and-drawings\Sketches\amphibians\frogs\sea-mobster.html.bak-centering-20260507-142125","Updated"
"toadstool.html","Sketches\amphibians\frogs\toadstool.html","D:\github\ron-english-sketches-and-drawings\Sketches\amphibians\frogs\toadstool.html","True","D:\github\ron-english-sketches-and-drawings\Sketches\amphibians\frogs\toadstool.html.bak-centering-20260507-142125","Updated"
"index.html","Sketches\amphibians\index.html","D:\github\ron-english-sketches-and-drawings\Sketches\amphibians\index.html","True","D:\github\ron-english-sketches-and-drawings\Sketches\amphibians\index.html.bak-centering-20260507-142125","Updated"
"heart-yin-yang.html","Sketches\amphibians\salamanders\heart-yin-yang.html","D:\github\ron-english-sketches-and-drawings\Sketches\amphibians\salamanders\heart-yin-yang.html","True","D:\github\ron-english-sketches-and-drawings\Sketches\amphibians\salamanders\heart-yin-yang.html.bak-centering-20260507-142125","Updated"
"index.html","Sketches\amphibians\salamanders\index.html","D:\github\ron-english-sketches-and-drawings\Sketches\amphibians\salamanders\index.html","True","D:\github\ron-english-sketches-and-drawings\Sketches\amphibians\salamanders\index.html.bak-centering-20260507-142125","Updated"
"last-supper-salamanders.html","Sketches\amphibians\salamanders\last-supper-salamanders.html","D:\github\ron-english-sketches-and-drawings\Sketches\amphibians\salamanders\last-supper-salamanders.html","True","D:\github\ron-english-sketches-and-drawings\Sketches\amphibians\salamanders\last-supper-salamanders.html.bak-centering-20260507-142125","Updated"
"running-salamander.html","Sketches\amphibians\salamanders\running-salamander.html","D:\github\ron-english-sketches-and-drawings\Sketches\amphibians\salamanders\running-salamander.html","True","D:\github\ron-english-sketches-and-drawings\Sketches\amphibians\salamanders\running-salamander.html.bak-centering-20260507-142125","Updated"
"salamander-bubbles-1.html","Sketches\amphibians\salamanders\salamander-bubbles-1.html","D:\github\ron-english-sketches-and-drawings\Sketches\amphibians\salamanders\salamander-bubbles-1.html","True","D:\github\ron-english-sketches-and-drawings\Sketches\amphibians\salamanders\salamander-bubbles-1.html.bak-centering-20260507-142125","Updated"
"salamander-bubbles-2.html","Sketches\amphibians\salamanders\salamander-bubbles-2.html","D:\github\ron-english-sketches-and-drawings\Sketches\amphibians\salamanders\salamander-bubbles-2.html","True","D:\github\ron-english-sketches-and-drawings\Sketches\amphibians\salamanders\salamander-bubbles-2.html.bak-centering-20260507-142125","Updated"
"salamander-bubbles-3.html","Sketches\amphibians\salamanders\salamander-bubbles-3.html","D:\github\ron-english-sketches-and-drawings\Sketches\amphibians\salamanders\salamander-bubbles-3.html","True","D:\github\ron-english-sketches-and-drawings\Sketches\amphibians\salamanders\salamander-bubbles-3.html.bak-centering-20260507-142125","Updated"
"salamander-bubbles-4.html","Sketches\amphibians\salamanders\salamander-bubbles-4.html","D:\github\ron-english-sketches-and-drawings\Sketches\amphibians\salamanders\salamander-bubbles-4.html","True","D:\github\ron-english-sketches-and-drawings\Sketches\amphibians\salamanders\salamander-bubbles-4.html.bak-centering-20260507-142125","Updated"
"salamander-cop.html","Sketches\amphibians\salamanders\salamander-cop.html","D:\github\ron-english-sketches-and-drawings\Sketches\amphibians\salamanders\salamander-cop.html","True","D:\github\ron-english-sketches-and-drawings\Sketches\amphibians\salamanders\salamander-cop.html.bak-centering-20260507-142125","Updated"
"salamander-heart-2.html","Sketches\amphibians\salamanders\salamander-heart-2.html","D:\github\ron-english-sketches-and-drawings\Sketches\amphibians\salamanders\salamander-heart-2.html","True","D:\github\ron-english-sketches-and-drawings\Sketches\amphibians\salamanders\salamander-heart-2.html.bak-centering-20260507-142125","Updated"
"salamander-hula.html","Sketches\amphibians\salamanders\salamander-hula.html","D:\github\ron-english-sketches-and-drawings\Sketches\amphibians\salamanders\salamander-hula.html","True","D:\github\ron-english-sketches-and-drawings\Sketches\amphibians\salamanders\salamander-hula.html.bak-centering-20260507-142125","Updated"
"salamander-on-ladder.html","Sketches\amphibians\salamanders\salamander-on-ladder.html","D:\github\ron-english-sketches-and-drawings\Sketches\amphibians\salamanders\salamander-on-ladder.html","True","D:\github\ron-english-sketches-and-drawings\Sketches\amphibians\salamanders\salamander-on-ladder.html.bak-centering-20260507-142125","Updated"
"salamander-question-mark.html","Sketches\amphibians\salamanders\salamander-question-mark.html","D:\github\ron-english-sketches-and-drawings\Sketches\amphibians\salamanders\salamander-question-mark.html","True","D:\github\ron-english-sketches-and-drawings\Sketches\amphibians\salamanders\salamander-question-mark.html.bak-centering-20260507-142125","Updated"
"salamander-tv.html","Sketches\amphibians\salamanders\salamander-tv.html","D:\github\ron-english-sketches-and-drawings\Sketches\amphibians\salamanders\salamander-tv.html","True","D:\github\ron-english-sketches-and-drawings\Sketches\amphibians\salamanders\salamander-tv.html.bak-centering-20260507-142125","Updated"
"salamander-van-gogh.html","Sketches\amphibians\salamanders\salamander-van-gogh.html","D:\github\ron-english-sketches-and-drawings\Sketches\amphibians\salamanders\salamander-van-gogh.html","True","D:\github\ron-english-sketches-and-drawings\Sketches\amphibians\salamanders\salamander-van-gogh.html.bak-centering-20260507-142125","Updated"
"thats-all-folks.html","Sketches\amphibians\salamanders\thats-all-folks.html","D:\github\ron-english-sketches-and-drawings\Sketches\amphibians\salamanders\thats-all-folks.html","True","D:\github\ron-english-sketches-and-drawings\Sketches\amphibians\salamanders\thats-all-folks.html.bak-centering-20260507-142125","Updated"
"yang.html","Sketches\amphibians\salamanders\yang.html","D:\github\ron-english-sketches-and-drawings\Sketches\amphibians\salamanders\yang.html","True","D:\github\ron-english-sketches-and-drawings\Sketches\amphibians\salamanders\yang.html.bak-centering-20260507-142125","Updated"
"yin-rock.html","Sketches\amphibians\salamanders\yin-rock.html","D:\github\ron-english-sketches-and-drawings\Sketches\amphibians\salamanders\yin-rock.html","True","D:\github\ron-english-sketches-and-drawings\Sketches\amphibians\salamanders\yin-rock.html.bak-centering-20260507-142125","Updated"
"abe-waters.html","Sketches\aquatic-dwellers\aqua-apes\abe-waters.html","D:\github\ron-english-sketches-and-drawings\Sketches\aquatic-dwellers\aqua-apes\abe-waters.html","True","D:\github\ron-english-sketches-and-drawings\Sketches\aquatic-dwellers\aqua-apes\abe-waters.html.bak-centering-20260507-142125","Updated"
"angel-cake.html","Sketches\aquatic-dwellers\aqua-apes\angel-cake.html","D:\github\ron-english-sketches-and-drawings\Sketches\aquatic-dwellers\aqua-apes\angel-cake.html","True","D:\github\ron-english-sketches-and-drawings\Sketches\aquatic-dwellers\aqua-apes\angel-cake.html.bak-centering-20260507-142125","Updated"
"angie-waters.html","Sketches\aquatic-dwellers\aqua-apes\angie-waters.html","D:\github\ron-english-sketches-and-drawings\Sketches\aquatic-dwellers\aqua-apes\angie-waters.html","True","D:\github\ron-english-sketches-and-drawings\Sketches\aquatic-dwellers\aqua-apes\angie-waters.html.bak-centering-20260507-142125","Updated"
"apette-waters.html","Sketches\aquatic-dwellers\aqua-apes\apette-waters.html","D:\github\ron-english-sketches-and-drawings\Sketches\aquatic-dwellers\aqua-apes\apette-waters.html","True","D:\github\ron-english-sketches-and-drawings\Sketches\aquatic-dwellers\aqua-apes\apette-waters.html.bak-centering-20260507-142125","Updated"
"aqua-ape-for-snow-globe-1.html","Sketches\aquatic-dwellers\aqua-apes\aqua-ape-for-snow-globe-1.html","D:\github\ron-english-sketches-and-drawings\Sketches\aquatic-dwellers\aqua-apes\aqua-ape-for-snow-globe-1.html","True","D:\github\ron-english-sketches-and-drawings\Sketches\aquatic-dwellers\aqua-apes\aqua-ape-for-snow-globe-1.html.bak-centering-20260507-142125","Updated"
"aqua-ape-for-snow-globe-2.html","Sketches\aquatic-dwellers\aqua-apes\aqua-ape-for-snow-globe-2.html","D:\github\ron-english-sketches-and-drawings\Sketches\aquatic-dwellers\aqua-apes\aqua-ape-for-snow-globe-2.html","True","D:\github\ron-english-sketches-and-drawings\Sketches\aquatic-dwellers\aqua-apes\aqua-ape-for-snow-globe-2.html.bak-centering-20260507-142125","Updated"
"aqua-ape-on-chair.html","Sketches\aquatic-dwellers\aqua-apes\aqua-ape-on-chair.html","D:\github\ron-english-sketches-and-drawings\Sketches\aquatic-dwellers\aqua-apes\aqua-ape-on-chair.html","True","D:\github\ron-english-sketches-and-drawings\Sketches\aquatic-dwellers\aqua-apes\aqua-ape-on-chair.html.bak-centering-20260507-142125","Updated"
"aqua-apes-family-icon.html","Sketches\aquatic-dwellers\aqua-apes\aqua-apes-family-icon.html","D:\github\ron-english-sketches-and-drawings\Sketches\aquatic-dwellers\aqua-apes\aqua-apes-family-icon.html","True","D:\github\ron-english-sketches-and-drawings\Sketches\aquatic-dwellers\aqua-apes\aqua-apes-family-icon.html.bak-centering-20260507-142125","Updated"
"aqua-apes-icon.html","Sketches\aquatic-dwellers\aqua-apes\aqua-apes-icon.html","D:\github\ron-english-sketches-and-drawings\Sketches\aquatic-dwellers\aqua-apes\aqua-apes-icon.html","True","D:\github\ron-english-sketches-and-drawings\Sketches\aquatic-dwellers\aqua-apes\aqua-apes-icon.html.bak-centering-20260507-142125","Updated"
"brooke-waters.html","Sketches\aquatic-dwellers\aqua-apes\brooke-waters.html","D:\github\ron-english-sketches-and-drawings\Sketches\aquatic-dwellers\aqua-apes\brooke-waters.html","True","D:\github\ron-english-sketches-and-drawings\Sketches\aquatic-dwellers\aqua-apes\brooke-waters.html.bak-centering-20260507-142125","Updated"
"index.html","Sketches\aquatic-dwellers\aqua-apes\index.html","D:\github\ron-english-sketches-and-drawings\Sketches\aquatic-dwellers\aqua-apes\index.html","True","D:\github\ron-english-sketches-and-drawings\Sketches\aquatic-dwellers\aqua-apes\index.html.bak-centering-20260507-142125","Updated"
"infant-aqua-ape.html","Sketches\aquatic-dwellers\aqua-apes\infant-aqua-ape.html","D:\github\ron-english-sketches-and-drawings\Sketches\aquatic-dwellers\aqua-apes\infant-aqua-ape.html","True","D:\github\ron-english-sketches-and-drawings\Sketches\aquatic-dwellers\aqua-apes\infant-aqua-ape.html.bak-centering-20260507-142125","Updated"
"marilyn-mini-mollosk.html","Sketches\aquatic-dwellers\aqua-apes\marilyn-mini-mollosk.html","D:\github\ron-english-sketches-and-drawings\Sketches\aquatic-dwellers\aqua-apes\marilyn-mini-mollosk.html","True","D:\github\ron-english-sketches-and-drawings\Sketches\aquatic-dwellers\aqua-apes\marilyn-mini-mollosk.html.bak-centering-20260507-142125","Updated"
"newt-wave.html","Sketches\aquatic-dwellers\aqua-apes\newt-wave.html","D:\github\ron-english-sketches-and-drawings\Sketches\aquatic-dwellers\aqua-apes\newt-wave.html","True","D:\github\ron-english-sketches-and-drawings\Sketches\aquatic-dwellers\aqua-apes\newt-wave.html.bak-centering-20260507-142125","Updated"
"sea-monkeys-beach-party.html","Sketches\aquatic-dwellers\aqua-apes\sea-monkeys-beach-party.html","D:\github\ron-english-sketches-and-drawings\Sketches\aquatic-dwellers\aqua-apes\sea-monkeys-beach-party.html","True","D:\github\ron-english-sketches-and-drawings\Sketches\aquatic-dwellers\aqua-apes\sea-monkeys-beach-party.html.bak-centering-20260507-142125","Updated"
"sea-squatch.html","Sketches\aquatic-dwellers\aqua-apes\sea-squatch.html","D:\github\ron-english-sketches-and-drawings\Sketches\aquatic-dwellers\aqua-apes\sea-squatch.html","True","D:\github\ron-english-sketches-and-drawings\Sketches\aquatic-dwellers\aqua-apes\sea-squatch.html.bak-centering-20260507-142125","Updated"
"see-money.html","Sketches\aquatic-dwellers\aqua-apes\see-money.html","D:\github\ron-english-sketches-and-drawings\Sketches\aquatic-dwellers\aqua-apes\see-money.html","True","D:\github\ron-english-sketches-and-drawings\Sketches\aquatic-dwellers\aqua-apes\see-money.html.bak-centering-20260507-142125","Updated"
"shellsea-waters.html","Sketches\aquatic-dwellers\aqua-apes\shellsea-waters.html","D:\github\ron-english-sketches-and-drawings\Sketches\aquatic-dwellers\aqua-apes\shellsea-waters.html","True","D:\github\ron-english-sketches-and-drawings\Sketches\aquatic-dwellers\aqua-apes\shellsea-waters.html.bak-centering-20260507-142125","Updated"
"susan-squid.html","Sketches\aquatic-dwellers\aqua-apes\susan-squid.html","D:\github\ron-english-sketches-and-drawings\Sketches\aquatic-dwellers\aqua-apes\susan-squid.html","True","D:\github\ron-english-sketches-and-drawings\Sketches\aquatic-dwellers\aqua-apes\susan-squid.html.bak-centering-20260507-142125","Updated"
"tittie-squid.html","Sketches\aquatic-dwellers\aqua-apes\tittie-squid.html","D:\github\ron-english-sketches-and-drawings\Sketches\aquatic-dwellers\aqua-apes\tittie-squid.html","True","D:\github\ron-english-sketches-and-drawings\Sketches\aquatic-dwellers\aqua-apes\tittie-squid.html.bak-centering-20260507-142125","Updated"
"titty-squid.html","Sketches\aquatic-dwellers\aqua-apes\titty-squid.html","D:\github\ron-english-sketches-and-drawings\Sketches\aquatic-dwellers\aqua-apes\titty-squid.html","True","D:\github\ron-english-sketches-and-drawings\Sketches\aquatic-dwellers\aqua-apes\titty-squid.html.bak-centering-20260507-142125","Updated"
"trippie-squid.html","Sketches\aquatic-dwellers\aqua-apes\trippie-squid.html","D:\github\ron-english-sketches-and-drawings\Sketches\aquatic-dwellers\aqua-apes\trippie-squid.html","True","D:\github\ron-english-sketches-and-drawings\Sketches\aquatic-dwellers\aqua-apes\trippie-squid.html.bak-centering-20260507-142125","Updated"
"walter-waters.html","Sketches\aquatic-dwellers\aqua-apes\walter-waters.html","D:\github\ron-english-sketches-and-drawings\Sketches\aquatic-dwellers\aqua-apes\walter-waters.html","True","D:\github\ron-english-sketches-and-drawings\Sketches\aquatic-dwellers\aqua-apes\walter-waters.html.bak-centering-20260507-142125","Updated"
"water-walker.html","Sketches\aquatic-dwellers\aqua-apes\water-walker.html","D:\github\ron-english-sketches-and-drawings\Sketches\aquatic-dwellers\aqua-apes\water-walker.html","True","D:\github\ron-english-sketches-and-drawings\Sketches\aquatic-dwellers\aqua-apes\water-walker.html.bak-centering-20260507-142125","Updated"
"young-aqua-ape.html","Sketches\aquatic-dwellers\aqua-apes\young-aqua-ape.html","D:\github\ron-english-sketches-and-drawings\Sketches\aquatic-dwellers\aqua-apes\young-aqua-ape.html","True","D:\github\ron-english-sketches-and-drawings\Sketches\aquatic-dwellers\aqua-apes\young-aqua-ape.html.bak-centering-20260507-142125","Updated"
"younger-waters.html","Sketches\aquatic-dwellers\aqua-apes\younger-waters.html","D:\github\ron-english-sketches-and-drawings\Sketches\aquatic-dwellers\aqua-apes\younger-waters.html","True","D:\github\ron-english-sketches-and-drawings\Sketches\aquatic-dwellers\aqua-apes\younger-waters.html.bak-centering-20260507-142125","Updated"
"dolphinheaded-mermaid-girls.html","Sketches\aquatic-dwellers\dolphins\dolphinheaded-mermaid-girls.html","D:\github\ron-english-sketches-and-drawings\Sketches\aquatic-dwellers\dolphins\dolphinheaded-mermaid-girls.html","True","D:\github\ron-english-sketches-and-drawings\Sketches\aquatic-dwellers\dolphins\dolphinheaded-mermaid-girls.html.bak-centering-20260507-142125","Updated"
"index.html","Sketches\aquatic-dwellers\dolphins\index.html","D:\github\ron-english-sketches-and-drawings\Sketches\aquatic-dwellers\dolphins\index.html","True","D:\github\ron-english-sketches-and-drawings\Sketches\aquatic-dwellers\dolphins\index.html.bak-centering-20260507-142125","Updated"
"ona-porpoise.html","Sketches\aquatic-dwellers\dolphins\ona-porpoise.html","D:\github\ron-english-sketches-and-drawings\Sketches\aquatic-dwellers\dolphins\ona-porpoise.html","True","D:\github\ron-english-sketches-and-drawings\Sketches\aquatic-dwellers\dolphins\ona-porpoise.html.bak-centering-20260507-142125","Updated"
"culture-catch.html","Sketches\aquatic-dwellers\fish\culture-catch.html","D:\github\ron-english-sketches-and-drawings\Sketches\aquatic-dwellers\fish\culture-catch.html","True","D:\github\ron-english-sketches-and-drawings\Sketches\aquatic-dwellers\fish\culture-catch.html.bak-centering-20260507-142125","Updated"
"fat-goldfish.html","Sketches\aquatic-dwellers\fish\fat-goldfish.html","D:\github\ron-english-sketches-and-drawings\Sketches\aquatic-dwellers\fish\fat-goldfish.html","True","D:\github\ron-english-sketches-and-drawings\Sketches\aquatic-dwellers\fish\fat-goldfish.html.bak-centering-20260507-142125","Updated"
"fin-evolution.html","Sketches\aquatic-dwellers\fish\fin-evolution.html","D:\github\ron-english-sketches-and-drawings\Sketches\aquatic-dwellers\fish\fin-evolution.html","True","D:\github\ron-english-sketches-and-drawings\Sketches\aquatic-dwellers\fish\fin-evolution.html.bak-centering-20260507-142125","Updated"
"finflyer-finley.html","Sketches\aquatic-dwellers\fish\finflyer-finley.html","D:\github\ron-english-sketches-and-drawings\Sketches\aquatic-dwellers\fish\finflyer-finley.html","True","D:\github\ron-english-sketches-and-drawings\Sketches\aquatic-dwellers\fish\finflyer-finley.html.bak-centering-20260507-142125","Updated"
"fish.html","Sketches\aquatic-dwellers\fish\fish.html","D:\github\ron-english-sketches-and-drawings\Sketches\aquatic-dwellers\fish\fish.html","True","D:\github\ron-english-sketches-and-drawings\Sketches\aquatic-dwellers\fish\fish.html.bak-centering-20260507-142125","Updated"
"fish-in-bowl.html","Sketches\aquatic-dwellers\fish\fish-in-bowl.html","D:\github\ron-english-sketches-and-drawings\Sketches\aquatic-dwellers\fish\fish-in-bowl.html","True","D:\github\ron-english-sketches-and-drawings\Sketches\aquatic-dwellers\fish\fish-in-bowl.html.bak-centering-20260507-142125","Updated"
"fish-in-cowboy-hat.html","Sketches\aquatic-dwellers\fish\fish-in-cowboy-hat.html","D:\github\ron-english-sketches-and-drawings\Sketches\aquatic-dwellers\fish\fish-in-cowboy-hat.html","True","D:\github\ron-english-sketches-and-drawings\Sketches\aquatic-dwellers\fish\fish-in-cowboy-hat.html.bak-centering-20260507-142125","Updated"
"goldfish-caviar.html","Sketches\aquatic-dwellers\fish\goldfish-caviar.html","D:\github\ron-english-sketches-and-drawings\Sketches\aquatic-dwellers\fish\goldfish-caviar.html","True","D:\github\ron-english-sketches-and-drawings\Sketches\aquatic-dwellers\fish\goldfish-caviar.html.bak-centering-20260507-142125","Updated"
"index.html","Sketches\aquatic-dwellers\fish\index.html","D:\github\ron-english-sketches-and-drawings\Sketches\aquatic-dwellers\fish\index.html","True","D:\github\ron-english-sketches-and-drawings\Sketches\aquatic-dwellers\fish\index.html.bak-centering-20260507-142125","Updated"
"monarch-fish.html","Sketches\aquatic-dwellers\fish\monarch-fish.html","D:\github\ron-english-sketches-and-drawings\Sketches\aquatic-dwellers\fish\monarch-fish.html","True","D:\github\ron-english-sketches-and-drawings\Sketches\aquatic-dwellers\fish\monarch-fish.html.bak-centering-20260507-142125","Updated"
"mystifeye-finley.html","Sketches\aquatic-dwellers\fish\mystifeye-finley.html","D:\github\ron-english-sketches-and-drawings\Sketches\aquatic-dwellers\fish\mystifeye-finley.html","True","D:\github\ron-english-sketches-and-drawings\Sketches\aquatic-dwellers\fish\mystifeye-finley.html.bak-centering-20260507-142125","Updated"
"swish-evolve.html","Sketches\aquatic-dwellers\fish\swish-evolve.html","D:\github\ron-english-sketches-and-drawings\Sketches\aquatic-dwellers\fish\swish-evolve.html","True","D:\github\ron-english-sketches-and-drawings\Sketches\aquatic-dwellers\fish\swish-evolve.html.bak-centering-20260507-142125","Updated"
"index.html","Sketches\aquatic-dwellers\index.html","D:\github\ron-english-sketches-and-drawings\Sketches\aquatic-dwellers\index.html","True","D:\github\ron-english-sketches-and-drawings\Sketches\aquatic-dwellers\index.html.bak-centering-20260507-142125","Updated"
"index.html","Sketches\aquatic-dwellers\mermaids\index.html","D:\github\ron-english-sketches-and-drawings\Sketches\aquatic-dwellers\mermaids\index.html","True","D:\github\ron-english-sketches-and-drawings\Sketches\aquatic-dwellers\mermaids\index.html.bak-centering-20260507-142125","Updated"
"mermaid.html","Sketches\aquatic-dwellers\mermaids\mermaid.html","D:\github\ron-english-sketches-and-drawings\Sketches\aquatic-dwellers\mermaids\mermaid.html","True","D:\github\ron-english-sketches-and-drawings\Sketches\aquatic-dwellers\mermaids\mermaid.html.bak-centering-20260507-142125","Updated"
"mermonkey.html","Sketches\aquatic-dwellers\mermaids\mermonkey.html","D:\github\ron-english-sketches-and-drawings\Sketches\aquatic-dwellers\mermaids\mermonkey.html","True","D:\github\ron-english-sketches-and-drawings\Sketches\aquatic-dwellers\mermaids\mermonkey.html.bak-centering-20260507-142125","Updated"
"sharkattack-mermaid.html","Sketches\aquatic-dwellers\mermaids\sharkattack-mermaid.html","D:\github\ron-english-sketches-and-drawings\Sketches\aquatic-dwellers\mermaids\sharkattack-mermaid.html","True","D:\github\ron-english-sketches-and-drawings\Sketches\aquatic-dwellers\mermaids\sharkattack-mermaid.html.bak-centering-20260507-142125","Updated"
"starbucks-mermaid.html","Sketches\aquatic-dwellers\mermaids\starbucks-mermaid.html","D:\github\ron-english-sketches-and-drawings\Sketches\aquatic-dwellers\mermaids\starbucks-mermaid.html","True","D:\github\ron-english-sketches-and-drawings\Sketches\aquatic-dwellers\mermaids\starbucks-mermaid.html.bak-centering-20260507-142125","Updated"
"unplugged-mermaid.html","Sketches\aquatic-dwellers\mermaids\unplugged-mermaid.html","D:\github\ron-english-sketches-and-drawings\Sketches\aquatic-dwellers\mermaids\unplugged-mermaid.html","True","D:\github\ron-english-sketches-and-drawings\Sketches\aquatic-dwellers\mermaids\unplugged-mermaid.html.bak-centering-20260507-142125","Updated"
"index.html","Sketches\aquatic-dwellers\octopi\index.html","D:\github\ron-english-sketches-and-drawings\Sketches\aquatic-dwellers\octopi\index.html","True","D:\github\ron-english-sketches-and-drawings\Sketches\aquatic-dwellers\octopi\index.html.bak-centering-20260507-142125","Updated"
"jah-bliss-octopus.html","Sketches\aquatic-dwellers\octopi\jah-bliss-octopus.html","D:\github\ron-english-sketches-and-drawings\Sketches\aquatic-dwellers\octopi\jah-bliss-octopus.html","True","D:\github\ron-english-sketches-and-drawings\Sketches\aquatic-dwellers\octopi\jah-bliss-octopus.html.bak-centering-20260507-142125","Updated"
"lorraine-yang.html","Sketches\aquatic-dwellers\octopi\lorraine-yang.html","D:\github\ron-english-sketches-and-drawings\Sketches\aquatic-dwellers\octopi\lorraine-yang.html","True","D:\github\ron-english-sketches-and-drawings\Sketches\aquatic-dwellers\octopi\lorraine-yang.html.bak-centering-20260507-142125","Updated"
"sea-monster.html","Sketches\aquatic-dwellers\octopi\sea-monster.html","D:\github\ron-english-sketches-and-drawings\Sketches\aquatic-dwellers\octopi\sea-monster.html","True","D:\github\ron-english-sketches-and-drawings\Sketches\aquatic-dwellers\octopi\sea-monster.html.bak-centering-20260507-142125","Updated"
"swirly-octopus.html","Sketches\aquatic-dwellers\octopi\swirly-octopus.html","D:\github\ron-english-sketches-and-drawings\Sketches\aquatic-dwellers\octopi\swirly-octopus.html","True","D:\github\ron-english-sketches-and-drawings\Sketches\aquatic-dwellers\octopi\swirly-octopus.html.bak-centering-20260507-142125","Updated"
"duckbill-platypus.html","Sketches\aquatic-dwellers\platypus\duckbill-platypus.html","D:\github\ron-english-sketches-and-drawings\Sketches\aquatic-dwellers\platypus\duckbill-platypus.html","True","D:\github\ron-english-sketches-and-drawings\Sketches\aquatic-dwellers\platypus\duckbill-platypus.html.bak-centering-20260507-142125","Updated"
"index.html","Sketches\aquatic-dwellers\platypus\index.html","D:\github\ron-english-sketches-and-drawings\Sketches\aquatic-dwellers\platypus\index.html","True","D:\github\ron-english-sketches-and-drawings\Sketches\aquatic-dwellers\platypus\index.html.bak-centering-20260507-142125","Updated"
"frowning-shark.html","Sketches\aquatic-dwellers\sharks\frowning-shark.html","D:\github\ron-english-sketches-and-drawings\Sketches\aquatic-dwellers\sharks\frowning-shark.html","True","D:\github\ron-english-sketches-and-drawings\Sketches\aquatic-dwellers\sharks\frowning-shark.html.bak-centering-20260507-142125","Updated"
"grinning-shark.html","Sketches\aquatic-dwellers\sharks\grinning-shark.html","D:\github\ron-english-sketches-and-drawings\Sketches\aquatic-dwellers\sharks\grinning-shark.html","True","D:\github\ron-english-sketches-and-drawings\Sketches\aquatic-dwellers\sharks\grinning-shark.html.bak-centering-20260507-142125","Updated"
"index.html","Sketches\aquatic-dwellers\sharks\index.html","D:\github\ron-english-sketches-and-drawings\Sketches\aquatic-dwellers\sharks\index.html","True","D:\github\ron-english-sketches-and-drawings\Sketches\aquatic-dwellers\sharks\index.html.bak-centering-20260507-142125","Updated"
"lightning-shark.html","Sketches\aquatic-dwellers\sharks\lightning-shark.html","D:\github\ron-english-sketches-and-drawings\Sketches\aquatic-dwellers\sharks\lightning-shark.html","True","D:\github\ron-english-sketches-and-drawings\Sketches\aquatic-dwellers\sharks\lightning-shark.html.bak-centering-20260507-142125","Updated"
"sever-fairy-landshark-grin-mickey-fin.html","Sketches\aquatic-dwellers\sharks\sever-fairy-landshark-grin-mickey-fin.html","D:\github\ron-english-sketches-and-drawings\Sketches\aquatic-dwellers\sharks\sever-fairy-landshark-grin-mickey-fin.html","True","D:\github\ron-english-sketches-and-drawings\Sketches\aquatic-dwellers\sharks\sever-fairy-landshark-grin-mickey-fin.html.bak-centering-20260507-142125","Updated"
"shark-eating-shark.html","Sketches\aquatic-dwellers\sharks\shark-eating-shark.html","D:\github\ron-english-sketches-and-drawings\Sketches\aquatic-dwellers\sharks\shark-eating-shark.html","True","D:\github\ron-english-sketches-and-drawings\Sketches\aquatic-dwellers\sharks\shark-eating-shark.html.bak-centering-20260507-142125","Updated"
"shark-head-1.html","Sketches\aquatic-dwellers\sharks\shark-head-1.html","D:\github\ron-english-sketches-and-drawings\Sketches\aquatic-dwellers\sharks\shark-head-1.html","True","D:\github\ron-english-sketches-and-drawings\Sketches\aquatic-dwellers\sharks\shark-head-1.html.bak-centering-20260507-142125","Updated"
"shark-head-2.html","Sketches\aquatic-dwellers\sharks\shark-head-2.html","D:\github\ron-english-sketches-and-drawings\Sketches\aquatic-dwellers\sharks\shark-head-2.html","True","D:\github\ron-english-sketches-and-drawings\Sketches\aquatic-dwellers\sharks\shark-head-2.html.bak-centering-20260507-142125","Updated"
"shark-head-3.html","Sketches\aquatic-dwellers\sharks\shark-head-3.html","D:\github\ron-english-sketches-and-drawings\Sketches\aquatic-dwellers\sharks\shark-head-3.html","True","D:\github\ron-english-sketches-and-drawings\Sketches\aquatic-dwellers\sharks\shark-head-3.html.bak-centering-20260507-142125","Updated"
"shark-head-4.html","Sketches\aquatic-dwellers\sharks\shark-head-4.html","D:\github\ron-english-sketches-and-drawings\Sketches\aquatic-dwellers\sharks\shark-head-4.html","True","D:\github\ron-english-sketches-and-drawings\Sketches\aquatic-dwellers\sharks\shark-head-4.html.bak-centering-20260507-142125","Updated"
"shark-sketch-study-for-hawaii-mural-1.html","Sketches\aquatic-dwellers\sharks\shark-sketch-study-for-hawaii-mural-1.html","D:\github\ron-english-sketches-and-drawings\Sketches\aquatic-dwellers\sharks\shark-sketch-study-for-hawaii-mural-1.html","True","D:\github\ron-english-sketches-and-drawings\Sketches\aquatic-dwellers\sharks\shark-sketch-study-for-hawaii-mural-1.html.bak-centering-20260507-142125","Updated"
"shark-sketch-study-for-hawaii-mural-2.html","Sketches\aquatic-dwellers\sharks\shark-sketch-study-for-hawaii-mural-2.html","D:\github\ron-english-sketches-and-drawings\Sketches\aquatic-dwellers\sharks\shark-sketch-study-for-hawaii-mural-2.html","True","D:\github\ron-english-sketches-and-drawings\Sketches\aquatic-dwellers\sharks\shark-sketch-study-for-hawaii-mural-2.html.bak-centering-20260507-142125","Updated"
"shark-skull-man.html","Sketches\aquatic-dwellers\sharks\shark-skull-man.html","D:\github\ron-english-sketches-and-drawings\Sketches\aquatic-dwellers\sharks\shark-skull-man.html","True","D:\github\ron-english-sketches-and-drawings\Sketches\aquatic-dwellers\sharks\shark-skull-man.html.bak-centering-20260507-142125","Updated"
"shark-smile.html","Sketches\aquatic-dwellers\sharks\shark-smile.html","D:\github\ron-english-sketches-and-drawings\Sketches\aquatic-dwellers\sharks\shark-smile.html","True","D:\github\ron-english-sketches-and-drawings\Sketches\aquatic-dwellers\sharks\shark-smile.html.bak-centering-20260507-142125","Updated"
"two-point-five-children.html","Sketches\aquatic-dwellers\sharks\two-point-five-children.html","D:\github\ron-english-sketches-and-drawings\Sketches\aquatic-dwellers\sharks\two-point-five-children.html","True","D:\github\ron-english-sketches-and-drawings\Sketches\aquatic-dwellers\sharks\two-point-five-children.html.bak-centering-20260507-142125","Updated"
"bird-brain.html","Sketches\avians\buzzards\backup-buzzards-pages-20260506-140325\bird-brain.html","D:\github\ron-english-sketches-and-drawings\Sketches\avians\buzzards\backup-buzzards-pages-20260506-140325\bird-brain.html","True","D:\github\ron-english-sketches-and-drawings\Sketches\avians\buzzards\backup-buzzards-pages-20260506-140325\bird-brain.html.bak-centering-20260507-142125","Updated"
"birdy-bob-buzzard.html","Sketches\avians\buzzards\backup-buzzards-pages-20260506-140325\birdy-bob-buzzard.html","D:\github\ron-english-sketches-and-drawings\Sketches\avians\buzzards\backup-buzzards-pages-20260506-140325\birdy-bob-buzzard.html","True","D:\github\ron-english-sketches-and-drawings\Sketches\avians\buzzards\backup-buzzards-pages-20260506-140325\birdy-bob-buzzard.html.bak-centering-20260507-142125","Updated"
"buzz-ard.html","Sketches\avians\buzzards\backup-buzzards-pages-20260506-140325\buzz-ard.html","D:\github\ron-english-sketches-and-drawings\Sketches\avians\buzzards\backup-buzzards-pages-20260506-140325\buzz-ard.html","True","D:\github\ron-english-sketches-and-drawings\Sketches\avians\buzzards\backup-buzzards-pages-20260506-140325\buzz-ard.html.bak-centering-20260507-142125","Updated"
"buzzard-boat.html","Sketches\avians\buzzards\backup-buzzards-pages-20260506-140325\buzzard-boat.html","D:\github\ron-english-sketches-and-drawings\Sketches\avians\buzzards\backup-buzzards-pages-20260506-140325\buzzard-boat.html","True","D:\github\ron-english-sketches-and-drawings\Sketches\avians\buzzards\backup-buzzards-pages-20260506-140325\buzzard-boat.html.bak-centering-20260507-142125","Updated"
"buzzard-family-icon.html","Sketches\avians\buzzards\backup-buzzards-pages-20260506-140325\buzzard-family-icon.html","D:\github\ron-english-sketches-and-drawings\Sketches\avians\buzzards\backup-buzzards-pages-20260506-140325\buzzard-family-icon.html","True","D:\github\ron-english-sketches-and-drawings\Sketches\avians\buzzards\backup-buzzards-pages-20260506-140325\buzzard-family-icon.html.bak-centering-20260507-142125","Updated"
"buzzard-flapping-wings.html","Sketches\avians\buzzards\backup-buzzards-pages-20260506-140325\buzzard-flapping-wings.html","D:\github\ron-english-sketches-and-drawings\Sketches\avians\buzzards\backup-buzzards-pages-20260506-140325\buzzard-flapping-wings.html","True","D:\github\ron-english-sketches-and-drawings\Sketches\avians\buzzards\backup-buzzards-pages-20260506-140325\buzzard-flapping-wings.html.bak-centering-20260507-142125","Updated"
"buzzard-house-towering-estates.html","Sketches\avians\buzzards\backup-buzzards-pages-20260506-140325\buzzard-house-towering-estates.html","D:\github\ron-english-sketches-and-drawings\Sketches\avians\buzzards\backup-buzzards-pages-20260506-140325\buzzard-house-towering-estates.html","True","D:\github\ron-english-sketches-and-drawings\Sketches\avians\buzzards\backup-buzzards-pages-20260506-140325\buzzard-house-towering-estates.html.bak-centering-20260507-142125","Updated"
"buzzards-logo.html","Sketches\avians\buzzards\backup-buzzards-pages-20260506-140325\buzzards-logo.html","D:\github\ron-english-sketches-and-drawings\Sketches\avians\buzzards\backup-buzzards-pages-20260506-140325\buzzards-logo.html","True","D:\github\ron-english-sketches-and-drawings\Sketches\avians\buzzards\backup-buzzards-pages-20260506-140325\buzzards-logo.html.bak-centering-20260507-142125","Updated"
"buzz-egg.html","Sketches\avians\buzzards\backup-buzzards-pages-20260506-140325\buzz-egg.html","D:\github\ron-english-sketches-and-drawings\Sketches\avians\buzzards\backup-buzzards-pages-20260506-140325\buzz-egg.html","True","D:\github\ron-english-sketches-and-drawings\Sketches\avians\buzzards\backup-buzzards-pages-20260506-140325\buzz-egg.html.bak-centering-20260507-142125","Updated"
"cluckzilla.html","Sketches\avians\buzzards\backup-buzzards-pages-20260506-140325\cluckzilla.html","D:\github\ron-english-sketches-and-drawings\Sketches\avians\buzzards\backup-buzzards-pages-20260506-140325\cluckzilla.html","True","D:\github\ron-english-sketches-and-drawings\Sketches\avians\buzzards\backup-buzzards-pages-20260506-140325\cluckzilla.html.bak-centering-20260507-142125","Updated"
"delusionville-pilots-buzzard.html","Sketches\avians\buzzards\backup-buzzards-pages-20260506-140325\delusionville-pilots-buzzard.html","D:\github\ron-english-sketches-and-drawings\Sketches\avians\buzzards\backup-buzzards-pages-20260506-140325\delusionville-pilots-buzzard.html","True","D:\github\ron-english-sketches-and-drawings\Sketches\avians\buzzards\backup-buzzards-pages-20260506-140325\delusionville-pilots-buzzard.html.bak-centering-20260507-142125","Updated"
"grousegoose-huffyplume.html","Sketches\avians\buzzards\backup-buzzards-pages-20260506-140325\grousegoose-huffyplume.html","D:\github\ron-english-sketches-and-drawings\Sketches\avians\buzzards\backup-buzzards-pages-20260506-140325\grousegoose-huffyplume.html","True","D:\github\ron-english-sketches-and-drawings\Sketches\avians\buzzards\backup-buzzards-pages-20260506-140325\grousegoose-huffyplume.html.bak-centering-20260507-142125","Updated"
"hatch-buzzard.html","Sketches\avians\buzzards\backup-buzzards-pages-20260506-140325\hatch-buzzard.html","D:\github\ron-english-sketches-and-drawings\Sketches\avians\buzzards\backup-buzzards-pages-20260506-140325\hatch-buzzard.html","True","D:\github\ron-english-sketches-and-drawings\Sketches\avians\buzzards\backup-buzzards-pages-20260506-140325\hatch-buzzard.html.bak-centering-20260507-142125","Updated"
"index.html","Sketches\avians\buzzards\backup-buzzards-pages-20260506-140325\index.html","D:\github\ron-english-sketches-and-drawings\Sketches\avians\buzzards\backup-buzzards-pages-20260506-140325\index.html","True","D:\github\ron-english-sketches-and-drawings\Sketches\avians\buzzards\backup-buzzards-pages-20260506-140325\index.html.bak-centering-20260507-142125","Updated"
"lightning-bird.html","Sketches\avians\buzzards\backup-buzzards-pages-20260506-140325\lightning-bird.html","D:\github\ron-english-sketches-and-drawings\Sketches\avians\buzzards\backup-buzzards-pages-20260506-140325\lightning-bird.html","True","D:\github\ron-english-sketches-and-drawings\Sketches\avians\buzzards\backup-buzzards-pages-20260506-140325\lightning-bird.html.bak-centering-20260507-142125","Updated"
"orange-nosed-buttbrain.html","Sketches\avians\buzzards\backup-buzzards-pages-20260506-140325\orange-nosed-buttbrain.html","D:\github\ron-english-sketches-and-drawings\Sketches\avians\buzzards\backup-buzzards-pages-20260506-140325\orange-nosed-buttbrain.html","True","D:\github\ron-english-sketches-and-drawings\Sketches\avians\buzzards\backup-buzzards-pages-20260506-140325\orange-nosed-buttbrain.html.bak-centering-20260507-142125","Updated"
"scrap-ard.html","Sketches\avians\buzzards\backup-buzzards-pages-20260506-140325\scrap-ard.html","D:\github\ron-english-sketches-and-drawings\Sketches\avians\buzzards\backup-buzzards-pages-20260506-140325\scrap-ard.html","True","D:\github\ron-english-sketches-and-drawings\Sketches\avians\buzzards\backup-buzzards-pages-20260506-140325\scrap-ard.html.bak-centering-20260507-142125","Updated"
"vull-ture.html","Sketches\avians\buzzards\backup-buzzards-pages-20260506-140325\vull-ture.html","D:\github\ron-english-sketches-and-drawings\Sketches\avians\buzzards\backup-buzzards-pages-20260506-140325\vull-ture.html","True","D:\github\ron-english-sketches-and-drawings\Sketches\avians\buzzards\backup-buzzards-pages-20260506-140325\vull-ture.html.bak-centering-20260507-142125","Updated"
"bird-brain.html","Sketches\avians\buzzards\backup-individual-pages-20260506-135246\bird-brain.html","D:\github\ron-english-sketches-and-drawings\Sketches\avians\buzzards\backup-individual-pages-20260506-135246\bird-brain.html","True","D:\github\ron-english-sketches-and-drawings\Sketches\avians\buzzards\backup-individual-pages-20260506-135246\bird-brain.html.bak-centering-20260507-142125","Updated"
"birdy-bob-buzzard.html","Sketches\avians\buzzards\backup-individual-pages-20260506-135246\birdy-bob-buzzard.html","D:\github\ron-english-sketches-and-drawings\Sketches\avians\buzzards\backup-individual-pages-20260506-135246\birdy-bob-buzzard.html","True","D:\github\ron-english-sketches-and-drawings\Sketches\avians\buzzards\backup-individual-pages-20260506-135246\birdy-bob-buzzard.html.bak-centering-20260507-142125","Updated"
"buzz-ard.html","Sketches\avians\buzzards\backup-individual-pages-20260506-135246\buzz-ard.html","D:\github\ron-english-sketches-and-drawings\Sketches\avians\buzzards\backup-individual-pages-20260506-135246\buzz-ard.html","True","D:\github\ron-english-sketches-and-drawings\Sketches\avians\buzzards\backup-individual-pages-20260506-135246\buzz-ard.html.bak-centering-20260507-142125","Updated"
"buzzard-boat.html","Sketches\avians\buzzards\backup-individual-pages-20260506-135246\buzzard-boat.html","D:\github\ron-english-sketches-and-drawings\Sketches\avians\buzzards\backup-individual-pages-20260506-135246\buzzard-boat.html","True","D:\github\ron-english-sketches-and-drawings\Sketches\avians\buzzards\backup-individual-pages-20260506-135246\buzzard-boat.html.bak-centering-20260507-142125","Updated"
"buzzard-family-icon.html","Sketches\avians\buzzards\backup-individual-pages-20260506-135246\buzzard-family-icon.html","D:\github\ron-english-sketches-and-drawings\Sketches\avians\buzzards\backup-individual-pages-20260506-135246\buzzard-family-icon.html","True","D:\github\ron-english-sketches-and-drawings\Sketches\avians\buzzards\backup-individual-pages-20260506-135246\buzzard-family-icon.html.bak-centering-20260507-142125","Updated"
"buzz-egg.html","Sketches\avians\buzzards\backup-individual-pages-20260506-135246\buzz-egg.html","D:\github\ron-english-sketches-and-drawings\Sketches\avians\buzzards\backup-individual-pages-20260506-135246\buzz-egg.html","True","D:\github\ron-english-sketches-and-drawings\Sketches\avians\buzzards\backup-individual-pages-20260506-135246\buzz-egg.html.bak-centering-20260507-142125","Updated"
"bird-brain.html","Sketches\avians\buzzards\bird-brain.html","D:\github\ron-english-sketches-and-drawings\Sketches\avians\buzzards\bird-brain.html","True","D:\github\ron-english-sketches-and-drawings\Sketches\avians\buzzards\bird-brain.html.bak-centering-20260507-142125","Updated"
"birdy-bob-buzzard.html","Sketches\avians\buzzards\birdy-bob-buzzard.html","D:\github\ron-english-sketches-and-drawings\Sketches\avians\buzzards\birdy-bob-buzzard.html","True","D:\github\ron-english-sketches-and-drawings\Sketches\avians\buzzards\birdy-bob-buzzard.html.bak-centering-20260507-142125","Updated"
"buzz-ard.html","Sketches\avians\buzzards\buzz-ard.html","D:\github\ron-english-sketches-and-drawings\Sketches\avians\buzzards\buzz-ard.html","True","D:\github\ron-english-sketches-and-drawings\Sketches\avians\buzzards\buzz-ard.html.bak-centering-20260507-142125","Updated"
"buzzard-boat.html","Sketches\avians\buzzards\buzzard-boat.html","D:\github\ron-english-sketches-and-drawings\Sketches\avians\buzzards\buzzard-boat.html","True","D:\github\ron-english-sketches-and-drawings\Sketches\avians\buzzards\buzzard-boat.html.bak-centering-20260507-142125","Updated"
"buzzard-family-icon.html","Sketches\avians\buzzards\buzzard-family-icon.html","D:\github\ron-english-sketches-and-drawings\Sketches\avians\buzzards\buzzard-family-icon.html","True","D:\github\ron-english-sketches-and-drawings\Sketches\avians\buzzards\buzzard-family-icon.html.bak-centering-20260507-142125","Updated"
"buzzard-flapping-wings.html","Sketches\avians\buzzards\buzzard-flapping-wings.html","D:\github\ron-english-sketches-and-drawings\Sketches\avians\buzzards\buzzard-flapping-wings.html","True","D:\github\ron-english-sketches-and-drawings\Sketches\avians\buzzards\buzzard-flapping-wings.html.bak-centering-20260507-142125","Updated"
"buzzard-house-towering-estates.html","Sketches\avians\buzzards\buzzard-house-towering-estates.html","D:\github\ron-english-sketches-and-drawings\Sketches\avians\buzzards\buzzard-house-towering-estates.html","True","D:\github\ron-english-sketches-and-drawings\Sketches\avians\buzzards\buzzard-house-towering-estates.html.bak-centering-20260507-142125","Updated"
"buzzards-logo.html","Sketches\avians\buzzards\buzzards-logo.html","D:\github\ron-english-sketches-and-drawings\Sketches\avians\buzzards\buzzards-logo.html","True","D:\github\ron-english-sketches-and-drawings\Sketches\avians\buzzards\buzzards-logo.html.bak-centering-20260507-142125","Updated"
"buzz-egg.html","Sketches\avians\buzzards\buzz-egg.html","D:\github\ron-english-sketches-and-drawings\Sketches\avians\buzzards\buzz-egg.html","True","D:\github\ron-english-sketches-and-drawings\Sketches\avians\buzzards\buzz-egg.html.bak-centering-20260507-142125","Updated"
"cluckzilla.html","Sketches\avians\buzzards\cluckzilla.html","D:\github\ron-english-sketches-and-drawings\Sketches\avians\buzzards\cluckzilla.html","True","D:\github\ron-english-sketches-and-drawings\Sketches\avians\buzzards\cluckzilla.html.bak-centering-20260507-142125","Updated"
"delusionville-pilots-buzzard.html","Sketches\avians\buzzards\delusionville-pilots-buzzard.html","D:\github\ron-english-sketches-and-drawings\Sketches\avians\buzzards\delusionville-pilots-buzzard.html","True","D:\github\ron-english-sketches-and-drawings\Sketches\avians\buzzards\delusionville-pilots-buzzard.html.bak-centering-20260507-142125","Updated"
"grousegoose-huffyplume.html","Sketches\avians\buzzards\grousegoose-huffyplume.html","D:\github\ron-english-sketches-and-drawings\Sketches\avians\buzzards\grousegoose-huffyplume.html","True","D:\github\ron-english-sketches-and-drawings\Sketches\avians\buzzards\grousegoose-huffyplume.html.bak-centering-20260507-142125","Updated"
"hatch-buzzard.html","Sketches\avians\buzzards\hatch-buzzard.html","D:\github\ron-english-sketches-and-drawings\Sketches\avians\buzzards\hatch-buzzard.html","True","D:\github\ron-english-sketches-and-drawings\Sketches\avians\buzzards\hatch-buzzard.html.bak-centering-20260507-142125","Updated"
"index.html","Sketches\avians\buzzards\index.html","D:\github\ron-english-sketches-and-drawings\Sketches\avians\buzzards\index.html","True","D:\github\ron-english-sketches-and-drawings\Sketches\avians\buzzards\index.html.bak-centering-20260507-142125","Updated"
"lightning-bird.html","Sketches\avians\buzzards\lightning-bird.html","D:\github\ron-english-sketches-and-drawings\Sketches\avians\buzzards\lightning-bird.html","True","D:\github\ron-english-sketches-and-drawings\Sketches\avians\buzzards\lightning-bird.html.bak-centering-20260507-142125","Updated"
"orange-nosed-buttbrain.html","Sketches\avians\buzzards\orange-nosed-buttbrain.html","D:\github\ron-english-sketches-and-drawings\Sketches\avians\buzzards\orange-nosed-buttbrain.html","True","D:\github\ron-english-sketches-and-drawings\Sketches\avians\buzzards\orange-nosed-buttbrain.html.bak-centering-20260507-142125","Updated"
"scrap-ard.html","Sketches\avians\buzzards\scrap-ard.html","D:\github\ron-english-sketches-and-drawings\Sketches\avians\buzzards\scrap-ard.html","True","D:\github\ron-english-sketches-and-drawings\Sketches\avians\buzzards\scrap-ard.html.bak-centering-20260507-142125","Updated"
"vull-ture.html","Sketches\avians\buzzards\vull-ture.html","D:\github\ron-english-sketches-and-drawings\Sketches\avians\buzzards\vull-ture.html","True","D:\github\ron-english-sketches-and-drawings\Sketches\avians\buzzards\vull-ture.html.bak-centering-20260507-142125","Updated"
"500-pound-poultry.html","Sketches\avians\chickens\500-pound-poultry.html","D:\github\ron-english-sketches-and-drawings\Sketches\avians\chickens\500-pound-poultry.html","True","D:\github\ron-english-sketches-and-drawings\Sketches\avians\chickens\500-pound-poultry.html.bak-centering-20260507-142125","Updated"
"index.html","Sketches\avians\chickens\index.html","D:\github\ron-english-sketches-and-drawings\Sketches\avians\chickens\index.html","True","D:\github\ron-english-sketches-and-drawings\Sketches\avians\chickens\index.html.bak-centering-20260507-142125","Updated"
"alien-quack-crown.html","Sketches\avians\ducks\alien-quack-crown.html","D:\github\ron-english-sketches-and-drawings\Sketches\avians\ducks\alien-quack-crown.html","True","D:\github\ron-english-sketches-and-drawings\Sketches\avians\ducks\alien-quack-crown.html.bak-centering-20260507-142125","Updated"
"allie-quack.html","Sketches\avians\ducks\allie-quack.html","D:\github\ron-english-sketches-and-drawings\Sketches\avians\ducks\allie-quack.html","True","D:\github\ron-english-sketches-and-drawings\Sketches\avians\ducks\allie-quack.html.bak-centering-20260507-142125","Updated"
"allie-quack-early-version.html","Sketches\avians\ducks\allie-quack-early-version.html","D:\github\ron-english-sketches-and-drawings\Sketches\avians\ducks\allie-quack-early-version.html","True","D:\github\ron-english-sketches-and-drawings\Sketches\avians\ducks\allie-quack-early-version.html.bak-centering-20260507-142125","Updated"
"allie-quack-with-bowling-balls.html","Sketches\avians\ducks\allie-quack-with-bowling-balls.html","D:\github\ron-english-sketches-and-drawings\Sketches\avians\ducks\allie-quack-with-bowling-balls.html","True","D:\github\ron-english-sketches-and-drawings\Sketches\avians\ducks\allie-quack-with-bowling-balls.html.bak-centering-20260507-142125","Updated"
"index.html","Sketches\avians\ducks\backup-before-ducks-batch-1-20260506-165846\index.html","D:\github\ron-english-sketches-and-drawings\Sketches\avians\ducks\backup-before-ducks-batch-1-20260506-165846\index.html","True","D:\github\ron-english-sketches-and-drawings\Sketches\avians\ducks\backup-before-ducks-batch-1-20260506-165846\index.html.bak-centering-20260507-142125","Updated"
"allie-quack.html","Sketches\avians\ducks\backup-before-ducks-dynamic-v3-20260506-174814\allie-quack.html","D:\github\ron-english-sketches-and-drawings\Sketches\avians\ducks\backup-before-ducks-dynamic-v3-20260506-174814\allie-quack.html","True","D:\github\ron-english-sketches-and-drawings\Sketches\avians\ducks\backup-before-ducks-dynamic-v3-20260506-174814\allie-quack.html.bak-centering-20260507-142125","Updated"
"bub-quack.html","Sketches\avians\ducks\backup-before-ducks-dynamic-v3-20260506-174814\bub-quack.html","D:\github\ron-english-sketches-and-drawings\Sketches\avians\ducks\backup-before-ducks-dynamic-v3-20260506-174814\bub-quack.html","True","D:\github\ron-english-sketches-and-drawings\Sketches\avians\ducks\backup-before-ducks-dynamic-v3-20260506-174814\bub-quack.html.bak-centering-20260507-142125","Updated"
"dr-bub-quack.html","Sketches\avians\ducks\backup-before-ducks-dynamic-v3-20260506-174814\dr-bub-quack.html","D:\github\ron-english-sketches-and-drawings\Sketches\avians\ducks\backup-before-ducks-dynamic-v3-20260506-174814\dr-bub-quack.html","True","D:\github\ron-english-sketches-and-drawings\Sketches\avians\ducks\backup-before-ducks-dynamic-v3-20260506-174814\dr-bub-quack.html.bak-centering-20260507-142125","Updated"
"duck-at-war.html","Sketches\avians\ducks\backup-before-ducks-dynamic-v3-20260506-174814\duck-at-war.html","D:\github\ron-english-sketches-and-drawings\Sketches\avians\ducks\backup-before-ducks-dynamic-v3-20260506-174814\duck-at-war.html","True","D:\github\ron-english-sketches-and-drawings\Sketches\avians\ducks\backup-before-ducks-dynamic-v3-20260506-174814\duck-at-war.html.bak-centering-20260507-142125","Updated"
"duck-boat.html","Sketches\avians\ducks\backup-before-ducks-dynamic-v3-20260506-174814\duck-boat.html","D:\github\ron-english-sketches-and-drawings\Sketches\avians\ducks\backup-before-ducks-dynamic-v3-20260506-174814\duck-boat.html","True","D:\github\ron-english-sketches-and-drawings\Sketches\avians\ducks\backup-before-ducks-dynamic-v3-20260506-174814\duck-boat.html.bak-centering-20260507-142125","Updated"
"index.html","Sketches\avians\ducks\backup-before-ducks-dynamic-v3-20260506-174814\index.html","D:\github\ron-english-sketches-and-drawings\Sketches\avians\ducks\backup-before-ducks-dynamic-v3-20260506-174814\index.html","True","D:\github\ron-english-sketches-and-drawings\Sketches\avians\ducks\backup-before-ducks-dynamic-v3-20260506-174814\index.html.bak-centering-20260507-142125","Updated"
"index.html","Sketches\avians\ducks\backup-before-ducks-final-20260506-180727\index.html","D:\github\ron-english-sketches-and-drawings\Sketches\avians\ducks\backup-before-ducks-final-20260506-180727\index.html","True","D:\github\ron-english-sketches-and-drawings\Sketches\avians\ducks\backup-before-ducks-final-20260506-180727\index.html.bak-centering-20260507-142125","Updated"
"index.html","Sketches\avians\ducks\backup-before-ducks-v4-20260506-175353\index.html","D:\github\ron-english-sketches-and-drawings\Sketches\avians\ducks\backup-before-ducks-v4-20260506-175353\index.html","True","D:\github\ron-english-sketches-and-drawings\Sketches\avians\ducks\backup-before-ducks-v4-20260506-175353\index.html.bak-centering-20260507-142125","Updated"
"index.html","Sketches\avians\ducks\backup-before-ducks-v5-20260506-180136\index.html","D:\github\ron-english-sketches-and-drawings\Sketches\avians\ducks\backup-before-ducks-v5-20260506-180136\index.html","True","D:\github\ron-english-sketches-and-drawings\Sketches\avians\ducks\backup-before-ducks-v5-20260506-180136\index.html.bak-centering-20260507-142125","Updated"
"allie-quack.html","Sketches\avians\ducks\backup-before-full-ducks-20260506-170006\allie-quack.html","D:\github\ron-english-sketches-and-drawings\Sketches\avians\ducks\backup-before-full-ducks-20260506-170006\allie-quack.html","True","D:\github\ron-english-sketches-and-drawings\Sketches\avians\ducks\backup-before-full-ducks-20260506-170006\allie-quack.html.bak-centering-20260507-142125","Updated"
"bub-quack.html","Sketches\avians\ducks\backup-before-full-ducks-20260506-170006\bub-quack.html","D:\github\ron-english-sketches-and-drawings\Sketches\avians\ducks\backup-before-full-ducks-20260506-170006\bub-quack.html","True","D:\github\ron-english-sketches-and-drawings\Sketches\avians\ducks\backup-before-full-ducks-20260506-170006\bub-quack.html.bak-centering-20260507-142125","Updated"
"dr-bub-quack.html","Sketches\avians\ducks\backup-before-full-ducks-20260506-170006\dr-bub-quack.html","D:\github\ron-english-sketches-and-drawings\Sketches\avians\ducks\backup-before-full-ducks-20260506-170006\dr-bub-quack.html","True","D:\github\ron-english-sketches-and-drawings\Sketches\avians\ducks\backup-before-full-ducks-20260506-170006\dr-bub-quack.html.bak-centering-20260507-142125","Updated"
"duck-at-war.html","Sketches\avians\ducks\backup-before-full-ducks-20260506-170006\duck-at-war.html","D:\github\ron-english-sketches-and-drawings\Sketches\avians\ducks\backup-before-full-ducks-20260506-170006\duck-at-war.html","True","D:\github\ron-english-sketches-and-drawings\Sketches\avians\ducks\backup-before-full-ducks-20260506-170006\duck-at-war.html.bak-centering-20260507-142125","Updated"
"duck-boat.html","Sketches\avians\ducks\backup-before-full-ducks-20260506-170006\duck-boat.html","D:\github\ron-english-sketches-and-drawings\Sketches\avians\ducks\backup-before-full-ducks-20260506-170006\duck-boat.html","True","D:\github\ron-english-sketches-and-drawings\Sketches\avians\ducks\backup-before-full-ducks-20260506-170006\duck-boat.html.bak-centering-20260507-142125","Updated"
"index.html","Sketches\avians\ducks\backup-before-full-ducks-20260506-170006\index.html","D:\github\ron-english-sketches-and-drawings\Sketches\avians\ducks\backup-before-full-ducks-20260506-170006\index.html","True","D:\github\ron-english-sketches-and-drawings\Sketches\avians\ducks\backup-before-full-ducks-20260506-170006\index.html.bak-centering-20260507-142125","Updated"
"allie-quack.html","Sketches\avians\ducks\backup-before-full-ducks-update-20260506-174346\allie-quack.html","D:\github\ron-english-sketches-and-drawings\Sketches\avians\ducks\backup-before-full-ducks-update-20260506-174346\allie-quack.html","True","D:\github\ron-english-sketches-and-drawings\Sketches\avians\ducks\backup-before-full-ducks-update-20260506-174346\allie-quack.html.bak-centering-20260507-142125","Updated"
"bub-quack.html","Sketches\avians\ducks\backup-before-full-ducks-update-20260506-174346\bub-quack.html","D:\github\ron-english-sketches-and-drawings\Sketches\avians\ducks\backup-before-full-ducks-update-20260506-174346\bub-quack.html","True","D:\github\ron-english-sketches-and-drawings\Sketches\avians\ducks\backup-before-full-ducks-update-20260506-174346\bub-quack.html.bak-centering-20260507-142125","Updated"
"dr-bub-quack.html","Sketches\avians\ducks\backup-before-full-ducks-update-20260506-174346\dr-bub-quack.html","D:\github\ron-english-sketches-and-drawings\Sketches\avians\ducks\backup-before-full-ducks-update-20260506-174346\dr-bub-quack.html","True","D:\github\ron-english-sketches-and-drawings\Sketches\avians\ducks\backup-before-full-ducks-update-20260506-174346\dr-bub-quack.html.bak-centering-20260507-142125","Updated"
"duck-at-war.html","Sketches\avians\ducks\backup-before-full-ducks-update-20260506-174346\duck-at-war.html","D:\github\ron-english-sketches-and-drawings\Sketches\avians\ducks\backup-before-full-ducks-update-20260506-174346\duck-at-war.html","True","D:\github\ron-english-sketches-and-drawings\Sketches\avians\ducks\backup-before-full-ducks-update-20260506-174346\duck-at-war.html.bak-centering-20260507-142125","Updated"
"duck-boat.html","Sketches\avians\ducks\backup-before-full-ducks-update-20260506-174346\duck-boat.html","D:\github\ron-english-sketches-and-drawings\Sketches\avians\ducks\backup-before-full-ducks-update-20260506-174346\duck-boat.html","True","D:\github\ron-english-sketches-and-drawings\Sketches\avians\ducks\backup-before-full-ducks-update-20260506-174346\duck-boat.html.bak-centering-20260507-142125","Updated"
"index.html","Sketches\avians\ducks\backup-before-full-ducks-update-20260506-174346\index.html","D:\github\ron-english-sketches-and-drawings\Sketches\avians\ducks\backup-before-full-ducks-update-20260506-174346\index.html","True","D:\github\ron-english-sketches-and-drawings\Sketches\avians\ducks\backup-before-full-ducks-update-20260506-174346\index.html.bak-centering-20260507-142125","Updated"
"allie-quack.html","Sketches\avians\ducks\backup-before-full-ducks-update-20260506-174531\allie-quack.html","D:\github\ron-english-sketches-and-drawings\Sketches\avians\ducks\backup-before-full-ducks-update-20260506-174531\allie-quack.html","True","D:\github\ron-english-sketches-and-drawings\Sketches\avians\ducks\backup-before-full-ducks-update-20260506-174531\allie-quack.html.bak-centering-20260507-142125","Updated"
"bub-quack.html","Sketches\avians\ducks\backup-before-full-ducks-update-20260506-174531\bub-quack.html","D:\github\ron-english-sketches-and-drawings\Sketches\avians\ducks\backup-before-full-ducks-update-20260506-174531\bub-quack.html","True","D:\github\ron-english-sketches-and-drawings\Sketches\avians\ducks\backup-before-full-ducks-update-20260506-174531\bub-quack.html.bak-centering-20260507-142125","Updated"
"dr-bub-quack.html","Sketches\avians\ducks\backup-before-full-ducks-update-20260506-174531\dr-bub-quack.html","D:\github\ron-english-sketches-and-drawings\Sketches\avians\ducks\backup-before-full-ducks-update-20260506-174531\dr-bub-quack.html","True","D:\github\ron-english-sketches-and-drawings\Sketches\avians\ducks\backup-before-full-ducks-update-20260506-174531\dr-bub-quack.html.bak-centering-20260507-142125","Updated"
"duck-at-war.html","Sketches\avians\ducks\backup-before-full-ducks-update-20260506-174531\duck-at-war.html","D:\github\ron-english-sketches-and-drawings\Sketches\avians\ducks\backup-before-full-ducks-update-20260506-174531\duck-at-war.html","True","D:\github\ron-english-sketches-and-drawings\Sketches\avians\ducks\backup-before-full-ducks-update-20260506-174531\duck-at-war.html.bak-centering-20260507-142125","Updated"
"duck-boat.html","Sketches\avians\ducks\backup-before-full-ducks-update-20260506-174531\duck-boat.html","D:\github\ron-english-sketches-and-drawings\Sketches\avians\ducks\backup-before-full-ducks-update-20260506-174531\duck-boat.html","True","D:\github\ron-english-sketches-and-drawings\Sketches\avians\ducks\backup-before-full-ducks-update-20260506-174531\duck-boat.html.bak-centering-20260507-142125","Updated"
"index.html","Sketches\avians\ducks\backup-before-full-ducks-update-20260506-174531\index.html","D:\github\ron-english-sketches-and-drawings\Sketches\avians\ducks\backup-before-full-ducks-update-20260506-174531\index.html","True","D:\github\ron-english-sketches-and-drawings\Sketches\avians\ducks\backup-before-full-ducks-update-20260506-174531\index.html.bak-centering-20260507-142125","Updated"
"dr-bub-quack.html","Sketches\avians\ducks\dr-bub-quack.html","D:\github\ron-english-sketches-and-drawings\Sketches\avians\ducks\dr-bub-quack.html","True","D:\github\ron-english-sketches-and-drawings\Sketches\avians\ducks\dr-bub-quack.html.bak-centering-20260507-142125","Updated"
"dr-bub-quack-early-version.html","Sketches\avians\ducks\dr-bub-quack-early-version.html","D:\github\ron-english-sketches-and-drawings\Sketches\avians\ducks\dr-bub-quack-early-version.html","True","D:\github\ron-english-sketches-and-drawings\Sketches\avians\ducks\dr-bub-quack-early-version.html.bak-centering-20260507-142125","Updated"
"duck-at-war.html","Sketches\avians\ducks\duck-at-war.html","D:\github\ron-english-sketches-and-drawings\Sketches\avians\ducks\duck-at-war.html","True","D:\github\ron-english-sketches-and-drawings\Sketches\avians\ducks\duck-at-war.html.bak-centering-20260507-142125","Updated"
"duck-boat.html","Sketches\avians\ducks\duck-boat.html","D:\github\ron-english-sketches-and-drawings\Sketches\avians\ducks\duck-boat.html","True","D:\github\ron-english-sketches-and-drawings\Sketches\avians\ducks\duck-boat.html.bak-centering-20260507-142125","Updated"
"duck-fetus.html","Sketches\avians\ducks\duck-fetus.html","D:\github\ron-english-sketches-and-drawings\Sketches\avians\ducks\duck-fetus.html","True","D:\github\ron-english-sketches-and-drawings\Sketches\avians\ducks\duck-fetus.html.bak-centering-20260507-142125","Updated"
"duck-house-riverview-estates.html","Sketches\avians\ducks\duck-house-riverview-estates.html","D:\github\ron-english-sketches-and-drawings\Sketches\avians\ducks\duck-house-riverview-estates.html","True","D:\github\ron-english-sketches-and-drawings\Sketches\avians\ducks\duck-house-riverview-estates.html.bak-centering-20260507-142125","Updated"
"eddie-six-quack.html","Sketches\avians\ducks\eddie-six-quack.html","D:\github\ron-english-sketches-and-drawings\Sketches\avians\ducks\eddie-six-quack.html","True","D:\github\ron-english-sketches-and-drawings\Sketches\avians\ducks\eddie-six-quack.html.bak-centering-20260507-142125","Updated"
"eddie-six-quack-and-football.html","Sketches\avians\ducks\eddie-six-quack-and-football.html","D:\github\ron-english-sketches-and-drawings\Sketches\avians\ducks\eddie-six-quack-and-football.html","True","D:\github\ron-english-sketches-and-drawings\Sketches\avians\ducks\eddie-six-quack-and-football.html.bak-centering-20260507-142125","Updated"
"eddie-six-quack-early-version.html","Sketches\avians\ducks\eddie-six-quack-early-version.html","D:\github\ron-english-sketches-and-drawings\Sketches\avians\ducks\eddie-six-quack-early-version.html","True","D:\github\ron-english-sketches-and-drawings\Sketches\avians\ducks\eddie-six-quack-early-version.html.bak-centering-20260507-142125","Updated"
"flying-duck.html","Sketches\avians\ducks\flying-duck.html","D:\github\ron-english-sketches-and-drawings\Sketches\avians\ducks\flying-duck.html","True","D:\github\ron-english-sketches-and-drawings\Sketches\avians\ducks\flying-duck.html.bak-centering-20260507-142125","Updated"
"football-duck.html","Sketches\avians\ducks\football-duck.html","D:\github\ron-english-sketches-and-drawings\Sketches\avians\ducks\football-duck.html","True","D:\github\ron-english-sketches-and-drawings\Sketches\avians\ducks\football-duck.html.bak-centering-20260507-142125","Updated"
"hatch-quack.html","Sketches\avians\ducks\hatch-quack.html","D:\github\ron-english-sketches-and-drawings\Sketches\avians\ducks\hatch-quack.html","True","D:\github\ron-english-sketches-and-drawings\Sketches\avians\ducks\hatch-quack.html.bak-centering-20260507-142125","Updated"
"index.html","Sketches\avians\ducks\index.html","D:\github\ron-english-sketches-and-drawings\Sketches\avians\ducks\index.html","True","D:\github\ron-english-sketches-and-drawings\Sketches\avians\ducks\index.html.bak-centering-20260507-142125","Updated"
"jet-quack.html","Sketches\avians\ducks\jet-quack.html","D:\github\ron-english-sketches-and-drawings\Sketches\avians\ducks\jet-quack.html","True","D:\github\ron-english-sketches-and-drawings\Sketches\avians\ducks\jet-quack.html.bak-centering-20260507-142125","Updated"
"jet-quack-early-version.html","Sketches\avians\ducks\jet-quack-early-version.html","D:\github\ron-english-sketches-and-drawings\Sketches\avians\ducks\jet-quack-early-version.html","True","D:\github\ron-english-sketches-and-drawings\Sketches\avians\ducks\jet-quack-early-version.html.bak-centering-20260507-142125","Updated"
"punk-duck.html","Sketches\avians\ducks\punk-duck.html","D:\github\ron-english-sketches-and-drawings\Sketches\avians\ducks\punk-duck.html","True","D:\github\ron-english-sketches-and-drawings\Sketches\avians\ducks\punk-duck.html.bak-centering-20260507-142125","Updated"
"quack-egg.html","Sketches\avians\ducks\quack-egg.html","D:\github\ron-english-sketches-and-drawings\Sketches\avians\ducks\quack-egg.html","True","D:\github\ron-english-sketches-and-drawings\Sketches\avians\ducks\quack-egg.html.bak-centering-20260507-142125","Updated"
"quack-guernica.html","Sketches\avians\ducks\quack-guernica.html","D:\github\ron-english-sketches-and-drawings\Sketches\avians\ducks\quack-guernica.html","True","D:\github\ron-english-sketches-and-drawings\Sketches\avians\ducks\quack-guernica.html.bak-centering-20260507-142125","Updated"
"small-duck.html","Sketches\avians\ducks\small-duck.html","D:\github\ron-english-sketches-and-drawings\Sketches\avians\ducks\small-duck.html","True","D:\github\ron-english-sketches-and-drawings\Sketches\avians\ducks\small-duck.html.bak-centering-20260507-142125","Updated"
"eagle-head.html","Sketches\avians\eagles\eagle-head.html","D:\github\ron-english-sketches-and-drawings\Sketches\avians\eagles\eagle-head.html","True","D:\github\ron-english-sketches-and-drawings\Sketches\avians\eagles\eagle-head.html.bak-centering-20260507-142125","Updated"
"eagle-weed.html","Sketches\avians\eagles\eagle-weed.html","D:\github\ron-english-sketches-and-drawings\Sketches\avians\eagles\eagle-weed.html","True","D:\github\ron-english-sketches-and-drawings\Sketches\avians\eagles\eagle-weed.html.bak-centering-20260507-142125","Updated"
"index.html","Sketches\avians\eagles\index.html","D:\github\ron-english-sketches-and-drawings\Sketches\avians\eagles\index.html","True","D:\github\ron-english-sketches-and-drawings\Sketches\avians\eagles\index.html.bak-centering-20260507-142125","Updated"
"lightning-bird.html","Sketches\avians\eagles\lightning-bird.html","D:\github\ron-english-sketches-and-drawings\Sketches\avians\eagles\lightning-bird.html","True","D:\github\ron-english-sketches-and-drawings\Sketches\avians\eagles\lightning-bird.html.bak-centering-20260507-142125","Updated"
"index.html","Sketches\avians\index.html","D:\github\ron-english-sketches-and-drawings\Sketches\avians\index.html","True","D:\github\ron-english-sketches-and-drawings\Sketches\avians\index.html.bak-centering-20260507-142125","Updated"
"bird.html","Sketches\avians\other birds\bird.html","D:\github\ron-english-sketches-and-drawings\Sketches\avians\other birds\bird.html","True","D:\github\ron-english-sketches-and-drawings\Sketches\avians\other birds\bird.html.bak-centering-20260507-142125","Updated"
"bird-beak.html","Sketches\avians\other birds\bird-beak.html","D:\github\ron-english-sketches-and-drawings\Sketches\avians\other birds\bird-beak.html","True","D:\github\ron-english-sketches-and-drawings\Sketches\avians\other birds\bird-beak.html.bak-centering-20260507-142125","Updated"
"index.html","Sketches\avians\other birds\index.html","D:\github\ron-english-sketches-and-drawings\Sketches\avians\other birds\index.html","True","D:\github\ron-english-sketches-and-drawings\Sketches\avians\other birds\index.html.bak-centering-20260507-142125","Updated"
"staples-pigeon.html","Sketches\avians\other birds\staples-pigeon.html","D:\github\ron-english-sketches-and-drawings\Sketches\avians\other birds\staples-pigeon.html","True","D:\github\ron-english-sketches-and-drawings\Sketches\avians\other birds\staples-pigeon.html.bak-centering-20260507-142125","Updated"
"bear-and-babe.html","Sketches\bears\bear-and-babe.html","D:\github\ron-english-sketches-and-drawings\Sketches\bears\bear-and-babe.html","True","D:\github\ron-english-sketches-and-drawings\Sketches\bears\bear-and-babe.html.bak-centering-20260507-142125","Updated"
"bear-family-icon.html","Sketches\bears\bear-family-icon.html","D:\github\ron-english-sketches-and-drawings\Sketches\bears\bear-family-icon.html","True","D:\github\ron-english-sketches-and-drawings\Sketches\bears\bear-family-icon.html.bak-centering-20260507-142125","Updated"
"bear-portrait.html","Sketches\bears\bear-portrait.html","D:\github\ron-english-sketches-and-drawings\Sketches\bears\bear-portrait.html","True","D:\github\ron-english-sketches-and-drawings\Sketches\bears\bear-portrait.html.bak-centering-20260507-142125","Updated"
"beer-bear.html","Sketches\bears\beer-bear.html","D:\github\ron-english-sketches-and-drawings\Sketches\bears\beer-bear.html","True","D:\github\ron-english-sketches-and-drawings\Sketches\bears\beer-bear.html.bak-centering-20260507-142125","Updated"
"blue-bear.html","Sketches\bears\blue-bear.html","D:\github\ron-english-sketches-and-drawings\Sketches\bears\blue-bear.html","True","D:\github\ron-english-sketches-and-drawings\Sketches\bears\blue-bear.html.bak-centering-20260507-142125","Updated"
"index.html","Sketches\bears\index.html","D:\github\ron-english-sketches-and-drawings\Sketches\bears\index.html","True","D:\github\ron-english-sketches-and-drawings\Sketches\bears\index.html.bak-centering-20260507-142125","Updated"
"lil-bear.html","Sketches\bears\lil-bear.html","D:\github\ron-english-sketches-and-drawings\Sketches\bears\lil-bear.html","True","D:\github\ron-english-sketches-and-drawings\Sketches\bears\lil-bear.html.bak-centering-20260507-142125","Updated"
"my-thoughts-escape-me.html","Sketches\bears\my-thoughts-escape-me.html","D:\github\ron-english-sketches-and-drawings\Sketches\bears\my-thoughts-escape-me.html","True","D:\github\ron-english-sketches-and-drawings\Sketches\bears\my-thoughts-escape-me.html.bak-centering-20260507-142125","Updated"
"papa-panda.html","Sketches\bears\papa-panda.html","D:\github\ron-english-sketches-and-drawings\Sketches\bears\papa-panda.html","True","D:\github\ron-english-sketches-and-drawings\Sketches\bears\papa-panda.html.bak-centering-20260507-142125","Updated"
"red-bear.html","Sketches\bears\red-bear.html","D:\github\ron-english-sketches-and-drawings\Sketches\bears\red-bear.html","True","D:\github\ron-english-sketches-and-drawings\Sketches\bears\red-bear.html.bak-centering-20260507-142125","Updated"
"white-bear.html","Sketches\bears\white-bear.html","D:\github\ron-english-sketches-and-drawings\Sketches\bears\white-bear.html","True","D:\github\ron-english-sketches-and-drawings\Sketches\bears\white-bear.html.bak-centering-20260507-142125","Updated"
"bigfoot-family-icon.html","Sketches\bigfoot\bigfoot-family-icon.html","D:\github\ron-english-sketches-and-drawings\Sketches\bigfoot\bigfoot-family-icon.html","True","D:\github\ron-english-sketches-and-drawings\Sketches\bigfoot\bigfoot-family-icon.html.bak-centering-20260507-142125","Updated"
"bigfoot-feet.html","Sketches\bigfoot\bigfoot-feet.html","D:\github\ron-english-sketches-and-drawings\Sketches\bigfoot\bigfoot-feet.html","True","D:\github\ron-english-sketches-and-drawings\Sketches\bigfoot\bigfoot-feet.html.bak-centering-20260507-142125","Updated"
"bigfoot-living-room.html","Sketches\bigfoot\bigfoot-living-room.html","D:\github\ron-english-sketches-and-drawings\Sketches\bigfoot\bigfoot-living-room.html","True","D:\github\ron-english-sketches-and-drawings\Sketches\bigfoot\bigfoot-living-room.html.bak-centering-20260507-142125","Updated"
"bigfoot-messiah.html","Sketches\bigfoot\bigfoot-messiah.html","D:\github\ron-english-sketches-and-drawings\Sketches\bigfoot\bigfoot-messiah.html","True","D:\github\ron-english-sketches-and-drawings\Sketches\bigfoot\bigfoot-messiah.html.bak-centering-20260507-142125","Updated"
"bigfoot-toddler.html","Sketches\bigfoot\bigfoot-toddler.html","D:\github\ron-english-sketches-and-drawings\Sketches\bigfoot\bigfoot-toddler.html","True","D:\github\ron-english-sketches-and-drawings\Sketches\bigfoot\bigfoot-toddler.html.bak-centering-20260507-142125","Updated"
"bigfoot-tourist.html","Sketches\bigfoot\bigfoot-tourist.html","D:\github\ron-english-sketches-and-drawings\Sketches\bigfoot\bigfoot-tourist.html","True","D:\github\ron-english-sketches-and-drawings\Sketches\bigfoot\bigfoot-tourist.html.bak-centering-20260507-142125","Updated"
"fake-father-bigfoot.html","Sketches\bigfoot\fake-father-bigfoot.html","D:\github\ron-english-sketches-and-drawings\Sketches\bigfoot\fake-father-bigfoot.html","True","D:\github\ron-english-sketches-and-drawings\Sketches\bigfoot\fake-father-bigfoot.html.bak-centering-20260507-142125","Updated"
"index.html","Sketches\bigfoot\index.html","D:\github\ron-english-sketches-and-drawings\Sketches\bigfoot\index.html","True","D:\github\ron-english-sketches-and-drawings\Sketches\bigfoot\index.html.bak-centering-20260507-142125","Updated"
"lady-bigfoot.html","Sketches\bigfoot\lady-bigfoot.html","D:\github\ron-english-sketches-and-drawings\Sketches\bigfoot\lady-bigfoot.html","True","D:\github\ron-english-sketches-and-drawings\Sketches\bigfoot\lady-bigfoot.html.bak-centering-20260507-142125","Updated"
"lil-bigfoot.html","Sketches\bigfoot\lil-bigfoot.html","D:\github\ron-english-sketches-and-drawings\Sketches\bigfoot\lil-bigfoot.html","True","D:\github\ron-english-sketches-and-drawings\Sketches\bigfoot\lil-bigfoot.html.bak-centering-20260507-142125","Updated"
"lil-bigfoot-with-beard.html","Sketches\bigfoot\lil-bigfoot-with-beard.html","D:\github\ron-english-sketches-and-drawings\Sketches\bigfoot\lil-bigfoot-with-beard.html","True","D:\github\ron-english-sketches-and-drawings\Sketches\bigfoot\lil-bigfoot-with-beard.html.bak-centering-20260507-142125","Updated"
"little-bigfoot.html","Sketches\bigfoot\little-bigfoot.html","D:\github\ron-english-sketches-and-drawings\Sketches\bigfoot\little-bigfoot.html","True","D:\github\ron-english-sketches-and-drawings\Sketches\bigfoot\little-bigfoot.html.bak-centering-20260507-142125","Updated"
"midget-bigfoot.html","Sketches\bigfoot\midget-bigfoot.html","D:\github\ron-english-sketches-and-drawings\Sketches\bigfoot\midget-bigfoot.html","True","D:\github\ron-english-sketches-and-drawings\Sketches\bigfoot\midget-bigfoot.html.bak-centering-20260507-142125","Updated"
"myth-mother-bigfoot.html","Sketches\bigfoot\myth-mother-bigfoot.html","D:\github\ron-english-sketches-and-drawings\Sketches\bigfoot\myth-mother-bigfoot.html","True","D:\github\ron-english-sketches-and-drawings\Sketches\bigfoot\myth-mother-bigfoot.html.bak-centering-20260507-142125","Updated"
"new-urban-bigfoot.html","Sketches\bigfoot\new-urban-bigfoot.html","D:\github\ron-english-sketches-and-drawings\Sketches\bigfoot\new-urban-bigfoot.html","True","D:\github\ron-english-sketches-and-drawings\Sketches\bigfoot\new-urban-bigfoot.html.bak-centering-20260507-142125","Updated"
"urban-bigfoot.html","Sketches\bigfoot\urban-bigfoot.html","D:\github\ron-english-sketches-and-drawings\Sketches\bigfoot\urban-bigfoot.html","True","D:\github\ron-english-sketches-and-drawings\Sketches\bigfoot\urban-bigfoot.html.bak-centering-20260507-142125","Updated"
"urban-bigfoot-with-hoodie.html","Sketches\bigfoot\urban-bigfoot-with-hoodie.html","D:\github\ron-english-sketches-and-drawings\Sketches\bigfoot\urban-bigfoot-with-hoodie.html","True","D:\github\ron-english-sketches-and-drawings\Sketches\bigfoot\urban-bigfoot-with-hoodie.html.bak-centering-20260507-142125","Updated"
"washington-bigfoot.html","Sketches\bigfoot\washington-bigfoot.html","D:\github\ron-english-sketches-and-drawings\Sketches\bigfoot\washington-bigfoot.html","True","D:\github\ron-english-sketches-and-drawings\Sketches\bigfoot\washington-bigfoot.html.bak-centering-20260507-142125","Updated"
"alien-baby-grin.html","Sketches\grins\alien-baby-grin.html","D:\github\ron-english-sketches-and-drawings\Sketches\grins\alien-baby-grin.html","True","D:\github\ron-english-sketches-and-drawings\Sketches\grins\alien-baby-grin.html.bak-centering-20260507-142125","Updated"
"alien-grin.html","Sketches\grins\alien-grin.html","D:\github\ron-english-sketches-and-drawings\Sketches\grins\alien-grin.html","True","D:\github\ron-english-sketches-and-drawings\Sketches\grins\alien-grin.html.bak-centering-20260507-142125","Updated"
"angel-grin.html","Sketches\grins\angel-grin.html","D:\github\ron-english-sketches-and-drawings\Sketches\grins\angel-grin.html","True","D:\github\ron-english-sketches-and-drawings\Sketches\grins\angel-grin.html.bak-centering-20260507-142125","Updated"
"angel-wings-grin.html","Sketches\grins\angel-wings-grin.html","D:\github\ron-english-sketches-and-drawings\Sketches\grins\angel-wings-grin.html","True","D:\github\ron-english-sketches-and-drawings\Sketches\grins\angel-wings-grin.html.bak-centering-20260507-142125","Updated"
"artist-grin.html","Sketches\grins\artist-grin.html","D:\github\ron-english-sketches-and-drawings\Sketches\grins\artist-grin.html","True","D:\github\ron-english-sketches-and-drawings\Sketches\grins\artist-grin.html.bak-centering-20260507-142125","Updated"
"astro-boy-grin.html","Sketches\grins\astro-boy-grin.html","D:\github\ron-english-sketches-and-drawings\Sketches\grins\astro-boy-grin.html","True","D:\github\ron-english-sketches-and-drawings\Sketches\grins\astro-boy-grin.html.bak-centering-20260507-142125","Updated"
"astrogrin.html","Sketches\grins\astrogrin.html","D:\github\ron-english-sketches-and-drawings\Sketches\grins\astrogrin.html","True","D:\github\ron-english-sketches-and-drawings\Sketches\grins\astrogrin.html.bak-centering-20260507-142125","Updated"
"babalouie-grin.html","Sketches\grins\babalouie-grin.html","D:\github\ron-english-sketches-and-drawings\Sketches\grins\babalouie-grin.html","True","D:\github\ron-english-sketches-and-drawings\Sketches\grins\babalouie-grin.html.bak-centering-20260507-142125","Updated"
"baby-grin.html","Sketches\grins\baby-grin.html","D:\github\ron-english-sketches-and-drawings\Sketches\grins\baby-grin.html","True","D:\github\ron-english-sketches-and-drawings\Sketches\grins\baby-grin.html.bak-centering-20260507-142125","Updated"
"baby-grin-2.html","Sketches\grins\baby-grin-2.html","D:\github\ron-english-sketches-and-drawings\Sketches\grins\baby-grin-2.html","True","D:\github\ron-english-sketches-and-drawings\Sketches\grins\baby-grin-2.html.bak-centering-20260507-142125","Updated"
"badly-drawn-batman-grin.html","Sketches\grins\badly-drawn-batman-grin.html","D:\github\ron-english-sketches-and-drawings\Sketches\grins\badly-drawn-batman-grin.html","True","D:\github\ron-english-sketches-and-drawings\Sketches\grins\badly-drawn-batman-grin.html.bak-centering-20260507-142125","Updated"
"barney-grin.html","Sketches\grins\barney-grin.html","D:\github\ron-english-sketches-and-drawings\Sketches\grins\barney-grin.html","True","D:\github\ron-english-sketches-and-drawings\Sketches\grins\barney-grin.html.bak-centering-20260507-142125","Updated"
"barney-grin-flying.html","Sketches\grins\barney-grin-flying.html","D:\github\ron-english-sketches-and-drawings\Sketches\grins\barney-grin-flying.html","True","D:\github\ron-english-sketches-and-drawings\Sketches\grins\barney-grin-flying.html.bak-centering-20260507-142125","Updated"
"barney-grin-guernical.html","Sketches\grins\barney-grin-guernical.html","D:\github\ron-english-sketches-and-drawings\Sketches\grins\barney-grin-guernical.html","True","D:\github\ron-english-sketches-and-drawings\Sketches\grins\barney-grin-guernical.html.bak-centering-20260507-142125","Updated"
"bart-grin.html","Sketches\grins\bart-grin.html","D:\github\ron-english-sketches-and-drawings\Sketches\grins\bart-grin.html","True","D:\github\ron-english-sketches-and-drawings\Sketches\grins\bart-grin.html.bak-centering-20260507-142125","Updated"
"bart-grin-chubby.html","Sketches\grins\bart-grin-chubby.html","D:\github\ron-english-sketches-and-drawings\Sketches\grins\bart-grin-chubby.html","True","D:\github\ron-english-sketches-and-drawings\Sketches\grins\bart-grin-chubby.html.bak-centering-20260507-142125","Updated"
"bart-grin-short.html","Sketches\grins\bart-grin-short.html","D:\github\ron-english-sketches-and-drawings\Sketches\grins\bart-grin-short.html","True","D:\github\ron-english-sketches-and-drawings\Sketches\grins\bart-grin-short.html.bak-centering-20260507-142125","Updated"
"bartman-grin.html","Sketches\grins\bartman-grin.html","D:\github\ron-english-sketches-and-drawings\Sketches\grins\bartman-grin.html","True","D:\github\ron-english-sketches-and-drawings\Sketches\grins\bartman-grin.html.bak-centering-20260507-142125","Updated"
"bartman-grin-flying.html","Sketches\grins\bartman-grin-flying.html","D:\github\ron-english-sketches-and-drawings\Sketches\grins\bartman-grin-flying.html","True","D:\github\ron-english-sketches-and-drawings\Sketches\grins\bartman-grin-flying.html.bak-centering-20260507-142125","Updated"
"baseball-grin.html","Sketches\grins\baseball-grin.html","D:\github\ron-english-sketches-and-drawings\Sketches\grins\baseball-grin.html","True","D:\github\ron-english-sketches-and-drawings\Sketches\grins\baseball-grin.html.bak-centering-20260507-142125","Updated"
"basketball-bulldog-grin.html","Sketches\grins\basketball-bulldog-grin.html","D:\github\ron-english-sketches-and-drawings\Sketches\grins\basketball-bulldog-grin.html","True","D:\github\ron-english-sketches-and-drawings\Sketches\grins\basketball-bulldog-grin.html.bak-centering-20260507-142125","Updated"
"basketball-grin.html","Sketches\grins\basketball-grin.html","D:\github\ron-english-sketches-and-drawings\Sketches\grins\basketball-grin.html","True","D:\github\ron-english-sketches-and-drawings\Sketches\grins\basketball-grin.html.bak-centering-20260507-142125","Updated"
"bat-grin.html","Sketches\grins\bat-grin.html","D:\github\ron-english-sketches-and-drawings\Sketches\grins\bat-grin.html","True","D:\github\ron-english-sketches-and-drawings\Sketches\grins\bat-grin.html.bak-centering-20260507-142125","Updated"
"bat-grin-version-2.html","Sketches\grins\bat-grin-version-2.html","D:\github\ron-english-sketches-and-drawings\Sketches\grins\bat-grin-version-2.html","True","D:\github\ron-english-sketches-and-drawings\Sketches\grins\bat-grin-version-2.html.bak-centering-20260507-142126","Updated"
"batman-grin.html","Sketches\grins\batman-grin.html","D:\github\ron-english-sketches-and-drawings\Sketches\grins\batman-grin.html","True","D:\github\ron-english-sketches-and-drawings\Sketches\grins\batman-grin.html.bak-centering-20260507-142126","Updated"
"batman-grin-and-robin-2.html","Sketches\grins\batman-grin-and-robin-2.html","D:\github\ron-english-sketches-and-drawings\Sketches\grins\batman-grin-and-robin-2.html","True","D:\github\ron-english-sketches-and-drawings\Sketches\grins\batman-grin-and-robin-2.html.bak-centering-20260507-142126","Updated"
"batman-grin-icon.html","Sketches\grins\batman-grin-icon.html","D:\github\ron-english-sketches-and-drawings\Sketches\grins\batman-grin-icon.html","True","D:\github\ron-english-sketches-and-drawings\Sketches\grins\batman-grin-icon.html.bak-centering-20260507-142126","Updated"
"batman-grin-torso.html","Sketches\grins\batman-grin-torso.html","D:\github\ron-english-sketches-and-drawings\Sketches\grins\batman-grin-torso.html","True","D:\github\ron-english-sketches-and-drawings\Sketches\grins\batman-grin-torso.html.bak-centering-20260507-142126","Updated"
"battle-cat-grin.html","Sketches\grins\battle-cat-grin.html","D:\github\ron-english-sketches-and-drawings\Sketches\grins\battle-cat-grin.html","True","D:\github\ron-english-sketches-and-drawings\Sketches\grins\battle-cat-grin.html.bak-centering-20260507-142126","Updated"
"battle-cat-grin-crouching.html","Sketches\grins\battle-cat-grin-crouching.html","D:\github\ron-english-sketches-and-drawings\Sketches\grins\battle-cat-grin-crouching.html","True","D:\github\ron-english-sketches-and-drawings\Sketches\grins\battle-cat-grin-crouching.html.bak-centering-20260507-142126","Updated"
"battle-skull-grin.html","Sketches\grins\battle-skull-grin.html","D:\github\ron-english-sketches-and-drawings\Sketches\grins\battle-skull-grin.html","True","D:\github\ron-english-sketches-and-drawings\Sketches\grins\battle-skull-grin.html.bak-centering-20260507-142126","Updated"
"bearbrick-skull.html","Sketches\grins\bearbrick-skull.html","D:\github\ron-english-sketches-and-drawings\Sketches\grins\bearbrick-skull.html","True","D:\github\ron-english-sketches-and-drawings\Sketches\grins\bearbrick-skull.html.bak-centering-20260507-142126","Updated"
"bear-grin-forked-tongue.html","Sketches\grins\bear-grin-forked-tongue.html","D:\github\ron-english-sketches-and-drawings\Sketches\grins\bear-grin-forked-tongue.html","True","D:\github\ron-english-sketches-and-drawings\Sketches\grins\bear-grin-forked-tongue.html.bak-centering-20260507-142126","Updated"
"beast-man-grin.html","Sketches\grins\beast-man-grin.html","D:\github\ron-english-sketches-and-drawings\Sketches\grins\beast-man-grin.html","True","D:\github\ron-english-sketches-and-drawings\Sketches\grins\beast-man-grin.html.bak-centering-20260507-142126","Updated"
"bert-grin.html","Sketches\grins\bert-grin.html","D:\github\ron-english-sketches-and-drawings\Sketches\grins\bert-grin.html","True","D:\github\ron-english-sketches-and-drawings\Sketches\grins\bert-grin.html.bak-centering-20260507-142126","Updated"
"big-boy-grin.html","Sketches\grins\big-boy-grin.html","D:\github\ron-english-sketches-and-drawings\Sketches\grins\big-boy-grin.html","True","D:\github\ron-english-sketches-and-drawings\Sketches\grins\big-boy-grin.html.bak-centering-20260507-142126","Updated"
"biggie-grin.html","Sketches\grins\biggie-grin.html","D:\github\ron-english-sketches-and-drawings\Sketches\grins\biggie-grin.html","True","D:\github\ron-english-sketches-and-drawings\Sketches\grins\biggie-grin.html.bak-centering-20260507-142126","Updated"
"blanka-grin.html","Sketches\grins\blanka-grin.html","D:\github\ron-english-sketches-and-drawings\Sketches\grins\blanka-grin.html","True","D:\github\ron-english-sketches-and-drawings\Sketches\grins\blanka-grin.html.bak-centering-20260507-142126","Updated"
"blotchy-grin.html","Sketches\grins\blotchy-grin.html","D:\github\ron-english-sketches-and-drawings\Sketches\grins\blotchy-grin.html","True","D:\github\ron-english-sketches-and-drawings\Sketches\grins\blotchy-grin.html.bak-centering-20260507-142126","Updated"
"blue-from-blue-s-clues-grin.html","Sketches\grins\blue-from-blue-s-clues-grin.html","D:\github\ron-english-sketches-and-drawings\Sketches\grins\blue-from-blue-s-clues-grin.html","True","D:\github\ron-english-sketches-and-drawings\Sketches\grins\blue-from-blue-s-clues-grin.html.bak-centering-20260507-142126","Updated"
"boba-fett-grin.html","Sketches\grins\boba-fett-grin.html","D:\github\ron-english-sketches-and-drawings\Sketches\grins\boba-fett-grin.html","True","D:\github\ron-english-sketches-and-drawings\Sketches\grins\boba-fett-grin.html.bak-centering-20260507-142126","Updated"
"boo-boo-bear-grin.html","Sketches\grins\boo-boo-bear-grin.html","D:\github\ron-english-sketches-and-drawings\Sketches\grins\boo-boo-bear-grin.html","True","D:\github\ron-english-sketches-and-drawings\Sketches\grins\boo-boo-bear-grin.html.bak-centering-20260507-142126","Updated"
"bored-ape-cowboy-grin.html","Sketches\grins\bored-ape-cowboy-grin.html","D:\github\ron-english-sketches-and-drawings\Sketches\grins\bored-ape-cowboy-grin.html","True","D:\github\ron-english-sketches-and-drawings\Sketches\grins\bored-ape-cowboy-grin.html.bak-centering-20260507-142126","Updated"
"bored-ape-grin.html","Sketches\grins\bored-ape-grin.html","D:\github\ron-english-sketches-and-drawings\Sketches\grins\bored-ape-grin.html","True","D:\github\ron-english-sketches-and-drawings\Sketches\grins\bored-ape-grin.html.bak-centering-20260507-142126","Updated"
"b-rex-grin.html","Sketches\grins\b-rex-grin.html","D:\github\ron-english-sketches-and-drawings\Sketches\grins\b-rex-grin.html","True","D:\github\ron-english-sketches-and-drawings\Sketches\grins\b-rex-grin.html.bak-centering-20260507-142126","Updated"
"bugs-grin.html","Sketches\grins\bugs-grin.html","D:\github\ron-english-sketches-and-drawings\Sketches\grins\bugs-grin.html","True","D:\github\ron-english-sketches-and-drawings\Sketches\grins\bugs-grin.html.bak-centering-20260507-142126","Updated"
"bulldog-grin.html","Sketches\grins\bulldog-grin.html","D:\github\ron-english-sketches-and-drawings\Sketches\grins\bulldog-grin.html","True","D:\github\ron-english-sketches-and-drawings\Sketches\grins\bulldog-grin.html.bak-centering-20260507-142126","Updated"
"businessman-grin.html","Sketches\grins\businessman-grin.html","D:\github\ron-english-sketches-and-drawings\Sketches\grins\businessman-grin.html","True","D:\github\ron-english-sketches-and-drawings\Sketches\grins\businessman-grin.html.bak-centering-20260507-142126","Updated"
"index.html","Sketches\grins\index.html","D:\github\ron-english-sketches-and-drawings\Sketches\grins\index.html","True","D:\github\ron-english-sketches-and-drawings\Sketches\grins\index.html.bak-centering-20260507-142126","Updated"
"index.html","Sketches\index.html","D:\github\ron-english-sketches-and-drawings\Sketches\index.html","True","D:\github\ron-english-sketches-and-drawings\Sketches\index.html.bak-centering-20260507-142126","Updated"
