"RepoName","WorkTitle","Category","Subcategory","RelativeHtmlPath","PublicPageURL","ImageCount","LocalMissingImageCount","HeroImageURL","Status","Message"
"Aliens","500-Pound Poultry Alien","aliens","aliens","Sketches\aliens\500-pound-poultry-alien.html","https://ronenglish-archive.github.io/ron-english-sketches-aliens/Sketches/aliens/500-pound-poultry-alien.html","3","0","https://ronenglish-archive.github.io/ron-english-sketches-aliens/images/Sketches/aliens/500-Pound%20Poultry%20Alien%20-%20original.jpg","OK","Ready."
"Aliens","Absubtract Analsupress","aliens","aliens","Sketches\aliens\absubtract-analsupress.html","https://ronenglish-archive.github.io/ron-english-sketches-aliens/Sketches/aliens/absubtract-analsupress.html","3","0","https://ronenglish-archive.github.io/ron-english-sketches-aliens/images/Sketches/aliens/Galacter%20Equanimous%20ORIGINAL.jpg","OK","Ready."
"Aliens","Adam Alien","aliens","aliens","Sketches\aliens\adam-alien.html","https://ronenglish-archive.github.io/ron-english-sketches-aliens/Sketches/aliens/adam-alien.html","3","0","https://ronenglish-archive.github.io/ron-english-sketches-aliens/images/Sketches/aliens/Adam%20Alien%20-%20original.jpg","OK","Ready."
"Aliens","Adrian Alien","aliens","aliens","Sketches\aliens\adrian-alien.html","https://ronenglish-archive.github.io/ron-english-sketches-aliens/Sketches/aliens/adrian-alien.html","3","0","https://ronenglish-archive.github.io/ron-english-sketches-aliens/images/Sketches/aliens/Adrian%20Alien%20-%20original.jpg","OK","Ready."
"Aliens","Aerospam Demotron","aliens","aliens","Sketches\aliens\aerospam-demotron.html","https://ronenglish-archive.github.io/ron-english-sketches-aliens/Sketches/aliens/aerospam-demotron.html","15","0","https://ronenglish-archive.github.io/ron-english-sketches-aliens/images/Sketches/aliens/Aerospam%20Demotron%20-%20original.jpg","OK","Ready."
"Aliens","Alexandrinus Reflection","aliens","aliens","Sketches\aliens\alexandrinus-reflection.html","https://ronenglish-archive.github.io/ron-english-sketches-aliens/Sketches/aliens/alexandrinus-reflection.html","4","0","https://ronenglish-archive.github.io/ron-english-sketches-aliens/images/Sketches/aliens/Alexandrinus%20Reflection%20-%20original.jpg","OK","Ready."
"Aliens","Aliegenie","aliens","aliens","Sketches\aliens\aliegenie.html","https://ronenglish-archive.github.io/ron-english-sketches-aliens/Sketches/aliens/aliegenie.html","2","0","https://ronenglish-archive.github.io/ron-english-sketches-aliens/images/Sketches/aliens/Lunashtick%20ORIGINAL.jpg","OK","Ready."
"Aliens","Alien Bot","aliens","aliens","Sketches\aliens\alien-bot.html","https://ronenglish-archive.github.io/ron-english-sketches-aliens/Sketches/aliens/alien-bot.html","3","0","https://ronenglish-archive.github.io/ron-english-sketches-aliens/images/Sketches/aliens%202/Bot%20Alien%20ORIGINAL.jpg","OK","Ready."
"Aliens","Alien Cherub","aliens","aliens","Sketches\aliens\alien-cherub.html","https://ronenglish-archive.github.io/ron-english-sketches-aliens/Sketches/aliens/alien-cherub.html","14","0","https://ronenglish-archive.github.io/ron-english-sketches-aliens/images/Sketches/aliens/Alien%20cherub%20ORIGINAL.jpg","OK","Ready."
"Aliens","Alien Offspring","aliens","aliens","Sketches\aliens\alien-offspring.html","https://ronenglish-archive.github.io/ron-english-sketches-aliens/Sketches/aliens/alien-offspring.html","3","0","https://ronenglish-archive.github.io/ron-english-sketches-aliens/images/Sketches/aliens/Alien%20Offspring%20-%20original.jpg","OK","Ready."
"Aliens","Alien Spiral Eyes","aliens","aliens","Sketches\aliens\alien-spiral-eyes.html","https://ronenglish-archive.github.io/ron-english-sketches-aliens/Sketches/aliens/alien-spiral-eyes.html","3","0","https://ronenglish-archive.github.io/ron-english-sketches-aliens/images/Sketches/aliens%202/Alien%20Spiral%20Eyes%20ORIGINAL.jpg","OK","Ready."
"Aliens","Alien Superman","aliens","aliens","Sketches\aliens\alien-superman.html","https://ronenglish-archive.github.io/ron-english-sketches-aliens/Sketches/aliens/alien-superman.html","6","0","https://ronenglish-archive.github.io/ron-english-sketches-aliens/images/Sketches/aliens/Alien%20Superman%20-%20pose%201%20original.jpg","OK","Ready."
"Aliens","All Ears Ernie","aliens","aliens","Sketches\aliens\all-ears-ernie.html","https://ronenglish-archive.github.io/ron-english-sketches-aliens/Sketches/aliens/all-ears-ernie.html","2","0","https://ronenglish-archive.github.io/ron-english-sketches-aliens/images/Sketches/aliens/All%20Ears%20Ernie%20-%20B%26W.jpg","OK","Ready."
"Aliens","Alley Boutwit","aliens","aliens","Sketches\aliens\alley-boutwit.html","https://ronenglish-archive.github.io/ron-english-sketches-aliens/Sketches/aliens/alley-boutwit.html","13","0","https://ronenglish-archive.github.io/ron-english-sketches-aliens/images/Sketches/aliens/Alley%20Boutwit%20-%20original.jpg","OK","Ready."
"Aliens","Amblyopiate","aliens","aliens","Sketches\aliens\amblyopiate.html","https://ronenglish-archive.github.io/ron-english-sketches-aliens/Sketches/aliens/amblyopiate.html","2","0","https://ronenglish-archive.github.io/ron-english-sketches-aliens/images/Sketches/aliens/Amblyopiate%20-%20original.jpg","OK","Ready."
"Aliens","Ampadextal Testamonk","aliens","aliens","Sketches\aliens\ampadextal-testamonk.html","https://ronenglish-archive.github.io/ron-english-sketches-aliens/Sketches/aliens/ampadextal-testamonk.html","5","0","https://ronenglish-archive.github.io/ron-english-sketches-aliens/images/Sketches/aliens/Etymogual%20Benedictus%20ORIGINAL.jpg","OK","Ready."
"Aliens","Andresistor Toomoo","aliens","aliens","Sketches\aliens\andresistor-toomoo.html","https://ronenglish-archive.github.io/ron-english-sketches-aliens/Sketches/aliens/andresistor-toomoo.html","3","0","https://ronenglish-archive.github.io/ron-english-sketches-aliens/images/Sketches/aliens%202/Andresistor%20Toomoo%20ORIGINAL.jpg","OK","Ready."
"Aliens","Andresonor Vanvermon","aliens","aliens","Sketches\aliens\andresonor-vanvermon.html","https://ronenglish-archive.github.io/ron-english-sketches-aliens/Sketches/aliens/andresonor-vanvermon.html","4","0","https://ronenglish-archive.github.io/ron-english-sketches-aliens/images/Sketches/aliens/Andresonor%20Vanvermon%20-%20original.jpg","OK","Ready."
"Aliens","Anexus Elefander","aliens","aliens","Sketches\aliens\anexus-elefander.html","https://ronenglish-archive.github.io/ron-english-sketches-aliens/Sketches/aliens/anexus-elefander.html","12","0","https://ronenglish-archive.github.io/ron-english-sketches-aliens/images/Sketches/aliens/Happree%20Zelonaut%20ORIGINAL.jpg","OK","Ready."
"Aliens","Antron Gridiron Alien","aliens","aliens","Sketches\aliens\antron-gridiron-alien.html","https://ronenglish-archive.github.io/ron-english-sketches-aliens/Sketches/aliens/antron-gridiron-alien.html","6","0","https://ronenglish-archive.github.io/ron-english-sketches-aliens/images/Sketches/aliens/Antron%20Gridiron%20Alien%20-%20original.jpg","OK","Ready."
"Aliens","Aphelionia","aliens","aliens","Sketches\aliens\aphelionia.html","https://ronenglish-archive.github.io/ron-english-sketches-aliens/Sketches/aliens/aphelionia.html","2","0","https://ronenglish-archive.github.io/ron-english-sketches-aliens/images/Sketches/aliens/Aphelionia%20-%20original.jpg","OK","Ready."
"Aliens","Aqua Lung Alien","aliens","aliens","Sketches\aliens\aqua-lung-alien.html","https://ronenglish-archive.github.io/ron-english-sketches-aliens/Sketches/aliens/aqua-lung-alien.html","3","0","https://ronenglish-archive.github.io/ron-english-sketches-aliens/images/Sketches/aliens/Aqua%20Lung%20Alien%20-%20original.jpg","OK","Ready."
"Aliens","Ardent Adventurer","aliens","aliens","Sketches\aliens\ardent-adventurer.html","https://ronenglish-archive.github.io/ron-english-sketches-aliens/Sketches/aliens/ardent-adventurer.html","12","0","https://ronenglish-archive.github.io/ron-english-sketches-aliens/images/Sketches/aliens/Leisurabilly%20Indeafatigable%20ORIGINAL.jpg","OK","Ready."
"Aliens","Asher Gnasher","aliens","aliens","Sketches\aliens\asher-gnasher.html","https://ronenglish-archive.github.io/ron-english-sketches-aliens/Sketches/aliens/asher-gnasher.html","2","0","https://ronenglish-archive.github.io/ron-english-sketches-aliens/images/Sketches/aliens/Spirastro%20ORIGINAL.jpg","OK","Ready."
"Aliens","Aston Nish","aliens","aliens","Sketches\aliens\aston-nish.html","https://ronenglish-archive.github.io/ron-english-sketches-aliens/Sketches/aliens/aston-nish.html","12","0","https://ronenglish-archive.github.io/ron-english-sketches-aliens/images/Sketches/aliens%202/Aston%20Nish%20ORIGINAL.jpg","OK","Ready."
"Aliens","Astragrockle","aliens","aliens","Sketches\aliens\astragrockle.html","https://ronenglish-archive.github.io/ron-english-sketches-aliens/Sketches/aliens/astragrockle.html","2","0","https://ronenglish-archive.github.io/ron-english-sketches-aliens/images/Sketches/aliens/Squinch%20ORIGINAL.jpg","OK","Ready."
"Aliens","Astral Alex","aliens","aliens","Sketches\aliens\astral-alex.html","https://ronenglish-archive.github.io/ron-english-sketches-aliens/Sketches/aliens/astral-alex.html","2","0","https://ronenglish-archive.github.io/ron-english-sketches-aliens/images/Sketches/aliens/Spirastro%20ORIGINAL.jpg","OK","Ready."
"Aliens","Astral Galexic","aliens","aliens","Sketches\aliens\astral-galexic.html","https://ronenglish-archive.github.io/ron-english-sketches-aliens/Sketches/aliens/astral-galexic.html","11","0","https://ronenglish-archive.github.io/ron-english-sketches-aliens/images/Sketches/aliens/Lunashtick%20ORIGINAL.jpg","OK","Ready."
"Aliens","Astral Galexic version 2","aliens","aliens","Sketches\aliens\astral-galexic-version-2.html","https://ronenglish-archive.github.io/ron-english-sketches-aliens/Sketches/aliens/astral-galexic-version-2.html","11","0","https://ronenglish-archive.github.io/ron-english-sketches-aliens/images/Sketches/aliens%202/Astral%20Galexic%20version%202%20ORIGINAL.jpg","OK","Ready."
"Aliens","Astro","aliens","aliens","Sketches\aliens\astro.html","https://ronenglish-archive.github.io/ron-english-sketches-aliens/Sketches/aliens/astro.html","49","0","https://ronenglish-archive.github.io/ron-english-sketches-aliens/images/Sketches/aliens/Astro%20back%20ORIGINAL.jpg","OK","Ready."
"Aliens","Astrokurse","aliens","aliens","Sketches\aliens\astrokurse.html","https://ronenglish-archive.github.io/ron-english-sketches-aliens/Sketches/aliens/astrokurse.html","2","0","https://ronenglish-archive.github.io/ron-english-sketches-aliens/images/Sketches/aliens/Intercosmo%20ORIGINAL.jpg","OK","Ready."
"Aliens","Astropatra","aliens","aliens","Sketches\aliens\astropatra.html","https://ronenglish-archive.github.io/ron-english-sketches-aliens/Sketches/aliens/astropatra.html","2","0","https://ronenglish-archive.github.io/ron-english-sketches-aliens/images/Sketches/aliens/Cosmic%20Karla%20-%20original.jpg","OK","Ready."
"Aliens","Astrostotle","aliens","aliens","Sketches\aliens\astrostotle.html","https://ronenglish-archive.github.io/ron-english-sketches-aliens/Sketches/aliens/astrostotle.html","2","0","https://ronenglish-archive.github.io/ron-english-sketches-aliens/images/Sketches/aliens/E.%20T.%20Banditti%20ORIGINAL.jpg","OK","Ready."
"Aliens","Axus Aliender","aliens","aliens","Sketches\aliens\axus-aliender.html","https://ronenglish-archive.github.io/ron-english-sketches-aliens/Sketches/aliens/axus-aliender.html","12","0","https://ronenglish-archive.github.io/ron-english-sketches-aliens/images/Sketches/aliens/Happree%20Zelonaut%20ORIGINAL.jpg","OK","Ready."
"Aliens","Bacchan Complainer","aliens","aliens","Sketches\aliens\bacchan-complainer.html","https://ronenglish-archive.github.io/ron-english-sketches-aliens/Sketches/aliens/bacchan-complainer.html","5","0","https://ronenglish-archive.github.io/ron-english-sketches-aliens/images/Sketches/aliens/Kidmark%20Que%20ORIGINAL.jpg","OK","Ready."
"Aliens","Bee Sting Alien","aliens","aliens","Sketches\aliens\bee-sting-alien.html","https://ronenglish-archive.github.io/ron-english-sketches-aliens/Sketches/aliens/bee-sting-alien.html","5","0","https://ronenglish-archive.github.io/ron-english-sketches-aliens/images/Sketches/aliens/Bee%20Sting%20Alien%20-%20original.jpg","OK","Ready."
"Aliens","Bert E. Brator","aliens","aliens","Sketches\aliens\bert-e-brator.html","https://ronenglish-archive.github.io/ron-english-sketches-aliens/Sketches/aliens/bert-e-brator.html","2","0","https://ronenglish-archive.github.io/ron-english-sketches-aliens/images/Sketches/aliens/Inveterate%20Vertibralien%20ORIGINAL.jpg","OK","Ready."
"Aliens","Berzerk Krypton","aliens","aliens","Sketches\aliens\berzerk-krypton.html","https://ronenglish-archive.github.io/ron-english-sketches-aliens/Sketches/aliens/berzerk-krypton.html","12","0","https://ronenglish-archive.github.io/ron-english-sketches-aliens/images/Sketches/aliens%202/Berzerk%20Krypton%20ORIGINAL.jpg","OK","Ready."
"Aliens","Blotto Grog","aliens","aliens","Sketches\aliens\blotto-grog.html","https://ronenglish-archive.github.io/ron-english-sketches-aliens/Sketches/aliens/blotto-grog.html","11","0","https://ronenglish-archive.github.io/ron-english-sketches-aliens/images/Sketches/aliens/Blotto%20Grog%20ORIGINAL.jpg","OK","Ready."
"Aliens","Blubby Bono","aliens","aliens","Sketches\aliens\blubby-bono.html","https://ronenglish-archive.github.io/ron-english-sketches-aliens/Sketches/aliens/blubby-bono.html","12","0","https://ronenglish-archive.github.io/ron-english-sketches-aliens/images/Sketches/aliens/Blubby%20Bono%20ORIGINAL.jpg","OK","Ready."
"Aliens","Bob Knobble","aliens","aliens","Sketches\aliens\bob-knobble.html","https://ronenglish-archive.github.io/ron-english-sketches-aliens/Sketches/aliens/bob-knobble.html","2","0","https://ronenglish-archive.github.io/ron-english-sketches-aliens/images/Sketches/aliens/Opoid%20Ian%20ORIGINAL.jpg","OK","Ready."
"Aliens","Bozobreath Anusless","aliens","aliens","Sketches\aliens\bozobreath-anusless.html","https://ronenglish-archive.github.io/ron-english-sketches-aliens/Sketches/aliens/bozobreath-anusless.html","4","0","https://ronenglish-archive.github.io/ron-english-sketches-aliens/images/Sketches/aliens/Ravelbless%20Calluconcious%20ORIGINAL.jpg","OK","Ready."
"Aliens","Braniacosmus","aliens","aliens","Sketches\aliens\braniacosmus.html","https://ronenglish-archive.github.io/ron-english-sketches-aliens/Sketches/aliens/braniacosmus.html","2","0","https://ronenglish-archive.github.io/ron-english-sketches-aliens/images/Sketches/aliens/Galaxel%20ORIGINAL.jpg","OK","Ready."
"Aliens","Brooke Chinook","aliens","aliens","Sketches\aliens\brooke-chinook.html","https://ronenglish-archive.github.io/ron-english-sketches-aliens/Sketches/aliens/brooke-chinook.html","2","0","https://ronenglish-archive.github.io/ron-english-sketches-aliens/images/Sketches/aliens/Brooke%20Chinook%20-%20original.jpg","OK","Ready."
"Aliens","Caelumbis","aliens","aliens","Sketches\aliens\caelumbis.html","https://ronenglish-archive.github.io/ron-english-sketches-aliens/Sketches/aliens/caelumbis.html","2","0","https://ronenglish-archive.github.io/ron-english-sketches-aliens/images/Sketches/aliens/Mira%20Mecia%20ORIGINAL.jpg","OK","Ready."
"Aliens","Caezahr","aliens","aliens","Sketches\aliens\caezahr.html","https://ronenglish-archive.github.io/ron-english-sketches-aliens/Sketches/aliens/caezahr.html","2","0","https://ronenglish-archive.github.io/ron-english-sketches-aliens/images/Sketches/aliens/E.%20T.%20Banditti%20ORIGINAL.jpg","OK","Ready."
"Aliens","Cairene Cosmos","aliens","aliens","Sketches\aliens\cairene-cosmos.html","https://ronenglish-archive.github.io/ron-english-sketches-aliens/Sketches/aliens/cairene-cosmos.html","5","0","https://ronenglish-archive.github.io/ron-english-sketches-aliens/images/Sketches/aliens%202/Cairene%20Cosmos%20ORIGINAL.jpg","OK","Ready."
"Aliens","Caption Alien","aliens","aliens","Sketches\aliens\caption-alien.html","https://ronenglish-archive.github.io/ron-english-sketches-aliens/Sketches/aliens/caption-alien.html","3","0","https://ronenglish-archive.github.io/ron-english-sketches-aliens/images/Sketches/aliens%202/Caption%20Alien%20ORIGINAL.jpg","OK","Ready."
"Aliens","Catalien","aliens","aliens","Sketches\aliens\catalien.html","https://ronenglish-archive.github.io/ron-english-sketches-aliens/Sketches/aliens/catalien.html","2","0","https://ronenglish-archive.github.io/ron-english-sketches-aliens/images/Sketches/aliens/Intercosmo%20ORIGINAL.jpg","OK","Ready."
"Aliens","Catmask","aliens","aliens","Sketches\aliens\catmask.html","https://ronenglish-archive.github.io/ron-english-sketches-aliens/Sketches/aliens/catmask.html","2","0","https://ronenglish-archive.github.io/ron-english-sketches-aliens/images/Sketches/aliens/Galaxel%20ORIGINAL.jpg","OK","Ready."
"Aliens","Cavaler Avaler","aliens","aliens","Sketches\aliens\cavaler-avaler.html","https://ronenglish-archive.github.io/ron-english-sketches-aliens/Sketches/aliens/cavaler-avaler.html","12","1","https://ronenglish-archive.github.io/ron-english-sketches-aliens/images/Sketches/aliens/Cavaler%20Avaler%20ORIGINAL.jpg","REVIEW","Some local image references were not found."
"Aliens","CB Astronaut Fishbowl","aliens","aliens","Sketches\aliens\cb-astronaut-fishbowl.html","https://ronenglish-archive.github.io/ron-english-sketches-aliens/Sketches/aliens/cb-astronaut-fishbowl.html","3","0","https://ronenglish-archive.github.io/ron-english-sketches-aliens/images/Sketches/aliens/CB%20Astronaut%20Fishbowl%20-%20original.jpg","OK","Ready."
"Aliens","CB Astronaut Internal Aliens","aliens","aliens","Sketches\aliens\cb-astronaut-internal-aliens.html","https://ronenglish-archive.github.io/ron-english-sketches-aliens/Sketches/aliens/cb-astronaut-internal-aliens.html","3","0","https://ronenglish-archive.github.io/ron-english-sketches-aliens/images/Sketches/aliens/CB%20Astronaut%20Internal%20Aliens%20-%20original.jpg","OK","Ready."
"Aliens","CB Astronaut Microphone","aliens","aliens","Sketches\aliens\cb-astronaut-microphone.html","https://ronenglish-archive.github.io/ron-english-sketches-aliens/Sketches/aliens/cb-astronaut-microphone.html","3","0","https://ronenglish-archive.github.io/ron-english-sketches-aliens/images/Sketches/aliens/CB%20Astronaut%20Microphone%20-%20original.jpg","OK","Ready."
"Aliens","CB Astronaut Star Skull","aliens","aliens","Sketches\aliens\cb-astronaut-star-skull.html","https://ronenglish-archive.github.io/ron-english-sketches-aliens/Sketches/aliens/cb-astronaut-star-skull.html","3","0","https://ronenglish-archive.github.io/ron-english-sketches-aliens/images/Sketches/aliens/CB%20Astronaut%20Star%20Skull%20-%20original.jpg","OK","Ready."
"Aliens","Celestial Terrestial","aliens","aliens","Sketches\aliens\celestial-terrestial.html","https://ronenglish-archive.github.io/ron-english-sketches-aliens/Sketches/aliens/celestial-terrestial.html","12","0","https://ronenglish-archive.github.io/ron-english-sketches-aliens/images/Sketches/aliens/Alexandrinus%20Reflection%20-%20original.jpg","OK","Ready."
"Aliens","Celibscent Scanidol","aliens","aliens","Sketches\aliens\celibscent-scanidol.html","https://ronenglish-archive.github.io/ron-english-sketches-aliens/Sketches/aliens/celibscent-scanidol.html","5","0","https://ronenglish-archive.github.io/ron-english-sketches-aliens/images/Sketches/aliens/Genhumas%20Transretnal%20ORIGINAL.jpg","OK","Ready."
"Aliens","Cereb Raul","aliens","aliens","Sketches\aliens\cereb-raul.html","https://ronenglish-archive.github.io/ron-english-sketches-aliens/Sketches/aliens/cereb-raul.html","3","0","https://ronenglish-archive.github.io/ron-english-sketches-aliens/images/Sketches/aliens/Cereb%20Raul%20-%20original.jpg","OK","Ready."
"Aliens","Charlie Brown Alien","aliens","aliens","Sketches\aliens\charlie-brown-alien.html","https://ronenglish-archive.github.io/ron-english-sketches-aliens/Sketches/aliens/charlie-brown-alien.html","3","0","https://ronenglish-archive.github.io/ron-english-sketches-aliens/images/Sketches/aliens/Charlie%20Brown%20Alien%20-%20original.jpg","OK","Ready."
"Aliens","Cheer Breeder","aliens","aliens","Sketches\aliens\cheer-breeder.html","https://ronenglish-archive.github.io/ron-english-sketches-aliens/Sketches/aliens/cheer-breeder.html","3","0","https://ronenglish-archive.github.io/ron-english-sketches-aliens/images/Sketches/aliens/Cheer%20Breeder%20-%20original.jpg","OK","Ready."
"Aliens","Clegg Bleater","aliens","aliens","Sketches\aliens\clegg-bleater.html","https://ronenglish-archive.github.io/ron-english-sketches-aliens/Sketches/aliens/clegg-bleater.html","2","0","https://ronenglish-archive.github.io/ron-english-sketches-aliens/images/Sketches/aliens%202/Clegg%20Bleater%20ORIGINAL.jpg","OK","Ready."
"Aliens","Cloud Cover","aliens","aliens","Sketches\aliens\cloud-cover.html","https://ronenglish-archive.github.io/ron-english-sketches-aliens/Sketches/aliens/cloud-cover.html","9","0","https://ronenglish-archive.github.io/ron-english-sketches-aliens/images/Sketches/aliens/Walleyed%20Strabismus%20-%20original.jpg","OK","Ready."
"Aliens","Codextra Manasser","aliens","aliens","Sketches\aliens\codextra-manasser.html","https://ronenglish-archive.github.io/ron-english-sketches-aliens/Sketches/aliens/codextra-manasser.html","15","0","https://ronenglish-archive.github.io/ron-english-sketches-aliens/images/Sketches/aliens%202/Codextra%20Manasser%20ORIGINAL.jpg","OK","Ready."
"Aliens","Cosmet Raith","aliens","aliens","Sketches\aliens\cosmet-raith.html","https://ronenglish-archive.github.io/ron-english-sketches-aliens/Sketches/aliens/cosmet-raith.html","2","0","https://ronenglish-archive.github.io/ron-english-sketches-aliens/images/Sketches/aliens/Trans%20Mogrifie%20ORIGINAL.jpg","OK","Ready."
"Aliens","Cosmic Karla","aliens","aliens","Sketches\aliens\cosmic-karla.html","https://ronenglish-archive.github.io/ron-english-sketches-aliens/Sketches/aliens/cosmic-karla.html","2","0","https://ronenglish-archive.github.io/ron-english-sketches-aliens/images/Sketches/aliens/Cosmic%20Karla%20-%20original.jpg","OK","Ready."
"Aliens","Cosmo Polite","aliens","aliens","Sketches\aliens\cosmo-polite.html","https://ronenglish-archive.github.io/ron-english-sketches-aliens/Sketches/aliens/cosmo-polite.html","3","0","https://ronenglish-archive.github.io/ron-english-sketches-aliens/images/Sketches/aliens/Equinoxious-2%20ORIGINAL.jpg","OK","Ready."
"Aliens","Cosmo Politian","aliens","aliens","Sketches\aliens\cosmo-politian.html","https://ronenglish-archive.github.io/ron-english-sketches-aliens/Sketches/aliens/cosmo-politian.html","14","0","https://ronenglish-archive.github.io/ron-english-sketches-aliens/images/Sketches/aliens%202/Cosmo%20Politian%20ORIGINAL.jpg","OK","Ready."
"Aliens","Cosmo Titian","aliens","aliens","Sketches\aliens\cosmo-titian.html","https://ronenglish-archive.github.io/ron-english-sketches-aliens/Sketches/aliens/cosmo-titian.html","15","0","https://ronenglish-archive.github.io/ron-english-sketches-aliens/images/Sketches/aliens/Patchy%20Podium.jpg","OK","Ready."
"Aliens","Crash Helmet","aliens","aliens","Sketches\aliens\crash-helmet.html","https://ronenglish-archive.github.io/ron-english-sketches-aliens/Sketches/aliens/crash-helmet.html","5","0","https://ronenglish-archive.github.io/ron-english-sketches-aliens/images/Sketches/aliens/Crash%20Helmet%20-%20original.jpg","OK","Ready."
"Aliens","Crockmonster","aliens","aliens","Sketches\aliens\crockmonster.html","https://ronenglish-archive.github.io/ron-english-sketches-aliens/Sketches/aliens/crockmonster.html","5","0","https://ronenglish-archive.github.io/ron-english-sketches-aliens/images/Sketches/aliens/Crockmonster%20-%20original.jpg","OK","Ready."
"Aliens","Cronik Comet","aliens","aliens","Sketches\aliens\cronik-comet.html","https://ronenglish-archive.github.io/ron-english-sketches-aliens/Sketches/aliens/cronik-comet.html","16","1","https://ronenglish-archive.github.io/ron-english-sketches-aliens/images/Sketches/aliens/Schedufool%20Unit%2042%20-%20original.jpg","REVIEW","Some local image references were not found."
"Aliens","Curious Hauge","aliens","aliens","Sketches\aliens\curious-hauge.html","https://ronenglish-archive.github.io/ron-english-sketches-aliens/Sketches/aliens/curious-hauge.html","4","0","https://ronenglish-archive.github.io/ron-english-sketches-aliens/images/Sketches/aliens/Equinoxious%20ORIGINAL.jpg","OK","Ready."
"Aliens","Cybor External","aliens","aliens","Sketches\aliens\cybor-external.html","https://ronenglish-archive.github.io/ron-english-sketches-aliens/Sketches/aliens/cybor-external.html","13","0","https://ronenglish-archive.github.io/ron-english-sketches-aliens/images/Sketches/aliens/Oculestria%20ORIGINAL.jpg","OK","Ready."
"Aliens","Deep Drowned Alien","aliens","aliens","Sketches\aliens\deep-drowned-alien.html","https://ronenglish-archive.github.io/ron-english-sketches-aliens/Sketches/aliens/deep-drowned-alien.html","4","0","https://ronenglish-archive.github.io/ron-english-sketches-aliens/images/Sketches/aliens/Deep%20Drowned%20Alien%20-%20original.jpg","OK","Ready."
"Aliens","Demi Mondain","aliens","aliens","Sketches\aliens\demi-mondain.html","https://ronenglish-archive.github.io/ron-english-sketches-aliens/Sketches/aliens/demi-mondain.html","12","0","https://ronenglish-archive.github.io/ron-english-sketches-aliens/images/Sketches/aliens/Flavorpee%20Zronback%20ORIGINAL.jpg","OK","Ready."
"Aliens","Didicoy Vagrant","aliens","aliens","Sketches\aliens\didicoy-vagrant.html","https://ronenglish-archive.github.io/ron-english-sketches-aliens/Sketches/aliens/didicoy-vagrant.html","6","0","https://ronenglish-archive.github.io/ron-english-sketches-aliens/images/Sketches/aliens%202/Didicoy%20Vagrant%20ORIGINAL.jpg","OK","Ready."
"Aliens","Di Zygus","aliens","aliens","Sketches\aliens\di-zygus.html","https://ronenglish-archive.github.io/ron-english-sketches-aliens/Sketches/aliens/di-zygus.html","2","0","https://ronenglish-archive.github.io/ron-english-sketches-aliens/images/Sketches/aliens%202/Di%20Zygus%20ORIGINAL.jpg","OK","Ready."
"Aliens","DJ Alien Angel","aliens","aliens","Sketches\aliens\dj-alien-angel.html","https://ronenglish-archive.github.io/ron-english-sketches-aliens/Sketches/aliens/dj-alien-angel.html","3","0","https://ronenglish-archive.github.io/ron-english-sketches-aliens/images/Sketches/aliens/DJ%20Alien%20Angel%20-%20original.jpg","OK","Ready."
"Aliens","Dwell Cogo","aliens","aliens","Sketches\aliens\dwell-cogo.html","https://ronenglish-archive.github.io/ron-english-sketches-aliens/Sketches/aliens/dwell-cogo.html","5","0","https://ronenglish-archive.github.io/ron-english-sketches-aliens/images/Sketches/aliens/Dwell%20Cogo%20ORIGINAL.jpg","OK","Ready."
"Aliens","Egg Spaceship","aliens","aliens","Sketches\aliens\egg-spaceship.html","https://ronenglish-archive.github.io/ron-english-sketches-aliens/Sketches/aliens/egg-spaceship.html","2","0","https://ronenglish-archive.github.io/ron-english-sketches-aliens/images/Sketches/aliens/Egg%20Spaceship%20-%20original.jpg","OK","Ready."
"Aliens","Elated Xtra Terrestrial","aliens","aliens","Sketches\aliens\elated-xtra-terrestrial.html","https://ronenglish-archive.github.io/ron-english-sketches-aliens/Sketches/aliens/elated-xtra-terrestrial.html","15","0","https://ronenglish-archive.github.io/ron-english-sketches-aliens/images/Sketches/aliens%202/Elated%20Xtra%20Terrestrial%20ORIGINAL.jpg","OK","Ready."
"Aliens","Electropia Exotropia","aliens","aliens","Sketches\aliens\electropia-exotropia.html","https://ronenglish-archive.github.io/ron-english-sketches-aliens/Sketches/aliens/electropia-exotropia.html","16","0","https://ronenglish-archive.github.io/ron-english-sketches-aliens/images/Sketches/aliens%202/Electropia%20Exotropia%20ORIGINAL.jpg","OK","Ready."
"Aliens","Elexacon Angel","aliens","aliens","Sketches\aliens\elexacon-angel.html","https://ronenglish-archive.github.io/ron-english-sketches-aliens/Sketches/aliens/elexacon-angel.html","14","0","https://ronenglish-archive.github.io/ron-english-sketches-aliens/images/Sketches/aliens%202/Elexacon%20Angel%20ORIGINAL.jpg","OK","Ready."
"Aliens","Empty Suit Alien","aliens","aliens","Sketches\aliens\empty-suit-alien.html","https://ronenglish-archive.github.io/ron-english-sketches-aliens/Sketches/aliens/empty-suit-alien.html","3","0","https://ronenglish-archive.github.io/ron-english-sketches-aliens/images/Sketches/aliens/Empty%20Suit%20Alien%20-%20original.jpg","OK","Ready."
"Aliens","Empyreambler","aliens","aliens","Sketches\aliens\empyreambler.html","https://ronenglish-archive.github.io/ron-english-sketches-aliens/Sketches/aliens/empyreambler.html","2","0","https://ronenglish-archive.github.io/ron-english-sketches-aliens/images/Sketches/aliens/Squinch%20ORIGINAL.jpg","OK","Ready."
"Aliens","Equinoxious","aliens","aliens","Sketches\aliens\equinoxious.html","https://ronenglish-archive.github.io/ron-english-sketches-aliens/Sketches/aliens/equinoxious.html","4","0","https://ronenglish-archive.github.io/ron-english-sketches-aliens/images/Sketches/aliens/Equinoxious%20ORIGINAL.jpg","OK","Ready."
"Aliens","Equinoxious 2","aliens","aliens","Sketches\aliens\equinoxious-2.html","https://ronenglish-archive.github.io/ron-english-sketches-aliens/Sketches/aliens/equinoxious-2.html","2","0","https://ronenglish-archive.github.io/ron-english-sketches-aliens/images/Sketches/aliens/Equinoxious-2%20ORIGINAL.jpg","OK","Ready."
"Aliens","E. T. Banditti","aliens","aliens","Sketches\aliens\e-t-banditti.html","https://ronenglish-archive.github.io/ron-english-sketches-aliens/Sketches/aliens/e-t-banditti.html","2","0","https://ronenglish-archive.github.io/ron-english-sketches-aliens/images/Sketches/aliens/E.%20T.%20Banditti%20ORIGINAL.jpg","OK","Ready."
"Aliens","Eternal Bernal","aliens","aliens","Sketches\aliens\eternal-bernal.html","https://ronenglish-archive.github.io/ron-english-sketches-aliens/Sketches/aliens/eternal-bernal.html","2","0","https://ronenglish-archive.github.io/ron-english-sketches-aliens/images/Sketches/aliens/Eternal%20Bernal%20ORIGINAL.jpg","OK","Ready."
"Aliens","Etymogual Benedictus","aliens","aliens","Sketches\aliens\etymogual-benedictus.html","https://ronenglish-archive.github.io/ron-english-sketches-aliens/Sketches/aliens/etymogual-benedictus.html","4","0","https://ronenglish-archive.github.io/ron-english-sketches-aliens/images/Sketches/aliens/Etymogual%20Benedictus%20ORIGINAL.jpg","OK","Ready."
"Aliens","Eve Alien","aliens","aliens","Sketches\aliens\eve-alien.html","https://ronenglish-archive.github.io/ron-english-sketches-aliens/Sketches/aliens/eve-alien.html","5","1","https://ronenglish-archive.github.io/ron-english-sketches-aliens/images/Sketches/aliens%202/Eve%20Alien%20-%20original.jpg","REVIEW","Some local image references were not found."
"Aliens","Extratron Gallexyz","aliens","aliens","Sketches\aliens\extratron-gallexyz.html","https://ronenglish-archive.github.io/ron-english-sketches-aliens/Sketches/aliens/extratron-gallexyz.html","13","1","https://ronenglish-archive.github.io/ron-english-sketches-aliens/images/Sketches/aliens/Alexandrinus%20Reflection%20-%20original.jpg","REVIEW","Some local image references were not found."
"Aliens","Eyesove Tismas","aliens","aliens","Sketches\aliens\eyesove-tismas.html","https://ronenglish-archive.github.io/ron-english-sketches-aliens/Sketches/aliens/eyesove-tismas.html","6","0","https://ronenglish-archive.github.io/ron-english-sketches-aliens/images/Sketches/aliens%202/Eyesove%20Tismas%20ORIGINAL.jpg","OK","Ready."
"Aliens","Eye Speak Alien","aliens","aliens","Sketches\aliens\eye-speak-alien.html","https://ronenglish-archive.github.io/ron-english-sketches-aliens/Sketches/aliens/eye-speak-alien.html","3","0","https://ronenglish-archive.github.io/ron-english-sketches-aliens/images/Sketches/aliens/Eye%20Speak%20Alien%20-%20original.jpg","OK","Ready."
"Aliens","Fabian Alien","aliens","aliens","Sketches\aliens\fabian-alien.html","https://ronenglish-archive.github.io/ron-english-sketches-aliens/Sketches/aliens/fabian-alien.html","3","0","https://ronenglish-archive.github.io/ron-english-sketches-aliens/images/Sketches/aliens/Fabian%20Alien%20-%20original.jpg","OK","Ready."
"Aliens","Feline Nine Alien","aliens","aliens","Sketches\aliens\feline-nine-alien.html","https://ronenglish-archive.github.io/ron-english-sketches-aliens/Sketches/aliens/feline-nine-alien.html","3","0","https://ronenglish-archive.github.io/ron-english-sketches-aliens/images/Sketches/aliens/Feline%20Nine%20Alien%20-%20original.jpg","OK","Ready."
"Aliens","Fetal Deceit Phil","aliens","aliens","Sketches\aliens\fetal-deceit-phil.html","https://ronenglish-archive.github.io/ron-english-sketches-aliens/Sketches/aliens/fetal-deceit-phil.html","12","0","https://ronenglish-archive.github.io/ron-english-sketches-aliens/images/Sketches/aliens/Starfarer%20Epicureans%20Max%20ORIGINAL.jpg","OK","Ready."
"Aliens","Fetal Fraxulus","aliens","aliens","Sketches\aliens\fetal-fraxulus.html","https://ronenglish-archive.github.io/ron-english-sketches-aliens/Sketches/aliens/fetal-fraxulus.html","11","0","https://ronenglish-archive.github.io/ron-english-sketches-aliens/images/Sketches/aliens%202/Fetal%20Fraxulus%20ORIGINAL.jpg","OK","Ready."
"Aliens","Fishbowl UFO","aliens","aliens","Sketches\aliens\fishbowl-ufo.html","https://ronenglish-archive.github.io/ron-english-sketches-aliens/Sketches/aliens/fishbowl-ufo.html","4","0","https://ronenglish-archive.github.io/ron-english-sketches-aliens/images/Sketches/aliens/Fishbowl%20UFO%20-%20original.jpg","OK","Ready."
"Aliens","Fish Bulb Alien","aliens","aliens","Sketches\aliens\fish-bulb-alien.html","https://ronenglish-archive.github.io/ron-english-sketches-aliens/Sketches/aliens/fish-bulb-alien.html","6","0","https://ronenglish-archive.github.io/ron-english-sketches-aliens/images/Sketches/aliens/Fish%20Bulb%20Alien%20-%20original.jpg","OK","Ready."
"Aliens","Flavorpee Zronback","aliens","aliens","Sketches\aliens\flavorpee-zronback.html","https://ronenglish-archive.github.io/ron-english-sketches-aliens/Sketches/aliens/flavorpee-zronback.html","4","0","https://ronenglish-archive.github.io/ron-english-sketches-aliens/images/Sketches/aliens/Flavorpee%20Zronback%20ORIGINAL.jpg","OK","Ready."
"Aliens","Fleshire Gwyn","aliens","aliens","Sketches\aliens\fleshire-gwyn.html","https://ronenglish-archive.github.io/ron-english-sketches-aliens/Sketches/aliens/fleshire-gwyn.html","2","0","https://ronenglish-archive.github.io/ron-english-sketches-aliens/images/Sketches/aliens%202/Lugushire%20ORIGINAL.jpg","OK","Ready."
"Aliens","Flexulus","aliens","aliens","Sketches\aliens\flexulus.html","https://ronenglish-archive.github.io/ron-english-sketches-aliens/Sketches/aliens/flexulus.html","2","0","https://ronenglish-archive.github.io/ron-english-sketches-aliens/images/Sketches/aliens/Brooke%20Chinook%20-%20original.jpg","OK","Ready."
"Aliens","Flushal Recokon","aliens","aliens","Sketches\aliens\flushal-recokon.html","https://ronenglish-archive.github.io/ron-english-sketches-aliens/Sketches/aliens/flushal-recokon.html","4","0","https://ronenglish-archive.github.io/ron-english-sketches-aliens/images/Sketches/aliens/Andresonor%20Vanvermon%20-%20original.jpg","OK","Ready."
"Aliens","Forgon Intruder","aliens","aliens","Sketches\aliens\forgon-intruder.html","https://ronenglish-archive.github.io/ron-english-sketches-aliens/Sketches/aliens/forgon-intruder.html","14","0","https://ronenglish-archive.github.io/ron-english-sketches-aliens/images/Sketches/aliens/Trippant%20Traveler%20-%20original.jpg","OK","Ready."
"Aliens","Frazier Razor","aliens","aliens","Sketches\aliens\frazier-razor.html","https://ronenglish-archive.github.io/ron-english-sketches-aliens/Sketches/aliens/frazier-razor.html","5","0","https://ronenglish-archive.github.io/ron-english-sketches-aliens/images/Sketches/aliens%202/Frazier%20Razor%20ORIGINAL.jpg","OK","Ready."
"Aliens","Freakachu Alien","aliens","aliens","Sketches\aliens\freakachu-alien.html","https://ronenglish-archive.github.io/ron-english-sketches-aliens/Sketches/aliens/freakachu-alien.html","3","0","https://ronenglish-archive.github.io/ron-english-sketches-aliens/images/Sketches/aliens/Freakachu%20Alien%20-%20original.jpg","OK","Ready."
"Aliens","Fuelatron Jellybone","aliens","aliens","Sketches\aliens\fuelatron-jellybone.html","https://ronenglish-archive.github.io/ron-english-sketches-aliens/Sketches/aliens/fuelatron-jellybone.html","15","0","https://ronenglish-archive.github.io/ron-english-sketches-aliens/images/Sketches/aliens%202/Fuelatron%20Jellybone%20ORIGINAL.jpg","OK","Ready."
"Aliens","Galacter Equanimous","aliens","aliens","Sketches\aliens\galacter-equanimous.html","https://ronenglish-archive.github.io/ron-english-sketches-aliens/Sketches/aliens/galacter-equanimous.html","3","0","https://ronenglish-archive.github.io/ron-english-sketches-aliens/images/Sketches/aliens/Galacter%20Equanimous%20ORIGINAL.jpg","OK","Ready."
"Aliens","Galactic Gamine","aliens","aliens","Sketches\aliens\galactic-gamine.html","https://ronenglish-archive.github.io/ron-english-sketches-aliens/Sketches/aliens/galactic-gamine.html","2","0","https://ronenglish-archive.github.io/ron-english-sketches-aliens/images/Sketches/aliens/Lavishless%20Fabuness%20ORIGINAL.jpg","OK","Ready."
"Aliens","Galaxel","aliens","aliens","Sketches\aliens\galaxel.html","https://ronenglish-archive.github.io/ron-english-sketches-aliens/Sketches/aliens/galaxel.html","2","0","https://ronenglish-archive.github.io/ron-english-sketches-aliens/images/Sketches/aliens/Galaxel%20ORIGINAL.jpg","OK","Ready."
"Aliens","Gangrenous Blast","aliens","aliens","Sketches\aliens\gangrenous-blast.html","https://ronenglish-archive.github.io/ron-english-sketches-aliens/Sketches/aliens/gangrenous-blast.html","12","0","https://ronenglish-archive.github.io/ron-english-sketches-aliens/images/Sketches/aliens/Flavorpee%20Zronback%20ORIGINAL.jpg","OK","Ready."
"Aliens","Garth Raider Alien","aliens","aliens","Sketches\aliens\garth-raider-alien.html","https://ronenglish-archive.github.io/ron-english-sketches-aliens/Sketches/aliens/garth-raider-alien.html","3","0","https://ronenglish-archive.github.io/ron-english-sketches-aliens/images/Sketches/aliens/Garth%20Raider%20Alien%20-%20original.jpg","OK","Ready."
"Aliens","General Genitals Alien","aliens","aliens","Sketches\aliens\general-genitals-alien.html","https://ronenglish-archive.github.io/ron-english-sketches-aliens/Sketches/aliens/general-genitals-alien.html","3","0","https://ronenglish-archive.github.io/ron-english-sketches-aliens/images/Sketches/aliens/General%20Genitals%20Alien%20-%20original.jpg","OK","Ready."
"Aliens","Genhumas Transretnal","aliens","aliens","Sketches\aliens\genhumas-transretnal.html","https://ronenglish-archive.github.io/ron-english-sketches-aliens/Sketches/aliens/genhumas-transretnal.html","3","0","https://ronenglish-archive.github.io/ron-english-sketches-aliens/images/Sketches/aliens/Genhumas%20Transretnal%20ORIGINAL.jpg","OK","Ready."
"Aliens","Genus Dexus","aliens","aliens","Sketches\aliens\genus-dexus.html","https://ronenglish-archive.github.io/ron-english-sketches-aliens/Sketches/aliens/genus-dexus.html","3","3","https://ronenglish-archive.github.io/ron-english-sketches-aliens/images/Sketches/aliens%202/Opoid%20Ian%20ORIGINAL.jpg","REVIEW","Some local image references were not found."
"Aliens","Glove Alien","aliens","aliens","Sketches\aliens\glove-alien.html","https://ronenglish-archive.github.io/ron-english-sketches-aliens/Sketches/aliens/glove-alien.html","3","0","https://ronenglish-archive.github.io/ron-english-sketches-aliens/images/Sketches/aliens%202/Glove%20Alien%20ORIGINAL.jpg","OK","Ready."
"Aliens","Goldie Aquanaut","aliens","aliens","Sketches\aliens\goldie-aquanaut.html","https://ronenglish-archive.github.io/ron-english-sketches-aliens/Sketches/aliens/goldie-aquanaut.html","4","0","https://ronenglish-archive.github.io/ron-english-sketches-aliens/images/Sketches/aliens/Goldie%20Aquanaut%20-%20original.jpg","OK","Ready."
"Aliens","Gralien","aliens","aliens","Sketches\aliens\gralien.html","https://ronenglish-archive.github.io/ron-english-sketches-aliens/Sketches/aliens/gralien.html","2","0","https://ronenglish-archive.github.io/ron-english-sketches-aliens/images/Sketches/aliens/Gralien%20ORIGINAL.jpg","OK","Ready."
"Aliens","Grey Combatter","aliens","aliens","Sketches\aliens\grey-combatter.html","https://ronenglish-archive.github.io/ron-english-sketches-aliens/Sketches/aliens/grey-combatter.html","2","0","https://ronenglish-archive.github.io/ron-english-sketches-aliens/images/Sketches/aliens/Gralien%20ORIGINAL.jpg","OK","Ready."
"Aliens","Grey Omomyid","aliens","aliens","Sketches\aliens\grey-omomyid.html","https://ronenglish-archive.github.io/ron-english-sketches-aliens/Sketches/aliens/grey-omomyid.html","3","0","https://ronenglish-archive.github.io/ron-english-sketches-aliens/images/Sketches/aliens%202/Grey%20Omomyid%20ORIGINAL.jpg","OK","Ready."
"Aliens","Grift Drifter","aliens","aliens","Sketches\aliens\grift-drifter.html","https://ronenglish-archive.github.io/ron-english-sketches-aliens/Sketches/aliens/grift-drifter.html","14","0","https://ronenglish-archive.github.io/ron-english-sketches-aliens/images/Sketches/aliens%202/Grift%20Drifter%20ORIGINAL.jpg","OK","Ready."
"Aliens","Grimical Credance","aliens","aliens","Sketches\aliens\grimical-credance.html","https://ronenglish-archive.github.io/ron-english-sketches-aliens/Sketches/aliens/grimical-credance.html","4","0","https://ronenglish-archive.github.io/ron-english-sketches-aliens/images/Sketches/aliens/Andresonor%20Vanvermon%20-%20original.jpg","OK","Ready."
"Aliens","Grinnie Martian","aliens","aliens","Sketches\aliens\grinnie-martian.html","https://ronenglish-archive.github.io/ron-english-sketches-aliens/Sketches/aliens/grinnie-martian.html","13","0","https://ronenglish-archive.github.io/ron-english-sketches-aliens/images/Sketches/aliens%202/Grinnie%20Martian%20ORIGINAL.jpg","OK","Ready."
"Aliens","Grumps Alien","aliens","aliens","Sketches\aliens\grumps-alien.html","https://ronenglish-archive.github.io/ron-english-sketches-aliens/Sketches/aliens/grumps-alien.html","3","0","https://ronenglish-archive.github.io/ron-english-sketches-aliens/images/Sketches/aliens/Grumps%20Alien%20-%20original.jpg","OK","Ready."
"Aliens","Happree Zelonaut","aliens","aliens","Sketches\aliens\happree-zelonaut.html","https://ronenglish-archive.github.io/ron-english-sketches-aliens/Sketches/aliens/happree-zelonaut.html","4","0","https://ronenglish-archive.github.io/ron-english-sketches-aliens/images/Sketches/aliens/Happree%20Zelonaut%20ORIGINAL.jpg","OK","Ready."
"Aliens","Heinel Schnapp","aliens","aliens","Sketches\aliens\heinel-schnapp.html","https://ronenglish-archive.github.io/ron-english-sketches-aliens/Sketches/aliens/heinel-schnapp.html","2","0","https://ronenglish-archive.github.io/ron-english-sketches-aliens/images/Sketches/aliens/Aphelionia%20-%20original.jpg","OK","Ready."
"Aliens","Hobgoblien","aliens","aliens","Sketches\aliens\hobgoblien.html","https://ronenglish-archive.github.io/ron-english-sketches-aliens/Sketches/aliens/hobgoblien.html","2","0","https://ronenglish-archive.github.io/ron-english-sketches-aliens/images/Sketches/aliens%202/Hobgoblien%20ORIGINAL.jpg","OK","Ready."
"Aliens","Incontinent Alien","aliens","aliens","Sketches\aliens\incontinent-alien.html","https://ronenglish-archive.github.io/ron-english-sketches-aliens/Sketches/aliens/incontinent-alien.html","3","0","https://ronenglish-archive.github.io/ron-english-sketches-aliens/images/Sketches/aliens/Incontinent%20Alien%20-%20original.jpg","OK","Ready."
"Aliens","Infinitisis","aliens","aliens","Sketches\aliens\infinitisis.html","https://ronenglish-archive.github.io/ron-english-sketches-aliens/Sketches/aliens/infinitisis.html","2","0","https://ronenglish-archive.github.io/ron-english-sketches-aliens/images/Sketches/aliens/Cosmic%20Karla%20-%20original.jpg","OK","Ready."
"Aliens","Inner Sane","aliens","aliens","Sketches\aliens\inner-sane.html","https://ronenglish-archive.github.io/ron-english-sketches-aliens/Sketches/aliens/inner-sane.html","4","0","https://ronenglish-archive.github.io/ron-english-sketches-aliens/images/Sketches/aliens/Ravelbless%20Calluconcious%20ORIGINAL.jpg","OK","Ready."
"Aliens","Intercosmo","aliens","aliens","Sketches\aliens\intercosmo.html","https://ronenglish-archive.github.io/ron-english-sketches-aliens/Sketches/aliens/intercosmo.html","2","0","https://ronenglish-archive.github.io/ron-english-sketches-aliens/images/Sketches/aliens/Intercosmo%20ORIGINAL.jpg","OK","Ready."
"Aliens","Internal Planted","aliens","aliens","Sketches\aliens\internal-planted.html","https://ronenglish-archive.github.io/ron-english-sketches-aliens/Sketches/aliens/internal-planted.html","10","0","https://ronenglish-archive.github.io/ron-english-sketches-aliens/images/Sketches/aliens/Patchy%20Podium.jpg","OK","Ready."
"Aliens","Inveterate Vertibralien","aliens","aliens","Sketches\aliens\inveterate-vertibralien.html","https://ronenglish-archive.github.io/ron-english-sketches-aliens/Sketches/aliens/inveterate-vertibralien.html","2","0","https://ronenglish-archive.github.io/ron-english-sketches-aliens/images/Sketches/aliens/Inveterate%20Vertibralien%20ORIGINAL.jpg","OK","Ready."
"Aliens","Jake and Flake Ape Alien","aliens","aliens","Sketches\aliens\jake-and-flake-ape-alien.html","https://ronenglish-archive.github.io/ron-english-sketches-aliens/Sketches/aliens/jake-and-flake-ape-alien.html","6","0","https://ronenglish-archive.github.io/ron-english-sketches-aliens/images/Sketches/aliens/Jake%20and%20Flake%20Ape%20Alien%20-%20original.jpg","OK","Ready."
"Aliens","Jibber Jahman","aliens","aliens","Sketches\aliens\jibber-jahman.html","https://ronenglish-archive.github.io/ron-english-sketches-aliens/Sketches/aliens/jibber-jahman.html","6","0","https://ronenglish-archive.github.io/ron-english-sketches-aliens/images/Sketches/aliens%202/Jibber%20Jahman%20ORIGINAL.jpg","OK","Ready."
"Aliens","Kidmark Que","aliens","aliens","Sketches\aliens\kidmark-que.html","https://ronenglish-archive.github.io/ron-english-sketches-aliens/Sketches/aliens/kidmark-que.html","4","0","https://ronenglish-archive.github.io/ron-english-sketches-aliens/images/Sketches/aliens/Kidmark%20Que%20ORIGINAL.jpg","OK","Ready."
"Aliens","Lavishless Fabuness","aliens","aliens","Sketches\aliens\lavishless-fabuness.html","https://ronenglish-archive.github.io/ron-english-sketches-aliens/Sketches/aliens/lavishless-fabuness.html","2","0","https://ronenglish-archive.github.io/ron-english-sketches-aliens/images/Sketches/aliens/Lavishless%20Fabuness%20ORIGINAL.jpg","OK","Ready."
"Aliens","Lavishless Fauness","aliens","aliens","Sketches\aliens\lavishless-fauness.html","https://ronenglish-archive.github.io/ron-english-sketches-aliens/Sketches/aliens/lavishless-fauness.html","3","0","https://ronenglish-archive.github.io/ron-english-sketches-aliens/images/Sketches/aliens/Amblyopiate%20-%20original.jpg","OK","Ready."
"Aliens","Leisurabilly Indeafatigable","aliens","aliens","Sketches\aliens\leisurabilly-indeafatigable.html","https://ronenglish-archive.github.io/ron-english-sketches-aliens/Sketches/aliens/leisurabilly-indeafatigable.html","5","0","https://ronenglish-archive.github.io/ron-english-sketches-aliens/images/Sketches/aliens/Leisurabilly%20Indeafatigable%20ORIGINAL.jpg","OK","Ready."
"Aliens","Liberty Import","aliens","aliens","Sketches\aliens\liberty-import.html","https://ronenglish-archive.github.io/ron-english-sketches-aliens/Sketches/aliens/liberty-import.html","4","0","https://ronenglish-archive.github.io/ron-english-sketches-aliens/images/Sketches/aliens/Liberty%20Import%20-%20original.jpg","OK","Ready."
"Aliens","Light Cult Cryptonaut","aliens","aliens","Sketches\aliens\light-cult-cryptonaut.html","https://ronenglish-archive.github.io/ron-english-sketches-aliens/Sketches/aliens/light-cult-cryptonaut.html","10","0","https://ronenglish-archive.github.io/ron-english-sketches-aliens/images/Sketches/aliens/Light%20Cult%20Cryptonaut%20-%20pose%201%20original.jpg","OK","Ready."
"Aliens","Lightning Hawk","aliens","aliens","Sketches\aliens\lightning-hawk.html","https://ronenglish-archive.github.io/ron-english-sketches-aliens/Sketches/aliens/lightning-hawk.html","3","0","https://ronenglish-archive.github.io/ron-english-sketches-aliens/images/Sketches/aliens/Lightning%20Hawk%20-%20original.jpg","OK","Ready."
"Aliens","Lillithone Saviour","aliens","aliens","Sketches\aliens\lillithone-saviour.html","https://ronenglish-archive.github.io/ron-english-sketches-aliens/Sketches/aliens/lillithone-saviour.html","4","0","https://ronenglish-archive.github.io/ron-english-sketches-aliens/images/Sketches/aliens/Equinoxious%20ORIGINAL.jpg","OK","Ready."
"Aliens","Lugubrian","aliens","aliens","Sketches\aliens\lugubrian.html","https://ronenglish-archive.github.io/ron-english-sketches-aliens/Sketches/aliens/lugubrian.html","2","0","https://ronenglish-archive.github.io/ron-english-sketches-aliens/images/Sketches/aliens%202/Lugushire%20ORIGINAL.jpg","OK","Ready."
"Aliens","Lugushire","aliens","aliens","Sketches\aliens\lugushire.html","https://ronenglish-archive.github.io/ron-english-sketches-aliens/Sketches/aliens/lugushire.html","2","0","https://ronenglish-archive.github.io/ron-english-sketches-aliens/images/Sketches/aliens%202/Lugushire%20ORIGINAL.jpg","OK","Ready."
"Aliens","Lunashtick","aliens","aliens","Sketches\aliens\lunashtick.html","https://ronenglish-archive.github.io/ron-english-sketches-aliens/Sketches/aliens/lunashtick.html","2","0","https://ronenglish-archive.github.io/ron-english-sketches-aliens/images/Sketches/aliens/Lunashtick%20ORIGINAL.jpg","OK","Ready."
"Aliens","Marilyn Bordeaux Alien","aliens","aliens","Sketches\aliens\marilyn-bordeaux-alien.html","https://ronenglish-archive.github.io/ron-english-sketches-aliens/Sketches/aliens/marilyn-bordeaux-alien.html","4","0","https://ronenglish-archive.github.io/ron-english-sketches-aliens/images/Sketches/aliens/Marilyn%20Bordeaux%20Alien%20-%20original.jpg","OK","Ready."
"Aliens","Maximum Myopia","aliens","aliens","Sketches\aliens\maximum-myopia.html","https://ronenglish-archive.github.io/ron-english-sketches-aliens/Sketches/aliens/maximum-myopia.html","6","0","https://ronenglish-archive.github.io/ron-english-sketches-aliens/images/Sketches/aliens%202/Maximum%20Myopia%20ORIGINAL.jpg","OK","Ready."
"Aliens","Medulla Gullah","aliens","aliens","Sketches\aliens\medulla-gullah.html","https://ronenglish-archive.github.io/ron-english-sketches-aliens/Sketches/aliens/medulla-gullah.html","2","0","https://ronenglish-archive.github.io/ron-english-sketches-aliens/images/Sketches/aliens/Aphelionia%20-%20original.jpg","OK","Ready."
"Aliens","Megagalactron","aliens","aliens","Sketches\aliens\megagalactron.html","https://ronenglish-archive.github.io/ron-english-sketches-aliens/Sketches/aliens/megagalactron.html","2","0","https://ronenglish-archive.github.io/ron-english-sketches-aliens/images/Sketches/aliens/Eternal%20Bernal%20ORIGINAL.jpg","OK","Ready."
"Aliens","Mira Mecia","aliens","aliens","Sketches\aliens\mira-mecia.html","https://ronenglish-archive.github.io/ron-english-sketches-aliens/Sketches/aliens/mira-mecia.html","2","2","https://ronenglish-archive.github.io/ron-english-sketches-aliens/images/Sketches/aliens%202/Mira%20Mecia%20ORIGINAL.jpg","REVIEW","Some local image references were not found."
"Aliens","Mirreckless Mucilaginor","aliens","aliens","Sketches\aliens\mirreckless-mucilaginor.html","https://ronenglish-archive.github.io/ron-english-sketches-aliens/Sketches/aliens/mirreckless-mucilaginor.html","3","0","https://ronenglish-archive.github.io/ron-english-sketches-aliens/images/Sketches/aliens/Galacter%20Equanimous%20ORIGINAL.jpg","OK","Ready."
"Aliens","Moe Clown Alien","aliens","aliens","Sketches\aliens\moe-clown-alien.html","https://ronenglish-archive.github.io/ron-english-sketches-aliens/Sketches/aliens/moe-clown-alien.html","3","0","https://ronenglish-archive.github.io/ron-english-sketches-aliens/images/Sketches/aliens/Moe%20Clown%20Alien%20-%20original.jpg","OK","Ready."
"Aliens","Ms Terious Celeillated","aliens","aliens","Sketches\aliens\ms-terious-celeillated.html","https://ronenglish-archive.github.io/ron-english-sketches-aliens/Sketches/aliens/ms-terious-celeillated.html","14","1","https://ronenglish-archive.github.io/ron-english-sketches-aliens/images/Sketches/aliens%202/Ms%20Terious%20Celeillated%20ORIGINAL.jpg","REVIEW","Some local image references were not found."
"Aliens","Myntra Venus","aliens","aliens","Sketches\aliens\myntra-venus.html","https://ronenglish-archive.github.io/ron-english-sketches-aliens/Sketches/aliens/myntra-venus.html","2","0","https://ronenglish-archive.github.io/ron-english-sketches-aliens/images/Sketches/aliens/Inveterate%20Vertibralien%20ORIGINAL.jpg","OK","Ready."
"Aliens","Mystical Visitor","aliens","aliens","Sketches\aliens\mystical-visitor.html","https://ronenglish-archive.github.io/ron-english-sketches-aliens/Sketches/aliens/mystical-visitor.html","13","0","https://ronenglish-archive.github.io/ron-english-sketches-aliens/images/Sketches/aliens/Starfarer%20Epicureans%20Max%20ORIGINAL.jpg","OK","Ready."
"Aliens","Mythical Sith Mouse","aliens","aliens","Sketches\aliens\mythical-sith-mouse.html","https://ronenglish-archive.github.io/ron-english-sketches-aliens/Sketches/aliens/mythical-sith-mouse.html","3","0","https://ronenglish-archive.github.io/ron-english-sketches-aliens/images/Sketches/aliens/Mythical%20Sith%20Mouse%20-%20original.jpg","OK","Ready."
"Aliens","Nastronaut Snubbin","aliens","aliens","Sketches\aliens\nastronaut-snubbin.html","https://ronenglish-archive.github.io/ron-english-sketches-aliens/Sketches/aliens/nastronaut-snubbin.html","3","0","https://ronenglish-archive.github.io/ron-english-sketches-aliens/images/Sketches/aliens/Nastronaut%20Snubbin%20-%20original.jpg","OK","Ready."
"Aliens","Neandastral","aliens","aliens","Sketches\aliens\neandastral.html","https://ronenglish-archive.github.io/ron-english-sketches-aliens/Sketches/aliens/neandastral.html","2","0","https://ronenglish-archive.github.io/ron-english-sketches-aliens/images/Sketches/aliens/Eternal%20Bernal%20ORIGINAL.jpg","OK","Ready."
"Aliens","Nebulator","aliens","aliens","Sketches\aliens\nebulator.html","https://ronenglish-archive.github.io/ron-english-sketches-aliens/Sketches/aliens/nebulator.html","2","0","https://ronenglish-archive.github.io/ron-english-sketches-aliens/images/Sketches/aliens/Mira%20Mecia%20ORIGINAL.jpg","OK","Ready."
"Aliens","Obese Alien","aliens","aliens","Sketches\aliens\obese-alien.html","https://ronenglish-archive.github.io/ron-english-sketches-aliens/Sketches/aliens/obese-alien.html","12","0","https://ronenglish-archive.github.io/ron-english-sketches-aliens/images/Sketches/aliens/Obese%20Alien%20-%20front%20original.jpg","OK","Ready."
"Aliens","Oculestria","aliens","aliens","Sketches\aliens\oculestria.html","https://ronenglish-archive.github.io/ron-english-sketches-aliens/Sketches/aliens/oculestria.html","2","0","https://ronenglish-archive.github.io/ron-english-sketches-aliens/images/Sketches/aliens/Oculestria%20ORIGINAL.jpg","OK","Ready."
"Aliens","OG Sinner Alien","aliens","aliens","Sketches\aliens\og-sinner-alien.html","https://ronenglish-archive.github.io/ron-english-sketches-aliens/Sketches/aliens/og-sinner-alien.html","3","0","https://ronenglish-archive.github.io/ron-english-sketches-aliens/images/Sketches/aliens/OG%20Sinner%20Alien%20-%20original.jpg","OK","Ready."
"Aliens","Oogie Boogie","aliens","aliens","Sketches\aliens\oogie-boogie.html","https://ronenglish-archive.github.io/ron-english-sketches-aliens/Sketches/aliens/oogie-boogie.html","2","0","https://ronenglish-archive.github.io/ron-english-sketches-aliens/images/Sketches/aliens/Lavishless%20Fabuness%20ORIGINAL.jpg","OK","Ready."
"Aliens","Opoid Ian","aliens","aliens","Sketches\aliens\opoid-ian.html","https://ronenglish-archive.github.io/ron-english-sketches-aliens/Sketches/aliens/opoid-ian.html","2","0","https://ronenglish-archive.github.io/ron-english-sketches-aliens/images/Sketches/aliens/Opoid%20Ian%20ORIGINAL.jpg","OK","Ready."
"Aliens","Orgie Porgie Alien","aliens","aliens","Sketches\aliens\orgie-porgie-alien.html","https://ronenglish-archive.github.io/ron-english-sketches-aliens/Sketches/aliens/orgie-porgie-alien.html","3","0","https://ronenglish-archive.github.io/ron-english-sketches-aliens/images/Sketches/aliens/Orgie%20Porgie%20Alien%20-%20original.jpg","OK","Ready."
"Aliens","Orion Pod Slime","aliens","aliens","Sketches\aliens\orion-pod-slime.html","https://ronenglish-archive.github.io/ron-english-sketches-aliens/Sketches/aliens/orion-pod-slime.html","8","0","https://ronenglish-archive.github.io/ron-english-sketches-aliens/images/Sketches/aliens/Orion%20Pod%20Slime%20-%20three%20quarters%20original.jpg","OK","Ready."
"Aliens","Orion the Obese Alien","aliens","aliens","Sketches\aliens\orion-the-obese-alien.html","https://ronenglish-archive.github.io/ron-english-sketches-aliens/Sketches/aliens/orion-the-obese-alien.html","15","0","https://ronenglish-archive.github.io/ron-english-sketches-aliens/images/Sketches/aliens/Orion%20the%20Obese%20Alien%20-%20three%20quarters%20original.jpg","OK","Ready."
"Aliens","Otherworld Overlord","aliens","aliens","Sketches\aliens\otherworld-overlord.html","https://ronenglish-archive.github.io/ron-english-sketches-aliens/Sketches/aliens/otherworld-overlord.html","11","0","https://ronenglish-archive.github.io/ron-english-sketches-aliens/images/Sketches/aliens%202/Otherworld%20Overlord%20ORIGINAL.jpg","OK","Ready."
"Aliens","Palliduness Flatulence","aliens","aliens","Sketches\aliens\palliduness-flatulence.html","https://ronenglish-archive.github.io/ron-english-sketches-aliens/Sketches/aliens/palliduness-flatulence.html","4","0","https://ronenglish-archive.github.io/ron-english-sketches-aliens/images/Sketches/aliens%202/Palliduness%20Flatulence%20ORIGINAL.jpg","OK","Ready."
"Aliens","Patchy Podium","aliens","aliens","Sketches\aliens\patchy-podium.html","https://ronenglish-archive.github.io/ron-english-sketches-aliens/Sketches/aliens/patchy-podium.html","1","0","https://ronenglish-archive.github.io/ron-english-sketches-aliens/images/Sketches/aliens/Patchy%20Podium.jpg","OK","Ready."
"Aliens","Perp Petual","aliens","aliens","Sketches\aliens\perp-petual.html","https://ronenglish-archive.github.io/ron-english-sketches-aliens/Sketches/aliens/perp-petual.html","12","0","https://ronenglish-archive.github.io/ron-english-sketches-aliens/images/Sketches/aliens/Dwell%20Cogo%20ORIGINAL.jpg","OK","Ready."
"Aliens","Phoebus Fetus Alien","aliens","aliens","Sketches\aliens\phoebus-fetus-alien.html","https://ronenglish-archive.github.io/ron-english-sketches-aliens/Sketches/aliens/phoebus-fetus-alien.html","3","0","https://ronenglish-archive.github.io/ron-english-sketches-aliens/images/Sketches/aliens/Phoebus%20Fetus%20Alien%20-%20original.jpg","OK","Ready."
"Aliens","Phone Home Alien","aliens","aliens","Sketches\aliens\phone-home-alien.html","https://ronenglish-archive.github.io/ron-english-sketches-aliens/Sketches/aliens/phone-home-alien.html","3","0","https://ronenglish-archive.github.io/ron-english-sketches-aliens/images/Sketches/aliens/Phone%20Home%20Alien%20-%20original.jpg","OK","Ready."
"Aliens","Pluton Ian","aliens","aliens","Sketches\aliens\pluton-ian.html","https://ronenglish-archive.github.io/ron-english-sketches-aliens/Sketches/aliens/pluton-ian.html","2","0","https://ronenglish-archive.github.io/ron-english-sketches-aliens/images/Sketches/aliens/Pluton%20Ian%20ORIGINAL.jpg","OK","Ready."
"Aliens","Popeye Alien","aliens","aliens","Sketches\aliens\popeye-alien.html","https://ronenglish-archive.github.io/ron-english-sketches-aliens/Sketches/aliens/popeye-alien.html","4","0","https://ronenglish-archive.github.io/ron-english-sketches-aliens/images/Sketches/aliens/Popeye%20Alien%20-%20original.jpg","OK","Ready."
"Aliens","Poultry Rex in Eggshell Ship","aliens","aliens","Sketches\aliens\poultry-rex-and-eggshell-ship.html","https://ronenglish-archive.github.io/ron-english-sketches-aliens/Sketches/aliens/poultry-rex-and-eggshell-ship.html","4","0","https://ronenglish-archive.github.io/ron-english-sketches-aliens/images/Sketches/aliens/Poultry%20Rex%20and%20Eggshell%20Ship%20-%20original.jpg","OK","Ready."
"Aliens","Prechinca Peach","aliens","aliens","Sketches\aliens\prechinca-peach.html","https://ronenglish-archive.github.io/ron-english-sketches-aliens/Sketches/aliens/prechinca-peach.html","8","0","https://ronenglish-archive.github.io/ron-english-sketches-aliens/images/Sketches/aliens%202/Prechinca%20Peach%20ORIGINAL.jpg","OK","Ready."
"Aliens","Proteus Lowlander","aliens","aliens","Sketches\aliens\proteus-lowlander.html","https://ronenglish-archive.github.io/ron-english-sketches-aliens/Sketches/aliens/proteus-lowlander.html","2","0","https://ronenglish-archive.github.io/ron-english-sketches-aliens/images/Sketches/aliens/Gralien%20ORIGINAL.jpg","OK","Ready."
"Aliens","Psalty Turin Shout","aliens","aliens","Sketches\aliens\psalty-turin-shout.html","https://ronenglish-archive.github.io/ron-english-sketches-aliens/Sketches/aliens/psalty-turin-shout.html","4","0","https://ronenglish-archive.github.io/ron-english-sketches-aliens/images/Sketches/aliens/Etymogual%20Benedictus%20ORIGINAL.jpg","OK","Ready."
"Aliens","Pudge Alien","aliens","aliens","Sketches\aliens\pudge-alien.html","https://ronenglish-archive.github.io/ron-english-sketches-aliens/Sketches/aliens/pudge-alien.html","3","0","https://ronenglish-archive.github.io/ron-english-sketches-aliens/images/Sketches/aliens%202/Pudge%20Alien%20ORIGINAL.jpg","OK","Ready."
"Aliens","Qarkadee","aliens","aliens","Sketches\aliens\qarkadee.html","https://ronenglish-archive.github.io/ron-english-sketches-aliens/Sketches/aliens/qarkadee.html","3","0","https://ronenglish-archive.github.io/ron-english-sketches-aliens/images/Sketches/aliens/Qarkadee%20and%20Toothie%20Ruthie%20-%20shared%20original.jpg","OK","Ready."
"Aliens","Quarterback Squeak","aliens","aliens","Sketches\aliens\quarterback-squeak.html","https://ronenglish-archive.github.io/ron-english-sketches-aliens/Sketches/aliens/quarterback-squeak.html","3","0","https://ronenglish-archive.github.io/ron-english-sketches-aliens/images/Sketches/aliens/Quarterback%20Squeak%20-%20B%26W.jpg","OK","Ready."
"Aliens","Quasamos","aliens","aliens","Sketches\aliens\quasamos.html","https://ronenglish-archive.github.io/ron-english-sketches-aliens/Sketches/aliens/quasamos.html","2","0","https://ronenglish-archive.github.io/ron-english-sketches-aliens/images/Sketches/aliens%202/Quasamos%20ORIGINAL.jpg","OK","Ready."
"Aliens","Ratrental Adreheum","aliens","aliens","Sketches\aliens\ratrental-adreheum.html","https://ronenglish-archive.github.io/ron-english-sketches-aliens/Sketches/aliens/ratrental-adreheum.html","4","0","https://ronenglish-archive.github.io/ron-english-sketches-aliens/images/Sketches/aliens/Ratrental%20Adreheum%20ORIGINAL.jpg","OK","Ready."
"Aliens","Ravelbless Calluconcious","aliens","aliens","Sketches\aliens\ravelbless-calluconcious.html","https://ronenglish-archive.github.io/ron-english-sketches-aliens/Sketches/aliens/ravelbless-calluconcious.html","4","0","https://ronenglish-archive.github.io/ron-english-sketches-aliens/images/Sketches/aliens/Ravelbless%20Calluconcious%20ORIGINAL.jpg","OK","Ready."
"Aliens","Remora Rabbbit","aliens","aliens","Sketches\aliens\remora-rabbbit.html","https://ronenglish-archive.github.io/ron-english-sketches-aliens/Sketches/aliens/remora-rabbbit.html","14","0","https://ronenglish-archive.github.io/ron-english-sketches-aliens/images/Sketches/aliens%202/Remora%20Rabbbit%20ORIGINAL.jpg","OK","Ready."
"Aliens","Reptilian Rhapsody","aliens","aliens","Sketches\aliens\reptilian-rhapsody.html","https://ronenglish-archive.github.io/ron-english-sketches-aliens/Sketches/aliens/reptilian-rhapsody.html","2","0","https://ronenglish-archive.github.io/ron-english-sketches-aliens/images/Sketches/aliens/Brooke%20Chinook%20-%20original.jpg","OK","Ready."
"Aliens","Reptoculi","aliens","aliens","Sketches\aliens\reptoculi.html","https://ronenglish-archive.github.io/ron-english-sketches-aliens/Sketches/aliens/reptoculi.html","2","0","https://ronenglish-archive.github.io/ron-english-sketches-aliens/images/Sketches/aliens%202/Reptoculi%20ORIGINAL.jpg","OK","Ready."
"Aliens","Revel Rioter","aliens","aliens","Sketches\aliens\revel-rioter.html","https://ronenglish-archive.github.io/ron-english-sketches-aliens/Sketches/aliens/revel-rioter.html","5","0","https://ronenglish-archive.github.io/ron-english-sketches-aliens/images/Sketches/aliens/Ratrental%20Adreheum%20ORIGINAL.jpg","OK","Ready."
"Aliens","Rocket Alien","aliens","aliens","Sketches\aliens\rocket-alien.html","https://ronenglish-archive.github.io/ron-english-sketches-aliens/Sketches/aliens/rocket-alien.html","2","0","https://ronenglish-archive.github.io/ron-english-sketches-aliens/images/Sketches/aliens/Rocket%20Alien%20-%20original.jpg","OK","Ready."
"Aliens","Sally Yanger","aliens","aliens","Sketches\aliens\sally-yanger.html","https://ronenglish-archive.github.io/ron-english-sketches-aliens/Sketches/aliens/sally-yanger.html","2","0","https://ronenglish-archive.github.io/ron-english-sketches-aliens/images/Sketches/aliens%202/Sally%20Yanger%20ORIGINAL.jpg","OK","Ready."
"Aliens","Samboner Infaspace","aliens","aliens","Sketches\aliens\samboner-infaspace.html","https://ronenglish-archive.github.io/ron-english-sketches-aliens/Sketches/aliens/samboner-infaspace.html","14","0","https://ronenglish-archive.github.io/ron-english-sketches-aliens/images/Sketches/aliens%202/Samboner%20Infaspace%20ORIGINAL.jpg","OK","Ready."
"Aliens","Sandmo Abstance","aliens","aliens","Sketches\aliens\sandmo-abstance.html","https://ronenglish-archive.github.io/ron-english-sketches-aliens/Sketches/aliens/sandmo-abstance.html","2","0","https://ronenglish-archive.github.io/ron-english-sketches-aliens/images/Sketches/aliens/Genhumas%20Transretnal%20ORIGINAL.jpg","OK","Ready."
"Aliens","Satur Nine","aliens","aliens","Sketches\aliens\satur-nine.html","https://ronenglish-archive.github.io/ron-english-sketches-aliens/Sketches/aliens/satur-nine.html","2","0","https://ronenglish-archive.github.io/ron-english-sketches-aliens/images/Sketches/aliens/Pluton%20Ian%20ORIGINAL.jpg","OK","Ready."
"Aliens","Saturnine Samwich","aliens","aliens","Sketches\aliens\saturnine-samwich.html","https://ronenglish-archive.github.io/ron-english-sketches-aliens/Sketches/aliens/saturnine-samwich.html","11","0","https://ronenglish-archive.github.io/ron-english-sketches-aliens/images/Sketches/aliens/Walleyed%20Strabismus%20-%20original.jpg","OK","Ready."
"Aliens","Saturn Sam","aliens","aliens","Sketches\aliens\saturn-sam.html","https://ronenglish-archive.github.io/ron-english-sketches-aliens/Sketches/aliens/saturn-sam.html","5","0","https://ronenglish-archive.github.io/ron-english-sketches-aliens/images/Sketches/aliens/Saturn%20Sam%20-%20original.jpg","OK","Ready."
"Aliens","Schedufool Unit 42","aliens","aliens","Sketches\aliens\schedufool-unit-42.html","https://ronenglish-archive.github.io/ron-english-sketches-aliens/Sketches/aliens/schedufool-unit-42.html","6","0","https://ronenglish-archive.github.io/ron-english-sketches-aliens/images/Sketches/aliens/Schedufool%20Unit%2042%20-%20original.jpg","OK","Ready."
"Aliens","Schlubber","aliens","aliens","Sketches\aliens\schlubber.html","https://ronenglish-archive.github.io/ron-english-sketches-aliens/Sketches/aliens/schlubber.html","15","0","https://ronenglish-archive.github.io/ron-english-sketches-aliens/images/Sketches/aliens/Schedufool%20Unit%2042%20-%20original.jpg","OK","Ready."
"Aliens","Scotty Illuminati","aliens","aliens","Sketches\aliens\scotty-illuminati.html","https://ronenglish-archive.github.io/ron-english-sketches-aliens/Sketches/aliens/scotty-illuminati.html","3","0","https://ronenglish-archive.github.io/ron-english-sketches-aliens/images/Sketches/aliens/Scotty%20Illuminati%20-%20original.jpg","OK","Ready."
"Aliens","Strabismus Estropian","aliens","aliens","Sketches\aliens\scrabismus-estropian.html","https://ronenglish-archive.github.io/ron-english-sketches-aliens/Sketches/aliens/scrabismus-estropian.html","14","0","https://ronenglish-archive.github.io/ron-english-sketches-aliens/images/Sketches/aliens%202/Scrabismus%20Estropian%20ORIGINAL.jpg","OK","Ready."
"Aliens","Senior Homecause","aliens","aliens","Sketches\aliens\senior-homecause.html","https://ronenglish-archive.github.io/ron-english-sketches-aliens/Sketches/aliens/senior-homecause.html","12","0","https://ronenglish-archive.github.io/ron-english-sketches-aliens/images/Sketches/aliens/Wackotron%20Rover%20-%20original.jpg","OK","Ready."
"Aliens","Sermound Canibalier","aliens","aliens","Sketches\aliens\sermound-canibalier.html","https://ronenglish-archive.github.io/ron-english-sketches-aliens/Sketches/aliens/sermound-canibalier.html","3","0","https://ronenglish-archive.github.io/ron-english-sketches-aliens/images/Sketches/aliens%202/Sermound%20Canibalier%20ORIGINAL.jpg","OK","Ready."
"Aliens","Sirius Circus Alien","aliens","aliens","Sketches\aliens\sirius-circus-alien.html","https://ronenglish-archive.github.io/ron-english-sketches-aliens/Sketches/aliens/sirius-circus-alien.html","6","0","https://ronenglish-archive.github.io/ron-english-sketches-aliens/images/Sketches/aliens/Sirius%20Circus%20Alien%20-%20original.jpg","OK","Ready."
"Aliens","Siron Alien","aliens","aliens","Sketches\aliens\siron-alien.html","https://ronenglish-archive.github.io/ron-english-sketches-aliens/Sketches/aliens/siron-alien.html","5","0","https://ronenglish-archive.github.io/ron-english-sketches-aliens/images/Sketches/aliens/Siron%20Alien%20-%20original.jpg","OK","Ready."
"Aliens","Sirus Alien","aliens","aliens","Sketches\aliens\sirus-alien.html","https://ronenglish-archive.github.io/ron-english-sketches-aliens/Sketches/aliens/sirus-alien.html","5","0","https://ronenglish-archive.github.io/ron-english-sketches-aliens/images/Sketches/aliens/Sirus%20Alien%20ORIGINAL.jpg","OK","Ready."
"Aliens","Skullcrow","aliens","aliens","Sketches\aliens\skullcrow.html","https://ronenglish-archive.github.io/ron-english-sketches-aliens/Sketches/aliens/skullcrow.html","2","0","https://ronenglish-archive.github.io/ron-english-sketches-aliens/images/Sketches/aliens%202/Skullcrow%20ORIGINAL.jpg","OK","Ready."
"Aliens","Space Bunnny Suit Alien","aliens","aliens","Sketches\aliens\space-bunnny-suit-alien.html","https://ronenglish-archive.github.io/ron-english-sketches-aliens/Sketches/aliens/space-bunnny-suit-alien.html","3","0","https://ronenglish-archive.github.io/ron-english-sketches-aliens/images/Sketches/aliens/Space%20Bunnny%20Suit%20Alien%20-%20original.jpg","OK","Ready."
"Aliens","Spirastro","aliens","aliens","Sketches\aliens\spirastro.html","https://ronenglish-archive.github.io/ron-english-sketches-aliens/Sketches/aliens/spirastro.html","2","0","https://ronenglish-archive.github.io/ron-english-sketches-aliens/images/Sketches/aliens/Spirastro%20ORIGINAL.jpg","OK","Ready."
"Aliens","Squinch","aliens","aliens","Sketches\aliens\squinch.html","https://ronenglish-archive.github.io/ron-english-sketches-aliens/Sketches/aliens/squinch.html","2","0","https://ronenglish-archive.github.io/ron-english-sketches-aliens/images/Sketches/aliens/Squinch%20ORIGINAL.jpg","OK","Ready."
"Aliens","Starfarer Epicureans Max","aliens","aliens","Sketches\aliens\starfarer-epicureans-max.html","https://ronenglish-archive.github.io/ron-english-sketches-aliens/Sketches/aliens/starfarer-epicureans-max.html","4","0","https://ronenglish-archive.github.io/ron-english-sketches-aliens/images/Sketches/aliens/Starfarer%20Epicureans%20Max%20ORIGINAL.jpg","OK","Ready."
"Aliens","Star Skull Alien","aliens","aliens","Sketches\aliens\star-skull-alien.html","https://ronenglish-archive.github.io/ron-english-sketches-aliens/Sketches/aliens/star-skull-alien.html","17","0","https://ronenglish-archive.github.io/ron-english-sketches-aliens/images/Sketches/aliens%202/Star%20Skull%20Alien%20ORIGINAL.jpg","OK","Ready."
"Aliens","Starskull Rocket","aliens","aliens","Sketches\aliens\starskull-rocket.html","https://ronenglish-archive.github.io/ron-english-sketches-aliens/Sketches/aliens/starskull-rocket.html","4","0","https://ronenglish-archive.github.io/ron-english-sketches-aliens/images/Sketches/aliens/Starskull%20Rocket%20-%20B%26W.jpg","OK","Ready."
"Aliens","Star Trooper Alien","aliens","aliens","Sketches\aliens\star-trooper-alien.html","https://ronenglish-archive.github.io/ron-english-sketches-aliens/Sketches/aliens/star-trooper-alien.html","6","0","https://ronenglish-archive.github.io/ron-english-sketches-aliens/images/Sketches/aliens/Star%20Trooper%20Alien%20-%20original.jpg","OK","Ready."
"Aliens","Storm Thunder","aliens","aliens","Sketches\aliens\storm-thunder.html","https://ronenglish-archive.github.io/ron-english-sketches-aliens/Sketches/aliens/storm-thunder.html","12","0","https://ronenglish-archive.github.io/ron-english-sketches-aliens/images/Sketches/aliens/Dwell%20Cogo%20ORIGINAL.jpg","OK","Ready."
"Aliens","Stupor Trooper Alien","aliens","aliens","Sketches\aliens\stupor-trooper-alien.html","https://ronenglish-archive.github.io/ron-english-sketches-aliens/Sketches/aliens/stupor-trooper-alien.html","3","0","https://ronenglish-archive.github.io/ron-english-sketches-aliens/images/Sketches/aliens/Stupor%20Trooper%20Alien%20-%20original.jpg","OK","Ready."
"Aliens","Svelt Lown","aliens","aliens","Sketches\aliens\svelt-lown.html","https://ronenglish-archive.github.io/ron-english-sketches-aliens/Sketches/aliens/svelt-lown.html","2","0","https://ronenglish-archive.github.io/ron-english-sketches-aliens/images/Sketches/aliens/Trans%20Mogrifie%20ORIGINAL.jpg","OK","Ready."
"Aliens","Tantalus Zathuman 45","aliens","aliens","Sketches\aliens\tantalus-zathuman-45.html","https://ronenglish-archive.github.io/ron-english-sketches-aliens/Sketches/aliens/tantalus-zathuman-45.html","3","0","https://ronenglish-archive.github.io/ron-english-sketches-aliens/images/Sketches/aliens/Amblyopiate%20-%20original.jpg","OK","Ready."
"Aliens","Teardrop Alien","aliens","aliens","Sketches\aliens\teardrop-alien.html","https://ronenglish-archive.github.io/ron-english-sketches-aliens/Sketches/aliens/teardrop-alien.html","3","0","https://ronenglish-archive.github.io/ron-english-sketches-aliens/images/Sketches/aliens%202/Teardrop%20Alien%20ORIGINAL.jpg","OK","Ready."
"Aliens","Thcycler Sanbow","aliens","aliens","Sketches\aliens\thcycler-sanbow.html","https://ronenglish-archive.github.io/ron-english-sketches-aliens/Sketches/aliens/thcycler-sanbow.html","4","0","https://ronenglish-archive.github.io/ron-english-sketches-aliens/images/Sketches/aliens/Ratrental%20Adreheum%20ORIGINAL.jpg","OK","Ready."
"Aliens","Titfotat","aliens","aliens","Sketches\aliens\titfotat.html","https://ronenglish-archive.github.io/ron-english-sketches-aliens/Sketches/aliens/titfotat.html","2","0","https://ronenglish-archive.github.io/ron-english-sketches-aliens/images/Sketches/aliens%202/Titfotat%20ORIGINAL.jpg","OK","Ready."
"Aliens","Toothie Ruthie","aliens","aliens","Sketches\aliens\toothie-ruthie.html","https://ronenglish-archive.github.io/ron-english-sketches-aliens/Sketches/aliens/toothie-ruthie.html","3","0","https://ronenglish-archive.github.io/ron-english-sketches-aliens/images/Sketches/aliens/Qarkadee%20and%20Toothie%20Ruthie%20-%20shared%20original.jpg","OK","Ready."
"Aliens","Trans Mogrifie","aliens","aliens","Sketches\aliens\trans-mogrifie.html","https://ronenglish-archive.github.io/ron-english-sketches-aliens/Sketches/aliens/trans-mogrifie.html","2","0","https://ronenglish-archive.github.io/ron-english-sketches-aliens/images/Sketches/aliens/Trans%20Mogrifie%20ORIGINAL.jpg","OK","Ready."
"Aliens","Transretinal Orion","aliens","aliens","Sketches\aliens\transretinal-orion.html","https://ronenglish-archive.github.io/ron-english-sketches-aliens/Sketches/aliens/transretinal-orion.html","3","0","https://ronenglish-archive.github.io/ron-english-sketches-aliens/images/Sketches/aliens%202/Transretinal%20Orion%20ORIGINAL.jpg","OK","Ready."
"Aliens","Trippant Traveler","aliens","aliens","Sketches\aliens\trippant-traveler.html","https://ronenglish-archive.github.io/ron-english-sketches-aliens/Sketches/aliens/trippant-traveler.html","4","0","https://ronenglish-archive.github.io/ron-english-sketches-aliens/images/Sketches/aliens/Trippant%20Traveler%20-%20original.jpg","OK","Ready."
"Aliens","Trooper Mechanical Proxy","aliens","aliens","Sketches\aliens\trooper-mechanical-proxy.html","https://ronenglish-archive.github.io/ron-english-sketches-aliens/Sketches/aliens/trooper-mechanical-proxy.html","3","0","https://ronenglish-archive.github.io/ron-english-sketches-aliens/images/Sketches/aliens/Trooper%20Mechanical%20Proxy%20-%20original.jpg","OK","Ready."
"Aliens","Tsechgo the Terror","aliens","aliens","Sketches\aliens\tsechgo-the-terror.html","https://ronenglish-archive.github.io/ron-english-sketches-aliens/Sketches/aliens/tsechgo-the-terror.html","3","0","https://ronenglish-archive.github.io/ron-english-sketches-aliens/images/Sketches/aliens/Equinoxious-2%20ORIGINAL.jpg","OK","Ready."
"Aliens","Udder Space Cowgirl","aliens","aliens","Sketches\aliens\udder-space-cowgirl.html","https://ronenglish-archive.github.io/ron-english-sketches-aliens/Sketches/aliens/udder-space-cowgirl.html","4","0","https://ronenglish-archive.github.io/ron-english-sketches-aliens/images/Sketches/aliens/Udder%20Space%20Cowgirl%20-%20B%26W.jpg","OK","Ready."
"Aliens","Venusian Uranian","aliens","aliens","Sketches\aliens\venusian-uranian.html","https://ronenglish-archive.github.io/ron-english-sketches-aliens/Sketches/aliens/venusian-uranian.html","17","0","https://ronenglish-archive.github.io/ron-english-sketches-aliens/images/Sketches/aliens/Venusian%20Uranian%20ORIGINAL.jpg","OK","Ready."
"Aliens","Virgin Alien","aliens","aliens","Sketches\aliens\virgin-alien.html","https://ronenglish-archive.github.io/ron-english-sketches-aliens/Sketches/aliens/virgin-alien.html","3","0","https://ronenglish-archive.github.io/ron-english-sketches-aliens/images/Sketches/aliens/Virgin%20Alien%20-%20original.jpg","OK","Ready."
"Aliens","Vivatous Vee","aliens","aliens","Sketches\aliens\vivatous-vee.html","https://ronenglish-archive.github.io/ron-english-sketches-aliens/Sketches/aliens/vivatous-vee.html","4","0","https://ronenglish-archive.github.io/ron-english-sketches-aliens/images/Sketches/aliens/Kidmark%20Que%20ORIGINAL.jpg","OK","Ready."
"Aliens","Vol Kant","aliens","aliens","Sketches\aliens\vol-kant.html","https://ronenglish-archive.github.io/ron-english-sketches-aliens/Sketches/aliens/vol-kant.html","2","0","https://ronenglish-archive.github.io/ron-english-sketches-aliens/images/Sketches/aliens/Pluton%20Ian%20ORIGINAL.jpg","OK","Ready."
"Aliens","Voyagel Wonderer","aliens","aliens","Sketches\aliens\voyagel-wonderer.html","https://ronenglish-archive.github.io/ron-english-sketches-aliens/Sketches/aliens/voyagel-wonderer.html","14","0","https://ronenglish-archive.github.io/ron-english-sketches-aliens/images/Sketches/aliens/Trippant%20Traveler%20-%20original.jpg","OK","Ready."
"Aliens","Vultron Vortex","aliens","aliens","Sketches\aliens\vulcan-vortex.html","https://ronenglish-archive.github.io/ron-english-sketches-aliens/Sketches/aliens/vulcan-vortex.html","12","0","https://ronenglish-archive.github.io/ron-english-sketches-aliens/images/Sketches/aliens/Oculestria%20ORIGINAL.jpg","OK","Ready."
"Aliens","Wackotron Rover","aliens","aliens","Sketches\aliens\wackotron-rover.html","https://ronenglish-archive.github.io/ron-english-sketches-aliens/Sketches/aliens/wackotron-rover.html","4","0","https://ronenglish-archive.github.io/ron-english-sketches-aliens/images/Sketches/aliens/Wackotron%20Rover%20-%20original.jpg","OK","Ready."
"Aliens","Walleyed Strabismus","aliens","aliens","Sketches\aliens\walleyed-strabismus.html","https://ronenglish-archive.github.io/ron-english-sketches-aliens/Sketches/aliens/walleyed-strabismus.html","4","0","https://ronenglish-archive.github.io/ron-english-sketches-aliens/images/Sketches/aliens/Walleyed%20Strabismus%20-%20original.jpg","OK","Ready."
"Aliens","Way Ward","aliens","aliens","Sketches\aliens\way-ward.html","https://ronenglish-archive.github.io/ron-english-sketches-aliens/Sketches/aliens/way-ward.html","11","0","https://ronenglish-archive.github.io/ron-english-sketches-aliens/images/Sketches/aliens/Wackotron%20Rover%20-%20original.jpg","OK","Ready."
"Aliens","What's Up Pup","aliens","aliens","Sketches\aliens\whats-up-pup.html","https://ronenglish-archive.github.io/ron-english-sketches-aliens/Sketches/aliens/whats-up-pup.html","2","0","https://ronenglish-archive.github.io/ron-english-sketches-aliens/images/Sketches/aliens%202/space%20pup%20card%201.jpg","OK","Ready."
"Aliens","Wingman Miller","aliens","aliens","Sketches\aliens\wingman-miller.html","https://ronenglish-archive.github.io/ron-english-sketches-aliens/Sketches/aliens/wingman-miller.html","5","0","https://ronenglish-archive.github.io/ron-english-sketches-aliens/images/Sketches/aliens/Wingman%20Miller%20-%20original.jpg","OK","Ready."
"Aliens","Xeno Dochium","aliens","aliens","Sketches\aliens\xeno-dochium.html","https://ronenglish-archive.github.io/ron-english-sketches-aliens/Sketches/aliens/xeno-dochium.html","7","0","https://ronenglish-archive.github.io/ron-english-sketches-aliens/images/Sketches/aliens%202/Xeno%20Dochium%20ORIGINAL.jpg","OK","Ready."
"Aliens","Yinyang Swirl","aliens","aliens","Sketches\aliens\yinyang-swirl.html","https://ronenglish-archive.github.io/ron-english-sketches-aliens/Sketches/aliens/yinyang-swirl.html","3","0","https://ronenglish-archive.github.io/ron-english-sketches-aliens/images/Sketches/aliens%202/Yinyang%20Swirl%20ORIGINAL.jpg","OK","Ready."
"Aliens","You Born Alien","aliens","aliens","Sketches\aliens\you-born-alien.html","https://ronenglish-archive.github.io/ron-english-sketches-aliens/Sketches/aliens/you-born-alien.html","2","0","https://ronenglish-archive.github.io/ron-english-sketches-aliens/images/Sketches/aliens/You%20Born%20Alien%20-%20B%26W.jpg","OK","Ready."
"Aliens","Zerk Zuckzerd","aliens","aliens","Sketches\aliens\zerk-zuckzerd.html","https://ronenglish-archive.github.io/ron-english-sketches-aliens/Sketches/aliens/zerk-zuckzerd.html","11","0","https://ronenglish-archive.github.io/ron-english-sketches-aliens/images/Sketches/aliens%202/Zerk%20Zuckzerd%20ORIGINAL.jpg","OK","Ready."
"Aliens","Zonk Temulent","aliens","aliens","Sketches\aliens\zonk-temulent.html","https://ronenglish-archive.github.io/ron-english-sketches-aliens/Sketches/aliens/zonk-temulent.html","13","0","https://ronenglish-archive.github.io/ron-english-sketches-aliens/images/Sketches/aliens/Leisurabilly%20Indeafatigable%20ORIGINAL.jpg","OK","Ready."
"Aliens","Zyvax Quirkbana","aliens","aliens","Sketches\aliens\zyvax-quirkbana.html","https://ronenglish-archive.github.io/ron-english-sketches-aliens/Sketches/aliens/zyvax-quirkbana.html","3","0","https://ronenglish-archive.github.io/ron-english-sketches-aliens/images/Sketches/aliens/Zyvax%20Quirkbana%20-%20original.jpg","OK","Ready."
"Animals","Ballsy Frog","amphibians","frogs","Sketches\amphibians\frogs\ballsy-frog.html","https://ronenglish-archive.github.io/ron-english-sketches-animals/Sketches/amphibians/frogs/ballsy-frog.html","3","0","https://ronenglish-archive.github.io/ron-english-sketches-animals/images/Sketches/amphibians/frogs/Ballsy%20Frog%20ORIGINAL.jpg","OK","Ready."
"Animals","Frogman","amphibians","frogs","Sketches\amphibians\frogs\frogman.html","https://ronenglish-archive.github.io/ron-english-sketches-animals/Sketches/amphibians/frogs/frogman.html","1","0","https://ronenglish-archive.github.io/ron-english-sketches-animals/images/Sketches/amphibians/frogs/Frogman%20ORIGINAL.jpg","OK","Ready."
"Animals","Frog Prince","amphibians","frogs","Sketches\amphibians\frogs\frog-prince.html","https://ronenglish-archive.github.io/ron-english-sketches-animals/Sketches/amphibians/frogs/frog-prince.html","5","0","https://ronenglish-archive.github.io/ron-english-sketches-animals/images/Sketches/amphibians/frogs/Frog%20Prince%20ORIGINAL.jpg","OK","Ready."
"Animals","Frog Princess","amphibians","frogs","Sketches\amphibians\frogs\frog-princess.html","https://ronenglish-archive.github.io/ron-english-sketches-animals/Sketches/amphibians/frogs/frog-princess.html","4","0","https://ronenglish-archive.github.io/ron-english-sketches-animals/images/Sketches/amphibians/frogs/Frog%20Princess%20ORIGINAL.jpg","OK","Ready."
"Animals","Frog Queen","amphibians","frogs","Sketches\amphibians\frogs\frog-queen.html","https://ronenglish-archive.github.io/ron-english-sketches-animals/Sketches/amphibians/frogs/frog-queen.html","3","0","https://ronenglish-archive.github.io/ron-english-sketches-animals/images/Sketches/amphibians/frogs/Frog%20Queen%20ORIGINAL.jpg","OK","Ready."
"Animals","Mick Monster","amphibians","frogs","Sketches\amphibians\frogs\mick-monster.html","https://ronenglish-archive.github.io/ron-english-sketches-animals/Sketches/amphibians/frogs/mick-monster.html","3","1","https://ronenglish-archive.github.io/ron-english-sketches-animals/images/Sketches/amphibians/frogs/Mick%20Monster%20ORIGINAL.jpg","REVIEW","Some local image references were not found."
"Animals","Obese Alien Bullfrog","amphibians","frogs","Sketches\amphibians\frogs\obese-alien-bullfrog.html","https://ronenglish-archive.github.io/ron-english-sketches-animals/Sketches/amphibians/frogs/obese-alien-bullfrog.html","3","0","https://ronenglish-archive.github.io/ron-english-sketches-animals/images/Sketches/amphibians/frogs/Obese%20Alien%20Bullfrog%20ORIGINAL.jpg","OK","Ready."
"Animals","Sea Mobster","amphibians","frogs","Sketches\amphibians\frogs\sea-mobster.html","https://ronenglish-archive.github.io/ron-english-sketches-animals/Sketches/amphibians/frogs/sea-mobster.html","3","1","https://ronenglish-archive.github.io/ron-english-sketches-animals/images/Sketches/amphibians/frogs/Sea%20Mobster%20ORIGINAL.jpg","REVIEW","Some local image references were not found."
"Animals","Toadstool","amphibians","frogs","Sketches\amphibians\frogs\toadstool.html","https://ronenglish-archive.github.io/ron-english-sketches-animals/Sketches/amphibians/frogs/toadstool.html","9","0","https://ronenglish-archive.github.io/ron-english-sketches-animals/images/Sketches/amphibians/frogs/Toadstool%201%20ORIGINAL.jpg","OK","Ready."
"Animals","Heart Yin Yang","amphibians","salamanders","Sketches\amphibians\salamanders\heart-yin-yang.html","https://ronenglish-archive.github.io/ron-english-sketches-animals/Sketches/amphibians/salamanders/heart-yin-yang.html","3","0","https://ronenglish-archive.github.io/ron-english-sketches-animals/images/Sketches/amphibians/salamanders/Heart%20Yin%20Yang%20ORIGINAL.jpg","OK","Ready."
"Animals","Last Supper Salamanders","amphibians","salamanders","Sketches\amphibians\salamanders\last-supper-salamanders.html","https://ronenglish-archive.github.io/ron-english-sketches-animals/Sketches/amphibians/salamanders/last-supper-salamanders.html","3","0","https://ronenglish-archive.github.io/ron-english-sketches-animals/images/Sketches/amphibians/salamanders/Last%20Supper%20Salamanders%20ORIGINAL.jpg","OK","Ready."
"Animals","Running Salamander","amphibians","salamanders","Sketches\amphibians\salamanders\running-salamander.html","https://ronenglish-archive.github.io/ron-english-sketches-animals/Sketches/amphibians/salamanders/running-salamander.html","3","0","https://ronenglish-archive.github.io/ron-english-sketches-animals/images/Sketches/amphibians/salamanders/Running%20Salamander%20ORIGINAL.jpg","OK","Ready."
"Animals","Salamander Bubbles 1","amphibians","salamanders","Sketches\amphibians\salamanders\salamander-bubbles-1.html","https://ronenglish-archive.github.io/ron-english-sketches-animals/Sketches/amphibians/salamanders/salamander-bubbles-1.html","3","0","https://ronenglish-archive.github.io/ron-english-sketches-animals/images/Sketches/amphibians/salamanders/Salamander%20Bubbles%201%20ORIGINAL.jpg","OK","Ready."
"Animals","Salamander Bubbles 2","amphibians","salamanders","Sketches\amphibians\salamanders\salamander-bubbles-2.html","https://ronenglish-archive.github.io/ron-english-sketches-animals/Sketches/amphibians/salamanders/salamander-bubbles-2.html","3","0","https://ronenglish-archive.github.io/ron-english-sketches-animals/images/Sketches/amphibians/salamanders/Salamander%20Bubbles%20ORIGINAL.jpg","OK","Ready."
"Animals","Salamander Bubbles 3","amphibians","salamanders","Sketches\amphibians\salamanders\salamander-bubbles-3.html","https://ronenglish-archive.github.io/ron-english-sketches-animals/Sketches/amphibians/salamanders/salamander-bubbles-3.html","3","0","https://ronenglish-archive.github.io/ron-english-sketches-animals/images/Sketches/amphibians/salamanders/Salamander%20Bubbles%20ORIGINAL.jpg","OK","Ready."
"Animals","Salamander Bubbles 4","amphibians","salamanders","Sketches\amphibians\salamanders\salamander-bubbles-4.html","https://ronenglish-archive.github.io/ron-english-sketches-animals/Sketches/amphibians/salamanders/salamander-bubbles-4.html","3","0","https://ronenglish-archive.github.io/ron-english-sketches-animals/images/Sketches/amphibians/salamanders/Salamander%20Bubbles%20ORIGINAL.jpg","OK","Ready."
"Animals","Salamander Cop - Trace Girl","amphibians","salamanders","Sketches\amphibians\salamanders\salamander-cop.html","https://ronenglish-archive.github.io/ron-english-sketches-animals/Sketches/amphibians/salamanders/salamander-cop.html","3","0","https://ronenglish-archive.github.io/ron-english-sketches-animals/images/Sketches/amphibians/salamanders/Salamander%20Cop%20ORIGINAL.jpg","OK","Ready."
"Animals","Salamander Heart 2","amphibians","salamanders","Sketches\amphibians\salamanders\salamander-heart-2.html","https://ronenglish-archive.github.io/ron-english-sketches-animals/Sketches/amphibians/salamanders/salamander-heart-2.html","3","0","https://ronenglish-archive.github.io/ron-english-sketches-animals/images/Sketches/amphibians/salamanders/Salamander%20Heart%202%20ORIGINAL.jpg","OK","Ready."
"Animals","Salamander Hula","amphibians","salamanders","Sketches\amphibians\salamanders\salamander-hula.html","https://ronenglish-archive.github.io/ron-english-sketches-animals/Sketches/amphibians/salamanders/salamander-hula.html","3","0","https://ronenglish-archive.github.io/ron-english-sketches-animals/images/Sketches/amphibians/salamanders/Salamander%20Hula%20ORIGINAL.jpg","OK","Ready."
"Animals","Salamander on Ladder 1 & 2","amphibians","salamanders","Sketches\amphibians\salamanders\salamander-on-ladder.html","https://ronenglish-archive.github.io/ron-english-sketches-animals/Sketches/amphibians/salamanders/salamander-on-ladder.html","6","0","https://ronenglish-archive.github.io/ron-english-sketches-animals/images/Sketches/amphibians/salamanders/Salamander%20on%20Ladder%201%20ORIGINAL.jpg","OK","Ready."
"Animals","Salamander Question Mark","amphibians","salamanders","Sketches\amphibians\salamanders\salamander-question-mark.html","https://ronenglish-archive.github.io/ron-english-sketches-animals/Sketches/amphibians/salamanders/salamander-question-mark.html","3","0","https://ronenglish-archive.github.io/ron-english-sketches-animals/images/Sketches/amphibians/salamanders/Salamander%20Question%20Mark%20ORIGINAL.jpg","OK","Ready."
"Animals","Salamander TV","amphibians","salamanders","Sketches\amphibians\salamanders\salamander-tv.html","https://ronenglish-archive.github.io/ron-english-sketches-animals/Sketches/amphibians/salamanders/salamander-tv.html","3","0","https://ronenglish-archive.github.io/ron-english-sketches-animals/images/Sketches/amphibians/salamanders/Salamander%20TV%20ORIGINAL.jpg","OK","Ready."
"Animals","Salamander Van Gogh","amphibians","salamanders","Sketches\amphibians\salamanders\salamander-van-gogh.html","https://ronenglish-archive.github.io/ron-english-sketches-animals/Sketches/amphibians/salamanders/salamander-van-gogh.html","3","0","https://ronenglish-archive.github.io/ron-english-sketches-animals/images/Sketches/amphibians/salamanders/Salamander%20Van%20Gogh%20ORIGINAL.jpg","OK","Ready."
"Animals","That's All Folks!","amphibians","salamanders","Sketches\amphibians\salamanders\thats-all-folks.html","https://ronenglish-archive.github.io/ron-english-sketches-animals/Sketches/amphibians/salamanders/thats-all-folks.html","3","0","https://ronenglish-archive.github.io/ron-english-sketches-animals/images/Sketches/amphibians/salamanders/That's%20All%20Folks!%20ORIGINAL.jpg","OK","Ready."
"Animals","Yang","amphibians","salamanders","Sketches\amphibians\salamanders\yang.html","https://ronenglish-archive.github.io/ron-english-sketches-animals/Sketches/amphibians/salamanders/yang.html","9","0","https://ronenglish-archive.github.io/ron-english-sketches-animals/images/Sketches/amphibians/salamanders/Yang%20left%20side%20ORIGINAL.jpg","OK","Ready."
"Animals","Yin Rock","amphibians","salamanders","Sketches\amphibians\salamanders\yin-rock.html","https://ronenglish-archive.github.io/ron-english-sketches-animals/Sketches/amphibians/salamanders/yin-rock.html","3","0","https://ronenglish-archive.github.io/ron-english-sketches-animals/images/Sketches/amphibians/salamanders/Yin%20Rock%20ORIGINAL.jpg","OK","Ready."
"Animals","Abe Waters","aquatic-dwellers","aqua-apes","Sketches\aquatic-dwellers\aqua-apes\abe-waters.html","https://ronenglish-archive.github.io/ron-english-sketches-animals/Sketches/aquatic-dwellers/aqua-apes/abe-waters.html","3","0","https://ronenglish-archive.github.io/ron-english-sketches-animals/images/Sketches/aquatic-dwellers/aqua-apes/Abe%20Waters%20B%26W%20digital.jpg","OK","Ready."
"Animals","Angel Cake","aquatic-dwellers","aqua-apes","Sketches\aquatic-dwellers\aqua-apes\angel-cake.html","https://ronenglish-archive.github.io/ron-english-sketches-animals/Sketches/aquatic-dwellers/aqua-apes/angel-cake.html","3","0","https://ronenglish-archive.github.io/ron-english-sketches-animals/images/Sketches/aquatic-dwellers/aqua-apes/Angel%20Cake%20ORIGINAL%20copy.jpg","OK","Ready."
"Animals","Angie Waters","aquatic-dwellers","aqua-apes","Sketches\aquatic-dwellers\aqua-apes\angie-waters.html","https://ronenglish-archive.github.io/ron-english-sketches-animals/Sketches/aquatic-dwellers/aqua-apes/angie-waters.html","4","0","https://ronenglish-archive.github.io/ron-english-sketches-animals/images/Sketches/aquatic-dwellers/aqua-apes/Angie%20Waters%20ORIGINAL.jpg","OK","Ready."
"Animals","Apette Waters","aquatic-dwellers","aqua-apes","Sketches\aquatic-dwellers\aqua-apes\apette-waters.html","https://ronenglish-archive.github.io/ron-english-sketches-animals/Sketches/aquatic-dwellers/aqua-apes/apette-waters.html","4","0","https://ronenglish-archive.github.io/ron-english-sketches-animals/images/Sketches/aquatic-dwellers/aqua-apes/Apette%20Waters%20ORIGINAL%20copy.jpg","OK","Ready."
"Animals","Aqua Ape for Snow Globe 1","aquatic-dwellers","aqua-apes","Sketches\aquatic-dwellers\aqua-apes\aqua-ape-for-snow-globe-1.html","https://ronenglish-archive.github.io/ron-english-sketches-animals/Sketches/aquatic-dwellers/aqua-apes/aqua-ape-for-snow-globe-1.html","2","0","https://ronenglish-archive.github.io/ron-english-sketches-animals/images/Sketches/aquatic-dwellers/aqua-apes/Aqua%20Ape%20for%20Snow%20Globe%201%20B%26W%20digital.jpg","OK","Ready."
"Animals","Aqua Ape for Snow Globe 2","aquatic-dwellers","aqua-apes","Sketches\aquatic-dwellers\aqua-apes\aqua-ape-for-snow-globe-2.html","https://ronenglish-archive.github.io/ron-english-sketches-animals/Sketches/aquatic-dwellers/aqua-apes/aqua-ape-for-snow-globe-2.html","2","0","https://ronenglish-archive.github.io/ron-english-sketches-animals/images/Sketches/aquatic-dwellers/aqua-apes/Aqua%20Ape%20for%20Snow%20Globe%202%20B%26W%20digital.jpg","OK","Ready."
"Animals","Aqua Ape on Chair","aquatic-dwellers","aqua-apes","Sketches\aquatic-dwellers\aqua-apes\aqua-ape-on-chair.html","https://ronenglish-archive.github.io/ron-english-sketches-animals/Sketches/aquatic-dwellers/aqua-apes/aqua-ape-on-chair.html","1","0","https://ronenglish-archive.github.io/ron-english-sketches-animals/images/Sketches/aquatic-dwellers/aqua-apes/Aqua%20Ape%20on%20Chair%20ORIGINAL.jpg","OK","Ready."
"Animals","Aqua Apes Family Icon","aquatic-dwellers","aqua-apes","Sketches\aquatic-dwellers\aqua-apes\aqua-apes-family-icon.html","https://ronenglish-archive.github.io/ron-english-sketches-animals/Sketches/aquatic-dwellers/aqua-apes/aqua-apes-family-icon.html","2","0","https://ronenglish-archive.github.io/ron-english-sketches-animals/images/Sketches/aquatic-dwellers/aqua-apes/Aqua%20Apes%20Family%20Icon%20B%26W%20%20digital.jpg","OK","Ready."
"Animals","Aqua Apes Icon","aquatic-dwellers","aqua-apes","Sketches\aquatic-dwellers\aqua-apes\aqua-apes-icon.html","https://ronenglish-archive.github.io/ron-english-sketches-animals/Sketches/aquatic-dwellers/aqua-apes/aqua-apes-icon.html","1","0","https://ronenglish-archive.github.io/ron-english-sketches-animals/images/Sketches/aquatic-dwellers/aqua-apes/Aqua%20Apes%20Icon%20ORIGINAL.jpg","OK","Ready."
"Animals","Brooke Waters","aquatic-dwellers","aqua-apes","Sketches\aquatic-dwellers\aqua-apes\brooke-waters.html","https://ronenglish-archive.github.io/ron-english-sketches-animals/Sketches/aquatic-dwellers/aqua-apes/brooke-waters.html","4","0","https://ronenglish-archive.github.io/ron-english-sketches-animals/images/Sketches/aquatic-dwellers/aqua-apes/Brooke%20Waters%20B%26W%20digital.jpg","OK","Ready."
"Animals","Infant Aqua Ape","aquatic-dwellers","aqua-apes","Sketches\aquatic-dwellers\aqua-apes\infant-aqua-ape.html","https://ronenglish-archive.github.io/ron-english-sketches-animals/Sketches/aquatic-dwellers/aqua-apes/infant-aqua-ape.html","4","0","https://ronenglish-archive.github.io/ron-english-sketches-animals/images/Sketches/aquatic-dwellers/aqua-apes/Infant%20Aqua%20Ape%20B%26W%20digital.jpg","OK","Ready."
"Animals","Marilyn Mini Mollosk","aquatic-dwellers","aqua-apes","Sketches\aquatic-dwellers\aqua-apes\marilyn-mini-mollosk.html","https://ronenglish-archive.github.io/ron-english-sketches-animals/Sketches/aquatic-dwellers/aqua-apes/marilyn-mini-mollosk.html","3","0","https://ronenglish-archive.github.io/ron-english-sketches-animals/images/Sketches/aquatic-dwellers/aqua-apes/Marilyn%20Mini%20Mollosk%20ORIGINAL%20copy.jpg","OK","Ready."
"Animals","Newt Wave","aquatic-dwellers","aqua-apes","Sketches\aquatic-dwellers\aqua-apes\newt-wave.html","https://ronenglish-archive.github.io/ron-english-sketches-animals/Sketches/aquatic-dwellers/aqua-apes/newt-wave.html","3","0","https://ronenglish-archive.github.io/ron-english-sketches-animals/images/Sketches/aquatic-dwellers/aqua-apes/Newt%20Wave%20ORIGINAL.jpg","OK","Ready."
"Animals","Sea Monkeys Beach Party","aquatic-dwellers","aqua-apes","Sketches\aquatic-dwellers\aqua-apes\sea-monkeys-beach-party.html","https://ronenglish-archive.github.io/ron-english-sketches-animals/Sketches/aquatic-dwellers/aqua-apes/sea-monkeys-beach-party.html","1","0","https://ronenglish-archive.github.io/ron-english-sketches-animals/images/Sketches/aquatic-dwellers/aqua-apes/Sea%20Monkeys%20Beach%20Party%20ORIGINAL.jpg","OK","Ready."
"Animals","Sea Squatch","aquatic-dwellers","aqua-apes","Sketches\aquatic-dwellers\aqua-apes\sea-squatch.html","https://ronenglish-archive.github.io/ron-english-sketches-animals/Sketches/aquatic-dwellers/aqua-apes/sea-squatch.html","3","0","https://ronenglish-archive.github.io/ron-english-sketches-animals/images/Sketches/aquatic-dwellers/aqua-apes/Sea%20Squatch%20ORIGINAL.jpg","OK","Ready."
"Animals","See Money","aquatic-dwellers","aqua-apes","Sketches\aquatic-dwellers\aqua-apes\see-money.html","https://ronenglish-archive.github.io/ron-english-sketches-animals/Sketches/aquatic-dwellers/aqua-apes/see-money.html","3","0","https://ronenglish-archive.github.io/ron-english-sketches-animals/images/Sketches/aquatic-dwellers/aqua-apes/See%20Money%20ORIGINAL.jpg","OK","Ready."
"Animals","Shellsea Waters","aquatic-dwellers","aqua-apes","Sketches\aquatic-dwellers\aqua-apes\shellsea-waters.html","https://ronenglish-archive.github.io/ron-english-sketches-animals/Sketches/aquatic-dwellers/aqua-apes/shellsea-waters.html","5","0","https://ronenglish-archive.github.io/ron-english-sketches-animals/images/Sketches/aquatic-dwellers/aqua-apes/Shellsea%20Waters%20ORIGINAL.jpg","OK","Ready."
"Animals","Susan Squid","aquatic-dwellers","aqua-apes","Sketches\aquatic-dwellers\aqua-apes\susan-squid.html","https://ronenglish-archive.github.io/ron-english-sketches-animals/Sketches/aquatic-dwellers/aqua-apes/susan-squid.html","3","0","https://ronenglish-archive.github.io/ron-english-sketches-animals/images/Sketches/aquatic-dwellers/aqua-apes/Susan%20Squid%20ORIGINAL.jpg","OK","Ready."
"Animals","Tittie Squid","aquatic-dwellers","aqua-apes","Sketches\aquatic-dwellers\aqua-apes\tittie-squid.html","https://ronenglish-archive.github.io/ron-english-sketches-animals/Sketches/aquatic-dwellers/aqua-apes/tittie-squid.html","3","0","https://ronenglish-archive.github.io/ron-english-sketches-animals/images/Sketches/aquatic-dwellers/aqua-apes/Tittie%20Squid%20COLORWAY%201%20digital.jpg","OK","Ready."
"Animals","Titty Squid","aquatic-dwellers","aqua-apes","Sketches\aquatic-dwellers\aqua-apes\titty-squid.html","https://ronenglish-archive.github.io/ron-english-sketches-animals/Sketches/aquatic-dwellers/aqua-apes/titty-squid.html","3","0","https://ronenglish-archive.github.io/ron-english-sketches-animals/images/Sketches/aquatic-dwellers/aqua-apes/Titty%20Squid%20ORIGINAL.jpg","OK","Ready."
"Animals","Trippie Squid","aquatic-dwellers","aqua-apes","Sketches\aquatic-dwellers\aqua-apes\trippie-squid.html","https://ronenglish-archive.github.io/ron-english-sketches-animals/Sketches/aquatic-dwellers/aqua-apes/trippie-squid.html","6","0","https://ronenglish-archive.github.io/ron-english-sketches-animals/images/Sketches/aquatic-dwellers/aqua-apes/Trippie%20Squid%20ORIGINAL.jpg","OK","Ready."
"Animals","Walter Waters","aquatic-dwellers","aqua-apes","Sketches\aquatic-dwellers\aqua-apes\walter-waters.html","https://ronenglish-archive.github.io/ron-english-sketches-animals/Sketches/aquatic-dwellers/aqua-apes/walter-waters.html","8","0","https://ronenglish-archive.github.io/ron-english-sketches-animals/images/Sketches/aquatic-dwellers/aqua-apes/Walter%20Waters%20B%26W%20digital.jpg","OK","Ready."
"Animals","Water Walker","aquatic-dwellers","aqua-apes","Sketches\aquatic-dwellers\aqua-apes\water-walker.html","https://ronenglish-archive.github.io/ron-english-sketches-animals/Sketches/aquatic-dwellers/aqua-apes/water-walker.html","3","0","https://ronenglish-archive.github.io/ron-english-sketches-animals/images/Sketches/aquatic-dwellers/aqua-apes/Water%20Walker%20ORIGINAL.jpg","OK","Ready."
"Animals","Young Aqua Ape","aquatic-dwellers","aqua-apes","Sketches\aquatic-dwellers\aqua-apes\young-aqua-ape.html","https://ronenglish-archive.github.io/ron-english-sketches-animals/Sketches/aquatic-dwellers/aqua-apes/young-aqua-ape.html","3","0","https://ronenglish-archive.github.io/ron-english-sketches-animals/images/Sketches/aquatic-dwellers/aqua-apes/Young%20Aqua%20Ape%20ORIGINAL.jpg","OK","Ready."
"Animals","Younger Waters","aquatic-dwellers","aqua-apes","Sketches\aquatic-dwellers\aqua-apes\younger-waters.html","https://ronenglish-archive.github.io/ron-english-sketches-animals/Sketches/aquatic-dwellers/aqua-apes/younger-waters.html","5","0","https://ronenglish-archive.github.io/ron-english-sketches-animals/images/Sketches/aquatic-dwellers/aqua-apes/Younger%20Waters%20B%26W%20digital.jpg","OK","Ready."
"Animals","Dolphinheaded Mermaid Girls","aquatic-dwellers","dolphins","Sketches\aquatic-dwellers\dolphins\dolphinheaded-mermaid-girls.html","https://ronenglish-archive.github.io/ron-english-sketches-animals/Sketches/aquatic-dwellers/dolphins/dolphinheaded-mermaid-girls.html","4","0","https://ronenglish-archive.github.io/ron-english-sketches-animals/images/Sketches/aquatic-dwellers/dolphins/Dolphinheaded%20Mermaid%20Girls%20ORIGINAL.jpg","OK","Ready."
"Animals","Ona Porpoise","aquatic-dwellers","dolphins","Sketches\aquatic-dwellers\dolphins\ona-porpoise.html","https://ronenglish-archive.github.io/ron-english-sketches-animals/Sketches/aquatic-dwellers/dolphins/ona-porpoise.html","4","0","https://ronenglish-archive.github.io/ron-english-sketches-animals/images/Sketches/aquatic-dwellers/dolphins/Ona%20Porpoise%20ORIGINAL.jpg","OK","Ready."
"Animals","Culture Catch","aquatic-dwellers","fish","Sketches\aquatic-dwellers\fish\culture-catch.html","https://ronenglish-archive.github.io/ron-english-sketches-animals/Sketches/aquatic-dwellers/fish/culture-catch.html","3","0","https://ronenglish-archive.github.io/ron-english-sketches-animals/images/Sketches/aquatic-dwellers/fish/Culture%20Catch%20ORIGINAL%20digital.jpg","OK","Ready."
"Animals","Fat GoldFish","aquatic-dwellers","fish","Sketches\aquatic-dwellers\fish\fat-goldfish.html","https://ronenglish-archive.github.io/ron-english-sketches-animals/Sketches/aquatic-dwellers/fish/fat-goldfish.html","6","0","https://ronenglish-archive.github.io/ron-english-sketches-animals/images/Sketches/aquatic-dwellers/fish/Fat%20Goldfish%20ORIGINAL.jpg","OK","Ready."
"Animals","Fin Evolution","aquatic-dwellers","fish","Sketches\aquatic-dwellers\fish\fin-evolution.html","https://ronenglish-archive.github.io/ron-english-sketches-animals/Sketches/aquatic-dwellers/fish/fin-evolution.html","3","0","https://ronenglish-archive.github.io/ron-english-sketches-animals/images/Sketches/aquatic-dwellers/fish/Fin%20Evolution%20ORIGINAL.jpg","OK","Ready."
"Animals","FinFlyer Finley","aquatic-dwellers","fish","Sketches\aquatic-dwellers\fish\finflyer-finley.html","https://ronenglish-archive.github.io/ron-english-sketches-animals/Sketches/aquatic-dwellers/fish/finflyer-finley.html","3","0","https://ronenglish-archive.github.io/ron-english-sketches-animals/images/Sketches/aquatic-dwellers/fish/FinFlyer%20Finley%20ORIGINAL.jpg","OK","Ready."
"Animals","Fish","aquatic-dwellers","fish","Sketches\aquatic-dwellers\fish\fish.html","https://ronenglish-archive.github.io/ron-english-sketches-animals/Sketches/aquatic-dwellers/fish/fish.html","2","0","https://ronenglish-archive.github.io/ron-english-sketches-animals/images/Sketches/aquatic-dwellers/fish/Fish%20B%26W%20digital.png","OK","Ready."
"Animals","Fish in Bowl","aquatic-dwellers","fish","Sketches\aquatic-dwellers\fish\fish-in-bowl.html","https://ronenglish-archive.github.io/ron-english-sketches-animals/Sketches/aquatic-dwellers/fish/fish-in-bowl.html","3","0","https://ronenglish-archive.github.io/ron-english-sketches-animals/images/Sketches/aquatic-dwellers/fish/Fish%20in%20Bowl%20ORIGINAL.jpg","OK","Ready."
"Animals","Fish in Cowboy Hat","aquatic-dwellers","fish","Sketches\aquatic-dwellers\fish\fish-in-cowboy-hat.html","https://ronenglish-archive.github.io/ron-english-sketches-animals/Sketches/aquatic-dwellers/fish/fish-in-cowboy-hat.html","3","0","https://ronenglish-archive.github.io/ron-english-sketches-animals/images/Sketches/aquatic-dwellers/fish/Fish%20in%20Cowboy%20Hat%20ORIGINAL.jpg","OK","Ready."
"Animals","Goldfish Caviar","aquatic-dwellers","fish","Sketches\aquatic-dwellers\fish\goldfish-caviar.html","https://ronenglish-archive.github.io/ron-english-sketches-animals/Sketches/aquatic-dwellers/fish/goldfish-caviar.html","3","0","https://ronenglish-archive.github.io/ron-english-sketches-animals/images/Sketches/aquatic-dwellers/fish/Goldfish%20Caviar%201color%20ORIGINAL.png","OK","Ready."
"Animals","Monarch Fish","aquatic-dwellers","fish","Sketches\aquatic-dwellers\fish\monarch-fish.html","https://ronenglish-archive.github.io/ron-english-sketches-animals/Sketches/aquatic-dwellers/fish/monarch-fish.html","3","0","https://ronenglish-archive.github.io/ron-english-sketches-animals/images/Sketches/aquatic-dwellers/fish/Monarch%20Fish%20B%26W%20digital.png","OK","Ready."
"Animals","Mystifeye Finley","aquatic-dwellers","fish","Sketches\aquatic-dwellers\fish\mystifeye-finley.html","https://ronenglish-archive.github.io/ron-english-sketches-animals/Sketches/aquatic-dwellers/fish/mystifeye-finley.html","3","0","https://ronenglish-archive.github.io/ron-english-sketches-animals/images/Sketches/aquatic-dwellers/fish/Mystifeye%20Finley%20ORIGINAL.jpg","OK","Ready."
"Animals","Swish Evolve","aquatic-dwellers","fish","Sketches\aquatic-dwellers\fish\swish-evolve.html","https://ronenglish-archive.github.io/ron-english-sketches-animals/Sketches/aquatic-dwellers/fish/swish-evolve.html","2","0","https://ronenglish-archive.github.io/ron-english-sketches-animals/images/Sketches/aquatic-dwellers/fish/Swish%20Evolve%20ORIGINAL.jpg","OK","Ready."
"Animals","Mermaid","aquatic-dwellers","mermaids","Sketches\aquatic-dwellers\mermaids\mermaid.html","https://ronenglish-archive.github.io/ron-english-sketches-animals/Sketches/aquatic-dwellers/mermaids/mermaid.html","3","0","https://ronenglish-archive.github.io/ron-english-sketches-animals/images/Sketches/aquatic-dwellers/mermaids/Mermaid%20ORIGINAL.jpg","OK","Ready."
"Animals","Mermonkey","aquatic-dwellers","mermaids","Sketches\aquatic-dwellers\mermaids\mermonkey.html","https://ronenglish-archive.github.io/ron-english-sketches-animals/Sketches/aquatic-dwellers/mermaids/mermonkey.html","1","0","https://ronenglish-archive.github.io/ron-english-sketches-animals/images/Sketches/aquatic-dwellers/mermaids/Mermonkey%20ORIGINAL.jpg","OK","Ready."
"Animals","Sharkattack Mermaid","aquatic-dwellers","mermaids","Sketches\aquatic-dwellers\mermaids\sharkattack-mermaid.html","https://ronenglish-archive.github.io/ron-english-sketches-animals/Sketches/aquatic-dwellers/mermaids/sharkattack-mermaid.html","10","0","https://ronenglish-archive.github.io/ron-english-sketches-animals/images/Sketches/aquatic-dwellers/mermaids/Sharkattack%20Mermaid%20front%20ORIGINAL.jpg","OK","Ready."
"Animals","Starbucks Mermaid","aquatic-dwellers","mermaids","Sketches\aquatic-dwellers\mermaids\starbucks-mermaid.html","https://ronenglish-archive.github.io/ron-english-sketches-animals/Sketches/aquatic-dwellers/mermaids/starbucks-mermaid.html","3","0","https://ronenglish-archive.github.io/ron-english-sketches-animals/images/Sketches/aquatic-dwellers/mermaids/Starbucks%20Mermaid%20ORIGINAL.jpg","OK","Ready."
"Animals","Unplugged Mermaid","aquatic-dwellers","mermaids","Sketches\aquatic-dwellers\mermaids\unplugged-mermaid.html","https://ronenglish-archive.github.io/ron-english-sketches-animals/Sketches/aquatic-dwellers/mermaids/unplugged-mermaid.html","3","0","https://ronenglish-archive.github.io/ron-english-sketches-animals/images/Sketches/aquatic-dwellers/mermaids/Unplugged%20Mermaid%20ORIGINAL.jpg","OK","Ready."
"Animals","Jah Bliss Octopus","aquatic-dwellers","octopi","Sketches\aquatic-dwellers\octopi\jah-bliss-octopus.html","https://ronenglish-archive.github.io/ron-english-sketches-animals/Sketches/aquatic-dwellers/octopi/jah-bliss-octopus.html","4","0","https://ronenglish-archive.github.io/ron-english-sketches-animals/images/Sketches/aquatic-dwellers/octopi/Jah%20Bliss%20Octopus%20B%26W.jpg","OK","Ready."
"Animals","Lorraine Yang","aquatic-dwellers","octopi","Sketches\aquatic-dwellers\octopi\lorraine-yang.html","https://ronenglish-archive.github.io/ron-english-sketches-animals/Sketches/aquatic-dwellers/octopi/lorraine-yang.html","4","0","https://ronenglish-archive.github.io/ron-english-sketches-animals/images/Sketches/aquatic-dwellers/octopi/Lorraine%20Yang%20ORIGINAL.png","OK","Ready."
"Animals","Sea Monster","aquatic-dwellers","octopi","Sketches\aquatic-dwellers\octopi\sea-monster.html","https://ronenglish-archive.github.io/ron-english-sketches-animals/Sketches/aquatic-dwellers/octopi/sea-monster.html","3","0","https://ronenglish-archive.github.io/ron-english-sketches-animals/images/Sketches/aquatic-dwellers/octopi/Sea%20Monster%20ORIGINAL.jpg","OK","Ready."
"Animals","Swirly Octopus","aquatic-dwellers","octopi","Sketches\aquatic-dwellers\octopi\swirly-octopus.html","https://ronenglish-archive.github.io/ron-english-sketches-animals/Sketches/aquatic-dwellers/octopi/swirly-octopus.html","2","0","https://ronenglish-archive.github.io/ron-english-sketches-animals/images/Sketches/aquatic-dwellers/octopi/Swirly%20Octopus%20ORIGINAL.png","OK","Ready."
"Animals","Duckbill Platypus","aquatic-dwellers","platypus","Sketches\aquatic-dwellers\platypus\duckbill-platypus.html","https://ronenglish-archive.github.io/ron-english-sketches-animals/Sketches/aquatic-dwellers/platypus/duckbill-platypus.html","3","0","https://ronenglish-archive.github.io/ron-english-sketches-animals/images/Sketches/aquatic-dwellers/platypus/Duckbill%20Platypus%20ORIGINAL.jpg","OK","Ready."
"Animals","Frowning Shark","aquatic-dwellers","sharks","Sketches\aquatic-dwellers\sharks\frowning-shark.html","https://ronenglish-archive.github.io/ron-english-sketches-animals/Sketches/aquatic-dwellers/sharks/frowning-shark.html","2","0","https://ronenglish-archive.github.io/ron-english-sketches-animals/images/Sketches/aquatic-dwellers/sharks/Frowning%20Shark%20B%26W%20digital.png","OK","Ready."
"Animals","Grinning Shark","aquatic-dwellers","sharks","Sketches\aquatic-dwellers\sharks\grinning-shark.html","https://ronenglish-archive.github.io/ron-english-sketches-animals/Sketches/aquatic-dwellers/sharks/grinning-shark.html","2","0","https://ronenglish-archive.github.io/ron-english-sketches-animals/images/Sketches/aquatic-dwellers/sharks/Grinning%20Shark%20B%26W%20digital.png","OK","Ready."
"Animals","Lightning Shark","aquatic-dwellers","sharks","Sketches\aquatic-dwellers\sharks\lightning-shark.html","https://ronenglish-archive.github.io/ron-english-sketches-animals/Sketches/aquatic-dwellers/sharks/lightning-shark.html","1","0","https://ronenglish-archive.github.io/ron-english-sketches-animals/images/Sketches/aquatic-dwellers/sharks/Lightning%20Shark%20ORIGINAL.jpg","OK","Ready."
"Animals","Sever Fairy Landshark Grin (Mickey Fin)","aquatic-dwellers","sharks","Sketches\aquatic-dwellers\sharks\sever-fairy-landshark-grin-mickey-fin.html","https://ronenglish-archive.github.io/ron-english-sketches-animals/Sketches/aquatic-dwellers/sharks/sever-fairy-landshark-grin-mickey-fin.html","8","0","https://ronenglish-archive.github.io/ron-english-sketches-animals/images/Sketches/aquatic-dwellers/sharks/Sever%20Fairy%20Landshark%20Grin%20(Mickey%20Fin)%20Portrait%20ORIGINAL.jpg","OK","Ready."
"Animals","Shark Eating Shark","aquatic-dwellers","sharks","Sketches\aquatic-dwellers\sharks\shark-eating-shark.html","https://ronenglish-archive.github.io/ron-english-sketches-animals/Sketches/aquatic-dwellers/sharks/shark-eating-shark.html","3","0","https://ronenglish-archive.github.io/ron-english-sketches-animals/images/Sketches/aquatic-dwellers/sharks/Shark%20Eating%20Shark%20ORIGINAL.jpg","OK","Ready."
"Animals","Shark Head 1","aquatic-dwellers","sharks","Sketches\aquatic-dwellers\sharks\shark-head-1.html","https://ronenglish-archive.github.io/ron-english-sketches-animals/Sketches/aquatic-dwellers/sharks/shark-head-1.html","3","0","https://ronenglish-archive.github.io/ron-english-sketches-animals/images/Sketches/aquatic-dwellers/sharks/Shark%20Head%201%20ORIGINAL.jpg","OK","Ready."
"Animals","Shark Head 2","aquatic-dwellers","sharks","Sketches\aquatic-dwellers\sharks\shark-head-2.html","https://ronenglish-archive.github.io/ron-english-sketches-animals/Sketches/aquatic-dwellers/sharks/shark-head-2.html","3","0","https://ronenglish-archive.github.io/ron-english-sketches-animals/images/Sketches/aquatic-dwellers/sharks/Shark%20Head%202%20ORIGINAL.jpg","OK","Ready."
"Animals","Shark Head 3","aquatic-dwellers","sharks","Sketches\aquatic-dwellers\sharks\shark-head-3.html","https://ronenglish-archive.github.io/ron-english-sketches-animals/Sketches/aquatic-dwellers/sharks/shark-head-3.html","3","0","https://ronenglish-archive.github.io/ron-english-sketches-animals/images/Sketches/aquatic-dwellers/sharks/Shark%20Head%203%20ORIGINAL.jpg","OK","Ready."
"Animals","Shark Head 4","aquatic-dwellers","sharks","Sketches\aquatic-dwellers\sharks\shark-head-4.html","https://ronenglish-archive.github.io/ron-english-sketches-animals/Sketches/aquatic-dwellers/sharks/shark-head-4.html","1","0","https://ronenglish-archive.github.io/ron-english-sketches-animals/images/Sketches/aquatic-dwellers/sharks/Shark%20Head%204%20ORIGINAL.jpg","OK","Ready."
"Animals","Shark Sketch Study for Hawaii Mural 1","aquatic-dwellers","sharks","Sketches\aquatic-dwellers\sharks\shark-sketch-study-for-hawaii-mural-1.html","https://ronenglish-archive.github.io/ron-english-sketches-animals/Sketches/aquatic-dwellers/sharks/shark-sketch-study-for-hawaii-mural-1.html","1","0","https://ronenglish-archive.github.io/ron-english-sketches-animals/images/Sketches/aquatic-dwellers/sharks/Shark%20Sketch%20Study%20for%20Hawaii%20Mural%201%20ORIGINAL.jpg","OK","Ready."
"Animals","Shark Sketch Study for Hawaii Mural 2","aquatic-dwellers","sharks","Sketches\aquatic-dwellers\sharks\shark-sketch-study-for-hawaii-mural-2.html","https://ronenglish-archive.github.io/ron-english-sketches-animals/Sketches/aquatic-dwellers/sharks/shark-sketch-study-for-hawaii-mural-2.html","1","0","https://ronenglish-archive.github.io/ron-english-sketches-animals/images/Sketches/aquatic-dwellers/sharks/Shark%20Sketch%20Study%20for%20Hawaii%20Mural%202%20ORIGINAL.jpg","OK","Ready."
"Animals","Shark Skull Man","aquatic-dwellers","sharks","Sketches\aquatic-dwellers\sharks\shark-skull-man.html","https://ronenglish-archive.github.io/ron-english-sketches-animals/Sketches/aquatic-dwellers/sharks/shark-skull-man.html","5","0","https://ronenglish-archive.github.io/ron-english-sketches-animals/images/Sketches/aquatic-dwellers/sharks/Shark%20Skull%20Man%20ORIGINAL.jpg","OK","Ready."
"Animals","Shark Smile","aquatic-dwellers","sharks","Sketches\aquatic-dwellers\sharks\shark-smile.html","https://ronenglish-archive.github.io/ron-english-sketches-animals/Sketches/aquatic-dwellers/sharks/shark-smile.html","3","0","https://ronenglish-archive.github.io/ron-english-sketches-animals/images/Sketches/aquatic-dwellers/sharks/Shark%20Smile%20ORIGINAL.jpg","OK","Ready."
"Animals","Two Point Five Children","aquatic-dwellers","sharks","Sketches\aquatic-dwellers\sharks\two-point-five-children.html","https://ronenglish-archive.github.io/ron-english-sketches-animals/Sketches/aquatic-dwellers/sharks/two-point-five-children.html","3","0","https://ronenglish-archive.github.io/ron-english-sketches-animals/images/Sketches/aquatic-dwellers/sharks/Two%20Point%20Five%20Children%20ORIGINAL.jpg","OK","Ready."
"Animals","Bird Brain","avians","buzzards","Sketches\avians\buzzards\bird-brain.html","https://ronenglish-archive.github.io/ron-english-sketches-animals/Sketches/avians/buzzards/bird-brain.html","5","0","https://ronenglish-archive.github.io/ron-english-sketches-animals/images/Sketches/avians/buzzards/Bird%20Brain%20ORIGINAL.jpg","OK","Ready."
"Animals","Birdy Bob Buzzard","avians","buzzards","Sketches\avians\buzzards\birdy-bob-buzzard.html","https://ronenglish-archive.github.io/ron-english-sketches-animals/Sketches/avians/buzzards/birdy-bob-buzzard.html","4","0","https://ronenglish-archive.github.io/ron-english-sketches-animals/images/Sketches/avians/buzzards/Birdy-Bob%20Buzzard%20B%26W.jpg","OK","Ready."
"Animals","Buzz Ard","avians","buzzards","Sketches\avians\buzzards\buzz-ard.html","https://ronenglish-archive.github.io/ron-english-sketches-animals/Sketches/avians/buzzards/buzz-ard.html","6","0","https://ronenglish-archive.github.io/ron-english-sketches-animals/images/Sketches/avians/buzzards/Buzz%20Ard%20ORIGINAL.jpg","OK","Ready."
"Animals","Buzzard Boat","avians","buzzards","Sketches\avians\buzzards\buzzard-boat.html","https://ronenglish-archive.github.io/ron-english-sketches-animals/Sketches/avians/buzzards/buzzard-boat.html","3","0","https://ronenglish-archive.github.io/ron-english-sketches-animals/images/Sketches/avians/buzzards/Buzzard%20Boat%20ORIGINAL.jpg","OK","Ready."
"Animals","Buzzard Family Icon","avians","buzzards","Sketches\avians\buzzards\buzzard-family-icon.html","https://ronenglish-archive.github.io/ron-english-sketches-animals/Sketches/avians/buzzards/buzzard-family-icon.html","3","0","https://ronenglish-archive.github.io/ron-english-sketches-animals/images/Sketches/avians/buzzards/Buzzard%20Family%20Icon%20ORIGINAL.jpg","OK","Ready."
"Animals","Buzzard Flapping Wings","avians","buzzards","Sketches\avians\buzzards\buzzard-flapping-wings.html","https://ronenglish-archive.github.io/ron-english-sketches-animals/Sketches/avians/buzzards/buzzard-flapping-wings.html","2","0","https://ronenglish-archive.github.io/ron-english-sketches-animals/images/Sketches/avians/buzzards/Buzzard%20Flapping%20Wings%20ORIGINAL.jpg","OK","Ready."
"Animals","Buzzard House - Towering Estates","avians","buzzards","Sketches\avians\buzzards\buzzard-house-towering-estates.html","https://ronenglish-archive.github.io/ron-english-sketches-animals/Sketches/avians/buzzards/buzzard-house-towering-estates.html","3","0","https://ronenglish-archive.github.io/ron-english-sketches-animals/images/Sketches/avians/buzzards/Buzzard%20House%20-%20Towering%20Estates%20ORIGINAL.jpg","OK","Ready."
"Animals","Buzzards Logo","avians","buzzards","Sketches\avians\buzzards\buzzards-logo.html","https://ronenglish-archive.github.io/ron-english-sketches-animals/Sketches/avians/buzzards/buzzards-logo.html","3","0","https://ronenglish-archive.github.io/ron-english-sketches-animals/images/Sketches/avians/buzzards/Buzzards%20Logo%20ORIGINAL.jpg","OK","Ready."
"Animals","Buzz Egg","avians","buzzards","Sketches\avians\buzzards\buzz-egg.html","https://ronenglish-archive.github.io/ron-english-sketches-animals/Sketches/avians/buzzards/buzz-egg.html","2","0","https://ronenglish-archive.github.io/ron-english-sketches-animals/images/Sketches/avians/buzzards/Buzz%20Egg%20ORIGINAL.jpg","OK","Ready."
"Animals","Cluckzilla","avians","buzzards","Sketches\avians\buzzards\cluckzilla.html","https://ronenglish-archive.github.io/ron-english-sketches-animals/Sketches/avians/buzzards/cluckzilla.html","3","0","https://ronenglish-archive.github.io/ron-english-sketches-animals/images/Sketches/avians/buzzards/Cluckzilla%20ORIGINAL.jpg","OK","Ready."
"Animals","Delusionville Pilots - Buzzard","avians","buzzards","Sketches\avians\buzzards\delusionville-pilots-buzzard.html","https://ronenglish-archive.github.io/ron-english-sketches-animals/Sketches/avians/buzzards/delusionville-pilots-buzzard.html","5","0","https://ronenglish-archive.github.io/ron-english-sketches-animals/images/Sketches/avians/buzzards/Delusionville%20Pilots%20-%20Buzzard%20side%20view%20ORIGINAL.jpg","OK","Ready."
"Animals","Grousegoose Huffyplume","avians","buzzards","Sketches\avians\buzzards\grousegoose-huffyplume.html","https://ronenglish-archive.github.io/ron-english-sketches-animals/Sketches/avians/buzzards/grousegoose-huffyplume.html","3","0","https://ronenglish-archive.github.io/ron-english-sketches-animals/images/Sketches/avians/buzzards/Grousegoose%20Huffyplume%20ORIGINAL.jpg","OK","Ready."
"Animals","Hatch Buzzard","avians","buzzards","Sketches\avians\buzzards\hatch-buzzard.html","https://ronenglish-archive.github.io/ron-english-sketches-animals/Sketches/avians/buzzards/hatch-buzzard.html","3","0","https://ronenglish-archive.github.io/ron-english-sketches-animals/images/Sketches/avians/buzzards/Hatch%20buzzard%20ORIGINAL.jpg","OK","Ready."
"Animals","Lightning Bird","avians","buzzards","Sketches\avians\buzzards\lightning-bird.html","https://ronenglish-archive.github.io/ron-english-sketches-animals/Sketches/avians/buzzards/lightning-bird.html","2","0","https://ronenglish-archive.github.io/ron-english-sketches-animals/images/Sketches/avians/buzzards/lightning%20bird%20B%26Wdigital.jpg","OK","Ready."
"Animals","Orange-Nosed Buttbrain","avians","buzzards","Sketches\avians\buzzards\orange-nosed-buttbrain.html","https://ronenglish-archive.github.io/ron-english-sketches-animals/Sketches/avians/buzzards/orange-nosed-buttbrain.html","3","0","https://ronenglish-archive.github.io/ron-english-sketches-animals/images/Sketches/avians/buzzards/Orange-Nosed%20Buttbrain%20ORIGINAL.jpg","OK","Ready."
"Animals","Scrap Ard","avians","buzzards","Sketches\avians\buzzards\scrap-ard.html","https://ronenglish-archive.github.io/ron-english-sketches-animals/Sketches/avians/buzzards/scrap-ard.html","11","0","https://ronenglish-archive.github.io/ron-english-sketches-animals/images/Sketches/avians/buzzards/Scrap%20Ard%20Flying%20ORIGINAL.jpg","OK","Ready."
"Animals","Vull Ture","avians","buzzards","Sketches\avians\buzzards\vull-ture.html","https://ronenglish-archive.github.io/ron-english-sketches-animals/Sketches/avians/buzzards/vull-ture.html","6","0","https://ronenglish-archive.github.io/ron-english-sketches-animals/images/Sketches/avians/buzzards/Vull%20Ture%20ORIGINAL.jpeg","OK","Ready."
"Animals","500-Pound Poultry","avians","chickens","Sketches\avians\chickens\500-pound-poultry.html","https://ronenglish-archive.github.io/ron-english-sketches-animals/Sketches/avians/chickens/500-pound-poultry.html","20","6","https://ronenglish-archive.github.io/ron-english-sketches-animals/images/Sketches/avians/chickens/500%20Pound%20Poultry%202%20ORIGINAL.jpg","REVIEW","Some local image references were not found."
"Animals","Alien Quack Crown","avians","ducks","Sketches\avians\ducks\alien-quack-crown.html","https://ronenglish-archive.github.io/ron-english-sketches-animals/Sketches/avians/ducks/alien-quack-crown.html","2","0","https://ronenglish-archive.github.io/ron-english-sketches-animals/images/Sketches/avians/ducks/Alien%20Quack%20Crown%20B%26W.png","OK","Ready."
"Animals","Allie Quack","avians","ducks","Sketches\avians\ducks\allie-quack.html","https://ronenglish-archive.github.io/ron-english-sketches-animals/Sketches/avians/ducks/allie-quack.html","3","0","https://ronenglish-archive.github.io/ron-english-sketches-animals/images/Sketches/avians/ducks/Allie%20Quack%20COLOR.png","OK","Ready."
"Animals","Allie Quack Early Version","avians","ducks","Sketches\avians\ducks\allie-quack-early-version.html","https://ronenglish-archive.github.io/ron-english-sketches-animals/Sketches/avians/ducks/allie-quack-early-version.html","3","0","https://ronenglish-archive.github.io/ron-english-sketches-animals/images/Sketches/avians/ducks/Allie%20Quack%20early%20version%20ORIGINAL.jpg","OK","Ready."
"Animals","Allie Quack with Bowling Balls","avians","ducks","Sketches\avians\ducks\allie-quack-with-bowling-balls.html","https://ronenglish-archive.github.io/ron-english-sketches-animals/Sketches/avians/ducks/allie-quack-with-bowling-balls.html","2","0","https://ronenglish-archive.github.io/ron-english-sketches-animals/images/Sketches/avians/ducks/Allie%20Quack%20walking%20B%26W.png","OK","Ready."
"Animals","Dr. Bub Quack","avians","ducks","Sketches\avians\ducks\dr-bub-quack.html","https://ronenglish-archive.github.io/ron-english-sketches-animals/Sketches/avians/ducks/dr-bub-quack.html","43","0","https://ronenglish-archive.github.io/ron-english-sketches-animals/images/Sketches/avians/ducks/Bub%20Quack%20and%20Friends%20ORIGINAL%20COLOR.jpg","OK","Ready."
"Animals","Dr. Bub Quack Early Version","avians","ducks","Sketches\avians\ducks\dr-bub-quack-early-version.html","https://ronenglish-archive.github.io/ron-english-sketches-animals/Sketches/avians/ducks/dr-bub-quack-early-version.html","2","0","https://ronenglish-archive.github.io/ron-english-sketches-animals/images/Sketches/avians/ducks/Dr%20Bub%20Quack%20early%20version%20B%26W.png","OK","Ready."
"Animals","Duck at War","avians","ducks","Sketches\avians\ducks\duck-at-war.html","https://ronenglish-archive.github.io/ron-english-sketches-animals/Sketches/avians/ducks/duck-at-war.html","3","0","https://ronenglish-archive.github.io/ron-english-sketches-animals/images/Sketches/avians/ducks/Duck%20at%20War%20ORIGINAL%20COLOR.jpg","OK","Ready."
"Animals","Duck Boat","avians","ducks","Sketches\avians\ducks\duck-boat.html","https://ronenglish-archive.github.io/ron-english-sketches-animals/Sketches/avians/ducks/duck-boat.html","8","0","https://ronenglish-archive.github.io/ron-english-sketches-animals/images/Sketches/avians/ducks/Duck%20boat%20back%20ORIGINAL.jpg","OK","Ready."
"Animals","Duck Fetus","avians","ducks","Sketches\avians\ducks\duck-fetus.html","https://ronenglish-archive.github.io/ron-english-sketches-animals/Sketches/avians/ducks/duck-fetus.html","3","0","https://ronenglish-archive.github.io/ron-english-sketches-animals/images/Sketches/avians/ducks/Duck%20Fetus%20ORIGINAL.jpg","OK","Ready."
"Animals","Duck House - Riverview Estates","avians","ducks","Sketches\avians\ducks\duck-house-riverview-estates.html","https://ronenglish-archive.github.io/ron-english-sketches-animals/Sketches/avians/ducks/duck-house-riverview-estates.html","3","0","https://ronenglish-archive.github.io/ron-english-sketches-animals/images/Sketches/avians/ducks/Duck%20House%20-%20Riverview%20Estates%20ORIGINAL%20COLOR.jpg","OK","Ready."
"Animals","Eddie Six Quack","avians","ducks","Sketches\avians\ducks\eddie-six-quack.html","https://ronenglish-archive.github.io/ron-english-sketches-animals/Sketches/avians/ducks/eddie-six-quack.html","5","0","https://ronenglish-archive.github.io/ron-english-sketches-animals/images/Sketches/avians/ducks/Eddie%20%E2%80%9CSix%E2%80%9D%20Quack%20ORIGINAL.jpg","OK","Ready."
"Animals","Eddie Six Quack and Football","avians","ducks","Sketches\avians\ducks\eddie-six-quack-and-football.html","https://ronenglish-archive.github.io/ron-english-sketches-animals/Sketches/avians/ducks/eddie-six-quack-and-football.html","2","0","https://ronenglish-archive.github.io/ron-english-sketches-animals/images/Sketches/avians/ducks/Eddie%20Six%20Quack%20and%20Football%20B%26W.png","OK","Ready."
"Animals","Eddie Six Quack Early Version","avians","ducks","Sketches\avians\ducks\eddie-six-quack-early-version.html","https://ronenglish-archive.github.io/ron-english-sketches-animals/Sketches/avians/ducks/eddie-six-quack-early-version.html","3","0","https://ronenglish-archive.github.io/ron-english-sketches-animals/images/Sketches/avians/ducks/Eddie%20Six%20Quack%20early%20version%20ORIGINAL.jpg","OK","Ready."
"Animals","Flying Duck","avians","ducks","Sketches\avians\ducks\flying-duck.html","https://ronenglish-archive.github.io/ron-english-sketches-animals/Sketches/avians/ducks/flying-duck.html","3","0","https://ronenglish-archive.github.io/ron-english-sketches-animals/images/Sketches/avians/ducks/Flying%20Duck%20ORIGINAL.jpg","OK","Ready."
"Animals","Football Duck","avians","ducks","Sketches\avians\ducks\football-duck.html","https://ronenglish-archive.github.io/ron-english-sketches-animals/Sketches/avians/ducks/football-duck.html","3","0","https://ronenglish-archive.github.io/ron-english-sketches-animals/images/Sketches/avians/ducks/Football%20Duck%20ORIGINAL.jpg","OK","Ready."
"Animals","Hatch Quack","avians","ducks","Sketches\avians\ducks\hatch-quack.html","https://ronenglish-archive.github.io/ron-english-sketches-animals/Sketches/avians/ducks/hatch-quack.html","3","0","https://ronenglish-archive.github.io/ron-english-sketches-animals/images/Sketches/avians/ducks/Hatch%20Quack%20ORIGINAL.jpg","OK","Ready."
"Animals","Jet Quack","avians","ducks","Sketches\avians\ducks\jet-quack.html","https://ronenglish-archive.github.io/ron-english-sketches-animals/Sketches/avians/ducks/jet-quack.html","5","0","https://ronenglish-archive.github.io/ron-english-sketches-animals/images/Sketches/avians/ducks/Jet%20Quack%20Quack%20ORIGINAL.jpg","OK","Ready."
"Animals","Jet Quack Early Version","avians","ducks","Sketches\avians\ducks\jet-quack-early-version.html","https://ronenglish-archive.github.io/ron-english-sketches-animals/Sketches/avians/ducks/jet-quack-early-version.html","3","0","https://ronenglish-archive.github.io/ron-english-sketches-animals/images/Sketches/avians/ducks/Jet%20Quack%20early%20version%20ORIGINAL.jpg","OK","Ready."
"Animals","Punk Duck","avians","ducks","Sketches\avians\ducks\punk-duck.html","https://ronenglish-archive.github.io/ron-english-sketches-animals/Sketches/avians/ducks/punk-duck.html","9","0","https://ronenglish-archive.github.io/ron-english-sketches-animals/images/Sketches/avians/ducks/Punk%20Duck%20back%20ORIGINAL.jpg","OK","Ready."
"Animals","Quack Egg","avians","ducks","Sketches\avians\ducks\quack-egg.html","https://ronenglish-archive.github.io/ron-english-sketches-animals/Sketches/avians/ducks/quack-egg.html","2","0","https://ronenglish-archive.github.io/ron-english-sketches-animals/images/Sketches/avians/ducks/Quack%20Egg%20ORIGINAL.jpg","OK","Ready."
"Animals","Quack Guernica","avians","ducks","Sketches\avians\ducks\quack-guernica.html","https://ronenglish-archive.github.io/ron-english-sketches-animals/Sketches/avians/ducks/quack-guernica.html","4","0","https://ronenglish-archive.github.io/ron-english-sketches-animals/images/Sketches/avians/ducks/Quack%20Guernica%201%20B%26W.png","OK","Ready."
"Animals","Small Duck","avians","ducks","Sketches\avians\ducks\small-duck.html","https://ronenglish-archive.github.io/ron-english-sketches-animals/Sketches/avians/ducks/small-duck.html","2","0","https://ronenglish-archive.github.io/ron-english-sketches-animals/images/Sketches/avians/ducks/Small%20Duck%20B%26W.jpg","OK","Ready."
"Animals","Eagle Head","avians","eagles","Sketches\avians\eagles\eagle-head.html","https://ronenglish-archive.github.io/ron-english-sketches-animals/Sketches/avians/eagles/eagle-head.html","3","0","https://ronenglish-archive.github.io/ron-english-sketches-animals/images/Sketches/avians/eagles/Eagle%20Head%20ORIGINAL.jpg","OK","Ready."
"Animals","Eagle Weed","avians","eagles","Sketches\avians\eagles\eagle-weed.html","https://ronenglish-archive.github.io/ron-english-sketches-animals/Sketches/avians/eagles/eagle-weed.html","1","0","https://ronenglish-archive.github.io/ron-english-sketches-animals/images/Sketches/avians/eagles/Eagle%20Weed%20COLOR%20digital.jpg","OK","Ready."
"Animals","Lightning Bird","avians","eagles","Sketches\avians\eagles\lightning-bird.html","https://ronenglish-archive.github.io/ron-english-sketches-animals/Sketches/avians/eagles/lightning-bird.html","1","0","https://ronenglish-archive.github.io/ron-english-sketches-animals/images/Sketches/avians/eagles/Lightning%20Bird%20COLOR%20digital.jpg","OK","Ready."
"Animals","Bird","avians","other birds","Sketches\avians\other birds\bird.html","https://ronenglish-archive.github.io/ron-english-sketches-animals/Sketches/avians/other%20birds/bird.html","2","0","https://ronenglish-archive.github.io/ron-english-sketches-animals/images/Sketches/avians/other%20birds/Bird%20ORIGINAL.jpeg","OK","Ready."
"Animals","Bird Beak","avians","other birds","Sketches\avians\other birds\bird-beak.html","https://ronenglish-archive.github.io/ron-english-sketches-animals/Sketches/avians/other%20birds/bird-beak.html","2","0","https://ronenglish-archive.github.io/ron-english-sketches-animals/images/Sketches/avians/other%20birds/Bird%20Beak%20B%26W%20digital.png","OK","Ready."
"Animals","Staples Pigeon","avians","other birds","Sketches\avians\other birds\staples-pigeon.html","https://ronenglish-archive.github.io/ron-english-sketches-animals/Sketches/avians/other%20birds/staples-pigeon.html","1","0","https://ronenglish-archive.github.io/ron-english-sketches-animals/images/Sketches/avians/other%20birds/Staples%20Pigeon%20ORIGINAL.jpg","OK","Ready."
"Animals","Bear and Babe","bears","bears","Sketches\bears\bear-and-babe.html","https://ronenglish-archive.github.io/ron-english-sketches-animals/Sketches/bears/bear-and-babe.html","3","0","https://ronenglish-archive.github.io/ron-english-sketches-animals/images/Sketches/bears/Bear%20and%20Babe%20ORIGINAL.jpg","OK","Ready."
"Animals","Bear Family Icon","bears","bears","Sketches\bears\bear-family-icon.html","https://ronenglish-archive.github.io/ron-english-sketches-animals/Sketches/bears/bear-family-icon.html","1","0","https://ronenglish-archive.github.io/ron-english-sketches-animals/images/Sketches/bears/Bear%20Family%20Icon%20COLOR.jpg","OK","Ready."
"Animals","Bear Portrait","bears","bears","Sketches\bears\bear-portrait.html","https://ronenglish-archive.github.io/ron-english-sketches-animals/Sketches/bears/bear-portrait.html","1","0","https://ronenglish-archive.github.io/ron-english-sketches-animals/images/Sketches/bears/Bear%20Portrait%20ORIGINAL.jpg","OK","Ready."
"Animals","Beer Bear","bears","bears","Sketches\bears\beer-bear.html","https://ronenglish-archive.github.io/ron-english-sketches-animals/Sketches/bears/beer-bear.html","2","0","https://ronenglish-archive.github.io/ron-english-sketches-animals/images/Sketches/bears/Beer%20Bear%20B%26W%20digital.jpg","OK","Ready."
"Animals","Blue Bear","bears","bears","Sketches\bears\blue-bear.html","https://ronenglish-archive.github.io/ron-english-sketches-animals/Sketches/bears/blue-bear.html","3","0","https://ronenglish-archive.github.io/ron-english-sketches-animals/images/Sketches/bears/Blue%20Bear%20ORIGINAL.jpg","OK","Ready."
"Animals","Li'l Bear","bears","bears","Sketches\bears\lil-bear.html","https://ronenglish-archive.github.io/ron-english-sketches-animals/Sketches/bears/lil-bear.html","0","0","","REVIEW","No image references found."
"Animals","My Thoughts Escape Me","bears","bears","Sketches\bears\my-thoughts-escape-me.html","https://ronenglish-archive.github.io/ron-english-sketches-animals/Sketches/bears/my-thoughts-escape-me.html","3","0","https://ronenglish-archive.github.io/ron-english-sketches-animals/images/Sketches/bears/My%20Thoughts%20Escape%20Me%20ORIGINAL.jpg","OK","Ready."
"Animals","Papa Panda","bears","bears","Sketches\bears\papa-panda.html","https://ronenglish-archive.github.io/ron-english-sketches-animals/Sketches/bears/papa-panda.html","6","0","https://ronenglish-archive.github.io/ron-english-sketches-animals/images/Sketches/bears/Papa%20Panda%20B%26W%20digital.jpg","OK","Ready."
"Animals","Red Bear","bears","bears","Sketches\bears\red-bear.html","https://ronenglish-archive.github.io/ron-english-sketches-animals/Sketches/bears/red-bear.html","3","0","https://ronenglish-archive.github.io/ron-english-sketches-animals/images/Sketches/bears/Red%20Bear%20ORIGINAL.jpg","OK","Ready."
"Animals","White Bear","bears","bears","Sketches\bears\white-bear.html","https://ronenglish-archive.github.io/ron-english-sketches-animals/Sketches/bears/white-bear.html","3","0","https://ronenglish-archive.github.io/ron-english-sketches-animals/images/Sketches/bears/White%20Bear%20ORIGINAL.jpg","OK","Ready."
"Animals","Bigfoot Family Icon","bigfoot","bigfoot","Sketches\bigfoot\bigfoot-family-icon.html","https://ronenglish-archive.github.io/ron-english-sketches-animals/Sketches/bigfoot/bigfoot-family-icon.html","1","0","https://ronenglish-archive.github.io/ron-english-sketches-animals/images/Sketches/bigfoot/Bigfoot%20Family%20Icon%20COLOR.jpg","OK","Ready."
"Animals","Bigfoot Feet","bigfoot","bigfoot","Sketches\bigfoot\bigfoot-feet.html","https://ronenglish-archive.github.io/ron-english-sketches-animals/Sketches/bigfoot/bigfoot-feet.html","2","0","https://ronenglish-archive.github.io/ron-english-sketches-animals/images/Sketches/bigfoot/Bigfoot%20feet%20ORIGINAL.jpg","OK","Ready."
"Animals","Bigfoot Living Room","bigfoot","bigfoot","Sketches\bigfoot\bigfoot-living-room.html","https://ronenglish-archive.github.io/ron-english-sketches-animals/Sketches/bigfoot/bigfoot-living-room.html","4","0","https://ronenglish-archive.github.io/ron-english-sketches-animals/images/Sketches/bigfoot/Bigfoot%20Living%20Room%201%20ORIGINAL.jpg","OK","Ready."
"Animals","Bigfoot Messiah","bigfoot","bigfoot","Sketches\bigfoot\bigfoot-messiah.html","https://ronenglish-archive.github.io/ron-english-sketches-animals/Sketches/bigfoot/bigfoot-messiah.html","3","0","https://ronenglish-archive.github.io/ron-english-sketches-animals/images/Sketches/bigfoot/Bigfoot%20Messiah%20ORIGINAL.jpg","OK","Ready."
"Animals","Bigfoot Toddler","bigfoot","bigfoot","Sketches\bigfoot\bigfoot-toddler.html","https://ronenglish-archive.github.io/ron-english-sketches-animals/Sketches/bigfoot/bigfoot-toddler.html","2","0","https://ronenglish-archive.github.io/ron-english-sketches-animals/images/Sketches/bigfoot/Bigfoot%20Toddler%20B%26W.jpg","OK","Ready."
"Animals","Bigfoot Tourist","bigfoot","bigfoot","Sketches\bigfoot\bigfoot-tourist.html","https://ronenglish-archive.github.io/ron-english-sketches-animals/Sketches/bigfoot/bigfoot-tourist.html","4","0","https://ronenglish-archive.github.io/ron-english-sketches-animals/images/Sketches/bigfoot/Bigfoot%20Tourist%20ORIGINAL.jpg","OK","Ready."
"Animals","Fake Father Bigfoot","bigfoot","bigfoot","Sketches\bigfoot\fake-father-bigfoot.html","https://ronenglish-archive.github.io/ron-english-sketches-animals/Sketches/bigfoot/fake-father-bigfoot.html","6","0","https://ronenglish-archive.github.io/ron-english-sketches-animals/images/Sketches/bigfoot/Fake%20Father%20Bigfoot%20ORIGINAL.jpg","OK","Ready."
"Animals","Lady Bigfoot","bigfoot","bigfoot","Sketches\bigfoot\lady-bigfoot.html","https://ronenglish-archive.github.io/ron-english-sketches-animals/Sketches/bigfoot/lady-bigfoot.html","3","0","https://ronenglish-archive.github.io/ron-english-sketches-animals/images/Sketches/bigfoot/Lady%20Bigfoot%20ORIGINAL.jpg","OK","Ready."
"Animals","Li'l Bigfoot","bigfoot","bigfoot","Sketches\bigfoot\lil-bigfoot.html","https://ronenglish-archive.github.io/ron-english-sketches-animals/Sketches/bigfoot/lil-bigfoot.html","6","0","https://ronenglish-archive.github.io/ron-english-sketches-animals/images/Sketches/bigfoot/Li'l%20Bigfoot%20ORIGINAL.jpg","OK","Ready."
"Animals","Li'l Bigfoot with Beard","bigfoot","bigfoot","Sketches\bigfoot\lil-bigfoot-with-beard.html","https://ronenglish-archive.github.io/ron-english-sketches-animals/Sketches/bigfoot/lil-bigfoot-with-beard.html","14","0","https://ronenglish-archive.github.io/ron-english-sketches-animals/images/Sketches/bigfoot/Li'l%20Bigfoot%20with%20beard%20front%20ORIGINAL.jpg","OK","Ready."
"Animals","Little Bigfoot","bigfoot","bigfoot","Sketches\bigfoot\little-bigfoot.html","https://ronenglish-archive.github.io/ron-english-sketches-animals/Sketches/bigfoot/little-bigfoot.html","3","0","https://ronenglish-archive.github.io/ron-english-sketches-animals/images/Sketches/bigfoot/Little%20Bigfoot%20ORIGINAL.jpg","OK","Ready."
"Animals","Midget Bigfoot","bigfoot","bigfoot","Sketches\bigfoot\midget-bigfoot.html","https://ronenglish-archive.github.io/ron-english-sketches-animals/Sketches/bigfoot/midget-bigfoot.html","6","0","https://ronenglish-archive.github.io/ron-english-sketches-animals/images/Sketches/bigfoot/Midget%20Bigfoot%20ORIGINAL.jpg","OK","Ready."
"Animals","Myth Mother Bigfoot","bigfoot","bigfoot","Sketches\bigfoot\myth-mother-bigfoot.html","https://ronenglish-archive.github.io/ron-english-sketches-animals/Sketches/bigfoot/myth-mother-bigfoot.html","5","0","https://ronenglish-archive.github.io/ron-english-sketches-animals/images/Sketches/bigfoot/Myth%20Mother%20Bigfoot%20B%26W.jpg","OK","Ready."
"Animals","New Urban Bigfoot","bigfoot","bigfoot","Sketches\bigfoot\new-urban-bigfoot.html","https://ronenglish-archive.github.io/ron-english-sketches-animals/Sketches/bigfoot/new-urban-bigfoot.html","4","0","https://ronenglish-archive.github.io/ron-english-sketches-animals/images/Sketches/bigfoot/New%20Urban%20Bigfoot%20ORIGINAL.jpg","OK","Ready."
"Animals","Urban Bigfoot","bigfoot","bigfoot","Sketches\bigfoot\urban-bigfoot.html","https://ronenglish-archive.github.io/ron-english-sketches-animals/Sketches/bigfoot/urban-bigfoot.html","14","0","https://ronenglish-archive.github.io/ron-english-sketches-animals/images/Sketches/bigfoot/Urban%20Bigfoot%201%20front%20ORIGINAL.jpg","OK","Ready."
"Animals","Urban Bigfoot with Hoodie","bigfoot","bigfoot","Sketches\bigfoot\urban-bigfoot-with-hoodie.html","https://ronenglish-archive.github.io/ron-english-sketches-animals/Sketches/bigfoot/urban-bigfoot-with-hoodie.html","2","0","https://ronenglish-archive.github.io/ron-english-sketches-animals/images/Sketches/bigfoot/Urban%20Bigfoot%20with%20Hoodie%20front.jpg","OK","Ready."
"Animals","Washington Bigfoot","bigfoot","bigfoot","Sketches\bigfoot\washington-bigfoot.html","https://ronenglish-archive.github.io/ron-english-sketches-animals/Sketches/bigfoot/washington-bigfoot.html","2","0","https://ronenglish-archive.github.io/ron-english-sketches-animals/images/Sketches/bigfoot/Washington%20Bigfoot%20ORIGINAL.jpg","OK","Ready."
"Animals","Alien Kitty","canines-and-felines","cats","Sketches\canines-and-felines\cats\alien-kitty-for-hat\index.html","https://ronenglish-archive.github.io/ron-english-sketches-animals/Sketches/canines-and-felines/cats/alien-kitty-for-hat/index.html","3","0","https://ronenglish-archive.github.io/ron-english-sketches-animals/images/Sketches/Canines%20and%20felines/Cats/Alien%20Kitty%20for%20Hat%20ORIGINAL.jpg","OK","Ready."
"Animals","Artist Blue Chip Cat","canines-and-felines","cats","Sketches\canines-and-felines\cats\artist-blue-chip-cat\index.html","https://ronenglish-archive.github.io/ron-english-sketches-animals/Sketches/canines-and-felines/cats/artist-blue-chip-cat/index.html","3","0","https://ronenglish-archive.github.io/ron-english-sketches-animals/images/Sketches/Canines%20and%20felines/Cats/Artist%20Blue%20Chip%20Cat%20ORIGINAL.jpg","OK","Ready."
"Animals","Basket Case Cat","canines-and-felines","cats","Sketches\canines-and-felines\cats\basket-case-cat\index.html","https://ronenglish-archive.github.io/ron-english-sketches-animals/Sketches/canines-and-felines/cats/basket-case-cat/index.html","3","0","https://ronenglish-archive.github.io/ron-english-sketches-animals/images/Sketches/Canines%20and%20felines/Cats/Basket%20Case%20Cat%20ORIGINAL.jpg","OK","Ready."
"Animals","Biter Tiger","canines-and-felines","cats","Sketches\canines-and-felines\cats\biter-tiger\index.html","https://ronenglish-archive.github.io/ron-english-sketches-animals/Sketches/canines-and-felines/cats/biter-tiger/index.html","2","0","https://ronenglish-archive.github.io/ron-english-sketches-animals/images/Sketches/Canines%20and%20felines/Cats/Biter%20Tiger%20B%26W.jpg","OK","Ready."
"Animals","Blue Chip Cat 1","canines-and-felines","cats","Sketches\canines-and-felines\cats\blue-chip-cat-1\index.html","https://ronenglish-archive.github.io/ron-english-sketches-animals/Sketches/canines-and-felines/cats/blue-chip-cat-1/index.html","7","0","https://ronenglish-archive.github.io/ron-english-sketches-animals/images/Sketches/Canines%20and%20felines/Cats/Blue%20Chip%20Cat%201%20ORIGINAL.jpg","OK","Ready."
"Animals","Blue Chip Cat 2","canines-and-felines","cats","Sketches\canines-and-felines\cats\blue-chip-cat-2\index.html","https://ronenglish-archive.github.io/ron-english-sketches-animals/Sketches/canines-and-felines/cats/blue-chip-cat-2/index.html","3","0","https://ronenglish-archive.github.io/ron-english-sketches-animals/images/Sketches/Canines%20and%20felines/Cats/Blue%20Chip%20Cat%202%20ORIGINAL.jpg","OK","Ready."
"Animals","Cats Logo","canines-and-felines","cats","Sketches\canines-and-felines\cats\cats-logo\index.html","https://ronenglish-archive.github.io/ron-english-sketches-animals/Sketches/canines-and-felines/cats/cats-logo/index.html","2","0","https://ronenglish-archive.github.io/ron-english-sketches-animals/images/Sketches/Canines%20and%20felines/Cats/Cats%20Logo%20ORIGINAL.jpg","OK","Ready."
"Animals","Cat With Dog","canines-and-felines","cats","Sketches\canines-and-felines\cats\cat-with-dog\index.html","https://ronenglish-archive.github.io/ron-english-sketches-animals/Sketches/canines-and-felines/cats/cat-with-dog/index.html","2","0","https://ronenglish-archive.github.io/ron-english-sketches-animals/images/Sketches/Canines%20and%20felines/Cats/Cat%20With%20Dog%20ORIGINAL.jpg","OK","Ready."
"Animals","Curled Up Kitty Sketch","canines-and-felines","cats","Sketches\canines-and-felines\cats\curled-up-kitty-sketch\index.html","https://ronenglish-archive.github.io/ron-english-sketches-animals/Sketches/canines-and-felines/cats/curled-up-kitty-sketch/index.html","2","0","https://ronenglish-archive.github.io/ron-english-sketches-animals/images/Sketches/Canines%20and%20felines/Cats/Curled%20Up%20Kitty%20Sketch%20ORIGINAL.jpg","OK","Ready."
"Animals","Faceless Cat","canines-and-felines","cats","Sketches\canines-and-felines\cats\faceless-cat\index.html","https://ronenglish-archive.github.io/ron-english-sketches-animals/Sketches/canines-and-felines/cats/faceless-cat/index.html","6","0","https://ronenglish-archive.github.io/ron-english-sketches-animals/images/Sketches/Canines%20and%20felines/Cats/Faceless%20Cat%20back%20ORIGINAL.jpg","OK","Ready."
"Animals","Hep Cat","canines-and-felines","cats","Sketches\canines-and-felines\cats\hep-cat-1\index.html","https://ronenglish-archive.github.io/ron-english-sketches-animals/Sketches/canines-and-felines/cats/hep-cat-1/index.html","8","0","https://ronenglish-archive.github.io/ron-english-sketches-animals/images/Sketches/Canines%20and%20felines/Cats/Hep%20Cat%201%20ORIGINAL.jpg","OK","Ready."
"Animals","Hip Cat","canines-and-felines","cats","Sketches\canines-and-felines\cats\hip-cat\index.html","https://ronenglish-archive.github.io/ron-english-sketches-animals/Sketches/canines-and-felines/cats/hip-cat/index.html","3","0","https://ronenglish-archive.github.io/ron-english-sketches-animals/images/Sketches/Canines%20and%20felines/Cats/Hip%20Cat%20ORIGINAL.jpg","OK","Ready."
"Animals","Kiss Face","canines-and-felines","cats","Sketches\canines-and-felines\cats\kiss-face\index.html","https://ronenglish-archive.github.io/ron-english-sketches-animals/Sketches/canines-and-felines/cats/kiss-face/index.html","4","0","https://ronenglish-archive.github.io/ron-english-sketches-animals/images/Sketches/Canines%20and%20felines/Cats/Kiss%20Face%20ORIGINAL.jpg","OK","Ready."
"Animals","Miss Pro Noun","canines-and-felines","cats","Sketches\canines-and-felines\cats\miss-pro-noun\index.html","https://ronenglish-archive.github.io/ron-english-sketches-animals/Sketches/canines-and-felines/cats/miss-pro-noun/index.html","3","0","https://ronenglish-archive.github.io/ron-english-sketches-animals/images/Sketches/Canines%20and%20felines/Cats/Miss%20Pro%20Noun%20ORIGINAL.jpg","OK","Ready."
"Animals","Pity Kitty","canines-and-felines","cats","Sketches\canines-and-felines\cats\pity-kitty\index.html","https://ronenglish-archive.github.io/ron-english-sketches-animals/Sketches/canines-and-felines/cats/pity-kitty/index.html","3","0","https://ronenglish-archive.github.io/ron-english-sketches-animals/images/Sketches/Canines%20and%20felines/Cats/Pity%20Kitty%20ORIGINAL.jpg","OK","Ready."
"Animals","Pussy Pups","canines-and-felines","cats","Sketches\canines-and-felines\cats\pussy-pups\index.html","https://ronenglish-archive.github.io/ron-english-sketches-animals/Sketches/canines-and-felines/cats/pussy-pups/index.html","4","0","https://ronenglish-archive.github.io/ron-english-sketches-animals/images/Sketches/Canines%20and%20felines/Cats/Pussy%20Pups%20ORIGINAL%20COLOR.jpg","OK","Ready."
"Animals","Techno Kitten MC Supersized","canines-and-felines","cats","Sketches\canines-and-felines\cats\techno-kitten-mc-supersized\index.html","https://ronenglish-archive.github.io/ron-english-sketches-animals/Sketches/canines-and-felines/cats/techno-kitten-mc-supersized/index.html","3","0","https://ronenglish-archive.github.io/ron-english-sketches-animals/images/Sketches/Canines%20and%20felines/Cats/Techno%20Kitten%20MC%20Supersized%20ORIGINAL.jpg","OK","Ready."
"Animals","Techno Kitten Two Faced","canines-and-felines","cats","Sketches\canines-and-felines\cats\techno-kitten-two-faced\index.html","https://ronenglish-archive.github.io/ron-english-sketches-animals/Sketches/canines-and-felines/cats/techno-kitten-two-faced/index.html","3","0","https://ronenglish-archive.github.io/ron-english-sketches-animals/images/Sketches/Canines%20and%20felines/Cats/Techno%20Kitten%20Two%20Faced%20ORIGINAL.jpg","OK","Ready."
"Animals","Tiger Swine","canines-and-felines","cats","Sketches\canines-and-felines\cats\tiger\index.html","https://ronenglish-archive.github.io/ron-english-sketches-animals/Sketches/canines-and-felines/cats/tiger/index.html","2","0","https://ronenglish-archive.github.io/ron-english-sketches-animals/images/Sketches/Canines%20and%20felines/Cats/Tiger%20B%26W.jpg","OK","Ready."
"Animals","Trippy Lion","canines-and-felines","cats","Sketches\canines-and-felines\cats\trippy-lion\index.html","https://ronenglish-archive.github.io/ron-english-sketches-animals/Sketches/canines-and-felines/cats/trippy-lion/index.html","7","0","https://ronenglish-archive.github.io/ron-english-sketches-animals/images/Sketches/Canines%20and%20felines/Cats/Trippy%20Lion%20ORIGINAL.jpg","OK","Ready."
"Animals","Blue Dog Peeing","canines-and-felines","dogs","Sketches\canines-and-felines\dogs\blue-dog-peeing\index.html","https://ronenglish-archive.github.io/ron-english-sketches-animals/Sketches/canines-and-felines/dogs/blue-dog-peeing/index.html","4","0","https://ronenglish-archive.github.io/ron-english-sketches-animals/images/Sketches/Canines%20and%20felines/Dogs/Blue%20Dog%20Peeing%20ORIGINAL%20COLOR.jpg","OK","Ready."
"Animals","Boner","canines-and-felines","dogs","Sketches\canines-and-felines\dogs\boner\index.html","https://ronenglish-archive.github.io/ron-english-sketches-animals/Sketches/canines-and-felines/dogs/boner/index.html","3","0","https://ronenglish-archive.github.io/ron-english-sketches-animals/images/Sketches/Canines%20and%20felines/Dogs/Boner%20ORIGINAL.jpg","OK","Ready."
"Animals","Dog","canines-and-felines","dogs","Sketches\canines-and-felines\dogs\dog\index.html","https://ronenglish-archive.github.io/ron-english-sketches-animals/Sketches/canines-and-felines/dogs/dog/index.html","3","0","https://ronenglish-archive.github.io/ron-english-sketches-animals/images/Sketches/Canines%20and%20felines/Dogs/Dog%20ORIGINAL.jpg","OK","Ready."
"Animals","Dogs Logo","canines-and-felines","dogs","Sketches\canines-and-felines\dogs\dogs-logo\index.html","https://ronenglish-archive.github.io/ron-english-sketches-animals/Sketches/canines-and-felines/dogs/dogs-logo/index.html","3","0","https://ronenglish-archive.github.io/ron-english-sketches-animals/images/Sketches/Canines%20and%20felines/Dogs/Dogs%20Logo%20ORIGINAL.jpg","OK","Ready."
"Animals","Drooplenozgle","canines-and-felines","dogs","Sketches\canines-and-felines\dogs\drooplenozgle\index.html","https://ronenglish-archive.github.io/ron-english-sketches-animals/Sketches/canines-and-felines/dogs/drooplenozgle/index.html","3","0","https://ronenglish-archive.github.io/ron-english-sketches-animals/images/Sketches/Canines%20and%20felines/Dogs/Drooplenozgle%20ORIGINAL.jpg","OK","Ready."
"Animals","Faceless Dog","canines-and-felines","dogs","Sketches\canines-and-felines\dogs\faceless-dog\index.html","https://ronenglish-archive.github.io/ron-english-sketches-animals/Sketches/canines-and-felines/dogs/faceless-dog/index.html","6","0","https://ronenglish-archive.github.io/ron-english-sketches-animals/images/Sketches/Canines%20and%20felines/Dogs/FACELESS%20DOG%20back%20ORIGINAL.jpg","OK","Ready."
"Animals","Fat Puppy","canines-and-felines","dogs","Sketches\canines-and-felines\dogs\fat-puppy\index.html","https://ronenglish-archive.github.io/ron-english-sketches-animals/Sketches/canines-and-felines/dogs/fat-puppy/index.html","3","0","https://ronenglish-archive.github.io/ron-english-sketches-animals/images/Sketches/Canines%20and%20felines/Dogs/Fat%20Puppy%20ORIGINAL.jpg","OK","Ready."
"Animals","Fetish Fetch Dog","canines-and-felines","dogs","Sketches\canines-and-felines\dogs\fetish-fetch-dog\index.html","https://ronenglish-archive.github.io/ron-english-sketches-animals/Sketches/canines-and-felines/dogs/fetish-fetch-dog/index.html","3","0","https://ronenglish-archive.github.io/ron-english-sketches-animals/images/Sketches/Canines%20and%20felines/Dogs/Fetish%20Fetch%20Dog%20ORIGINAL.jpg","OK","Ready."
"Animals","Kaiju Puppy","canines-and-felines","dogs","Sketches\canines-and-felines\dogs\kaiju-puppy\index.html","https://ronenglish-archive.github.io/ron-english-sketches-animals/Sketches/canines-and-felines/dogs/kaiju-puppy/index.html","9","0","https://ronenglish-archive.github.io/ron-english-sketches-animals/images/Sketches/Canines%20and%20felines/Dogs/Kaiju%20Puppy%20back%20ORIGINAL.jpg","OK","Ready."
"Animals","Kaiju Puppy 2","canines-and-felines","dogs","Sketches\canines-and-felines\dogs\kaiju-puppy-2\index.html","https://ronenglish-archive.github.io/ron-english-sketches-animals/Sketches/canines-and-felines/dogs/kaiju-puppy-2/index.html","3","0","https://ronenglish-archive.github.io/ron-english-sketches-animals/images/Sketches/Canines%20and%20felines/Dogs/Kaiju%20Puppy%202%20front%20ORIGINAL.jpg","OK","Ready."
"Animals","Love Puppy","canines-and-felines","dogs","Sketches\canines-and-felines\dogs\love-puppy\index.html","https://ronenglish-archive.github.io/ron-english-sketches-animals/Sketches/canines-and-felines/dogs/love-puppy/index.html","20","0","https://ronenglish-archive.github.io/ron-english-sketches-animals/images/Sketches/Canines%20and%20felines/Dogs/Love%20Puppy%20back%20ORIGINAL.jpg","OK","Ready."
"Animals","Mick Everrock","canines-and-felines","dogs","Sketches\canines-and-felines\dogs\mick-everrock\index.html","https://ronenglish-archive.github.io/ron-english-sketches-animals/Sketches/canines-and-felines/dogs/mick-everrock/index.html","7","0","https://ronenglish-archive.github.io/ron-english-sketches-animals/images/Sketches/Canines%20and%20felines/Dogs/Mick%20Everrock%20ORIGINAL.jpg","OK","Ready."
"Animals","Mojo Voodoo","canines-and-felines","dogs","Sketches\canines-and-felines\dogs\mojo-voodoo\index.html","https://ronenglish-archive.github.io/ron-english-sketches-animals/Sketches/canines-and-felines/dogs/mojo-voodoo/index.html","9","0","https://ronenglish-archive.github.io/ron-english-sketches-animals/images/Sketches/Canines%20and%20felines/Dogs/Mojo%20Voodoo%20front%20ORIGINAL.jpg","OK","Ready."
"Animals","Newcastle Dog","canines-and-felines","dogs","Sketches\canines-and-felines\dogs\newcastle-dog\index.html","https://ronenglish-archive.github.io/ron-english-sketches-animals/Sketches/canines-and-felines/dogs/newcastle-dog/index.html","3","0","https://ronenglish-archive.github.io/ron-english-sketches-animals/images/Sketches/Canines%20and%20felines/Dogs/Newcastle%20Dog%20ORIGINAL.jpg","OK","Ready."
"Animals","Noodle Poodle","canines-and-felines","dogs","Sketches\canines-and-felines\dogs\noodle-poodle\index.html","https://ronenglish-archive.github.io/ron-english-sketches-animals/Sketches/canines-and-felines/dogs/noodle-poodle/index.html","4","0","https://ronenglish-archive.github.io/ron-english-sketches-animals/images/Sketches/Canines%20and%20felines/Dogs/Noodle%20Poodle%20ORIGINAL.jpg","OK","Ready."
"Animals","Osmosys Ruff","canines-and-felines","dogs","Sketches\canines-and-felines\dogs\osmosys-ruff\index.html","https://ronenglish-archive.github.io/ron-english-sketches-animals/Sketches/canines-and-felines/dogs/osmosys-ruff/index.html","3","0","https://ronenglish-archive.github.io/ron-english-sketches-animals/images/Sketches/Canines%20and%20felines/Dogs/Osmosys%20Ruff%20ORIGINAL.jpg","OK","Ready."
"Animals","Pathetic Puppy","canines-and-felines","dogs","Sketches\canines-and-felines\dogs\pathetic-puppy\index.html","https://ronenglish-archive.github.io/ron-english-sketches-animals/Sketches/canines-and-felines/dogs/pathetic-puppy/index.html","3","0","https://ronenglish-archive.github.io/ron-english-sketches-animals/images/Sketches/Canines%20and%20felines/Dogs/Pathetic%20Puppy%20ORIGINAL.jpg","OK","Ready."
"Animals","Ponzie the Duck Dog","canines-and-felines","dogs","Sketches\canines-and-felines\dogs\ponzie-the-duck-dog\index.html","https://ronenglish-archive.github.io/ron-english-sketches-animals/Sketches/canines-and-felines/dogs/ponzie-the-duck-dog/index.html","3","0","https://ronenglish-archive.github.io/ron-english-sketches-animals/images/Sketches/Canines%20and%20felines/Dogs/Ponzie%20the%20Duck%20Dog%20ORIGINAL.jpg","OK","Ready."
"Animals","Sawyer the Law Dog","canines-and-felines","dogs","Sketches\canines-and-felines\dogs\sawyer-the-law-dog\index.html","https://ronenglish-archive.github.io/ron-english-sketches-animals/Sketches/canines-and-felines/dogs/sawyer-the-law-dog/index.html","2","0","https://ronenglish-archive.github.io/ron-english-sketches-animals/images/Sketches/Canines%20and%20felines/Dogs/Sawyer%20the%20Law%20Dog%20B%26W.jpg","OK","Ready."
"Animals","Standing Dog","canines-and-felines","dogs","Sketches\canines-and-felines\dogs\standing-dog\index.html","https://ronenglish-archive.github.io/ron-english-sketches-animals/Sketches/canines-and-felines/dogs/standing-dog/index.html","3","0","https://ronenglish-archive.github.io/ron-english-sketches-animals/images/Sketches/Canines%20and%20felines/Dogs/Standing%20Dog%20ORIGINAL.jpg","OK","Ready."
"Animals","Faux Fox","canines-and-felines","foxes","Sketches\canines-and-felines\foxes\faux-fox\index.html","https://ronenglish-archive.github.io/ron-english-sketches-animals/Sketches/canines-and-felines/foxes/faux-fox/index.html","4","0","https://ronenglish-archive.github.io/ron-english-sketches-animals/images/Sketches/Canines%20and%20felines/Foxes/Faux%20Fox%20ORIGINAL.jpg","OK","Ready."
"Animals","Foxes Family Icon","canines-and-felines","foxes","Sketches\canines-and-felines\foxes\foxes-family-icon\index.html","https://ronenglish-archive.github.io/ron-english-sketches-animals/Sketches/canines-and-felines/foxes/foxes-family-icon/index.html","3","0","https://ronenglish-archive.github.io/ron-english-sketches-animals/images/Sketches/Canines%20and%20felines/Foxes/Foxes%20Family%20Icon%20ORIGINAL.jpg","OK","Ready."
"Animals","Fox TV","canines-and-felines","foxes","Sketches\canines-and-felines\foxes\fox-tv\index.html","https://ronenglish-archive.github.io/ron-english-sketches-animals/Sketches/canines-and-felines/foxes/fox-tv/index.html","16","0","https://ronenglish-archive.github.io/ron-english-sketches-animals/images/Sketches/Canines%20and%20felines/Foxes/Fox%20TV%20ORIGINAL.jpg","OK","Ready."
"Animals","Foxy Clan","canines-and-felines","foxes","Sketches\canines-and-felines\foxes\foxy-clan\index.html","https://ronenglish-archive.github.io/ron-english-sketches-animals/Sketches/canines-and-felines/foxes/foxy-clan/index.html","2","0","https://ronenglish-archive.github.io/ron-english-sketches-animals/images/Sketches/Canines%20and%20felines/Foxes/Foxy%20Clan%20ORIGINAL.jpg","OK","Ready."
"Animals","Foxy Fox","canines-and-felines","foxes","Sketches\canines-and-felines\foxes\foxy-fox\index.html","https://ronenglish-archive.github.io/ron-english-sketches-animals/Sketches/canines-and-felines/foxes/foxy-fox/index.html","5","0","https://ronenglish-archive.github.io/ron-english-sketches-animals/images/Sketches/Canines%20and%20felines/Foxes/Foxy%20Fox%20ORIGINAL%20COLOR%201.jpg","OK","Ready."
"Animals","Perv Vert","canines-and-felines","foxes","Sketches\canines-and-felines\foxes\perv-vert\index.html","https://ronenglish-archive.github.io/ron-english-sketches-animals/Sketches/canines-and-felines/foxes/perv-vert/index.html","4","0","https://ronenglish-archive.github.io/ron-english-sketches-animals/images/Sketches/Canines%20and%20felines/Foxes/Perv%20Vert%20ORIGINAL%20COLOR.jpg","OK","Ready."
"Animals","Squawk Fox","canines-and-felines","foxes","Sketches\canines-and-felines\foxes\squawk-fox\index.html","https://ronenglish-archive.github.io/ron-english-sketches-animals/Sketches/canines-and-felines/foxes/squawk-fox/index.html","4","0","https://ronenglish-archive.github.io/ron-english-sketches-animals/images/Sketches/Canines%20and%20felines/Foxes/Squawk%20Fox%20ORIGINAL%20COLOR%202.jpg","OK","Ready."
"Animals","Black Wolf","canines-and-felines","wolves","Sketches\canines-and-felines\wolves\black-wolf\index.html","https://ronenglish-archive.github.io/ron-english-sketches-animals/Sketches/canines-and-felines/wolves/black-wolf/index.html","3","0","https://ronenglish-archive.github.io/ron-english-sketches-animals/images/Sketches/Canines%20and%20felines/Wolves/Black%20Wolf%20ORIGINAL.jpg","OK","Ready."
"Animals","Earl Grey Wolf","canines-and-felines","wolves","Sketches\canines-and-felines\wolves\earl-grey-wolf\index.html","https://ronenglish-archive.github.io/ron-english-sketches-animals/Sketches/canines-and-felines/wolves/earl-grey-wolf/index.html","11","0","https://ronenglish-archive.github.io/ron-english-sketches-animals/images/Sketches/Canines%20and%20felines/Wolves/Earl%20Grey%20Wolf%20back%20ORIGINAL.jpg","OK","Ready."
"Animals","Flavor Fang","canines-and-felines","wolves","Sketches\canines-and-felines\wolves\flavor-fang\index.html","https://ronenglish-archive.github.io/ron-english-sketches-animals/Sketches/canines-and-felines/wolves/flavor-fang/index.html","5","0","https://ronenglish-archive.github.io/ron-english-sketches-animals/images/Sketches/Canines%20and%20felines/Wolves/Flavor%20Fang%20ORIGINAL.jpg","OK","Ready."
"Animals","Gray Wolf","canines-and-felines","wolves","Sketches\canines-and-felines\wolves\gray-wolf\index.html","https://ronenglish-archive.github.io/ron-english-sketches-animals/Sketches/canines-and-felines/wolves/gray-wolf/index.html","4","0","https://ronenglish-archive.github.io/ron-english-sketches-animals/images/Sketches/Canines%20and%20felines/Wolves/Gray%20Wolf%20ORIGINAL.jpg","OK","Ready."
"Animals","Leto Zeta","canines-and-felines","wolves","Sketches\canines-and-felines\wolves\leto-zeta\index.html","https://ronenglish-archive.github.io/ron-english-sketches-animals/Sketches/canines-and-felines/wolves/leto-zeta/index.html","3","0","https://ronenglish-archive.github.io/ron-english-sketches-animals/images/Sketches/Canines%20and%20felines/Wolves/Leto%20Zeta%20ORIGINAL.jpg","OK","Ready."
"Animals","Luna Lick","canines-and-felines","wolves","Sketches\canines-and-felines\wolves\luna-lick\index.html","https://ronenglish-archive.github.io/ron-english-sketches-animals/Sketches/canines-and-felines/wolves/luna-lick/index.html","3","0","https://ronenglish-archive.github.io/ron-english-sketches-animals/images/Sketches/Canines%20and%20felines/Wolves/Luna%20Lick%20ORIGINAL.jpg","OK","Ready."
"Animals","Maltreated Wolf","canines-and-felines","wolves","Sketches\canines-and-felines\wolves\maltreated-wolf\index.html","https://ronenglish-archive.github.io/ron-english-sketches-animals/Sketches/canines-and-felines/wolves/maltreated-wolf/index.html","4","0","https://ronenglish-archive.github.io/ron-english-sketches-animals/images/Sketches/Canines%20and%20felines/Wolves/Maltreated%20Wolf%20ORIGINAL%20COLOR-0.jpg","OK","Ready."
"Animals","Original Paws","canines-and-felines","wolves","Sketches\canines-and-felines\wolves\old-paws\index.html","https://ronenglish-archive.github.io/ron-english-sketches-animals/Sketches/canines-and-felines/wolves/old-paws/index.html","7","0","https://ronenglish-archive.github.io/ron-english-sketches-animals/images/Sketches/Canines%20and%20felines/Wolves/Old%20Paws%20ORIGINAL%20COLOR%202.jpg","OK","Ready."
"Animals","Paws Wolf","canines-and-felines","wolves","Sketches\canines-and-felines\wolves\paws-wolf\index.html","https://ronenglish-archive.github.io/ron-english-sketches-animals/Sketches/canines-and-felines/wolves/paws-wolf/index.html","7","0","https://ronenglish-archive.github.io/ron-english-sketches-animals/images/Sketches/Canines%20and%20felines/Wolves/Paws%20Wolf%20B%26W.jpg","OK","Ready."
"Animals","Riff Riff","canines-and-felines","wolves","Sketches\canines-and-felines\wolves\riff-riff\index.html","https://ronenglish-archive.github.io/ron-english-sketches-animals/Sketches/canines-and-felines/wolves/riff-riff/index.html","10","0","https://ronenglish-archive.github.io/ron-english-sketches-animals/images/Sketches/Canines%20and%20felines/Wolves/Riff%20Riff%20front%20ORIGINAL.jpg","OK","Ready."
"Animals","Waylone Wolf","canines-and-felines","wolves","Sketches\canines-and-felines\wolves\waylone-wolf\index.html","https://ronenglish-archive.github.io/ron-english-sketches-animals/Sketches/canines-and-felines/wolves/waylone-wolf/index.html","33","0","https://ronenglish-archive.github.io/ron-english-sketches-animals/images/Sketches/Canines%20and%20felines/Wolves/Waylone%20Delusionville%20Pilot%20front%20ORIGINAL.jpg","OK","Ready."
"Animals","Wolf Boy","canines-and-felines","wolves","Sketches\canines-and-felines\wolves\wolf-boy\index.html","https://ronenglish-archive.github.io/ron-english-sketches-animals/Sketches/canines-and-felines/wolves/wolf-boy/index.html","2","0","https://ronenglish-archive.github.io/ron-english-sketches-animals/images/Sketches/Canines%20and%20felines/Wolves/Wolf%20Boy%20B%26W.jpg","OK","Ready."
"Animals","Wolf Boy 2","canines-and-felines","wolves","Sketches\canines-and-felines\wolves\wolf-boy-2\index.html","https://ronenglish-archive.github.io/ron-english-sketches-animals/Sketches/canines-and-felines/wolves/wolf-boy-2/index.html","3","0","https://ronenglish-archive.github.io/ron-english-sketches-animals/images/Sketches/Canines%20and%20felines/Wolves/Wolf%20Boy%202%20ORIGINAL.jpg","OK","Ready."
"Animals","Wolf Family Icon","canines-and-felines","wolves","Sketches\canines-and-felines\wolves\wolf-family-icon\index.html","https://ronenglish-archive.github.io/ron-english-sketches-animals/Sketches/canines-and-felines/wolves/wolf-family-icon/index.html","3","0","https://ronenglish-archive.github.io/ron-english-sketches-animals/images/Sketches/Canines%20and%20felines/Wolves/Wolf%20Family%20Icon%20ORIGINAL.jpg","OK","Ready."
"Animals","Wolf Fetus","canines-and-felines","wolves","Sketches\canines-and-felines\wolves\wolf-fetus\index.html","https://ronenglish-archive.github.io/ron-english-sketches-animals/Sketches/canines-and-felines/wolves/wolf-fetus/index.html","3","0","https://ronenglish-archive.github.io/ron-english-sketches-animals/images/Sketches/Canines%20and%20felines/Wolves/Wolf%20Fetus%20ORIGINAL.jpg","OK","Ready."
"Animals","Wolf House - Canine Corner","canines-and-felines","wolves","Sketches\canines-and-felines\wolves\wolf-house-canine-corner\index.html","https://ronenglish-archive.github.io/ron-english-sketches-animals/Sketches/canines-and-felines/wolves/wolf-house-canine-corner/index.html","3","0","https://ronenglish-archive.github.io/ron-english-sketches-animals/images/Sketches/Canines%20and%20felines/Wolves/Wolf%20House%20-%20Canine%20Corner%20ORIGINAL.jpg","OK","Ready."
"Animals","Wolf With Banjo","canines-and-felines","wolves","Sketches\canines-and-felines\wolves\wolf-with-banjo\index.html","https://ronenglish-archive.github.io/ron-english-sketches-animals/Sketches/canines-and-felines/wolves/wolf-with-banjo/index.html","3","0","https://ronenglish-archive.github.io/ron-english-sketches-animals/images/Sketches/Canines%20and%20felines/Wolves/Wolf%20With%20Banjo%20ORIGINAL.jpg","OK","Ready."
"Animals","Wolf With Mouth Full of Rabbbit","canines-and-felines","wolves","Sketches\canines-and-felines\wolves\wolf-with-mouth-full-of-rabbbit\index.html","https://ronenglish-archive.github.io/ron-english-sketches-animals/Sketches/canines-and-felines/wolves/wolf-with-mouth-full-of-rabbbit/index.html","3","0","https://ronenglish-archive.github.io/ron-english-sketches-animals/images/Sketches/Canines%20and%20felines/Wolves/Wolf%20With%20Mouth%20Full%20of%20Rabbbit%20ORIGINAL.jpg","OK","Ready."
"Animals","Bee Plug","insects","insects","Sketches\insects\bee-plug\index.html","https://ronenglish-archive.github.io/ron-english-sketches-animals/Sketches/insects/bee-plug/index.html","3","0","https://ronenglish-archive.github.io/ron-english-sketches-animals/images/Sketches/Insects/Bee%20Plug%20ORIGINAL.jpg","OK","Ready."
"Animals","Stinging Bee","insects","insects","Sketches\insects\stinging-bee\index.html","https://ronenglish-archive.github.io/ron-english-sketches-animals/Sketches/insects/stinging-bee/index.html","4","0","https://ronenglish-archive.github.io/ron-english-sketches-animals/images/Sketches/Insects/Stinging%20Bee%20ORIGINAL.jpg","OK","Ready."
"Animals","Ate Bit Monkey","monkeys","monkeys","Sketches\monkeys\ate-bit-monkey\index.html","https://ronenglish-archive.github.io/ron-english-sketches-animals/Sketches/monkeys/ate-bit-monkey/index.html","3","0","https://ronenglish-archive.github.io/ron-english-sketches-animals/images/Sketches/Monkeys/Ate%20Bit%20Monkey%20ORIGINAL.jpg","OK","Ready."
"Animals","Fotograph, Record, Report More Evil","monkeys","monkeys","Sketches\monkeys\fotograph-record-report-more-evil\index.html","https://ronenglish-archive.github.io/ron-english-sketches-animals/Sketches/monkeys/fotograph-record-report-more-evil/index.html","2","0","https://ronenglish-archive.github.io/ron-english-sketches-animals/images/Sketches/Monkeys/Fotograph%2C%20Record%2C%20Report%20More%20Evil%20ORIGINAL%202.jpg","OK","Ready."
"Animals","Gorilla Grin 3","monkeys","monkeys","Sketches\monkeys\gorilla-grin-3\index.html","https://ronenglish-archive.github.io/ron-english-sketches-animals/Sketches/monkeys/gorilla-grin-3/index.html","8","0","https://ronenglish-archive.github.io/ron-english-sketches-animals/images/Sketches/Monkeys/Gorilla%20Grin%203%20head%20ORIGINAL.jpg","OK","Ready."
"Animals","Hearmour Evil","monkeys","monkeys","Sketches\monkeys\hearmour-evil\index.html","https://ronenglish-archive.github.io/ron-english-sketches-animals/Sketches/monkeys/hearmour-evil/index.html","6","0","https://ronenglish-archive.github.io/ron-english-sketches-animals/images/Sketches/Monkeys/Hearmour%20Evil%20version%202%20ORIGINAL.jpg","OK","Ready."
"Animals","Monkey Claus","monkeys","monkeys","Sketches\monkeys\monkey-claus\index.html","https://ronenglish-archive.github.io/ron-english-sketches-animals/Sketches/monkeys/monkey-claus/index.html","2","0","https://ronenglish-archive.github.io/ron-english-sketches-animals/images/Sketches/Monkeys/Monkey%20Claus%20B%26W.jpg","OK","Ready."
"Animals","Monkey Joe","monkeys","monkeys","Sketches\monkeys\monkey-joe\index.html","https://ronenglish-archive.github.io/ron-english-sketches-animals/Sketches/monkeys/monkey-joe/index.html","9","0","https://ronenglish-archive.github.io/ron-english-sketches-animals/images/Sketches/Monkeys/Monkey%20Joe%20back%20ORIGINAL.jpg","OK","Ready."
"Animals","Monkey Kong","monkeys","monkeys","Sketches\monkeys\monkey-kong\index.html","https://ronenglish-archive.github.io/ron-english-sketches-animals/Sketches/monkeys/monkey-kong/index.html","3","0","https://ronenglish-archive.github.io/ron-english-sketches-animals/images/Sketches/Monkeys/Monkey%20Kong%20ORIGINAL.jpg","OK","Ready."
"Animals","Monkey Mary","monkeys","monkeys","Sketches\monkeys\monkey-mary\index.html","https://ronenglish-archive.github.io/ron-english-sketches-animals/Sketches/monkeys/monkey-mary/index.html","7","0","https://ronenglish-archive.github.io/ron-english-sketches-animals/images/Sketches/Monkeys/Monkey%20Mary%20back%20ORIGINAL.jpg","OK","Ready."
"Animals","Monkey Messiah","monkeys","monkeys","Sketches\monkeys\monkey-messiah\index.html","https://ronenglish-archive.github.io/ron-english-sketches-animals/Sketches/monkeys/monkey-messiah/index.html","11","0","https://ronenglish-archive.github.io/ron-english-sketches-animals/images/Sketches/Monkeys/Monkey%20Messiah%20drawing%20left%20side%20ORIGINAL.jpg","OK","Ready."
"Animals","Monkeys Family Icon","monkeys","monkeys","Sketches\monkeys\monkeys-family-icon\index.html","https://ronenglish-archive.github.io/ron-english-sketches-animals/Sketches/monkeys/monkeys-family-icon/index.html","1","0","https://ronenglish-archive.github.io/ron-english-sketches-animals/images/Sketches/Monkeys/Monkeys%20family%20icon%20COLOR.jpg","OK","Ready."
"Animals","Monkey Triplets","monkeys","monkeys","Sketches\monkeys\monkey-triplets\index.html","https://ronenglish-archive.github.io/ron-english-sketches-animals/Sketches/monkeys/monkey-triplets/index.html","1","0","https://ronenglish-archive.github.io/ron-english-sketches-animals/images/Sketches/Monkeys/Monkey%20Triplets%20ORIGINAL.jpg","OK","Ready."
"Animals","Queen Kong","monkeys","monkeys","Sketches\monkeys\queen-kong\index.html","https://ronenglish-archive.github.io/ron-english-sketches-animals/Sketches/monkeys/queen-kong/index.html","2","0","https://ronenglish-archive.github.io/ron-english-sketches-animals/images/Sketches/Monkeys/Queen%20Kong%20ORIGINAL.jpg","OK","Ready."
"Animals","Queen Kong 2","monkeys","monkeys","Sketches\monkeys\queen-kong-2\index.html","https://ronenglish-archive.github.io/ron-english-sketches-animals/Sketches/monkeys/queen-kong-2/index.html","1","0","https://ronenglish-archive.github.io/ron-english-sketches-animals/images/Sketches/Monkeys/Queen%20Kong%202%20ORIGINAL.jpg","OK","Ready."
"Animals","Seymour Evil","monkeys","monkeys","Sketches\monkeys\seymour-evil\index.html","https://ronenglish-archive.github.io/ron-english-sketches-animals/Sketches/monkeys/seymour-evil/index.html","6","0","https://ronenglish-archive.github.io/ron-english-sketches-animals/images/Sketches/Monkeys/See%20More%20Evil%20version%202%20side%20ORIGINAL.jpg","OK","Ready."
"Animals","Shriner Monkey","monkeys","monkeys","Sketches\monkeys\shriner-monkey\index.html","https://ronenglish-archive.github.io/ron-english-sketches-animals/Sketches/monkeys/shriner-monkey/index.html","2","0","https://ronenglish-archive.github.io/ron-english-sketches-animals/images/Sketches/Monkeys/Shriner%20Monkey%20ORIGINAL.jpg","OK","Ready."
"Animals","Speakmour Evil","monkeys","monkeys","Sketches\monkeys\speakmour-evil\index.html","https://ronenglish-archive.github.io/ron-english-sketches-animals/Sketches/monkeys/speakmour-evil/index.html","5","0","https://ronenglish-archive.github.io/ron-english-sketches-animals/images/Sketches/Monkeys/Speakmour%20Evil%20back%20COLOR.jpg","OK","Ready."
"Animals","Croc Wild","reptiles","alligators","Sketches\reptiles\alligators\croc-wild\index.html","https://ronenglish-archive.github.io/ron-english-sketches-animals/Sketches/reptiles/alligators/croc-wild/index.html","2","0","https://ronenglish-archive.github.io/ron-english-sketches-animals/images/Sketches/Reptiles/alligators/Croc%20Wild%20ORIGINAL%20COLOR.jpg","OK","Ready."
"Animals","Paulpop Chameleon","reptiles","chameleons","Sketches\reptiles\chameleons\paulpop-chameleon\index.html","https://ronenglish-archive.github.io/ron-english-sketches-animals/Sketches/reptiles/chameleons/paulpop-chameleon/index.html","8","0","https://ronenglish-archive.github.io/ron-english-sketches-animals/images/Sketches/Reptiles/Chameleons/Paulpop%20Chameleon%20back%20ORIGINAL.jpg","OK","Ready."
"Animals","Dino Egg","reptiles","dinosaurs","Sketches\reptiles\dinosaurs\dino-egg\index.html","https://ronenglish-archive.github.io/ron-english-sketches-animals/Sketches/reptiles/dinosaurs/dino-egg/index.html","2","0","https://ronenglish-archive.github.io/ron-english-sketches-animals/images/Sketches/Reptiles/Dinosaurs/Dino%20Egg%20ORIGINAL.jpg","OK","Ready."
"Animals","Dino Extension Cord","reptiles","dinosaurs","Sketches\reptiles\dinosaurs\dino-extension-cord\index.html","https://ronenglish-archive.github.io/ron-english-sketches-animals/Sketches/reptiles/dinosaurs/dino-extension-cord/index.html","2","0","https://ronenglish-archive.github.io/ron-english-sketches-animals/images/Sketches/Reptiles/Dinosaurs/Dino%20Extension%20Cord%20B%26W.jpg","OK","Ready."
"Animals","Dinosaur Senior","reptiles","dinosaurs","Sketches\reptiles\dinosaurs\dinosaur-senior\index.html","https://ronenglish-archive.github.io/ron-english-sketches-animals/Sketches/reptiles/dinosaurs/dinosaur-senior/index.html","3","0","https://ronenglish-archive.github.io/ron-english-sketches-animals/images/Sketches/Reptiles/Dinosaurs/Dinosaur%20Senior%20ORIGINAL.jpg","OK","Ready."
"Animals","Dinosaur Senior outline","reptiles","dinosaurs","Sketches\reptiles\dinosaurs\dinosaur-senior-outline\index.html","https://ronenglish-archive.github.io/ron-english-sketches-animals/Sketches/reptiles/dinosaurs/dinosaur-senior-outline/index.html","1","0","https://ronenglish-archive.github.io/ron-english-sketches-animals/images/Sketches/Reptiles/Dinosaurs/Dinosaur%20Senior%20outline%20B%26W.jpg","OK","Ready."
"Animals","Splatter Saurus","reptiles","dinosaurs","Sketches\reptiles\dinosaurs\splatter-saurus\index.html","https://ronenglish-archive.github.io/ron-english-sketches-animals/Sketches/reptiles/dinosaurs/splatter-saurus/index.html","2","0","https://ronenglish-archive.github.io/ron-english-sketches-animals/images/Sketches/Reptiles/Dinosaurs/Splatter%20Saurus%20ORIGINAL.jpg","OK","Ready."
"Animals","Staples Pigeon Dinosaur","reptiles","dinosaurs","Sketches\reptiles\dinosaurs\staples-pigeon-dinosaur\index.html","https://ronenglish-archive.github.io/ron-english-sketches-animals/Sketches/reptiles/dinosaurs/staples-pigeon-dinosaur/index.html","1","0","https://ronenglish-archive.github.io/ron-english-sketches-animals/images/Sketches/Reptiles/Dinosaurs/Staples%20Pigeon%20Dinosaur%20ORIGINAL.jpg","OK","Ready."
"Animals","Stegasaurus Monarch","reptiles","dinosaurs","Sketches\reptiles\dinosaurs\stegasaurus-monarch\index.html","https://ronenglish-archive.github.io/ron-english-sketches-animals/Sketches/reptiles/dinosaurs/stegasaurus-monarch/index.html","2","0","https://ronenglish-archive.github.io/ron-english-sketches-animals/images/Sketches/Reptiles/Dinosaurs/Stegasaurus%20Monarch%20B%26W.jpg","OK","Ready."
"Animals","Triceraturtle","reptiles","dinosaurs","Sketches\reptiles\dinosaurs\triceraturtle\index.html","https://ronenglish-archive.github.io/ron-english-sketches-animals/Sketches/reptiles/dinosaurs/triceraturtle/index.html","3","0","https://ronenglish-archive.github.io/ron-english-sketches-animals/images/Sketches/Reptiles/Dinosaurs/Triceraturtle%20ORIGINAL.jpg","OK","Ready."
"Animals","Tyrannosaurus Dick","reptiles","dinosaurs","Sketches\reptiles\dinosaurs\tyrannosaurus-dick\index.html","https://ronenglish-archive.github.io/ron-english-sketches-animals/Sketches/reptiles/dinosaurs/tyrannosaurus-dick/index.html","1","0","https://ronenglish-archive.github.io/ron-english-sketches-animals/images/Sketches/Reptiles/Dinosaurs/Tyrannosaurus%20Dick%20ORIGINAL.jpg","OK","Ready."
"Animals","Poultry Rex Family Icon","reptiles","poultry-rex","Sketches\reptiles\poultry-rex\poultry-rex-family-icon\index.html","https://ronenglish-archive.github.io/ron-english-sketches-animals/Sketches/reptiles/poultry-rex/poultry-rex-family-icon/index.html","1","0","https://ronenglish-archive.github.io/ron-english-sketches-animals/images/Sketches/Reptiles/Poultry%20Rex/Poultry%20Rex%20Family%20Icon%20COLOR.jpg","OK","Ready."
"Animals","T Cell","reptiles","poultry-rex","Sketches\reptiles\poultry-rex\t-cell\index.html","https://ronenglish-archive.github.io/ron-english-sketches-animals/Sketches/reptiles/poultry-rex/t-cell/index.html","4","0","https://ronenglish-archive.github.io/ron-english-sketches-animals/images/Sketches/Reptiles/Poultry%20Rex/T%20Cell%20ORIGINAL.jpg","OK","Ready."
"Animals","Terrible T","reptiles","poultry-rex","Sketches\reptiles\poultry-rex\terrible-t\index.html","https://ronenglish-archive.github.io/ron-english-sketches-animals/Sketches/reptiles/poultry-rex/terrible-t/index.html","5","0","https://ronenglish-archive.github.io/ron-english-sketches-animals/images/Sketches/Reptiles/Poultry%20Rex/Terrible%20T%20front%20ORIGINAL.jpg","OK","Ready."
"Animals","Terror Chicken","reptiles","poultry-rex","Sketches\reptiles\poultry-rex\terror-chicken\index.html","https://ronenglish-archive.github.io/ron-english-sketches-animals/Sketches/reptiles/poultry-rex/terror-chicken/index.html","4","0","https://ronenglish-archive.github.io/ron-english-sketches-animals/images/Sketches/Reptiles/Poultry%20Rex/Terror%20Chicken%20ORIGINAL%2014x17%20in.jpg","OK","Ready."
"Animals","Tit Tot Hatch","reptiles","poultry-rex","Sketches\reptiles\poultry-rex\tit-tot-hatch\index.html","https://ronenglish-archive.github.io/ron-english-sketches-animals/Sketches/reptiles/poultry-rex/tit-tot-hatch/index.html","3","0","https://ronenglish-archive.github.io/ron-english-sketches-animals/images/Sketches/Reptiles/Poultry%20Rex/Tit%20Tot%20Hatch%20ORIGINAL.jpg","OK","Ready."
"Animals","Original Gin","reptiles","snakes","Sketches\reptiles\snakes\original-gin\index.html","https://ronenglish-archive.github.io/ron-english-sketches-animals/Sketches/reptiles/snakes/original-gin/index.html","3","0","https://ronenglish-archive.github.io/ron-english-sketches-animals/images/Sketches/Reptiles/Snakes/Original%20Gin%20B%26W.jpg","OK","Ready."
"Animals","Snake","reptiles","snakes","Sketches\reptiles\snakes\snake\index.html","https://ronenglish-archive.github.io/ron-english-sketches-animals/Sketches/reptiles/snakes/snake/index.html","4","0","https://ronenglish-archive.github.io/ron-english-sketches-animals/images/Sketches/Reptiles/Snakes/Snake%201%20ORIGINAL.jpg","OK","Ready."
"Animals","Candy Snapper","reptiles","turtles","Sketches\reptiles\turtles\candy-snapper\index.html","https://ronenglish-archive.github.io/ron-english-sketches-animals/Sketches/reptiles/turtles/candy-snapper/index.html","5","0","https://ronenglish-archive.github.io/ron-english-sketches-animals/images/Sketches/Reptiles/Turtles/Candy%20Snapper%20Portrait%20ORIGINAL.jpg","OK","Ready."
"Animals","Candy Snapper and House","reptiles","turtles","Sketches\reptiles\turtles\candy-snapper-and-house\index.html","https://ronenglish-archive.github.io/ron-english-sketches-animals/Sketches/reptiles/turtles/candy-snapper-and-house/index.html","3","0","https://ronenglish-archive.github.io/ron-english-sketches-animals/images/Sketches/Reptiles/Turtles/Candy%20Snapper%20and%20House%20ORIGINAL.jpg","OK","Ready."
"Animals","Delusionville Pilot Slo Mo","reptiles","turtles","Sketches\reptiles\turtles\delusionville-pilot-slo-mo\index.html","https://ronenglish-archive.github.io/ron-english-sketches-animals/Sketches/reptiles/turtles/delusionville-pilot-slo-mo/index.html","5","0","https://ronenglish-archive.github.io/ron-english-sketches-animals/images/Sketches/Reptiles/Turtles/Delusionville%20Pilot%20Slo%20Mo%201%20ORIGINAL.jpg","OK","Ready."
"Animals","Graham Snapper","reptiles","turtles","Sketches\reptiles\turtles\graham-snapper\index.html","https://ronenglish-archive.github.io/ron-english-sketches-animals/Sketches/reptiles/turtles/graham-snapper/index.html","5","0","https://ronenglish-archive.github.io/ron-english-sketches-animals/images/Sketches/Reptiles/Turtles/Graham%20Snapper%20portrait%20ORIGINAL.jpg","OK","Ready."
"Animals","Mad Happy Snapper","reptiles","turtles","Sketches\reptiles\turtles\mad-happy-snapper\index.html","https://ronenglish-archive.github.io/ron-english-sketches-animals/Sketches/reptiles/turtles/mad-happy-snapper/index.html","3","0","https://ronenglish-archive.github.io/ron-english-sketches-animals/images/Sketches/Reptiles/Turtles/Mad%20Happy%20Snapper%20ORIGINAL.jpg","OK","Ready."
"Animals","Slo Moe Hotrod","reptiles","turtles","Sketches\reptiles\turtles\slo-moe-hotrod\index.html","https://ronenglish-archive.github.io/ron-english-sketches-animals/Sketches/reptiles/turtles/slo-moe-hotrod/index.html","3","0","https://ronenglish-archive.github.io/ron-english-sketches-animals/images/Sketches/Reptiles/Turtles/Slo%20Moe%20Hotrod%20ORIGINAL.jpg","OK","Ready."
"Animals","Slo Mo Snapper","reptiles","turtles","Sketches\reptiles\turtles\slo-mo-snapper\index.html","https://ronenglish-archive.github.io/ron-english-sketches-animals/Sketches/reptiles/turtles/slo-mo-snapper/index.html","36","0","https://ronenglish-archive.github.io/ron-english-sketches-animals/images/Sketches/Reptiles/Turtles/Slo%20Mo%20Portrait%20ORIGINAL.jpg","OK","Ready."
"Animals","Soda Snapper","reptiles","turtles","Sketches\reptiles\turtles\soda-snapper\index.html","https://ronenglish-archive.github.io/ron-english-sketches-animals/Sketches/reptiles/turtles/soda-snapper/index.html","5","0","https://ronenglish-archive.github.io/ron-english-sketches-animals/images/Sketches/Reptiles/Turtles/Soda%20Snapper%20ORIGINAL%20COLOR.jpg","OK","Ready."
"Animals","Tupac Turtle","reptiles","turtles","Sketches\reptiles\turtles\tupac-turtle\index.html","https://ronenglish-archive.github.io/ron-english-sketches-animals/Sketches/reptiles/turtles/tupac-turtle/index.html","10","0","https://ronenglish-archive.github.io/ron-english-sketches-animals/images/Sketches/Reptiles/Turtles/Tupac%20Turtle%20back%20ORIGINAL.jpg","OK","Ready."
"Animals","Turtle Family House - Slum Manor","reptiles","turtles","Sketches\reptiles\turtles\turtle-family-house-slum-manor\index.html","https://ronenglish-archive.github.io/ron-english-sketches-animals/Sketches/reptiles/turtles/turtle-family-house-slum-manor/index.html","3","0","https://ronenglish-archive.github.io/ron-english-sketches-animals/images/Sketches/Reptiles/Turtles/Turtle%20Family%20House%20-%20Slum%20Manor%20%20B%26W.jpg","OK","Ready."
"Animals","Turtle Family Icon","reptiles","turtles","Sketches\reptiles\turtles\turtle-family-icon\index.html","https://ronenglish-archive.github.io/ron-english-sketches-animals/Sketches/reptiles/turtles/turtle-family-icon/index.html","2","0","https://ronenglish-archive.github.io/ron-english-sketches-animals/images/Sketches/Reptiles/Turtles/Turtle%20Family%20Icon%20B%26W.jpg","OK","Ready."
"Animals","Turtle Fetus","reptiles","turtles","Sketches\reptiles\turtles\turtle-fetus\index.html","https://ronenglish-archive.github.io/ron-english-sketches-animals/Sketches/reptiles/turtles/turtle-fetus/index.html","3","0","https://ronenglish-archive.github.io/ron-english-sketches-animals/images/Sketches/Reptiles/Turtles/Turtle%20Fetus%20ORIGINAL.jpg","OK","Ready."
"Animals","Turtle Guernica","reptiles","turtles","Sketches\reptiles\turtles\turtle-guernica\index.html","https://ronenglish-archive.github.io/ron-english-sketches-animals/Sketches/reptiles/turtles/turtle-guernica/index.html","4","0","https://ronenglish-archive.github.io/ron-english-sketches-animals/images/Sketches/Reptiles/Turtles/Turtle%20Guernica%20left%20side%20B%26W.jpg","OK","Ready."
"Animals","Turtle House","reptiles","turtles","Sketches\reptiles\turtles\turtle-house\index.html","https://ronenglish-archive.github.io/ron-english-sketches-animals/Sketches/reptiles/turtles/turtle-house/index.html","3","0","https://ronenglish-archive.github.io/ron-english-sketches-animals/images/Sketches/Reptiles/Turtles/Turtle%20House%20ORIGINAL.jpg","OK","Ready."
"Animals","Turtle Lady in Water","reptiles","turtles","Sketches\reptiles\turtles\turtle-lady-in-water\index.html","https://ronenglish-archive.github.io/ron-english-sketches-animals/Sketches/reptiles/turtles/turtle-lady-in-water/index.html","3","0","https://ronenglish-archive.github.io/ron-english-sketches-animals/images/Sketches/Reptiles/Turtles/Turtle%20Lady%20in%20Water%20ORIGINAL.jpg","OK","Ready."
"Animals","Young Slo Moe","reptiles","turtles","Sketches\reptiles\turtles\young-slo-moe\index.html","https://ronenglish-archive.github.io/ron-english-sketches-animals/Sketches/reptiles/turtles/young-slo-moe/index.html","2","0","https://ronenglish-archive.github.io/ron-english-sketches-animals/images/Sketches/Reptiles/Turtles/Young%20Slo%20Moe%20ORIGINAL.jpg","OK","Ready."
"Animals","Batcat","small-mammals","bats","Sketches\small-mammals\bats\batcat\index.html","https://ronenglish-archive.github.io/ron-english-sketches-animals/Sketches/small-mammals/bats/batcat/index.html","2","0","https://ronenglish-archive.github.io/ron-english-sketches-animals/images/Sketches/Small%20Mammals/bats/Batcat%20ORIGINAL.jpg","OK","Ready."
"Animals","Bat Eye","small-mammals","bats","Sketches\small-mammals\bats\bat-eye\index.html","https://ronenglish-archive.github.io/ron-english-sketches-animals/Sketches/small-mammals/bats/bat-eye/index.html","3","0","https://ronenglish-archive.github.io/ron-english-sketches-animals/images/Sketches/Small%20Mammals/bats/Bat%20Eye%20ORIGINAL.jpg","OK","Ready."
"Animals","Bats Family Icon","small-mammals","bats","Sketches\small-mammals\bats\bats-family-icon\index.html","https://ronenglish-archive.github.io/ron-english-sketches-animals/Sketches/small-mammals/bats/bats-family-icon/index.html","4","0","https://ronenglish-archive.github.io/ron-english-sketches-animals/images/Sketches/Small%20Mammals/bats/Bats%20Family%20Icon%20ORIGINAL.jpg","OK","Ready."
"Animals","Batsignal","small-mammals","bats","Sketches\small-mammals\bats\batsignal\index.html","https://ronenglish-archive.github.io/ron-english-sketches-animals/Sketches/small-mammals/bats/batsignal/index.html","1","0","https://ronenglish-archive.github.io/ron-english-sketches-animals/images/Sketches/Small%20Mammals/bats/Batsignal%20ORIGINAL.jpg","OK","Ready."
"Animals","Fat Cat Bat","small-mammals","bats","Sketches\small-mammals\bats\fat-cat-bat\index.html","https://ronenglish-archive.github.io/ron-english-sketches-animals/Sketches/small-mammals/bats/fat-cat-bat/index.html","2","0","https://ronenglish-archive.github.io/ron-english-sketches-animals/images/Sketches/Small%20Mammals/bats/Fat%20Cat%20Bat%20COLOR%202.jpg","OK","Ready."
"Animals","Hell Bat","small-mammals","bats","Sketches\small-mammals\bats\hell-bat\index.html","https://ronenglish-archive.github.io/ron-english-sketches-animals/Sketches/small-mammals/bats/hell-bat/index.html","2","0","https://ronenglish-archive.github.io/ron-english-sketches-animals/images/Sketches/Small%20Mammals/bats/Hell%20Bat%20B%26W.jpg","OK","Ready."
"Animals","Bon Liar","small-mammals","fact-ferrets","Sketches\small-mammals\fact-ferrets\bon-liar\index.html","https://ronenglish-archive.github.io/ron-english-sketches-animals/Sketches/small-mammals/fact-ferrets/bon-liar/index.html","3","1","https://ronenglish-archive.github.io/ron-english-sketches-animals/images/Sketches/Small%20Mammals/fact%20ferrets/Bon%20Liar%20B%26W.jpg","REVIEW","Some local image references were not found."
"Animals","Fact Ferret Family Icon","small-mammals","fact-ferrets","Sketches\small-mammals\fact-ferrets\fact-ferret-family-icon\index.html","https://ronenglish-archive.github.io/ron-english-sketches-animals/Sketches/small-mammals/fact-ferrets/fact-ferret-family-icon/index.html","1","0","https://ronenglish-archive.github.io/ron-english-sketches-animals/images/Sketches/Small%20Mammals/fact%20ferrets/Fact%20Ferret%20Family%20Icon%20COLOR.jpg","OK","Ready."
"Animals","Farrah Fact Ferret","small-mammals","fact-ferrets","Sketches\small-mammals\fact-ferrets\farrah-fact-ferret\index.html","https://ronenglish-archive.github.io/ron-english-sketches-animals/Sketches/small-mammals/fact-ferrets/farrah-fact-ferret/index.html","4","1","https://ronenglish-archive.github.io/ron-english-sketches-animals/images/Sketches/Small%20Mammals/fact%20ferrets/Farrah%20Fact%20Ferret%20ORIGINAL.jpg","REVIEW","Some local image references were not found."
"Animals","Fun Fact Ferret","small-mammals","fact-ferrets","Sketches\small-mammals\fact-ferrets\fun-fact-ferret\index.html","https://ronenglish-archive.github.io/ron-english-sketches-animals/Sketches/small-mammals/fact-ferrets/fun-fact-ferret/index.html","4","1","https://ronenglish-archive.github.io/ron-english-sketches-animals/images/Sketches/Small%20Mammals/fact%20ferrets/Fun%20Fact%20Ferret%20ORIGINAL.jpg","REVIEW","Some local image references were not found."
"Animals","Hocus Focus","small-mammals","fact-ferrets","Sketches\small-mammals\fact-ferrets\hocus-focus\index.html","https://ronenglish-archive.github.io/ron-english-sketches-animals/Sketches/small-mammals/fact-ferrets/hocus-focus/index.html","4","1","https://ronenglish-archive.github.io/ron-english-sketches-animals/images/Sketches/Small%20Mammals/fact%20ferrets/Hocus%20Focus%20ORIGINAL.jpg","REVIEW","Some local image references were not found."
"Animals","Parrot Ferret","small-mammals","fact-ferrets","Sketches\small-mammals\fact-ferrets\parrot-ferret\index.html","https://ronenglish-archive.github.io/ron-english-sketches-animals/Sketches/small-mammals/fact-ferrets/parrot-ferret/index.html","3","0","https://ronenglish-archive.github.io/ron-english-sketches-animals/images/Sketches/Small%20Mammals/fact%20ferrets/Parrot%20Ferret%20ORIGINAL.jpg","OK","Ready."
"Animals","Slow Learner Sleuth","small-mammals","fact-ferrets","Sketches\small-mammals\fact-ferrets\slow-learner-sleuth\index.html","https://ronenglish-archive.github.io/ron-english-sketches-animals/Sketches/small-mammals/fact-ferrets/slow-learner-sleuth/index.html","3","1","https://ronenglish-archive.github.io/ron-english-sketches-animals/images/Sketches/Small%20Mammals/fact%20ferrets/Slow%20Learner%20Sleuth%20B%26W.jpg","REVIEW","Some local image references were not found."
"Animals","Groundhog","small-mammals","groundhogs","Sketches\small-mammals\groundhogs\groundhog\index.html","https://ronenglish-archive.github.io/ron-english-sketches-animals/Sketches/small-mammals/groundhogs/groundhog/index.html","6","0","https://ronenglish-archive.github.io/ron-english-sketches-animals/images/Sketches/Small%20Mammals/groundhogs/Groundhog%201%20ORIGINAL.jpg","OK","Ready."
"Animals","American Depress Black Card","small-mammals","mice","Sketches\small-mammals\mice\american-depress-black-card\index.html","https://ronenglish-archive.github.io/ron-english-sketches-animals/Sketches/small-mammals/mice/american-depress-black-card/index.html","3","0","https://ronenglish-archive.github.io/ron-english-sketches-animals/images/Sketches/Small%20Mammals/mice/American%20Depress%20Black%20Card%20ORIGINAL.jpg","OK","Ready."
"Animals","Angel Mouse","small-mammals","mice","Sketches\small-mammals\mice\angel-mouse\index.html","https://ronenglish-archive.github.io/ron-english-sketches-animals/Sketches/small-mammals/mice/angel-mouse/index.html","2","0","https://ronenglish-archive.github.io/ron-english-sketches-animals/images/Sketches/Small%20Mammals/mice/Angel%20Mouse%20B%26W.jpg","OK","Ready."
"Animals","Delusionville Pilot Mousemask Murphy","small-mammals","mice","Sketches\small-mammals\mice\delusionville-pilot-mousemask-murphy\index.html","https://ronenglish-archive.github.io/ron-english-sketches-animals/Sketches/small-mammals/mice/delusionville-pilot-mousemask-murphy/index.html","11","0","https://ronenglish-archive.github.io/ron-english-sketches-animals/images/Sketches/Small%20Mammals/mice/Delusionville%20Pilot%20Mousemask%20Murphy%20back%20ORIGINAL.jpg","OK","Ready."
"Animals","Fat Mickey Crucified","small-mammals","mice","Sketches\small-mammals\mice\fat-mickey-crucified\index.html","https://ronenglish-archive.github.io/ron-english-sketches-animals/Sketches/small-mammals/mice/fat-mickey-crucified/index.html","9","0","https://ronenglish-archive.github.io/ron-english-sketches-animals/images/Sketches/Small%20Mammals/mice/Fat%20Mickey%20Crucified%201%20ORIGINAL.jpg","OK","Ready."
"Animals","Flying Mousemask","small-mammals","mice","Sketches\small-mammals\mice\flying-mousemask\index.html","https://ronenglish-archive.github.io/ron-english-sketches-animals/Sketches/small-mammals/mice/flying-mousemask/index.html","3","0","https://ronenglish-archive.github.io/ron-english-sketches-animals/images/Sketches/Small%20Mammals/mice/Flying%20Mousemask%20ORIGINAL.jpg","OK","Ready."
"Animals","Frumpent Plumpent","small-mammals","mice","Sketches\small-mammals\mice\frumpent-plumpent\index.html","https://ronenglish-archive.github.io/ron-english-sketches-animals/Sketches/small-mammals/mice/frumpent-plumpent/index.html","3","0","https://ronenglish-archive.github.io/ron-english-sketches-animals/images/Sketches/Small%20Mammals/mice/Frumpent%20Plumpent%20ORIGINAL.jpg","OK","Ready."
"Animals","Hamster Veal","small-mammals","mice","Sketches\small-mammals\mice\hamster-veal\index.html","https://ronenglish-archive.github.io/ron-english-sketches-animals/Sketches/small-mammals/mice/hamster-veal/index.html","4","0","https://ronenglish-archive.github.io/ron-english-sketches-animals/images/Sketches/Small%20Mammals/mice/Hamster%20Veal%20ORIGINAL%20COLOR.jpg","OK","Ready."
"Animals","Hold That Thought","small-mammals","mice","Sketches\small-mammals\mice\hold-that-thought\index.html","https://ronenglish-archive.github.io/ron-english-sketches-animals/Sketches/small-mammals/mice/hold-that-thought/index.html","1","0","https://ronenglish-archive.github.io/ron-english-sketches-animals/images/Sketches/Small%20Mammals/mice/Hold%20That%20Thought%20ORIGINAL.jpg","OK","Ready."
"Animals","Little Mouse","small-mammals","mice","Sketches\small-mammals\mice\little-mouse\index.html","https://ronenglish-archive.github.io/ron-english-sketches-animals/Sketches/small-mammals/mice/little-mouse/index.html","3","0","https://ronenglish-archive.github.io/ron-english-sketches-animals/images/Sketches/Small%20Mammals/mice/LIttle%20Mouse%20ORIGINAL.jpg","OK","Ready."
"Animals","Mean Mouse","small-mammals","mice","Sketches\small-mammals\mice\mean-mouse\index.html","https://ronenglish-archive.github.io/ron-english-sketches-animals/Sketches/small-mammals/mice/mean-mouse/index.html","6","0","https://ronenglish-archive.github.io/ron-english-sketches-animals/images/Sketches/Small%20Mammals/mice/Mean%20Mouse%20front%20ORIGINAL.jpg","OK","Ready."
"Animals","Mice Logo","small-mammals","mice","Sketches\small-mammals\mice\mice-logo\index.html","https://ronenglish-archive.github.io/ron-english-sketches-animals/Sketches/small-mammals/mice/mice-logo/index.html","3","0","https://ronenglish-archive.github.io/ron-english-sketches-animals/images/Sketches/Small%20Mammals/mice/Mice%20Logo%20ORIGINAL.jpg","OK","Ready."
"Animals","Mickeye","small-mammals","mice","Sketches\small-mammals\mice\mickeye\index.html","https://ronenglish-archive.github.io/ron-english-sketches-animals/Sketches/small-mammals/mice/mickeye/index.html","3","0","https://ronenglish-archive.github.io/ron-english-sketches-animals/images/Sketches/Small%20Mammals/mice/Mickeye%20ORIGINAL.jpg","OK","Ready."
"Animals","Mogul Mouse","small-mammals","mice","Sketches\small-mammals\mice\mogul-mouse\index.html","https://ronenglish-archive.github.io/ron-english-sketches-animals/Sketches/small-mammals/mice/mogul-mouse/index.html","3","0","https://ronenglish-archive.github.io/ron-english-sketches-animals/images/Sketches/Small%20Mammals/mice/Mogul%20Mouse%20ORIGINAL.jpg","OK","Ready."
"Animals","Montana Mouse","small-mammals","mice","Sketches\small-mammals\mice\montana-mouse\index.html","https://ronenglish-archive.github.io/ron-english-sketches-animals/Sketches/small-mammals/mice/montana-mouse/index.html","28","0","https://ronenglish-archive.github.io/ron-english-sketches-animals/images/Sketches/Small%20Mammals/mice/Montana%20Mouse%20back%20ORIGINAL.jpg","OK","Ready."
"Animals","Mousemask","small-mammals","mice","Sketches\small-mammals\mice\mousemask\index.html","https://ronenglish-archive.github.io/ron-english-sketches-animals/Sketches/small-mammals/mice/mousemask/index.html","6","0","https://ronenglish-archive.github.io/ron-english-sketches-animals/images/Sketches/Small%20Mammals/mice/Mousemask%20back%20ORIGINAL.jpg","OK","Ready."
"Animals","Mousemask Bad Idea","small-mammals","mice","Sketches\small-mammals\mice\mousemask-bad-idea\index.html","https://ronenglish-archive.github.io/ron-english-sketches-animals/Sketches/small-mammals/mice/mousemask-bad-idea/index.html","5","0","https://ronenglish-archive.github.io/ron-english-sketches-animals/images/Sketches/Small%20Mammals/mice/Mousemask%20Bad%20Idea%20Portrait%20ORIGINAL.jpg","OK","Ready."
"Animals","Mouse Mask Ears","small-mammals","mice","Sketches\small-mammals\mice\mouse-mask-ears\index.html","https://ronenglish-archive.github.io/ron-english-sketches-animals/Sketches/small-mammals/mice/mouse-mask-ears/index.html","4","0","https://ronenglish-archive.github.io/ron-english-sketches-animals/images/Sketches/Small%20Mammals/mice/Mouse%20Mask%20Ears%20ORIGINAL.jpg","OK","Ready."
"Animals","Mousemask in Italy","small-mammals","mice","Sketches\small-mammals\mice\mousemask-in-italy\index.html","https://ronenglish-archive.github.io/ron-english-sketches-animals/Sketches/small-mammals/mice/mousemask-in-italy/index.html","1","0","https://ronenglish-archive.github.io/ron-english-sketches-animals/images/Sketches/Small%20Mammals/mice/Mousemask%20in%20Italy%20ORIGINAL.jpg","OK","Ready."
"Animals","Mousemask Murphy","small-mammals","mice","Sketches\small-mammals\mice\mousemask-murphy\index.html","https://ronenglish-archive.github.io/ron-english-sketches-animals/Sketches/small-mammals/mice/mousemask-murphy/index.html","15","0","https://ronenglish-archive.github.io/ron-english-sketches-animals/images/Sketches/Small%20Mammals/mice/Mousemask%20Murphy%20back%20ORIGINAL.jpg","OK","Ready."
"Animals","Mousetrap","small-mammals","mice","Sketches\small-mammals\mice\mousetrap\index.html","https://ronenglish-archive.github.io/ron-english-sketches-animals/Sketches/small-mammals/mice/mousetrap/index.html","3","0","https://ronenglish-archive.github.io/ron-english-sketches-animals/images/Sketches/Small%20Mammals/mice/Mousetrap%20ORIGINAL.jpg","OK","Ready."
"Animals","Mouse With Tie","small-mammals","mice","Sketches\small-mammals\mice\mouse-with-tie\index.html","https://ronenglish-archive.github.io/ron-english-sketches-animals/Sketches/small-mammals/mice/mouse-with-tie/index.html","6","0","https://ronenglish-archive.github.io/ron-english-sketches-animals/images/Sketches/Small%20Mammals/mice/Mouse%20With%20Tie%201%20ORIGINAL.jpg","OK","Ready."
"Animals","M.U.S.C.L.E. Mousemask Murphy","small-mammals","mice","Sketches\small-mammals\mice\m-u-s-c-l-e-mousemask-murphy\index.html","https://ronenglish-archive.github.io/ron-english-sketches-animals/Sketches/small-mammals/mice/m-u-s-c-l-e-mousemask-murphy/index.html","9","0","https://ronenglish-archive.github.io/ron-english-sketches-animals/images/Sketches/Small%20Mammals/mice/M.U.S.C.L.E.%20Mousemask%20Murphy%20front%20ORIGINAL.jpg","OK","Ready."
"Animals","Patriotic Mouse","small-mammals","mice","Sketches\small-mammals\mice\patriotic-mouse\index.html","https://ronenglish-archive.github.io/ron-english-sketches-animals/Sketches/small-mammals/mice/patriotic-mouse/index.html","3","0","https://ronenglish-archive.github.io/ron-english-sketches-animals/images/Sketches/Small%20Mammals/mice/Patriotic%20Mouse%20ORIGINAL.jpg","OK","Ready."
"Animals","Slim Shredder","small-mammals","mice","Sketches\small-mammals\mice\slim-shredder\index.html","https://ronenglish-archive.github.io/ron-english-sketches-animals/Sketches/small-mammals/mice/slim-shredder/index.html","3","0","https://ronenglish-archive.github.io/ron-english-sketches-animals/images/Sketches/Small%20Mammals/mice/Slim%20Shredder%20ORIGINAL.jpg","OK","Ready."
"Animals","Spinning Mouse","small-mammals","mice","Sketches\small-mammals\mice\spinning-mouse\index.html","https://ronenglish-archive.github.io/ron-english-sketches-animals/Sketches/small-mammals/mice/spinning-mouse/index.html","6","0","https://ronenglish-archive.github.io/ron-english-sketches-animals/images/Sketches/Small%20Mammals/mice/Spinning%20Mouse%20head%20ORIGINAL.jpg","OK","Ready."
"Animals","Alchemy Rabbbit","small-mammals","rabbits","Sketches\small-mammals\rabbits\alchemy-rabbbit\index.html","https://ronenglish-archive.github.io/ron-english-sketches-animals/Sketches/small-mammals/rabbits/alchemy-rabbbit/index.html","4","0","https://ronenglish-archive.github.io/ron-english-sketches-animals/images/Sketches/Small%20Mammals/rabbbits/Alchemy%20Rabbbit%20ORIGINAL.jpg","OK","Ready."
"Animals","Alchemy Rabbbit version 2","small-mammals","rabbits","Sketches\small-mammals\rabbits\alchemy-rabbbit-version-2\index.html","https://ronenglish-archive.github.io/ron-english-sketches-animals/Sketches/small-mammals/rabbits/alchemy-rabbbit-version-2/index.html","4","0","https://ronenglish-archive.github.io/ron-english-sketches-animals/images/Sketches/Small%20Mammals/rabbbits/Alchemy%20Rabbbit%20version%202%20ORIGINAL%20COLOR%202.jpg","OK","Ready."
"Animals","Baby Bunnnies","small-mammals","rabbits","Sketches\small-mammals\rabbits\baby-bunnnies\index.html","https://ronenglish-archive.github.io/ron-english-sketches-animals/Sketches/small-mammals/rabbits/baby-bunnnies/index.html","1","0","https://ronenglish-archive.github.io/ron-english-sketches-animals/images/Sketches/Small%20Mammals/rabbbits/Baby%20Bunnnies%20ORIGINAL.jpg","OK","Ready."
"Animals","Bat Rabbbit","small-mammals","rabbits","Sketches\small-mammals\rabbits\bat-rabbbit\index.html","https://ronenglish-archive.github.io/ron-english-sketches-animals/Sketches/small-mammals/rabbits/bat-rabbbit/index.html","3","0","https://ronenglish-archive.github.io/ron-english-sketches-animals/images/Sketches/Small%20Mammals/rabbbits/Bat%20Rabbbit%20ORIGINAL.jpg","OK","Ready."
"Animals","Black Light Rabbbits","small-mammals","rabbits","Sketches\small-mammals\rabbits\black-light-rabbbits\index.html","https://ronenglish-archive.github.io/ron-english-sketches-animals/Sketches/small-mammals/rabbits/black-light-rabbbits/index.html","1","0","https://ronenglish-archive.github.io/ron-english-sketches-animals/images/Sketches/Small%20Mammals/rabbbits/Black%20Light%20Rabbbits%20ORIGINAL.jpg","OK","Ready."
"Animals","Bunnny Rabbbit","small-mammals","rabbits","Sketches\small-mammals\rabbits\bunnny-rabbbit\index.html","https://ronenglish-archive.github.io/ron-english-sketches-animals/Sketches/small-mammals/rabbits/bunnny-rabbbit/index.html","20","0","https://ronenglish-archive.github.io/ron-english-sketches-animals/images/Sketches/Small%20Mammals/rabbbits/Bunnny%20Rabbbit%20ORIGINAL.jpg","OK","Ready."
"Animals","Carrot and Stick","small-mammals","rabbits","Sketches\small-mammals\rabbits\carrot-and-stick\index.html","https://ronenglish-archive.github.io/ron-english-sketches-animals/Sketches/small-mammals/rabbits/carrot-and-stick/index.html","3","0","https://ronenglish-archive.github.io/ron-english-sketches-animals/images/Sketches/Small%20Mammals/rabbbits/Carrot%20and%20Stick%20ORIGINAL.jpg","OK","Ready."
"Animals","Chubby Ronnie","small-mammals","rabbits","Sketches\small-mammals\rabbits\chubby-ronnie\index.html","https://ronenglish-archive.github.io/ron-english-sketches-animals/Sketches/small-mammals/rabbits/chubby-ronnie/index.html","3","0","https://ronenglish-archive.github.io/ron-english-sketches-animals/images/Sketches/Small%20Mammals/rabbbits/Chubby%20Ronnie%20ORIGINAL.jpg","OK","Ready."
"Animals","Clone Rabbbit","small-mammals","rabbits","Sketches\small-mammals\rabbits\clone-rabbbit\index.html","https://ronenglish-archive.github.io/ron-english-sketches-animals/Sketches/small-mammals/rabbits/clone-rabbbit/index.html","14","0","https://ronenglish-archive.github.io/ron-english-sketches-animals/images/Sketches/Small%20Mammals/rabbbits/Clone%20Rabbbit%20back%20ORIGINAL.jpg","OK","Ready."
"Animals","Confused Rabbbit","small-mammals","rabbits","Sketches\small-mammals\rabbits\confused-rabbbit\index.html","https://ronenglish-archive.github.io/ron-english-sketches-animals/Sketches/small-mammals/rabbits/confused-rabbbit/index.html","3","0","https://ronenglish-archive.github.io/ron-english-sketches-animals/images/Sketches/Small%20Mammals/rabbbits/Confused%20Rabbbit%20ORIGINAL.jpg","OK","Ready."
"Animals","Delusionville Pilot Ronnnie Rabbbit","small-mammals","rabbits","Sketches\small-mammals\rabbits\delusionville-pilot-ronnnie-rabbbit\index.html","https://ronenglish-archive.github.io/ron-english-sketches-animals/Sketches/small-mammals/rabbits/delusionville-pilot-ronnnie-rabbbit/index.html","7","0","https://ronenglish-archive.github.io/ron-english-sketches-animals/images/Sketches/Small%20Mammals/rabbbits/Delusionville%20Pilot%20Ronnie%20Rabbbit%20ORIGINAL.jpg","OK","Ready."
"Animals","Drowning Rabbbit","small-mammals","rabbits","Sketches\small-mammals\rabbits\drowning-rabbbit\index.html","https://ronenglish-archive.github.io/ron-english-sketches-animals/Sketches/small-mammals/rabbits/drowning-rabbbit/index.html","3","0","https://ronenglish-archive.github.io/ron-english-sketches-animals/images/Sketches/Small%20Mammals/rabbbits/Drowning%20Rabbbit%20ORIGINAL.jpg","OK","Ready."
"Animals","Goggleflux Loppen","small-mammals","rabbits","Sketches\small-mammals\rabbits\goggleflux-loppen\index.html","https://ronenglish-archive.github.io/ron-english-sketches-animals/Sketches/small-mammals/rabbits/goggleflux-loppen/index.html","3","0","https://ronenglish-archive.github.io/ron-english-sketches-animals/images/Sketches/Small%20Mammals/rabbbits/Goggleflux%20Loppen%20ORIGINAL.jpg","OK","Ready."
"Animals","Guernica Rabbbit","small-mammals","rabbits","Sketches\small-mammals\rabbits\guernica-rabbbit\index.html","https://ronenglish-archive.github.io/ron-english-sketches-animals/Sketches/small-mammals/rabbits/guernica-rabbbit/index.html","3","0","https://ronenglish-archive.github.io/ron-english-sketches-animals/images/Sketches/Small%20Mammals/rabbbits/Guernica%20Rabbbit%20ORIGINAL.jpg","OK","Ready."
"Animals","Jumping Rabbbit","small-mammals","rabbits","Sketches\small-mammals\rabbits\jumping-rabbbit\index.html","https://ronenglish-archive.github.io/ron-english-sketches-animals/Sketches/small-mammals/rabbits/jumping-rabbbit/index.html","3","0","https://ronenglish-archive.github.io/ron-english-sketches-animals/images/Sketches/Small%20Mammals/rabbbits/Jumping%20Rabbbit%20ORIGINAL.jpg","OK","Ready."
"Animals","Li'l Rabbbit","small-mammals","rabbits","Sketches\small-mammals\rabbits\lil-rabbbit\index.html","https://ronenglish-archive.github.io/ron-english-sketches-animals/Sketches/small-mammals/rabbits/lil-rabbbit/index.html","0","0","","REVIEW","No image references found."
"Animals","Mini Bunnny","small-mammals","rabbits","Sketches\small-mammals\rabbits\mini-bunnny\index.html","https://ronenglish-archive.github.io/ron-english-sketches-animals/Sketches/small-mammals/rabbits/mini-bunnny/index.html","22","0","https://ronenglish-archive.github.io/ron-english-sketches-animals/images/Sketches/Small%20Mammals/rabbbits/Mini%20Bunnny%20back%20ORIGINAL.jpg","OK","Ready."
"Animals","M.U.S.C.L.E. Rabbbit","small-mammals","rabbits","Sketches\small-mammals\rabbits\m-u-s-c-l-e-rabbbit\index.html","https://ronenglish-archive.github.io/ron-english-sketches-animals/Sketches/small-mammals/rabbits/m-u-s-c-l-e-rabbbit/index.html","9","0","https://ronenglish-archive.github.io/ron-english-sketches-animals/images/Sketches/Small%20Mammals/rabbbits/M.U.S.C.L.E.%20Rabbbit%20back%20ORIGINAL.jpg","OK","Ready."
"Animals","Pegleg Rabbbit","small-mammals","rabbits","Sketches\small-mammals\rabbits\pegleg-rabbbit\index.html","https://ronenglish-archive.github.io/ron-english-sketches-animals/Sketches/small-mammals/rabbits/pegleg-rabbbit/index.html","2","0","https://ronenglish-archive.github.io/ron-english-sketches-animals/images/Sketches/Small%20Mammals/rabbbits/Pegleg%20Rabbbit%20ORIGINAL.jpg","OK","Ready."
"Animals","Plush Rabbbit","small-mammals","rabbits","Sketches\small-mammals\rabbits\plush-rabbbit\index.html","https://ronenglish-archive.github.io/ron-english-sketches-animals/Sketches/small-mammals/rabbits/plush-rabbbit/index.html","8","0","https://ronenglish-archive.github.io/ron-english-sketches-animals/images/Sketches/Small%20Mammals/rabbbits/Plush%20Rabbbit%20back%20ORIGINAL%20COLOR.jpg","OK","Ready."
"Animals","Potato","small-mammals","rabbits","Sketches\small-mammals\rabbits\potato\index.html","https://ronenglish-archive.github.io/ron-english-sketches-animals/Sketches/small-mammals/rabbits/potato/index.html","2","0","https://ronenglish-archive.github.io/ron-english-sketches-animals/images/Sketches/Small%20Mammals/rabbbits/Potato%20ORIGINAL.jpg","OK","Ready."
"Animals","Potato Baby","small-mammals","rabbits","Sketches\small-mammals\rabbits\potato-baby\index.html","https://ronenglish-archive.github.io/ron-english-sketches-animals/Sketches/small-mammals/rabbits/potato-baby/index.html","1","0","https://ronenglish-archive.github.io/ron-english-sketches-animals/images/Sketches/Small%20Mammals/rabbbits/Potato%20Baby%20B%26W.jpg","OK","Ready."
"Animals","Potato Rabbbit","small-mammals","rabbits","Sketches\small-mammals\rabbits\potato-rabbbit\index.html","https://ronenglish-archive.github.io/ron-english-sketches-animals/Sketches/small-mammals/rabbits/potato-rabbbit/index.html","27","0","https://ronenglish-archive.github.io/ron-english-sketches-animals/images/Sketches/Small%20Mammals/rabbbits/Potato%20Rabbbit%20ORIGINAL%20(1).jpg","OK","Ready."
"Animals","Potato Rabbbit early version","small-mammals","rabbits","Sketches\small-mammals\rabbits\potato-rabbbit-early-version\index.html","https://ronenglish-archive.github.io/ron-english-sketches-animals/Sketches/small-mammals/rabbits/potato-rabbbit-early-version/index.html","3","0","https://ronenglish-archive.github.io/ron-english-sketches-animals/images/Sketches/Small%20Mammals/rabbbits/Potato%20Rabbbit%20early%20version%20ORIGINAL.jpg","OK","Ready."
"Animals","Rabbbbbit","small-mammals","rabbits","Sketches\small-mammals\rabbits\rabbbbbit\index.html","https://ronenglish-archive.github.io/ron-english-sketches-animals/Sketches/small-mammals/rabbits/rabbbbbit/index.html","6","0","https://ronenglish-archive.github.io/ron-english-sketches-animals/images/Sketches/Small%20Mammals/rabbbits/Rabbbbbit%201%20ORIGINAL.jpg","OK","Ready."
"Animals","Rabbbit Family House - Rabbbit Falls","small-mammals","rabbits","Sketches\small-mammals\rabbits\rabbbit-family-house-rabbbit-falls\index.html","https://ronenglish-archive.github.io/ron-english-sketches-animals/Sketches/small-mammals/rabbits/rabbbit-family-house-rabbbit-falls/index.html","5","0","https://ronenglish-archive.github.io/ron-english-sketches-animals/images/Sketches/Small%20Mammals/rabbbits/Rabbbit%20Family%20House%20-%20Rabbbit%20Falls%20ORIGINAL%20COLOR%202.jpg","OK","Ready."
"Animals","Rabbbit Fetus","small-mammals","rabbits","Sketches\small-mammals\rabbits\rabbbit-fetus\index.html","https://ronenglish-archive.github.io/ron-english-sketches-animals/Sketches/small-mammals/rabbits/rabbbit-fetus/index.html","3","0","https://ronenglish-archive.github.io/ron-english-sketches-animals/images/Sketches/Small%20Mammals/rabbbits/Rabbbit%20Fetus%20ORIGINAL.jpg","OK","Ready."
"Animals","Rabbbit Flying","small-mammals","rabbits","Sketches\small-mammals\rabbits\rabbbit-flying\index.html","https://ronenglish-archive.github.io/ron-english-sketches-animals/Sketches/small-mammals/rabbits/rabbbit-flying/index.html","9","0","https://ronenglish-archive.github.io/ron-english-sketches-animals/images/Sketches/Small%20Mammals/rabbbits/Rabbbit%20Flying%20three%20quarters%20ORIGINAL.jpg","OK","Ready."
"Animals","Rabbbit Hole","small-mammals","rabbits","Sketches\small-mammals\rabbits\rabbbit-hole\index.html","https://ronenglish-archive.github.io/ron-english-sketches-animals/Sketches/small-mammals/rabbits/rabbbit-hole/index.html","3","0","https://ronenglish-archive.github.io/ron-english-sketches-animals/images/Sketches/Small%20Mammals/rabbbits/Rabbbit%20Hole%20ORIGINAL.jpg","OK","Ready."
"Animals","Rabbbit Icon","small-mammals","rabbits","Sketches\small-mammals\rabbits\rabbbit-icon\index.html","https://ronenglish-archive.github.io/ron-english-sketches-animals/Sketches/small-mammals/rabbits/rabbbit-icon/index.html","3","0","https://ronenglish-archive.github.io/ron-english-sketches-animals/images/Sketches/Small%20Mammals/rabbbits/Rabbbits%20Icon%20ORIGINAL.jpg","OK","Ready."
"Animals","Rabbbit in Hat","small-mammals","rabbits","Sketches\small-mammals\rabbits\rabbbit-in-hat\index.html","https://ronenglish-archive.github.io/ron-english-sketches-animals/Sketches/small-mammals/rabbits/rabbbit-in-hat/index.html","3","0","https://ronenglish-archive.github.io/ron-english-sketches-animals/images/Sketches/Small%20Mammals/rabbbits/Rabbbit%20in%20Hat%20ORIGINAL.jpg","OK","Ready."
"Animals","Rabbbit Patch","small-mammals","rabbits","Sketches\small-mammals\rabbits\rabbbit-patch\index.html","https://ronenglish-archive.github.io/ron-english-sketches-animals/Sketches/small-mammals/rabbits/rabbbit-patch/index.html","3","0","https://ronenglish-archive.github.io/ron-english-sketches-animals/images/Sketches/Small%20Mammals/rabbbits/Rabbbit%20Patch%20ORIGINAL%20COLOR.jpg","OK","Ready."
"Animals","Rabbbit Plate","small-mammals","rabbits","Sketches\small-mammals\rabbits\rabbbit-plate\index.html","https://ronenglish-archive.github.io/ron-english-sketches-animals/Sketches/small-mammals/rabbits/rabbbit-plate/index.html","3","0","https://ronenglish-archive.github.io/ron-english-sketches-animals/images/Sketches/Small%20Mammals/rabbbits/Rabbbit%20Plate%20ORIGINAL%20COLOR.jpg","OK","Ready."
"Animals","Rabbbit Pointing","small-mammals","rabbits","Sketches\small-mammals\rabbits\rabbbit-pointing\index.html","https://ronenglish-archive.github.io/ron-english-sketches-animals/Sketches/small-mammals/rabbits/rabbbit-pointing/index.html","3","0","https://ronenglish-archive.github.io/ron-english-sketches-animals/images/Sketches/Small%20Mammals/rabbbits/Rabbbit%20Pointing%20ORIGINAL.jpg","OK","Ready."
"Animals","Rabbbits Family Icon","small-mammals","rabbits","Sketches\small-mammals\rabbits\rabbbits-family-icon\index.html","https://ronenglish-archive.github.io/ron-english-sketches-animals/Sketches/small-mammals/rabbits/rabbbits-family-icon/index.html","1","0","https://ronenglish-archive.github.io/ron-english-sketches-animals/images/Sketches/Small%20Mammals/rabbbits/Rabbbits%20Family%20Icon%20ORIGINAL%20COLOR.jpg","OK","Ready."
"Animals","Rabbbit Sleep Mask","small-mammals","rabbits","Sketches\small-mammals\rabbits\rabbbit-sleep-mask\index.html","https://ronenglish-archive.github.io/ron-english-sketches-animals/Sketches/small-mammals/rabbits/rabbbit-sleep-mask/index.html","1","0","https://ronenglish-archive.github.io/ron-english-sketches-animals/images/Sketches/Small%20Mammals/rabbbits/Rabbbit%20Sleep%20Mask%20ORIGINAL.jpg","OK","Ready."
"Animals","Ricochet","small-mammals","rabbits","Sketches\small-mammals\rabbits\ricochet\index.html","https://ronenglish-archive.github.io/ron-english-sketches-animals/Sketches/small-mammals/rabbits/ricochet/index.html","7","0","https://ronenglish-archive.github.io/ron-english-sketches-animals/images/Sketches/Small%20Mammals/rabbbits/Ricochet%20back%20ORIGINAL.jpg","OK","Ready."
"Animals","Ricochet DNA","small-mammals","rabbits","Sketches\small-mammals\rabbits\ricochet-dna\index.html","https://ronenglish-archive.github.io/ron-english-sketches-animals/Sketches/small-mammals/rabbits/ricochet-dna/index.html","1","0","https://ronenglish-archive.github.io/ron-english-sketches-animals/images/Sketches/Small%20Mammals/rabbbits/Ricochet%20DNA%20ORIGINAL.jpg","OK","Ready."
"Animals","Ricochet Rabbbit","small-mammals","rabbits","Sketches\small-mammals\rabbits\ricochet-rabbbit\index.html","https://ronenglish-archive.github.io/ron-english-sketches-animals/Sketches/small-mammals/rabbits/ricochet-rabbbit/index.html","12","0","https://ronenglish-archive.github.io/ron-english-sketches-animals/images/Sketches/Small%20Mammals/rabbbits/Ricochet%20Rabbbit%20front%20ORIGINAL%20COLOR.jpg","OK","Ready."
"Animals","Ronnnie Rabbbit","small-mammals","rabbits","Sketches\small-mammals\rabbits\ronnnie-rabbbit\index.html","https://ronenglish-archive.github.io/ron-english-sketches-animals/Sketches/small-mammals/rabbits/ronnnie-rabbbit/index.html","47","0","https://ronenglish-archive.github.io/ron-english-sketches-animals/images/Sketches/Small%20Mammals/rabbbits/Ronnnie%20Rabbbit%20Head%20ORIGINAL%20COLOR.jpg","OK","Ready."
"Animals","Ronnnie Rabbbit Guernica sketch","small-mammals","rabbits","Sketches\small-mammals\rabbits\ronnnie-rabbbit-guernica-sketch\index.html","https://ronenglish-archive.github.io/ron-english-sketches-animals/Sketches/small-mammals/rabbits/ronnnie-rabbbit-guernica-sketch/index.html","3","0","https://ronenglish-archive.github.io/ron-english-sketches-animals/images/Sketches/Small%20Mammals/rabbbits/Ronnnie%20Rabbbit%20Guernica%20sketch%20ORIGINAL.jpg","OK","Ready."
"Animals","Ronnnie Repeat","small-mammals","rabbits","Sketches\small-mammals\rabbits\ronnnie-repeat\index.html","https://ronenglish-archive.github.io/ron-english-sketches-animals/Sketches/small-mammals/rabbits/ronnnie-repeat/index.html","3","0","https://ronenglish-archive.github.io/ron-english-sketches-animals/images/Sketches/Small%20Mammals/rabbbits/Ronnnie%20Repeat%20ORIGINAL.jpg","OK","Ready."
"Animals","Runnny Rabbbit","small-mammals","rabbits","Sketches\small-mammals\rabbits\runnny-rabbbit\index.html","https://ronenglish-archive.github.io/ron-english-sketches-animals/Sketches/small-mammals/rabbits/runnny-rabbbit/index.html","4","0","https://ronenglish-archive.github.io/ron-english-sketches-animals/images/Sketches/Small%20Mammals/rabbbits/Runnny%20Rabbbit%20ORIGINAL.jpg","OK","Ready."
"Animals","She Ra Bunnny","small-mammals","rabbits","Sketches\small-mammals\rabbits\she-ra-bunnny\index.html","https://ronenglish-archive.github.io/ron-english-sketches-animals/Sketches/small-mammals/rabbits/she-ra-bunnny/index.html","4","0","https://ronenglish-archive.github.io/ron-english-sketches-animals/images/Sketches/Small%20Mammals/rabbbits/She%20Ra%20Bunnny%20ORIGINAL.jpg","OK","Ready."
"Animals","Sitting Bunny","small-mammals","rabbits","Sketches\small-mammals\rabbits\sitting-bunny\index.html","https://ronenglish-archive.github.io/ron-english-sketches-animals/Sketches/small-mammals/rabbits/sitting-bunny/index.html","3","0","https://ronenglish-archive.github.io/ron-english-sketches-animals/images/Sketches/Small%20Mammals/rabbbits/Sitting%20Bunny%20ORIGINAL.jpg","OK","Ready."
"Animals","Space Rabbbit","small-mammals","rabbits","Sketches\small-mammals\rabbits\space-rabbbit\index.html","https://ronenglish-archive.github.io/ron-english-sketches-animals/Sketches/small-mammals/rabbits/space-rabbbit/index.html","5","0","https://ronenglish-archive.github.io/ron-english-sketches-animals/images/Sketches/Small%20Mammals/rabbbits/Space%20Rabbbit%20ORIGINAL%202.jpg","OK","Ready."
"Animals","Telebunnny","small-mammals","rabbits","Sketches\small-mammals\rabbits\telebunnny\index.html","https://ronenglish-archive.github.io/ron-english-sketches-animals/Sketches/small-mammals/rabbits/telebunnny/index.html","12","0","https://ronenglish-archive.github.io/ron-english-sketches-animals/images/Sketches/Small%20Mammals/rabbbits/Telebunnny%20back%20ORIGINAL.jpg","OK","Ready."
"Animals","Fat Raccoon","small-mammals","raccoons","Sketches\small-mammals\raccoons\fat-raccoon\index.html","https://ronenglish-archive.github.io/ron-english-sketches-animals/Sketches/small-mammals/raccoons/fat-raccoon/index.html","2","0","https://ronenglish-archive.github.io/ron-english-sketches-animals/images/Sketches/Small%20Mammals/raccoons/Fat%20Raccoon%20ORIGINAL%202.jpg","OK","Ready."
"Animals","Raccoons Family Icon","small-mammals","raccoons","Sketches\small-mammals\raccoons\raccoons-family-icon\index.html","https://ronenglish-archive.github.io/ron-english-sketches-animals/Sketches/small-mammals/raccoons/raccoons-family-icon/index.html","1","0","https://ronenglish-archive.github.io/ron-english-sketches-animals/images/Sketches/Small%20Mammals/raccoons/Raccoons%20Family%20Icon%20COLOR.jpg","OK","Ready."
"Animals","Robbinâ€™ Raccoon","small-mammals","raccoons","Sketches\small-mammals\raccoons\robbin-raccoon\index.html","https://ronenglish-archive.github.io/ron-english-sketches-animals/Sketches/small-mammals/raccoons/robbin-raccoon/index.html","3","0","https://ronenglish-archive.github.io/ron-english-sketches-animals/images/Sketches/Small%20Mammals/raccoons/Robbin%E2%80%99%20Raccoon%20ORIGINAL.jpg","OK","Ready."
"Animals","Rocky Roadkill","small-mammals","raccoons","Sketches\small-mammals\raccoons\rocky-roadkill\index.html","https://ronenglish-archive.github.io/ron-english-sketches-animals/Sketches/small-mammals/raccoons/rocky-roadkill/index.html","4","1","https://ronenglish-archive.github.io/ron-english-sketches-animals/images/Sketches/Small%20Mammals/raccoons/Rocky%20Roadkill%20ORIGINAL.jpg","REVIEW","Some local image references were not found."
"Animals","Li'l Skunk","small-mammals","skunks","Sketches\small-mammals\skunks\lil-skunk\index.html","https://ronenglish-archive.github.io/ron-english-sketches-animals/Sketches/small-mammals/skunks/lil-skunk/index.html","0","0","","REVIEW","No image references found."
"Animals","Pepe Skunk Weed","small-mammals","skunks","Sketches\small-mammals\skunks\pepe-skunk-weed\index.html","https://ronenglish-archive.github.io/ron-english-sketches-animals/Sketches/small-mammals/skunks/pepe-skunk-weed/index.html","3","0","https://ronenglish-archive.github.io/ron-english-sketches-animals/images/Sketches/Small%20Mammals/skunks/Pepe%20Skunk%20Weed%20ORIGINAL.jpg","OK","Ready."
"Animals","Pink Skunk","small-mammals","skunks","Sketches\small-mammals\skunks\pink-skunk\index.html","https://ronenglish-archive.github.io/ron-english-sketches-animals/Sketches/small-mammals/skunks/pink-skunk/index.html","11","0","https://ronenglish-archive.github.io/ron-english-sketches-animals/images/Sketches/Small%20Mammals/skunks/Pink%20Skunk%20ORIGINAL.jpg","OK","Ready."
"Animals","Punk Skunk","small-mammals","skunks","Sketches\small-mammals\skunks\punk-skunk\index.html","https://ronenglish-archive.github.io/ron-english-sketches-animals/Sketches/small-mammals/skunks/punk-skunk/index.html","28","0","https://ronenglish-archive.github.io/ron-english-sketches-animals/images/Sketches/Small%20Mammals/skunks/Punk%20Skunk%20back%20ORIGINAL.jpg","OK","Ready."
"Animals","Skidmark Skunk","small-mammals","skunks","Sketches\small-mammals\skunks\skidmark-skunk\index.html","https://ronenglish-archive.github.io/ron-english-sketches-animals/Sketches/small-mammals/skunks/skidmark-skunk/index.html","4","1","https://ronenglish-archive.github.io/ron-english-sketches-animals/images/Sketches/Small%20Mammals/skunks/Skidmark%20Skunk%20ORIGINAL.jpg","REVIEW","Some local image references were not found."
"Animals","Skunk Family Icon","small-mammals","skunks","Sketches\small-mammals\skunks\skunk-family-icon\index.html","https://ronenglish-archive.github.io/ron-english-sketches-animals/Sketches/small-mammals/skunks/skunk-family-icon/index.html","3","0","https://ronenglish-archive.github.io/ron-english-sketches-animals/images/Sketches/Small%20Mammals/skunks/Skunk%20Family%20Icon%20ORIGINAL.jpg","OK","Ready."
"Animals","Skunk Fetus","small-mammals","skunks","Sketches\small-mammals\skunks\skunk-fetus\index.html","https://ronenglish-archive.github.io/ron-english-sketches-animals/Sketches/small-mammals/skunks/skunk-fetus/index.html","3","0","https://ronenglish-archive.github.io/ron-english-sketches-animals/images/Sketches/Small%20Mammals/skunks/Skunk%20Fetus%20ORIGINAL.jpg","OK","Ready."
"Animals","Katzenjammer Squirrel","small-mammals","squirrels","Sketches\small-mammals\squirrels\katzenjammer-squirrel\index.html","https://ronenglish-archive.github.io/ron-english-sketches-animals/Sketches/small-mammals/squirrels/katzenjammer-squirrel/index.html","4","0","https://ronenglish-archive.github.io/ron-english-sketches-animals/images/Sketches/Small%20Mammals/Squirrels/Katzenjammer%20Squirrel%20with%20quote%20ORIGINAL.jpg","OK","Ready."
"Animals","Nutjob","small-mammals","squirrels","Sketches\small-mammals\squirrels\nutjob\index.html","https://ronenglish-archive.github.io/ron-english-sketches-animals/Sketches/small-mammals/squirrels/nutjob/index.html","3","0","https://ronenglish-archive.github.io/ron-english-sketches-animals/images/Sketches/Small%20Mammals/Squirrels/Nutjob%20B%26W.jpg","OK","Ready."
"Animals","Squirrel Family Icon","small-mammals","squirrels","Sketches\small-mammals\squirrels\squirrel-family-icon\index.html","https://ronenglish-archive.github.io/ron-english-sketches-animals/Sketches/small-mammals/squirrels/squirrel-family-icon/index.html","3","0","https://ronenglish-archive.github.io/ron-english-sketches-animals/images/Sketches/Small%20Mammals/Squirrels/Squirrel%20Family%20Icon%20ORIGINAL.jpg","OK","Ready."
"Animals","Squirrel Squirt","small-mammals","squirrels","Sketches\small-mammals\squirrels\squirrel-squirt\index.html","https://ronenglish-archive.github.io/ron-english-sketches-animals/Sketches/small-mammals/squirrels/squirrel-squirt/index.html","4","0","https://ronenglish-archive.github.io/ron-english-sketches-animals/images/Sketches/Small%20Mammals/Squirrels/Squirrel%20Squirt%20ORIGINAL.jpg","OK","Ready."
"Animals","Squirrel Squirt King","small-mammals","squirrels","Sketches\small-mammals\squirrels\squirrel-squirt-king\index.html","https://ronenglish-archive.github.io/ron-english-sketches-animals/Sketches/small-mammals/squirrels/squirrel-squirt-king/index.html","14","0","https://ronenglish-archive.github.io/ron-english-sketches-animals/images/Sketches/Small%20Mammals/Squirrels/Squirrel%20Squirt%20King%20three%20quarters%20no%20glasses%20ORIGINAL.jpg","OK","Ready."
"Animals","Squirrel Star","small-mammals","squirrels","Sketches\small-mammals\squirrels\squirrel-star\index.html","https://ronenglish-archive.github.io/ron-english-sketches-animals/Sketches/small-mammals/squirrels/squirrel-star/index.html","5","0","https://ronenglish-archive.github.io/ron-english-sketches-animals/images/Sketches/Small%20Mammals/Squirrels/Squirrel%20Star%20ORIGINAL.jpg","OK","Ready."
"Animals","Squirt","small-mammals","squirrels","Sketches\small-mammals\squirrels\squirt\index.html","https://ronenglish-archive.github.io/ron-english-sketches-animals/Sketches/small-mammals/squirrels/squirt/index.html","3","0","https://ronenglish-archive.github.io/ron-english-sketches-animals/images/Sketches/Small%20Mammals/Squirrels/Squirt%20B%26W.jpg","OK","Ready."
"Animals","Bobsnail","snails","snails","Sketches\snails\bobsnail\index.html","https://ronenglish-archive.github.io/ron-english-sketches-animals/Sketches/snails/bobsnail/index.html","3","0","https://ronenglish-archive.github.io/ron-english-sketches-animals/images/Sketches/Snails/Bobsnail%20ORIGINAL.jpg","OK","Ready."
"Animals","Cocksnail","snails","snails","Sketches\snails\cocksnail\index.html","https://ronenglish-archive.github.io/ron-english-sketches-animals/Sketches/snails/cocksnail/index.html","3","0","https://ronenglish-archive.github.io/ron-english-sketches-animals/images/Sketches/Snails/Cocksnail%20ORIGINAL.jpg","OK","Ready."
"Animals","Dale Snail","snails","snails","Sketches\snails\dale-snail\index.html","https://ronenglish-archive.github.io/ron-english-sketches-animals/Sketches/snails/dale-snail/index.html","3","0","https://ronenglish-archive.github.io/ron-english-sketches-animals/images/Sketches/Snails/Dale%20Snail%20ORIGINAL.jpg","OK","Ready."
"Animals","Fairy Snail","snails","snails","Sketches\snails\fairy-snail\index.html","https://ronenglish-archive.github.io/ron-english-sketches-animals/Sketches/snails/fairy-snail/index.html","2","0","https://ronenglish-archive.github.io/ron-english-sketches-animals/images/Sketches/Snails/Fairy%20Snail%20B%26W.jpg","OK","Ready."
"Animals","Pony Snail","snails","snails","Sketches\snails\pony-snail\index.html","https://ronenglish-archive.github.io/ron-english-sketches-animals/Sketches/snails/pony-snail/index.html","3","0","https://ronenglish-archive.github.io/ron-english-sketches-animals/images/Sketches/Snails/Pony%20Snail%20ORIGINAL.jpg","OK","Ready."
"Animals","Snailien King","snails","snails","Sketches\snails\snailien-king\index.html","https://ronenglish-archive.github.io/ron-english-sketches-animals/Sketches/snails/snailien-king/index.html","5","0","https://ronenglish-archive.github.io/ron-english-sketches-animals/images/Sketches/Snails/Snailien%20King%20ORIGINAL.jpg","OK","Ready."
"Animals","Snailmobile","snails","snails","Sketches\snails\snailmobile\index.html","https://ronenglish-archive.github.io/ron-english-sketches-animals/Sketches/snails/snailmobile/index.html","2","0","https://ronenglish-archive.github.io/ron-english-sketches-animals/images/Sketches/Snails/Snailmobile%20B%26W.png","OK","Ready."
"Animals","Camel Drawing","ungulates","camels","Sketches\ungulates\camels\camel-drawing\index.html","https://ronenglish-archive.github.io/ron-english-sketches-animals/Sketches/ungulates/camels/camel-drawing/index.html","1","0","https://ronenglish-archive.github.io/ron-english-sketches-animals/images/Sketches/Ungulates/camels/Camel%20Drawing%20ORIGINAL.jpg","OK","Ready."
"Animals","Camel Family Icon","ungulates","camels","Sketches\ungulates\camels\camel-family-icon\index.html","https://ronenglish-archive.github.io/ron-english-sketches-animals/Sketches/ungulates/camels/camel-family-icon/index.html","4","1","https://ronenglish-archive.github.io/ron-english-sketches-animals/images/Sketches/Ungulates/camels/Camel%20Family%20Icon%20ORIGINAL.jpg","REVIEW","Some local image references were not found."
"Animals","Camel Junior","ungulates","camels","Sketches\ungulates\camels\camel-junior\index.html","https://ronenglish-archive.github.io/ron-english-sketches-animals/Sketches/ungulates/camels/camel-junior/index.html","3","0","https://ronenglish-archive.github.io/ron-english-sketches-animals/images/Sketches/Ungulates/camels/Camel%20Junior%20ORIGINAL.jpg","OK","Ready."
"Animals","Camel Lungs","ungulates","camels","Sketches\ungulates\camels\camel-lungs\index.html","https://ronenglish-archive.github.io/ron-english-sketches-animals/Sketches/ungulates/camels/camel-lungs/index.html","3","0","https://ronenglish-archive.github.io/ron-english-sketches-animals/images/Sketches/Ungulates/camels/Camel%20Lungs%20ORIGINAL.jpg","OK","Ready."
"Animals","Camel Mam","ungulates","camels","Sketches\ungulates\camels\camel-mam\index.html","https://ronenglish-archive.github.io/ron-english-sketches-animals/Sketches/ungulates/camels/camel-mam/index.html","3","0","https://ronenglish-archive.github.io/ron-english-sketches-animals/images/Sketches/Ungulates/camels/Camel%20Mam%20ORIGINAL.jpg","OK","Ready."
"Animals","Camel Sketch","ungulates","camels","Sketches\ungulates\camels\camel-sketch\index.html","https://ronenglish-archive.github.io/ron-english-sketches-animals/Sketches/ungulates/camels/camel-sketch/index.html","3","0","https://ronenglish-archive.github.io/ron-english-sketches-animals/images/Sketches/Ungulates/camels/Camel%20Sketch%20ORIGINAL.jpg","OK","Ready."
"Animals","Cancer Camel","ungulates","camels","Sketches\ungulates\camels\cancer-camel\index.html","https://ronenglish-archive.github.io/ron-english-sketches-animals/Sketches/ungulates/camels/cancer-camel/index.html","4","0","https://ronenglish-archive.github.io/ron-english-sketches-animals/images/Sketches/Ungulates/camels/Cancer%20Camel%20ORIGINAL.jpg","OK","Ready."
"Animals","Mo Camel","ungulates","camels","Sketches\ungulates\camels\mo-camel\index.html","https://ronenglish-archive.github.io/ron-english-sketches-animals/Sketches/ungulates/camels/mo-camel/index.html","3","0","https://ronenglish-archive.github.io/ron-english-sketches-animals/images/Sketches/Ungulates/camels/Mo%20Camel%20ORIGINAL.jpg","OK","Ready."
"Animals","Baby Cowgirl","ungulates","cattle","Sketches\ungulates\cattle\baby-cowgirl\index.html","https://ronenglish-archive.github.io/ron-english-sketches-animals/Sketches/ungulates/cattle/baby-cowgirl/index.html","11","0","https://ronenglish-archive.github.io/ron-english-sketches-animals/images/Sketches/Ungulates/cattle/Baby%20Cowgirl%20back%20ORIGINAL.jpg","OK","Ready."
"Animals","Benjamin Bullfriend Cowtune","ungulates","cattle","Sketches\ungulates\cattle\benjamin-bullfriend-cowtune\index.html","https://ronenglish-archive.github.io/ron-english-sketches-animals/Sketches/ungulates/cattle/benjamin-bullfriend-cowtune/index.html","5","0","https://ronenglish-archive.github.io/ron-english-sketches-animals/images/Sketches/Ungulates/cattle/Benjamin%20Bullfriend%20Cowtune%20ORIGINAL%20COLOR.jpg","OK","Ready."
"Animals","Bovine Moonshine","ungulates","cattle","Sketches\ungulates\cattle\bovine-moonshine\index.html","https://ronenglish-archive.github.io/ron-english-sketches-animals/Sketches/ungulates/cattle/bovine-moonshine/index.html","3","0","https://ronenglish-archive.github.io/ron-english-sketches-animals/images/Sketches/Ungulates/cattle/Bovine%20Moonshine%20ORIGINAL.jpg","OK","Ready."
"Animals","Buddy Bull","ungulates","cattle","Sketches\ungulates\cattle\buddy-bull\index.html","https://ronenglish-archive.github.io/ron-english-sketches-animals/Sketches/ungulates/cattle/buddy-bull/index.html","4","0","https://ronenglish-archive.github.io/ron-english-sketches-animals/images/Sketches/Ungulates/cattle/Buddy%20Bull%20ORIGINAL.jpg","OK","Ready."
"Animals","Bull Friend","ungulates","cattle","Sketches\ungulates\cattle\bull-friend\index.html","https://ronenglish-archive.github.io/ron-english-sketches-animals/Sketches/ungulates/cattle/bull-friend/index.html","1","0","https://ronenglish-archive.github.io/ron-english-sketches-animals/images/Sketches/Ungulates/cattle/Bull%20Friend%20Profile%20ORIGINAL.jpg","OK","Ready."
"Animals","Bull Friend High Five","ungulates","cattle","Sketches\ungulates\cattle\bull-friend-high-five\index.html","https://ronenglish-archive.github.io/ron-english-sketches-animals/Sketches/ungulates/cattle/bull-friend-high-five/index.html","3","0","https://ronenglish-archive.github.io/ron-english-sketches-animals/images/Sketches/Ungulates/cattle/Bull%20Friend%20High%20Five%20ORIGINAL.jpg","OK","Ready."
"Animals","Burger Bull","ungulates","cattle","Sketches\ungulates\cattle\burger-bull\index.html","https://ronenglish-archive.github.io/ron-english-sketches-animals/Sketches/ungulates/cattle/burger-bull/index.html","5","0","https://ronenglish-archive.github.io/ron-english-sketches-animals/images/Sketches/Ungulates/cattle/Burger%20Bull%20ORIGINAL%20COLOR.jpg","OK","Ready."
"Animals","Cannibal Cow","ungulates","cattle","Sketches\ungulates\cattle\cannibal-cow\index.html","https://ronenglish-archive.github.io/ron-english-sketches-animals/Sketches/ungulates/cattle/cannibal-cow/index.html","3","0","https://ronenglish-archive.github.io/ron-english-sketches-animals/images/Sketches/Ungulates/cattle/Cannibal%20Cow%20ORIGINAL.jpg","OK","Ready."
"Animals","Cathy Burger Shot","ungulates","cattle","Sketches\ungulates\cattle\cathy-burger-shot\index.html","https://ronenglish-archive.github.io/ron-english-sketches-animals/Sketches/ungulates/cattle/cathy-burger-shot/index.html","3","0","https://ronenglish-archive.github.io/ron-english-sketches-animals/images/Sketches/Ungulates/cattle/Cathy%20Burger%20Shot%20ORIGINAL.jpg","OK","Ready."
"Animals","Cathy Cowgirl","ungulates","cattle","Sketches\ungulates\cattle\cathy-cowgirl\index.html","https://ronenglish-archive.github.io/ron-english-sketches-animals/Sketches/ungulates/cattle/cathy-cowgirl/index.html","24","0","https://ronenglish-archive.github.io/ron-english-sketches-animals/images/Sketches/Ungulates/cattle/Cathy%20Cowgirl%20back%20ORIGINAL.jpg","OK","Ready."
"Animals","Cathy Cowgirl in Bits","ungulates","cattle","Sketches\ungulates\cattle\cathy-cowgirl-in-bits\index.html","https://ronenglish-archive.github.io/ron-english-sketches-animals/Sketches/ungulates/cattle/cathy-cowgirl-in-bits/index.html","1","0","https://ronenglish-archive.github.io/ron-english-sketches-animals/images/Sketches/Ungulates/cattle/Cathy%20Cowgirl%20in%20Bits%20ORIGINAL%20COLOR%202.jpg","OK","Ready."
"Animals","Cathy Pilot 2","ungulates","cattle","Sketches\ungulates\cattle\cathy-pilot-2\index.html","https://ronenglish-archive.github.io/ron-english-sketches-animals/Sketches/ungulates/cattle/cathy-pilot-2/index.html","2","0","https://ronenglish-archive.github.io/ron-english-sketches-animals/images/Sketches/Ungulates/cattle/Cathy%20Pilot%202%20B%26W.jpg","OK","Ready."
"Animals","Cattle Family Icon","ungulates","cattle","Sketches\ungulates\cattle\cattle-family-icon\index.html","https://ronenglish-archive.github.io/ron-english-sketches-animals/Sketches/ungulates/cattle/cattle-family-icon/index.html","3","0","https://ronenglish-archive.github.io/ron-english-sketches-animals/images/Sketches/Ungulates/cattle/Cattle%20Family%20Icon%20ORIGINAL.jpg","OK","Ready."
"Animals","Cattle House - Grazey Acres","ungulates","cattle","Sketches\ungulates\cattle\cattle-house-grazey-acres\index.html","https://ronenglish-archive.github.io/ron-english-sketches-animals/Sketches/ungulates/cattle/cattle-house-grazey-acres/index.html","3","0","https://ronenglish-archive.github.io/ron-english-sketches-animals/images/Sketches/Ungulates/cattle/Cattle%20House%20-%20Grazey%20Acres%20ORIGINAL.jpg","OK","Ready."
"Animals","Chicago Bulls","ungulates","cattle","Sketches\ungulates\cattle\chicago-bulls\index.html","https://ronenglish-archive.github.io/ron-english-sketches-animals/Sketches/ungulates/cattle/chicago-bulls/index.html","4","0","https://ronenglish-archive.github.io/ron-english-sketches-animals/images/Sketches/Ungulates/cattle/Chicago%20Bulls%201%20ORIGINAL%20COLOR.jpg","OK","Ready."
"Animals","Cow Fetus","ungulates","cattle","Sketches\ungulates\cattle\cow-fetus\index.html","https://ronenglish-archive.github.io/ron-english-sketches-animals/Sketches/ungulates/cattle/cow-fetus/index.html","3","0","https://ronenglish-archive.github.io/ron-english-sketches-animals/images/Sketches/Ungulates/cattle/Cow%20Fetus%20ORIGINAL.jpg","OK","Ready."
"Animals","Cowgirl","ungulates","cattle","Sketches\ungulates\cattle\cowgirl\index.html","https://ronenglish-archive.github.io/ron-english-sketches-animals/Sketches/ungulates/cattle/cowgirl/index.html","3","0","https://ronenglish-archive.github.io/ron-english-sketches-animals/images/Sketches/Ungulates/cattle/Cowgirl%20ORIGINAL%20COLOR.jpg","OK","Ready."
"Animals","Cowgirl Hotrod","ungulates","cattle","Sketches\ungulates\cattle\cowgirl-hotrod\index.html","https://ronenglish-archive.github.io/ron-english-sketches-animals/Sketches/ungulates/cattle/cowgirl-hotrod/index.html","2","0","https://ronenglish-archive.github.io/ron-english-sketches-animals/images/Sketches/Ungulates/cattle/Cowgirl%20Hotrod%20ORIGINAL.jpg","OK","Ready."
"Animals","Cowgirl Icon","ungulates","cattle","Sketches\ungulates\cattle\cowgirl-icon\index.html","https://ronenglish-archive.github.io/ron-english-sketches-animals/Sketches/ungulates/cattle/cowgirl-icon/index.html","3","0","https://ronenglish-archive.github.io/ron-english-sketches-animals/images/Sketches/Ungulates/cattle/Cowgirl%20icon%20ORIGINAL.jpg","OK","Ready."
"Animals","Cowgirl in Boots","ungulates","cattle","Sketches\ungulates\cattle\cowgirl-in-boots\index.html","https://ronenglish-archive.github.io/ron-english-sketches-animals/Sketches/ungulates/cattle/cowgirl-in-boots/index.html","2","0","https://ronenglish-archive.github.io/ron-english-sketches-animals/images/Sketches/Ungulates/cattle/Cowgirl%20in%20Boots%20ORIGINAL%20COLOR.jpg","OK","Ready."
"Animals","Cowgirl Leaning","ungulates","cattle","Sketches\ungulates\cattle\cowgirl-leaning\index.html","https://ronenglish-archive.github.io/ron-english-sketches-animals/Sketches/ungulates/cattle/cowgirl-leaning/index.html","1","0","https://ronenglish-archive.github.io/ron-english-sketches-animals/images/Sketches/Ungulates/cattle/Cowgirl%20Leaning%20ORIGINAL.jpg","OK","Ready."
"Animals","Cowgirl Sitting on Fence","ungulates","cattle","Sketches\ungulates\cattle\cowgirl-sitting-on-fence\index.html","https://ronenglish-archive.github.io/ron-english-sketches-animals/Sketches/ungulates/cattle/cowgirl-sitting-on-fence/index.html","1","0","https://ronenglish-archive.github.io/ron-english-sketches-animals/images/Sketches/Ungulates/cattle/Cowgirl%20Sitting%20on%20Fence%20ORIGINAL.jpg","OK","Ready."
"Animals","Cowgirl Stagecoach","ungulates","cattle","Sketches\ungulates\cattle\cowgirl-stagecoach\index.html","https://ronenglish-archive.github.io/ron-english-sketches-animals/Sketches/ungulates/cattle/cowgirl-stagecoach/index.html","2","0","https://ronenglish-archive.github.io/ron-english-sketches-animals/images/Sketches/Ungulates/cattle/Cowgirl%20Stagecoach%20ORIGINAL%20COLOR.jpg","OK","Ready."
"Animals","Cowgirl Stagecoach 2","ungulates","cattle","Sketches\ungulates\cattle\cowgirl-stagecoach-2\index.html","https://ronenglish-archive.github.io/ron-english-sketches-animals/Sketches/ungulates/cattle/cowgirl-stagecoach-2/index.html","2","0","https://ronenglish-archive.github.io/ron-english-sketches-animals/images/Sketches/Ungulates/cattle/Cowgirl%20Stagecoach%202%20ORIGINAL%20COLOR.jpg","OK","Ready."
"Animals","Cow Hat","ungulates","cattle","Sketches\ungulates\cattle\cow-hat\index.html","https://ronenglish-archive.github.io/ron-english-sketches-animals/Sketches/ungulates/cattle/cow-hat/index.html","3","0","https://ronenglish-archive.github.io/ron-english-sketches-animals/images/Sketches/Ungulates/cattle/Cow%20Hat%20ORIGINAL.jpg","OK","Ready."
"Animals","Delusionville Pilot Cathy Cowgirl","ungulates","cattle","Sketches\ungulates\cattle\delusionville-pilot-cathy-cowgirl\index.html","https://ronenglish-archive.github.io/ron-english-sketches-animals/Sketches/ungulates/cattle/delusionville-pilot-cathy-cowgirl/index.html","9","0","https://ronenglish-archive.github.io/ron-english-sketches-animals/images/Sketches/Ungulates/cattle/Delusionville%20Pilot%20Cathy%20Cowgirl%20Side%20View%20ORIGINAL.jpg","OK","Ready."
"Animals","Fat Cathy Cowgirl","ungulates","cattle","Sketches\ungulates\cattle\fat-cathy-cowgirl\index.html","https://ronenglish-archive.github.io/ron-english-sketches-animals/Sketches/ungulates/cattle/fat-cathy-cowgirl/index.html","3","0","https://ronenglish-archive.github.io/ron-english-sketches-animals/images/Sketches/Ungulates/cattle/Fat%20Cathy%20Cowgirl%20ORIGINAL.jpg","OK","Ready."
"Animals","Guernica","ungulates","cattle","Sketches\ungulates\cattle\guernica\index.html","https://ronenglish-archive.github.io/ron-english-sketches-animals/Sketches/ungulates/cattle/guernica/index.html","21","0","https://ronenglish-archive.github.io/ron-english-sketches-animals/images/Sketches/Ungulates/cattle/Bull%20Friend%20Guernica%20front%20ORIGINAL.jpg","OK","Ready."
"Animals","Hamburger Belly","ungulates","cattle","Sketches\ungulates\cattle\hamburger-belly\index.html","https://ronenglish-archive.github.io/ron-english-sketches-animals/Sketches/ungulates/cattle/hamburger-belly/index.html","3","0","https://ronenglish-archive.github.io/ron-english-sketches-animals/images/Sketches/Ungulates/cattle/Hamburger%20Belly%20ORIGINAL.jpg","OK","Ready."
"Animals","Hamburger Cowface","ungulates","cattle","Sketches\ungulates\cattle\hamburger-cowface\index.html","https://ronenglish-archive.github.io/ron-english-sketches-animals/Sketches/ungulates/cattle/hamburger-cowface/index.html","3","0","https://ronenglish-archive.github.io/ron-english-sketches-animals/images/Sketches/Ungulates/cattle/Hamburger%20Cowface%20ORIGINAL.jpg","OK","Ready."
"Animals","Large Head Cathy Cowgirl","ungulates","cattle","Sketches\ungulates\cattle\large-head-cathy-cowgirl\index.html","https://ronenglish-archive.github.io/ron-english-sketches-animals/Sketches/ungulates/cattle/large-head-cathy-cowgirl/index.html","3","0","https://ronenglish-archive.github.io/ron-english-sketches-animals/images/Sketches/Ungulates/cattle/Large%20Head%20Cathy%20Cowgirl%20ORIGINAL.jpg","OK","Ready."
"Animals","Mini Cowgirl","ungulates","cattle","Sketches\ungulates\cattle\mini-cowgirl\index.html","https://ronenglish-archive.github.io/ron-english-sketches-animals/Sketches/ungulates/cattle/mini-cowgirl/index.html","4","0","https://ronenglish-archive.github.io/ron-english-sketches-animals/images/Sketches/Ungulates/cattle/Mini%20Cowgirl%20ORIGINAL%20COLOR.jpg","OK","Ready."
"Animals","M.U.S.C.L.E. Cathy Cowgirl","ungulates","cattle","Sketches\ungulates\cattle\m-u-s-c-l-e-cathy-cowgirl\index.html","https://ronenglish-archive.github.io/ron-english-sketches-animals/Sketches/ungulates/cattle/m-u-s-c-l-e-cathy-cowgirl/index.html","9","0","https://ronenglish-archive.github.io/ron-english-sketches-animals/images/Sketches/Ungulates/cattle/M.U.S.C.L.E.%20Cathy%20Cowgirl%20back%20ORIGINAL.jpg","OK","Ready."
"Animals","Plump Cowgirl","ungulates","cattle","Sketches\ungulates\cattle\plump-cowgirl\index.html","https://ronenglish-archive.github.io/ron-english-sketches-animals/Sketches/ungulates/cattle/plump-cowgirl/index.html","6","0","https://ronenglish-archive.github.io/ron-english-sketches-animals/images/Sketches/Ungulates/cattle/Plump%20Cowgirl%20front%20ORIGINAL.jpg","OK","Ready."
"Animals","Raquel Cowgirl","ungulates","cattle","Sketches\ungulates\cattle\raquel-cowgirl\index.html","https://ronenglish-archive.github.io/ron-english-sketches-animals/Sketches/ungulates/cattle/raquel-cowgirl/index.html","13","0","https://ronenglish-archive.github.io/ron-english-sketches-animals/images/Sketches/Ungulates/cattle/Raquel%20Cowgirl%20back%20ORIGINAL.jpg","OK","Ready."
"Animals","Sherrif Chef","ungulates","cattle","Sketches\ungulates\cattle\sherrif-chef\index.html","https://ronenglish-archive.github.io/ron-english-sketches-animals/Sketches/ungulates/cattle/sherrif-chef/index.html","6","0","https://ronenglish-archive.github.io/ron-english-sketches-animals/images/Sketches/Ungulates/cattle/Sherrif%20Chef%20ORIGINAL.jpg","OK","Ready."
"Animals","Steer McSteer","ungulates","cattle","Sketches\ungulates\cattle\steer-mcsteer\index.html","https://ronenglish-archive.github.io/ron-english-sketches-animals/Sketches/ungulates/cattle/steer-mcsteer/index.html","1","0","https://ronenglish-archive.github.io/ron-english-sketches-animals/images/Sketches/Ungulates/cattle/Steer%20McSteer%20ORIGINAL.jpg","OK","Ready."
"Animals","Bomba Deer","ungulates","deer","Sketches\ungulates\deer\bomba-deer\index.html","https://ronenglish-archive.github.io/ron-english-sketches-animals/Sketches/ungulates/deer/bomba-deer/index.html","10","0","https://ronenglish-archive.github.io/ron-english-sketches-animals/images/Sketches/Ungulates/deer/Bomba%20Deer%20front%20ORIGINAL%20COLOR.jpg","OK","Ready."
"Animals","Deer Family Icon","ungulates","deer","Sketches\ungulates\deer\deer-family-icon\index.html","https://ronenglish-archive.github.io/ron-english-sketches-animals/Sketches/ungulates/deer/deer-family-icon/index.html","1","0","https://ronenglish-archive.github.io/ron-english-sketches-animals/images/Sketches/Ungulates/deer/Deer%20Family%20Icon%20COLOR.jpg","OK","Ready."
"Animals","King Camo","ungulates","deer","Sketches\ungulates\deer\king-camo\index.html","https://ronenglish-archive.github.io/ron-english-sketches-animals/Sketches/ungulates/deer/king-camo/index.html","8","0","https://ronenglish-archive.github.io/ron-english-sketches-animals/images/Sketches/Ungulates/deer/King%20Camo%20ORIGINAL%20COLOR.jpg","OK","Ready."
"Animals","Miracle Camoflage","ungulates","deer","Sketches\ungulates\deer\miracle-camoflage\index.html","https://ronenglish-archive.github.io/ron-english-sketches-animals/Sketches/ungulates/deer/miracle-camoflage/index.html","1","0","https://ronenglish-archive.github.io/ron-english-sketches-animals/images/Sketches/Ungulates/deer/Miracle%20Camoflage%20COLOR.jpg","OK","Ready."
"Animals","Delusionville Pilot Elefanka","ungulates","elephants","Sketches\ungulates\elephants\delusionville-pilot-elefanka\index.html","https://ronenglish-archive.github.io/ron-english-sketches-animals/Sketches/ungulates/elephants/delusionville-pilot-elefanka/index.html","10","0","https://ronenglish-archive.github.io/ron-english-sketches-animals/images/Sketches/Ungulates/Elephants/Delusionville%20Pilot%20Elefanka%20Rear%20ORIGINAL.jpg","OK","Ready."
"Animals","Elefanka","ungulates","elephants","Sketches\ungulates\elephants\elefanka\index.html","https://ronenglish-archive.github.io/ron-english-sketches-animals/Sketches/ungulates/elephants/elefanka/index.html","21","0","https://ronenglish-archive.github.io/ron-english-sketches-animals/images/Sketches/Ungulates/Elephants/Elefanka%20back%20ORIGINAL.jpg","OK","Ready."
"Animals","Elefanka Fetus","ungulates","elephants","Sketches\ungulates\elephants\elefanka-fetus\index.html","https://ronenglish-archive.github.io/ron-english-sketches-animals/Sketches/ungulates/elephants/elefanka-fetus/index.html","4","0","https://ronenglish-archive.github.io/ron-english-sketches-animals/images/Sketches/Ungulates/Elephants/Elefanka%20Fetus%20ORIGINAL.jpg","OK","Ready."
"Animals","Elephant Family Icon","ungulates","elephants","Sketches\ungulates\elephants\elephant-family-icon\index.html","https://ronenglish-archive.github.io/ron-english-sketches-animals/Sketches/ungulates/elephants/elephant-family-icon/index.html","5","0","https://ronenglish-archive.github.io/ron-english-sketches-animals/images/Sketches/Ungulates/Elephants/Elephant%20Family%20Icon%20ORIGINAL.jpg","OK","Ready."
"Animals","Elephant Zebra","ungulates","elephants","Sketches\ungulates\elephants\elephant-zebra\index.html","https://ronenglish-archive.github.io/ron-english-sketches-animals/Sketches/ungulates/elephants/elephant-zebra/index.html","8","0","https://ronenglish-archive.github.io/ron-english-sketches-animals/images/Sketches/Ungulates/Elephants/Elephant%20Zebra%20ORIGINAL.jpg","OK","Ready."
"Animals","Neonature Elephant","ungulates","elephants","Sketches\ungulates\elephants\neonature-elephant\index.html","https://ronenglish-archive.github.io/ron-english-sketches-animals/Sketches/ungulates/elephants/neonature-elephant/index.html","1","0","https://ronenglish-archive.github.io/ron-english-sketches-animals/images/Sketches/Ungulates/Elephants/Neonature%20Elephant%20ORIGINAL.jpg","OK","Ready."
"Animals","Sourpus Elefant","ungulates","elephants","Sketches\ungulates\elephants\sourpus-elefant\index.html","https://ronenglish-archive.github.io/ron-english-sketches-animals/Sketches/ungulates/elephants/sourpus-elefant/index.html","1","0","https://ronenglish-archive.github.io/ron-english-sketches-animals/images/Sketches/Ungulates/Elephants/Sourpus%20Elefant%20ORIGINAL.jpg","OK","Ready."
"Animals","Tall Elefanka","ungulates","elephants","Sketches\ungulates\elephants\tall-elefanka\index.html","https://ronenglish-archive.github.io/ron-english-sketches-animals/Sketches/ungulates/elephants/tall-elefanka/index.html","1","0","https://ronenglish-archive.github.io/ron-english-sketches-animals/images/Sketches/Ungulates/Elephants/Tall%20Elefanka%20ORIGINAL.jpg","OK","Ready."
"Animals","Trunk the Orange Elephant","ungulates","elephants","Sketches\ungulates\elephants\trunk-the-orange-elephant\index.html","https://ronenglish-archive.github.io/ron-english-sketches-animals/Sketches/ungulates/elephants/trunk-the-orange-elephant/index.html","13","0","https://ronenglish-archive.github.io/ron-english-sketches-animals/images/Sketches/Ungulates/Elephants/Trunk%20the%20Orange%20Elephant%20back%20ORIGINAL.jpg","OK","Ready."
"Animals","Trunk the Orange Elephant element","ungulates","elephants","Sketches\ungulates\elephants\trunk-the-orange-elephant-element\index.html","https://ronenglish-archive.github.io/ron-english-sketches-animals/Sketches/ungulates/elephants/trunk-the-orange-elephant-element/index.html","3","0","https://ronenglish-archive.github.io/ron-english-sketches-animals/images/Sketches/Ungulates/Elephants/Trunk%20the%20Orange%20Elephant%20element%20ORIGINAL.jpg","OK","Ready."
"Animals","Zephyr Zelephant","ungulates","elephants","Sketches\ungulates\elephants\zephyr-zelephant\index.html","https://ronenglish-archive.github.io/ron-english-sketches-animals/Sketches/ungulates/elephants/zephyr-zelephant/index.html","15","0","https://ronenglish-archive.github.io/ron-english-sketches-animals/images/Sketches/Ungulates/Elephants/Zephyr%20Zelephant%20back%20ORIGINAL.jpg","OK","Ready."
"Animals","Baby Horse","ungulates","equines","Sketches\ungulates\equines\baby-horse\index.html","https://ronenglish-archive.github.io/ron-english-sketches-animals/Sketches/ungulates/equines/baby-horse/index.html","3","0","https://ronenglish-archive.github.io/ron-english-sketches-animals/images/Sketches/Ungulates/Equines/Baby%20Horse%20ORIGINAL.jpg","OK","Ready."
"Animals","Double Donkey","ungulates","equines","Sketches\ungulates\equines\double-donkey\index.html","https://ronenglish-archive.github.io/ron-english-sketches-animals/Sketches/ungulates/equines/double-donkey/index.html","1","0","https://ronenglish-archive.github.io/ron-english-sketches-animals/images/Sketches/Ungulates/Equines/Double%20Donkey%20ORIGINAL.jpg","OK","Ready."
"Animals","Equines Family Icon","ungulates","equines","Sketches\ungulates\equines\equines-family-icon\index.html","https://ronenglish-archive.github.io/ron-english-sketches-animals/Sketches/ungulates/equines/equines-family-icon/index.html","3","0","https://ronenglish-archive.github.io/ron-english-sketches-animals/images/Sketches/Ungulates/Equines/Equines%20Family%20Icon%20ORIGINAL.jpg","OK","Ready."
"Animals","Forlorn Angel","ungulates","equines","Sketches\ungulates\equines\forlorn-angel\index.html","https://ronenglish-archive.github.io/ron-english-sketches-animals/Sketches/ungulates/equines/forlorn-angel/index.html","3","0","https://ronenglish-archive.github.io/ron-english-sketches-animals/images/Sketches/Ungulates/Equines/Forlorn%20Angel.jpg","OK","Ready."
"Animals","Forlorn Unicorn","ungulates","equines","Sketches\ungulates\equines\forlorn-unicorn\index.html","https://ronenglish-archive.github.io/ron-english-sketches-animals/Sketches/ungulates/equines/forlorn-unicorn/index.html","27","0","https://ronenglish-archive.github.io/ron-english-sketches-animals/images/Sketches/Ungulates/Equines/Forlorn%20Unicorn%20pantene%20ORIGINAL.jpg","OK","Ready."
"Animals","Guernica Horse","ungulates","equines","Sketches\ungulates\equines\guernica-horse\index.html","https://ronenglish-archive.github.io/ron-english-sketches-animals/Sketches/ungulates/equines/guernica-horse/index.html","3","0","https://ronenglish-archive.github.io/ron-english-sketches-animals/images/Sketches/Ungulates/Equines/Guernica%20Horse%201%20ORIGINAL.jpg","OK","Ready."
"Animals","Hippie Horse","ungulates","equines","Sketches\ungulates\equines\hippie-horse\index.html","https://ronenglish-archive.github.io/ron-english-sketches-animals/Sketches/ungulates/equines/hippie-horse/index.html","3","0","https://ronenglish-archive.github.io/ron-english-sketches-animals/images/Sketches/Ungulates/Equines/Hippie%20Horse%20ORIGINAL.jpg","OK","Ready."
"Animals","Joint Pony","ungulates","equines","Sketches\ungulates\equines\joint-pony\index.html","https://ronenglish-archive.github.io/ron-english-sketches-animals/Sketches/ungulates/equines/joint-pony/index.html","4","0","https://ronenglish-archive.github.io/ron-english-sketches-animals/images/Sketches/Ungulates/Equines/Joint%20Pony%20ORIGINAL.jpg","OK","Ready."
"Animals","Libra Zebra","ungulates","equines","Sketches\ungulates\equines\libra-zebra\index.html","https://ronenglish-archive.github.io/ron-english-sketches-animals/Sketches/ungulates/equines/libra-zebra/index.html","2","0","https://ronenglish-archive.github.io/ron-english-sketches-animals/images/Sketches/Ungulates/Equines/Libra%20Zebra%20ORIGINAL.jpg","OK","Ready."
"Animals","Stubborn Steed","ungulates","equines","Sketches\ungulates\equines\stubborn-steed\index.html","https://ronenglish-archive.github.io/ron-english-sketches-animals/Sketches/ungulates/equines/stubborn-steed/index.html","3","0","https://ronenglish-archive.github.io/ron-english-sketches-animals/images/Sketches/Ungulates/Equines/Stubborn%20Steed%20ORIGINAL.jpg","OK","Ready."
"Animals","Triggered","ungulates","equines","Sketches\ungulates\equines\triggered\index.html","https://ronenglish-archive.github.io/ron-english-sketches-animals/Sketches/ungulates/equines/triggered/index.html","6","0","https://ronenglish-archive.github.io/ron-english-sketches-animals/images/Sketches/Ungulates/Equines/Triggered%20ORIGINAL.jpg","OK","Ready."
"Animals","Two Headed Donkey","ungulates","equines","Sketches\ungulates\equines\two-headed-donkey\index.html","https://ronenglish-archive.github.io/ron-english-sketches-animals/Sketches/ungulates/equines/two-headed-donkey/index.html","4","0","https://ronenglish-archive.github.io/ron-english-sketches-animals/images/Sketches/Ungulates/Equines/Two%20Headed%20Donkey%20ORIGINAL%20COLOR.jpg","OK","Ready."
"Animals","Two Headed Mule","ungulates","equines","Sketches\ungulates\equines\two-headed-mule\index.html","https://ronenglish-archive.github.io/ron-english-sketches-animals/Sketches/ungulates/equines/two-headed-mule/index.html","3","0","https://ronenglish-archive.github.io/ron-english-sketches-animals/images/Sketches/Ungulates/Equines/Two%20Headed%20Mule%20ORIGINAL%20COLOR.jpg","OK","Ready."
"Animals","Unicorn","ungulates","equines","Sketches\ungulates\equines\unicorn\index.html","https://ronenglish-archive.github.io/ron-english-sketches-animals/Sketches/ungulates/equines/unicorn/index.html","2","0","https://ronenglish-archive.github.io/ron-english-sketches-animals/images/Sketches/Ungulates/Equines/Unicorn%20ORIGINAL.jpg","OK","Ready."
"Animals","Unicorn Icon","ungulates","equines","Sketches\ungulates\equines\unicorn-icon\index.html","https://ronenglish-archive.github.io/ron-english-sketches-animals/Sketches/ungulates/equines/unicorn-icon/index.html","3","0","https://ronenglish-archive.github.io/ron-english-sketches-animals/images/Sketches/Ungulates/Equines/Unicorn%20icon%20ORIGINAL.jpg","OK","Ready."
"Animals","Zebra Baby","ungulates","equines","Sketches\ungulates\equines\zebra-baby\index.html","https://ronenglish-archive.github.io/ron-english-sketches-animals/Sketches/ungulates/equines/zebra-baby/index.html","2","0","https://ronenglish-archive.github.io/ron-english-sketches-animals/images/Sketches/Ungulates/Equines/Zebra%20Baby%20ORIGINAL.jpg","OK","Ready."
"Animals","Rainbow Rhino","ungulates","rhinos","Sketches\ungulates\rhinos\rainbow-rhino\index.html","https://ronenglish-archive.github.io/ron-english-sketches-animals/Sketches/ungulates/rhinos/rainbow-rhino/index.html","3","0","https://ronenglish-archive.github.io/ron-english-sketches-animals/images/Sketches/Ungulates/rhinos/Rainbow%20Rhino%20ORIGINAL.jpg","OK","Ready."
"Animals","Beau Leif Sheep","ungulates","sheep","Sketches\ungulates\sheep\beau-leif-sheep\index.html","https://ronenglish-archive.github.io/ron-english-sketches-animals/Sketches/ungulates/sheep/beau-leif-sheep/index.html","21","0","https://ronenglish-archive.github.io/ron-english-sketches-animals/images/Sketches/Ungulates/sheep/Beau%20Leif%20Sheep%20ORIGINAL.jpg","OK","Ready."
"Animals","Beau Lief Tablets","ungulates","sheep","Sketches\ungulates\sheep\beau-lief-tablets\index.html","https://ronenglish-archive.github.io/ron-english-sketches-animals/Sketches/ungulates/sheep/beau-lief-tablets/index.html","4","0","https://ronenglish-archive.github.io/ron-english-sketches-animals/images/Sketches/Ungulates/sheep/Beau%20Lief%20Tablets%20ORIGINAL%20COLOR.jpg","OK","Ready."
"Animals","Falla Sheep Cute","ungulates","sheep","Sketches\ungulates\sheep\falla-sheep-cute\index.html","https://ronenglish-archive.github.io/ron-english-sketches-animals/Sketches/ungulates/sheep/falla-sheep-cute/index.html","11","0","https://ronenglish-archive.github.io/ron-english-sketches-animals/images/Sketches/Ungulates/sheep/Falla%20Sheep%20Cute%20left%20side%20ORIGINAL.jpg","OK","Ready."
"Animals","Falla Sheep Early Version","ungulates","sheep","Sketches\ungulates\sheep\falla-sheep-early-version\index.html","https://ronenglish-archive.github.io/ron-english-sketches-animals/Sketches/ungulates/sheep/falla-sheep-early-version/index.html","23","0","https://ronenglish-archive.github.io/ron-english-sketches-animals/images/Sketches/Ungulates/sheep/Falla%20Sheep%20Early%20Version%20back%20ORIGINAL%20COLOR.jpg","OK","Ready."
"Animals","Falla sheep Guernica Sketch","ungulates","sheep","Sketches\ungulates\sheep\falla-sheep-guernica-sketch\index.html","https://ronenglish-archive.github.io/ron-english-sketches-animals/Sketches/ungulates/sheep/falla-sheep-guernica-sketch/index.html","3","0","https://ronenglish-archive.github.io/ron-english-sketches-animals/images/Sketches/Ungulates/sheep/Falla%20sheep%20Guernica%20Sketch%20ORIGINAL.jpg","OK","Ready."
"Animals","Falla Sheep With Gun","ungulates","sheep","Sketches\ungulates\sheep\falla-sheep-with-gun\index.html","https://ronenglish-archive.github.io/ron-english-sketches-animals/Sketches/ungulates/sheep/falla-sheep-with-gun/index.html","26","0","https://ronenglish-archive.github.io/ron-english-sketches-animals/images/Sketches/Ungulates/sheep/Falla%20Sheep%20with%20Gun%20back%20ORIGINAL.jpg","OK","Ready."
"Animals","Gawdfodder","ungulates","sheep","Sketches\ungulates\sheep\gawdfodder\index.html","https://ronenglish-archive.github.io/ron-english-sketches-animals/Sketches/ungulates/sheep/gawdfodder/index.html","11","0","https://ronenglish-archive.github.io/ron-english-sketches-animals/images/Sketches/Ungulates/sheep/Gawdfodder%20ORIGINAL.jpg","OK","Ready."
"Animals","Hypno Sheep","ungulates","sheep","Sketches\ungulates\sheep\hypno-sheep\index.html","https://ronenglish-archive.github.io/ron-english-sketches-animals/Sketches/ungulates/sheep/hypno-sheep/index.html","6","0","https://ronenglish-archive.github.io/ron-english-sketches-animals/images/Sketches/Ungulates/sheep/Hypno%20Sheep%20head%20ORIGINAL.jpg","OK","Ready."
"Animals","Mink Goat","ungulates","sheep","Sketches\ungulates\sheep\mink-goat\index.html","https://ronenglish-archive.github.io/ron-english-sketches-animals/Sketches/ungulates/sheep/mink-goat/index.html","3","0","https://ronenglish-archive.github.io/ron-english-sketches-animals/images/Sketches/Ungulates/sheep/Mink%20Goat%20ORIGINAL.jpg","OK","Ready."
"Animals","Salvador Sheep","ungulates","sheep","Sketches\ungulates\sheep\salvador-sheep\index.html","https://ronenglish-archive.github.io/ron-english-sketches-animals/Sketches/ungulates/sheep/salvador-sheep/index.html","6","0","https://ronenglish-archive.github.io/ron-english-sketches-animals/images/Sketches/Ungulates/sheep/Salvador%20Sheep%20ORIGINAL%20COLOR%202.jpg","OK","Ready."
"Grins","Alien Baby Grin","grins","grins","Sketches\grins\alien-baby-grin.html","https://ronenglish-archive.github.io/ron-english-sketches-grins/Sketches/grins/alien-baby-grin.html","3","0","https://ronenglish-archive.github.io/ron-english-sketches-grins/images/Sketches/grins/Alien%20Baby%20Grin%20colorway%201.jpg","OK","Ready."
"Grins","Alien Grin","grins","grins","Sketches\grins\alien-grin.html","https://ronenglish-archive.github.io/ron-english-sketches-grins/Sketches/grins/alien-grin.html","1","0","https://ronenglish-archive.github.io/ron-english-sketches-grins/images/Sketches/grins/Alien%20Grin%20COLOR.png","OK","Ready."
"Grins","Angel Grin","grins","grins","Sketches\grins\angel-grin.html","https://ronenglish-archive.github.io/ron-english-sketches-grins/Sketches/grins/angel-grin.html","3","0","https://ronenglish-archive.github.io/ron-english-sketches-grins/images/Sketches/grins/Angel%20Grin%20B%26W.jpg","OK","Ready."
"Grins","Angel Wings Grin","grins","grins","Sketches\grins\angel-wings-grin.html","https://ronenglish-archive.github.io/ron-english-sketches-grins/Sketches/grins/angel-wings-grin.html","54","0","https://ronenglish-archive.github.io/ron-english-sketches-grins/images/Sketches/grins/Carousel%20Grinnie%20front%20ORIGINAL.jpg","OK","Ready."
"Grins","Artist Grin","grins","grins","Sketches\grins\artist-grin.html","https://ronenglish-archive.github.io/ron-english-sketches-grins/Sketches/grins/artist-grin.html","4","0","https://ronenglish-archive.github.io/ron-english-sketches-grins/images/Sketches/grins/Artist%20Grin%20B%26W.jpg","OK","Ready."
"Grins","Astro Boy Grin","grins","grins","Sketches\grins\astro-boy-grin.html","https://ronenglish-archive.github.io/ron-english-sketches-grins/Sketches/grins/astro-boy-grin.html","2","0","https://ronenglish-archive.github.io/ron-english-sketches-grins/images/Sketches/grins/Astro%20Boy%20Grin%20COLOR.jpg","OK","Ready."
"Grins","Astrogrin","grins","grins","Sketches\grins\astrogrin.html","https://ronenglish-archive.github.io/ron-english-sketches-grins/Sketches/grins/astrogrin.html","3","0","https://ronenglish-archive.github.io/ron-english-sketches-grins/images/Sketches/grins/Astrogrin%20ORIGINAL.jpg","OK","Ready."
"Grins","Babalouie Grin","grins","grins","Sketches\grins\babalouie-grin.html","https://ronenglish-archive.github.io/ron-english-sketches-grins/Sketches/grins/babalouie-grin.html","3","0","https://ronenglish-archive.github.io/ron-english-sketches-grins/images/Sketches/grins/Babalouie%20Grin%20ORIGINAL.jpg","OK","Ready."
"Grins","Baby Grin","grins","grins","Sketches\grins\baby-grin.html","https://ronenglish-archive.github.io/ron-english-sketches-grins/Sketches/grins/baby-grin.html","4","0","https://ronenglish-archive.github.io/ron-english-sketches-grins/images/Sketches/grins/Baby%20Grin%20ORIGINAL%202.jpg","OK","Ready."
"Grins","Baby Grin 2","grins","grins","Sketches\grins\baby-grin-2.html","https://ronenglish-archive.github.io/ron-english-sketches-grins/Sketches/grins/baby-grin-2.html","4","0","https://ronenglish-archive.github.io/ron-english-sketches-grins/images/Sketches/grins/Baby%20Grin%202%20ORIGINAL.jpg","OK","Ready."
"Grins","Badly Drawn Batman Grin","grins","grins","Sketches\grins\badly-drawn-batman-grin.html","https://ronenglish-archive.github.io/ron-english-sketches-grins/Sketches/grins/badly-drawn-batman-grin.html","1","0","https://ronenglish-archive.github.io/ron-english-sketches-grins/images/Sketches/grins/Badly%20Drawn%20Batman%20Grin%20ORIGINAL%20COLOR.jpg","OK","Ready."
"Grins","Barney Grin","grins","grins","Sketches\grins\barney-grin.html","https://ronenglish-archive.github.io/ron-english-sketches-grins/Sketches/grins/barney-grin.html","21","0","https://ronenglish-archive.github.io/ron-english-sketches-grins/images/Sketches/grins/Barney%20Grin%20front%201%20ORIGINAL.jpg","OK","Ready."
"Grins","Bart Grin","grins","grins","Sketches\grins\bart-grin.html","https://ronenglish-archive.github.io/ron-english-sketches-grins/Sketches/grins/bart-grin.html","14","0","https://ronenglish-archive.github.io/ron-english-sketches-grins/images/Sketches/grins/Bart%20Grin%20Chubby%20front%20ORIGINAL.jpg","OK","Ready."
"Grins","Bartman Grin","grins","grins","Sketches\grins\bartman-grin.html","https://ronenglish-archive.github.io/ron-english-sketches-grins/Sketches/grins/bartman-grin.html","3","0","https://ronenglish-archive.github.io/ron-english-sketches-grins/images/Sketches/grins/Bartman%20Grin%20flying%20B%26W.jpg","OK","Ready."
"Grins","Baseball Grin","grins","grins","Sketches\grins\baseball-grin.html","https://ronenglish-archive.github.io/ron-english-sketches-grins/Sketches/grins/baseball-grin.html","6","0","https://ronenglish-archive.github.io/ron-english-sketches-grins/images/Sketches/grins/Baseball%20Grin%20ORIGINAL.jpg","OK","Ready."
"Grins","Basketball Bulldog Grin","grins","grins","Sketches\grins\basketball-bulldog-grin.html","https://ronenglish-archive.github.io/ron-english-sketches-grins/Sketches/grins/basketball-bulldog-grin.html","2","0","https://ronenglish-archive.github.io/ron-english-sketches-grins/images/Sketches/grins/Basketball%20Bulldog%20Grin%20B%26W.jpg","OK","Ready."
"Grins","Basketball Grin","grins","grins","Sketches\grins\basketball-grin.html","https://ronenglish-archive.github.io/ron-english-sketches-grins/Sketches/grins/basketball-grin.html","16","0","https://ronenglish-archive.github.io/ron-english-sketches-grins/images/Sketches/grins/Basketball%20Grin%20back%20ORIGINAL.jpg","OK","Ready."
"Grins","Bat Grin","grins","grins","Sketches\grins\bat-grin.html","https://ronenglish-archive.github.io/ron-english-sketches-grins/Sketches/grins/bat-grin.html","6","0","https://ronenglish-archive.github.io/ron-english-sketches-grins/images/Sketches/grins/Bat%20Grin%20front%20ORIGINAL.jpg","OK","Ready."
"Grins","Bat Grin version 2","grins","grins","Sketches\grins\bat-grin-version-2.html","https://ronenglish-archive.github.io/ron-english-sketches-grins/Sketches/grins/bat-grin-version-2.html","6","0","https://ronenglish-archive.github.io/ron-english-sketches-grins/images/Sketches/grins/Bat%20Grin%20version%202%20front%20ORIGINAL.jpg","OK","Ready."
"Grins","Batman Grin","grins","grins","Sketches\grins\batman-grin.html","https://ronenglish-archive.github.io/ron-english-sketches-grins/Sketches/grins/batman-grin.html","7","0","https://ronenglish-archive.github.io/ron-english-sketches-grins/images/Sketches/grins/Batman%20Grin%20ORIGINAL%202.jpg","OK","Ready."
"Grins","Batman Grin and Robin 2","grins","grins","Sketches\grins\batman-grin-and-robin-2.html","https://ronenglish-archive.github.io/ron-english-sketches-grins/Sketches/grins/batman-grin-and-robin-2.html","1","0","https://ronenglish-archive.github.io/ron-english-sketches-grins/images/Sketches/grins/Batman%20Grin%20and%20Robin%202%20ORIGINAL.jpg","OK","Ready."
"Grins","Batman Grin Icon","grins","grins","Sketches\grins\batman-grin-icon.html","https://ronenglish-archive.github.io/ron-english-sketches-grins/Sketches/grins/batman-grin-icon.html","2","0","https://ronenglish-archive.github.io/ron-english-sketches-grins/images/Sketches/grins/Batman%20Grin%20Icon%20B%26W.jpg","OK","Ready."
"Grins","Batman Grin Torso","grins","grins","Sketches\grins\batman-grin-torso.html","https://ronenglish-archive.github.io/ron-english-sketches-grins/Sketches/grins/batman-grin-torso.html","4","0","https://ronenglish-archive.github.io/ron-english-sketches-grins/images/Sketches/grins/Batman%20Grin%20three%20quarters%20COLOR%201.png","OK","Ready."
"Grins","Battle Cat Grin","grins","grins","Sketches\grins\battle-cat-grin.html","https://ronenglish-archive.github.io/ron-english-sketches-grins/Sketches/grins/battle-cat-grin.html","0","0","","REVIEW","No image references found."
"Grins","Battle Skull Grin","grins","grins","Sketches\grins\battle-skull-grin.html","https://ronenglish-archive.github.io/ron-english-sketches-grins/Sketches/grins/battle-skull-grin.html","4","0","https://ronenglish-archive.github.io/ron-english-sketches-grins/images/Sketches/grins/Battle%20Skull%20Grin%20ORIGINAL.jpg","OK","Ready."
"Grins","Bearbrick Skull","grins","grins","Sketches\grins\bearbrick-skull.html","https://ronenglish-archive.github.io/ron-english-sketches-grins/Sketches/grins/bearbrick-skull.html","3","0","https://ronenglish-archive.github.io/ron-english-sketches-grins/images/Sketches/grins/Bearbrick%20Skull%20ORIGINAL.jpg","OK","Ready."
"Grins","Bear Grin Forked Tongue","grins","grins","Sketches\grins\bear-grin-forked-tongue.html","https://ronenglish-archive.github.io/ron-english-sketches-grins/Sketches/grins/bear-grin-forked-tongue.html","5","0","https://ronenglish-archive.github.io/ron-english-sketches-grins/images/Sketches/grins/Bear%20Grin%20Forked%20Tongue%20ORIGINAL.jpg","OK","Ready."
"Grins","Beast Man Grin","grins","grins","Sketches\grins\beast-man-grin.html","https://ronenglish-archive.github.io/ron-english-sketches-grins/Sketches/grins/beast-man-grin.html","3","0","https://ronenglish-archive.github.io/ron-english-sketches-grins/images/Sketches/grins/Beast%20Man%20Grin%20ORIGINAL.jpg","OK","Ready."
"Grins","Bert Grin","grins","grins","Sketches\grins\bert-grin.html","https://ronenglish-archive.github.io/ron-english-sketches-grins/Sketches/grins/bert-grin.html","4","0","https://ronenglish-archive.github.io/ron-english-sketches-grins/images/Sketches/grins/Bert%20Grin%20ORIGINAL.jpg","OK","Ready."
"Grins","Big Boy Grin","grins","grins","Sketches\grins\big-boy-grin.html","https://ronenglish-archive.github.io/ron-english-sketches-grins/Sketches/grins/big-boy-grin.html","3","0","https://ronenglish-archive.github.io/ron-english-sketches-grins/images/Sketches/grins/Big%20Boy%20Grin%20ORIGINAL.jpg","OK","Ready."
"Grins","Biggie Grin","grins","grins","Sketches\grins\biggie-grin.html","https://ronenglish-archive.github.io/ron-english-sketches-grins/Sketches/grins/biggie-grin.html","3","0","https://ronenglish-archive.github.io/ron-english-sketches-grins/images/Sketches/grins/Biggie%20Grin%20ORIGINAL%20COLOR.png","OK","Ready."
"Grins","Blanka Grin","grins","grins","Sketches\grins\blanka-grin.html","https://ronenglish-archive.github.io/ron-english-sketches-grins/Sketches/grins/blanka-grin.html","1","0","https://ronenglish-archive.github.io/ron-english-sketches-grins/images/Sketches/grins/Blanka%20Grin%20ORIGINAL.jpg","OK","Ready."
"Grins","Blotchy Grin","grins","grins","Sketches\grins\blotchy-grin.html","https://ronenglish-archive.github.io/ron-english-sketches-grins/Sketches/grins/blotchy-grin.html","2","0","https://ronenglish-archive.github.io/ron-english-sketches-grins/images/Sketches/grins/Blotchy%20Grin%20ORIGINAL.jpg","OK","Ready."
"Grins","Blue From Blue’s Clues Grin","grins","grins","Sketches\grins\blue-from-blue-s-clues-grin.html","https://ronenglish-archive.github.io/ron-english-sketches-grins/Sketches/grins/blue-from-blue-s-clues-grin.html","3","0","https://ronenglish-archive.github.io/ron-english-sketches-grins/images/Sketches/grins/Blue%20From%20Blue%E2%80%99s%20Clues%20Grin%20ORIGINAL.jpg","OK","Ready."
"Grins","Boba Fett Grin","grins","grins","Sketches\grins\boba-fett-grin.html","https://ronenglish-archive.github.io/ron-english-sketches-grins/Sketches/grins/boba-fett-grin.html","12","0","https://ronenglish-archive.github.io/ron-english-sketches-grins/images/Sketches/grins/Boba%20Fett%20Grin%20front%20ORIGINAL.jpg","OK","Ready."
"Grins","Boo Boo Bear Grin","grins","grins","Sketches\grins\boo-boo-bear-grin.html","https://ronenglish-archive.github.io/ron-english-sketches-grins/Sketches/grins/boo-boo-bear-grin.html","3","0","https://ronenglish-archive.github.io/ron-english-sketches-grins/images/Sketches/grins/Boo%20Boo%20Bear%20Grin%20ORIGINAL.jpg","OK","Ready."
"Grins","Bored Ape Grin","grins","grins","Sketches\grins\bored-ape-grin.html","https://ronenglish-archive.github.io/ron-english-sketches-grins/Sketches/grins/bored-ape-grin.html","1","0","https://ronenglish-archive.github.io/ron-english-sketches-grins/images/Sketches/grins/Bored%20Ape%20Cowboy%20Grin%20COLOR.jpg","OK","Ready."
"Grins","B-Rex Grin","grins","grins","Sketches\grins\b-rex-grin.html","https://ronenglish-archive.github.io/ron-english-sketches-grins/Sketches/grins/b-rex-grin.html","7","0","https://ronenglish-archive.github.io/ron-english-sketches-grins/images/Sketches/grins/B-Rex%20Grin%20front%20ORIGINAL.jpg","OK","Ready."
"Grins","Bugs Grin","grins","grins","Sketches\grins\bugs-grin.html","https://ronenglish-archive.github.io/ron-english-sketches-grins/Sketches/grins/bugs-grin.html","3","0","https://ronenglish-archive.github.io/ron-english-sketches-grins/images/Sketches/grins/Bugs%20Grin%20ORIGINAL.jpg","OK","Ready."
"Grins","Bulldog Grin","grins","grins","Sketches\grins\bulldog-grin.html","https://ronenglish-archive.github.io/ron-english-sketches-grins/Sketches/grins/bulldog-grin.html","2","0","https://ronenglish-archive.github.io/ron-english-sketches-grins/images/Sketches/grins/Bulldog%20Grin%20B%26W.jpg","OK","Ready."
"Grins","Businessman Grin","grins","grins","Sketches\grins\businessman-grin.html","https://ronenglish-archive.github.io/ron-english-sketches-grins/Sketches/grins/businessman-grin.html","12","0","https://ronenglish-archive.github.io/ron-english-sketches-grins/images/Sketches/grins/Businessman%20grin%20back%20ORIGINAL.jpg","OK","Ready."
"Grins","Butterfly Wings Grin","grins","grins","Sketches\grins\butterfly-wings-grin.html","https://ronenglish-archive.github.io/ron-english-sketches-grins/Sketches/grins/butterfly-wings-grin.html","2","0","https://ronenglish-archive.github.io/ron-english-sketches-grins/images/Sketches/grins/Butterfly%20Wings%20Grin%201.png","OK","Ready."
"Grins","C3PO Grin","grins","grins","Sketches\grins\c3po-grin.html","https://ronenglish-archive.github.io/ron-english-sketches-grins/Sketches/grins/c3po-grin.html","2","0","https://ronenglish-archive.github.io/ron-english-sketches-grins/images/Sketches/grins/C3PO%20Grin%20B%26W.jpg","OK","Ready."
"Grins","Cafeteria Lady Grin","grins","grins","Sketches\grins\cafeteria-lady-grin.html","https://ronenglish-archive.github.io/ron-english-sketches-grins/Sketches/grins/cafeteria-lady-grin.html","3","0","https://ronenglish-archive.github.io/ron-english-sketches-grins/images/Sketches/grins/Cafeteria%20Lady%20Grin%20ORIGINAL.jpg","OK","Ready."
"Grins","Cap’n Cornstarch Grin","grins","grins","Sketches\grins\cap-n-cornstarch-grin.html","https://ronenglish-archive.github.io/ron-english-sketches-grins/Sketches/grins/cap-n-cornstarch-grin.html","3","0","https://ronenglish-archive.github.io/ron-english-sketches-grins/images/Sketches/grins/Cap%E2%80%99n%20Cornstarch%20Grin%20ORIGINAL.jpg","OK","Ready."
"Grins","Carmelo Grin","grins","grins","Sketches\grins\carmelo-grin.html","https://ronenglish-archive.github.io/ron-english-sketches-grins/Sketches/grins/carmelo-grin.html","3","0","https://ronenglish-archive.github.io/ron-english-sketches-grins/images/Sketches/grins/Carmelo%20Grin%20ORIGINAL.jpg","OK","Ready."
"Grins","Cartman Grin","grins","grins","Sketches\grins\cartman-grin.html","https://ronenglish-archive.github.io/ron-english-sketches-grins/Sketches/grins/cartman-grin.html","8","0","https://ronenglish-archive.github.io/ron-english-sketches-grins/images/Sketches/grins/Cartman%20Grin%20ORIGINAL.jpg","OK","Ready."
"Grins","Catbrain Grin","grins","grins","Sketches\grins\catbrain-grin.html","https://ronenglish-archive.github.io/ron-english-sketches-grins/Sketches/grins/catbrain-grin.html","1","0","https://ronenglish-archive.github.io/ron-english-sketches-grins/images/Sketches/grins/Catbrain%20Grin%20ORIGINAL.jpg","OK","Ready."
"Grins","Cat Grin","grins","grins","Sketches\grins\cat-grin.html","https://ronenglish-archive.github.io/ron-english-sketches-grins/Sketches/grins/cat-grin.html","7","0","https://ronenglish-archive.github.io/ron-english-sketches-grins/images/Sketches/grins/Cat%20Grin%202%20ORIGINAL%202.jpg","OK","Ready."
"Grins","Cat in Hat Grin","grins","grins","Sketches\grins\cat-in-hat-grin.html","https://ronenglish-archive.github.io/ron-english-sketches-grins/Sketches/grins/cat-in-hat-grin.html","3","0","https://ronenglish-archive.github.io/ron-english-sketches-grins/images/Sketches/grins/Cat%20in%20Hat%20Grin%20ORIGINAL.jpg","OK","Ready."
"Grins","Charlie Brown Grin","grins","grins","Sketches\grins\charlie-brown-grin.html","https://ronenglish-archive.github.io/ron-english-sketches-grins/Sketches/grins/charlie-brown-grin.html","6","0","https://ronenglish-archive.github.io/ron-english-sketches-grins/images/Sketches/grins/Charlie%20Brown%20Grin%20back%20ORIGINAL.jpg","OK","Ready."
"Grins","Charlie Grin X Ray","grins","grins","Sketches\grins\charlie-grin-x-ray.html","https://ronenglish-archive.github.io/ron-english-sketches-grins/Sketches/grins/charlie-grin-x-ray.html","4","0","https://ronenglish-archive.github.io/ron-english-sketches-grins/images/Sketches/grins/Charlie%20Grin%20X%20Ray%20ORIGINAL.jpg","OK","Ready."
"Grins","Cheshire Cat Grin","grins","grins","Sketches\grins\cheshire-cat-grin.html","https://ronenglish-archive.github.io/ron-english-sketches-grins/Sketches/grins/cheshire-cat-grin.html","3","0","https://ronenglish-archive.github.io/ron-english-sketches-grins/images/Sketches/grins/Cheshire%20Cat%20Grin%20ORIGINAL.jpg","OK","Ready."
"Grins","Chico Roco","grins","grins","Sketches\grins\chico-roco-grin.html","https://ronenglish-archive.github.io/ron-english-sketches-grins/Sketches/grins/chico-roco-grin.html","15","0","https://ronenglish-archive.github.io/ron-english-sketches-grins/images/Sketches/grins/Chico%20Roco%20back%20ORIGINAL.jpg","OK","Ready."
"Grins","Chuckie Grin","grins","grins","Sketches\grins\chuckie-grin.html","https://ronenglish-archive.github.io/ron-english-sketches-grins/Sketches/grins/chuckie-grin.html","2","0","https://ronenglish-archive.github.io/ron-english-sketches-grins/images/Sketches/grins/Chuckie%20Grin%20ORIGINAL.jpg","OK","Ready."
"Grins","Count Calorie Grin","grins","grins","Sketches\grins\count-calorie-grin.html","https://ronenglish-archive.github.io/ron-english-sketches-grins/Sketches/grins/count-calorie-grin.html","3","0","https://ronenglish-archive.github.io/ron-english-sketches-grins/images/Sketches/grins/Count%20Calorie%20Grin%20ORIGINAL.jpg","OK","Ready."
"Grins","Courage Dog Grin","grins","grins","Sketches\grins\courage-dog-grin.html","https://ronenglish-archive.github.io/ron-english-sketches-grins/Sketches/grins/courage-dog-grin.html","3","0","https://ronenglish-archive.github.io/ron-english-sketches-grins/images/Sketches/grins/Courage%20Dog%20Grin%20ORIGINAL.jpg","OK","Ready."
"Grins","COVID Grin","grins","grins","Sketches\grins\covid-grin.html","https://ronenglish-archive.github.io/ron-english-sketches-grins/Sketches/grins/covid-grin.html","4","0","https://ronenglish-archive.github.io/ron-english-sketches-grins/images/Sketches/grins/COVID%20Grin%20ORIGINAL.jpg","OK","Ready."
"Grins","Cow Grin","grins","grins","Sketches\grins\cow-grin.html","https://ronenglish-archive.github.io/ron-english-sketches-grins/Sketches/grins/cow-grin.html","3","0","https://ronenglish-archive.github.io/ron-english-sketches-grins/images/Sketches/grins/Cow%20Grin%20ORIGINAL.jpg","OK","Ready."
"Grins","Creepy Creature","grins","grins","Sketches\grins\creepy-creature.html","https://ronenglish-archive.github.io/ron-english-sketches-grins/Sketches/grins/creepy-creature.html","3","0","https://ronenglish-archive.github.io/ron-english-sketches-grins/images/Sketches/grins/Creepy%20Creature%20ORIGINAL.jpg","OK","Ready."
"Grins","Croc Grin","grins","grins","Sketches\grins\croc-grin.html","https://ronenglish-archive.github.io/ron-english-sketches-grins/Sketches/grins/croc-grin.html","3","0","https://ronenglish-archive.github.io/ron-english-sketches-grins/images/Sketches/grins/Croc%20Grin%20ORIGINAL.jpg","OK","Ready."
"Grins","Cryptopunk Grin","grins","grins","Sketches\grins\cryptopunk-grin.html","https://ronenglish-archive.github.io/ron-english-sketches-grins/Sketches/grins/cryptopunk-grin.html","8","0","https://ronenglish-archive.github.io/ron-english-sketches-grins/images/Sketches/grins/Cryptopunk%20Grin%20COLOR.png","OK","Ready."
"Grins","Darth Vader Grin","grins","grins","Sketches\grins\darth-vader-grin.html","https://ronenglish-archive.github.io/ron-english-sketches-grins/Sketches/grins/darth-vader-grin.html","8","0","https://ronenglish-archive.github.io/ron-english-sketches-grins/images/Sketches/grins/Darth%20Grin%20ORIGINAL.jpg","OK","Ready."
"Grins","David Grin","grins","grins","Sketches\grins\david-grin.html","https://ronenglish-archive.github.io/ron-english-sketches-grins/Sketches/grins/david-grin.html","3","0","https://ronenglish-archive.github.io/ron-english-sketches-grins/images/Sketches/grins/David%20Grin%20ORIGINAL.jpg","OK","Ready."
"Grins","DEADMAU5 Grin","grins","grins","Sketches\grins\deadmau5-grin.html","https://ronenglish-archive.github.io/ron-english-sketches-grins/Sketches/grins/deadmau5-grin.html","16","0","https://ronenglish-archive.github.io/ron-english-sketches-grins/images/Sketches/grins/DEADMAU5%20Grin%20Running%20ORIGINAL.jpg","OK","Ready."
"Grins","Dementon Grin","grins","grins","Sketches\grins\dementon-grin.html","https://ronenglish-archive.github.io/ron-english-sketches-grins/Sketches/grins/dementon-grin.html","3","0","https://ronenglish-archive.github.io/ron-english-sketches-grins/images/Sketches/grins/Dementon%20Grin%20ORIGINAL.jpg","OK","Ready."
"Grins","Deputy Dog Grin","grins","grins","Sketches\grins\deputy-dog-grin.html","https://ronenglish-archive.github.io/ron-english-sketches-grins/Sketches/grins/deputy-dog-grin.html","2","0","https://ronenglish-archive.github.io/ron-english-sketches-grins/images/Sketches/grins/Deputy%20Dog%20Grin%20COLOR.jpg","OK","Ready."
"Grins","Devil Grin","grins","grins","Sketches\grins\devil-grin.html","https://ronenglish-archive.github.io/ron-english-sketches-grins/Sketches/grins/devil-grin.html","3","0","https://ronenglish-archive.github.io/ron-english-sketches-grins/images/Sketches/grins/Devil%20Grin%20B%26W.jpg","OK","Ready."
"Grins","Devine Devil","grins","grins","Sketches\grins\devine-devil.html","https://ronenglish-archive.github.io/ron-english-sketches-grins/Sketches/grins/devine-devil.html","1","0","https://ronenglish-archive.github.io/ron-english-sketches-grins/images/Sketches/grins/Devine%20Devil%20COLOR.jpg","OK","Ready."
"Grins","Dino Heart Grin","grins","grins","Sketches\grins\dino-heart-grin.html","https://ronenglish-archive.github.io/ron-english-sketches-grins/Sketches/grins/dino-heart-grin.html","3","0","https://ronenglish-archive.github.io/ron-english-sketches-grins/images/Sketches/grins/Dino%20Heart%20Grin%20ORIGINAL.jpg","OK","Ready."
"Grins","DJ Grin","grins","grins","Sketches\grins\dj-grin.html","https://ronenglish-archive.github.io/ron-english-sketches-grins/Sketches/grins/dj-grin.html","2","0","https://ronenglish-archive.github.io/ron-english-sketches-grins/images/Sketches/grins/DJ%20Grin%20B%26W.jpg","OK","Ready."
"Grins","Dog Grin","grins","grins","Sketches\grins\dog-grin.html","https://ronenglish-archive.github.io/ron-english-sketches-grins/Sketches/grins/dog-grin.html","5","0","https://ronenglish-archive.github.io/ron-english-sketches-grins/images/Sketches/grins/Dog%20Grin%20ORIGINAL.jpg","OK","Ready."
"Grins","Dog Head Grin","grins","grins","Sketches\grins\dog-head-grin.html","https://ronenglish-archive.github.io/ron-english-sketches-grins/Sketches/grins/dog-head-grin.html","3","0","https://ronenglish-archive.github.io/ron-english-sketches-grins/images/Sketches/grins/Dog%20Head%20Grin%20ORIGINAL.jpg","OK","Ready."
"Grins","Dr Bub Quack Grin","grins","grins","Sketches\grins\dr-bub-quack-grin.html","https://ronenglish-archive.github.io/ron-english-sketches-grins/Sketches/grins/dr-bub-quack-grin.html","4","0","https://ronenglish-archive.github.io/ron-english-sketches-grins/images/Sketches/grins/Dr%20Bub%20Quack%20Animation%201.jpg","OK","Ready."
"Grins","Drink the Koolaid","grins","grins","Sketches\grins\drink-the-koolaid.html","https://ronenglish-archive.github.io/ron-english-sketches-grins/Sketches/grins/drink-the-koolaid.html","2","0","https://ronenglish-archive.github.io/ron-english-sketches-grins/images/Sketches/grins/Drink%20the%20Koolaid%201.png","OK","Ready."
"Grins","Dripping Grin","grins","grins","Sketches\grins\dripping-grin.html","https://ronenglish-archive.github.io/ron-english-sketches-grins/Sketches/grins/dripping-grin.html","9","0","https://ronenglish-archive.github.io/ron-english-sketches-grins/images/Sketches/grins/Dripping%20Grin%20head%20COLOR%203.png","OK","Ready."
"Grins","Droopy Dog Grin","grins","grins","Sketches\grins\droopy-dog-grin.html","https://ronenglish-archive.github.io/ron-english-sketches-grins/Sketches/grins/droopy-dog-grin.html","2","0","https://ronenglish-archive.github.io/ron-english-sketches-grins/images/Sketches/grins/Droopy%20Dog%20Grin%20ORIGINAL.jpg","OK","Ready."
"Grins","Dunny Grin","grins","grins","Sketches\grins\dunny-grin.html","https://ronenglish-archive.github.io/ron-english-sketches-grins/Sketches/grins/dunny-grin.html","8","0","https://ronenglish-archive.github.io/ron-english-sketches-grins/images/Sketches/grins/Dunny%20Grin%20front%20ORIGINAL.jpg","OK","Ready."
"Grins","Elefanka With Angel Wings Grin","grins","grins","Sketches\grins\elefanka-with-angel-wings-grin.html","https://ronenglish-archive.github.io/ron-english-sketches-grins/Sketches/grins/elefanka-with-angel-wings-grin.html","2","0","https://ronenglish-archive.github.io/ron-english-sketches-grins/images/Sketches/grins/Elefanka%20With%20Angel%20Wings%20Grin%20B%26W.jpg","OK","Ready."
"Grins","Elephant Grin","grins","grins","Sketches\grins\elephant-grin.html","https://ronenglish-archive.github.io/ron-english-sketches-grins/Sketches/grins/elephant-grin.html","5","0","https://ronenglish-archive.github.io/ron-english-sketches-grins/images/Sketches/grins/Elephant%20Grin%20ORIGINAL.jpg","OK","Ready."
"Grins","Elmo Grin","grins","grins","Sketches\grins\elmo-grin.html","https://ronenglish-archive.github.io/ron-english-sketches-grins/Sketches/grins/elmo-grin.html","3","0","https://ronenglish-archive.github.io/ron-english-sketches-grins/images/Sketches/grins/Elmo%20Grin%20ORIGINAL.jpg","OK","Ready."
"Grins","Eminem Grin","grins","grins","Sketches\grins\eminem-grin.html","https://ronenglish-archive.github.io/ron-english-sketches-grins/Sketches/grins/eminem-grin.html","3","0","https://ronenglish-archive.github.io/ron-english-sketches-grins/images/Sketches/grins/Eminem%20Grin%20ORIGINAL.jpg","OK","Ready."
"Grins","Ernie Grin","grins","grins","Sketches\grins\ernie-grin.html","https://ronenglish-archive.github.io/ron-english-sketches-grins/Sketches/grins/ernie-grin.html","4","0","https://ronenglish-archive.github.io/ron-english-sketches-grins/images/Sketches/grins/Ernie%20Grin%20ORIGINAL.jpg","OK","Ready."
"Grins","EZ Nuts Grin","grins","grins","Sketches\grins\ez-nuts-grin.html","https://ronenglish-archive.github.io/ron-english-sketches-grins/Sketches/grins/ez-nuts-grin.html","3","0","https://ronenglish-archive.github.io/ron-english-sketches-grins/images/Sketches/grins/EZ%20Nuts%20Grin%201%20COLOR.jpg","OK","Ready."
"Grins","Fat Stormtrooper Grin","grins","grins","Sketches\grins\fat-stormtrooper-grin.html","https://ronenglish-archive.github.io/ron-english-sketches-grins/Sketches/grins/fat-stormtrooper-grin.html","1","0","https://ronenglish-archive.github.io/ron-english-sketches-grins/images/Sketches/grins/Fat%20Stormtrooper%20Grin%20back%20ORIGINAL.jpg","OK","Ready."
"Grins","Faze Banks Grin","grins","grins","Sketches\grins\faze-banks-grin.html","https://ronenglish-archive.github.io/ron-english-sketches-grins/Sketches/grins/faze-banks-grin.html","2","0","https://ronenglish-archive.github.io/ron-english-sketches-grins/images/Sketches/grins/Faze%20Banks%20Grin%20COLOR.jpg","OK","Ready."
"Grins","Felix Grin","grins","grins","Sketches\grins\felix-grin.html","https://ronenglish-archive.github.io/ron-english-sketches-grins/Sketches/grins/felix-grin.html","8","0","https://ronenglish-archive.github.io/ron-english-sketches-grins/images/Sketches/grins/Felix%20Grin%20Front%20ORIGINAL.jpg","OK","Ready."
"Grins","Finn Grin","grins","grins","Sketches\grins\finn-grin.html","https://ronenglish-archive.github.io/ron-english-sketches-grins/Sketches/grins/finn-grin.html","3","0","https://ronenglish-archive.github.io/ron-english-sketches-grins/images/Sketches/grins/Finn%20Grin%20B%26W.jpg","OK","Ready."
"Grins","Firecracker Skeleton Grin","grins","grins","Sketches\grins\firecracker-skeleton-grin.html","https://ronenglish-archive.github.io/ron-english-sketches-grins/Sketches/grins/firecracker-skeleton-grin.html","2","0","https://ronenglish-archive.github.io/ron-english-sketches-grins/images/Sketches/grins/Firecracker%20Skeleton%20Grin%20ORIGINAL.jpg","OK","Ready."
"Grins","Flaming O Grin","grins","grins","Sketches\grins\flaming-o-grin.html","https://ronenglish-archive.github.io/ron-english-sketches-grins/Sketches/grins/flaming-o-grin.html","3","0","https://ronenglish-archive.github.io/ron-english-sketches-grins/images/Sketches/grins/Flaming%20O%20Grin%20ORIGINAL.jpg","OK","Ready."
"Grins","Floating Grinnie","grins","grins","Sketches\grins\floating-grinnie.html","https://ronenglish-archive.github.io/ron-english-sketches-grins/Sketches/grins/floating-grinnie.html","1","0","https://ronenglish-archive.github.io/ron-english-sketches-grins/images/Sketches/grins/Floating%20Grinnie%20ORIGINAL.jpg","OK","Ready."
"Grins","Flower Brain Grin","grins","grins","Sketches\grins\flower-brain-grin.html","https://ronenglish-archive.github.io/ron-english-sketches-grins/Sketches/grins/flower-brain-grin.html","1","0","https://ronenglish-archive.github.io/ron-english-sketches-grins/images/Sketches/grins/Flower%20Brain%20Grin%20COLOR.png","OK","Ready."
"Grins","Flower Grin","grins","grins","Sketches\grins\flower-grin.html","https://ronenglish-archive.github.io/ron-english-sketches-grins/Sketches/grins/flower-grin.html","3","0","https://ronenglish-archive.github.io/ron-english-sketches-grins/images/Sketches/grins/Flower%20Grin%20COLOR.jpg","OK","Ready."
"Grins","Flower Grin version 2","grins","grins","Sketches\grins\flower-grin-version-2.html","https://ronenglish-archive.github.io/ron-english-sketches-grins/Sketches/grins/flower-grin-version-2.html","3","0","https://ronenglish-archive.github.io/ron-english-sketches-grins/images/Sketches/grins/Flower%20Grin%20version%202%20ORIGINAL.jpg","OK","Ready."
"Grins","Football Grin","grins","grins","Sketches\grins\football-grin.html","https://ronenglish-archive.github.io/ron-english-sketches-grins/Sketches/grins/football-grin.html","1","0","https://ronenglish-archive.github.io/ron-english-sketches-grins/images/Sketches/grins/Football%20Grin%20ORIGINAL.jpg","OK","Ready."
"Grins","Football Player Grin","grins","grins","Sketches\grins\football-player-grin.html","https://ronenglish-archive.github.io/ron-english-sketches-grins/Sketches/grins/football-player-grin.html","3","0","https://ronenglish-archive.github.io/ron-english-sketches-grins/images/Sketches/grins/Football%20Player%20Grin%20ORIGINAL.jpg","OK","Ready."
"Grins","Foot in Mouth","grins","grins","Sketches\grins\foot-in-mouth.html","https://ronenglish-archive.github.io/ron-english-sketches-grins/Sketches/grins/foot-in-mouth.html","1","0","https://ronenglish-archive.github.io/ron-english-sketches-grins/images/Sketches/grins/Foot%20in%20Mouth%20ORIGINAL%20COLOR.jpg","OK","Ready."
"Grins","Franken Fat Grin","grins","grins","Sketches\grins\franken-fat-grin.html","https://ronenglish-archive.github.io/ron-english-sketches-grins/Sketches/grins/franken-fat-grin.html","3","0","https://ronenglish-archive.github.io/ron-english-sketches-grins/images/Sketches/grins/Franken%20Fat%20Grin%20ORIGINAL.jpg","OK","Ready."
"Grins","Franken Grin","grins","grins","Sketches\grins\franken-grin.html","https://ronenglish-archive.github.io/ron-english-sketches-grins/Sketches/grins/franken-grin.html","1","0","https://ronenglish-archive.github.io/ron-english-sketches-grins/images/Sketches/grins/Franken%20Grin%20COLOR.png","OK","Ready."
"Grins","Freak Bro Afro Stache","grins","grins","Sketches\grins\freak-bro-afro-stache.html","https://ronenglish-archive.github.io/ron-english-sketches-grins/Sketches/grins/freak-bro-afro-stache.html","3","0","https://ronenglish-archive.github.io/ron-english-sketches-grins/images/Sketches/grins/Freak%20Bro%20Afro%20Stache%20ORIGINAL.jpg","OK","Ready."
"Grins","Freak Bro Grin","grins","grins","Sketches\grins\freak-bro-grin.html","https://ronenglish-archive.github.io/ron-english-sketches-grins/Sketches/grins/freak-bro-grin.html","2","0","https://ronenglish-archive.github.io/ron-english-sketches-grins/images/Sketches/grins/Freak%20Bro%20Grin%20ORIGINAL.jpg","OK","Ready."
"Grins","Freak Cat","grins","grins","Sketches\grins\freak-cat.html","https://ronenglish-archive.github.io/ron-english-sketches-grins/Sketches/grins/freak-cat.html","3","0","https://ronenglish-archive.github.io/ron-english-sketches-grins/images/Sketches/grins/Freak%20Cat%20ORIGINAL.jpg","OK","Ready."
"Grins","Freddy Funko Grin","grins","grins","Sketches\grins\freddy-funko-grin.html","https://ronenglish-archive.github.io/ron-english-sketches-grins/Sketches/grins/freddy-funko-grin.html","2","0","https://ronenglish-archive.github.io/ron-english-sketches-grins/images/Sketches/grins/Freddy%20Funko%20Grin%20B%26W.jpg","OK","Ready."
"Grins","Freddy Funko Grin 2","grins","grins","Sketches\grins\freddy-funko-grin-2.html","https://ronenglish-archive.github.io/ron-english-sketches-grins/Sketches/grins/freddy-funko-grin-2.html","2","0","https://ronenglish-archive.github.io/ron-english-sketches-grins/images/Sketches/grins/Freddy%20Funko%20Grin%202%20B%26W.jpg","OK","Ready."
"Grins","Garfield Grin","grins","grins","Sketches\grins\garfield-grin.html","https://ronenglish-archive.github.io/ron-english-sketches-grins/Sketches/grins/garfield-grin.html","3","0","https://ronenglish-archive.github.io/ron-english-sketches-grins/images/Sketches/grins/Garfield%20Grin%20ORIGINAL.jpg","OK","Ready."
"Grins","George Jetson Grin","grins","grins","Sketches\grins\george-jetson-grin.html","https://ronenglish-archive.github.io/ron-english-sketches-grins/Sketches/grins/george-jetson-grin.html","3","0","https://ronenglish-archive.github.io/ron-english-sketches-grins/images/Sketches/grins/George%20Jetson%20Grin%20ORIGINAL.jpg","OK","Ready."
"Grins","Ghostbuster Grin","grins","grins","Sketches\grins\ghostbuster-grin.html","https://ronenglish-archive.github.io/ron-english-sketches-grins/Sketches/grins/ghostbuster-grin.html","1","0","https://ronenglish-archive.github.io/ron-english-sketches-grins/images/Sketches/grins/Ghostbuster%20Grin%20ORIGINAL.jpg","OK","Ready."
"Grins","Godzilla Heart Grin","grins","grins","Sketches\grins\godzilla-heart-grin.html","https://ronenglish-archive.github.io/ron-english-sketches-grins/Sketches/grins/godzilla-heart-grin.html","3","0","https://ronenglish-archive.github.io/ron-english-sketches-grins/images/Sketches/grins/Godzilla%20Heart%20Grin%20ORIGINAL.jpg","OK","Ready."
"Grins","Gorilla grin","grins","grins","Sketches\grins\gorilla-grin.html","https://ronenglish-archive.github.io/ron-english-sketches-grins/Sketches/grins/gorilla-grin.html","3","0","https://ronenglish-archive.github.io/ron-english-sketches-grins/images/Sketches/grins/Gorilla%20Grin%20COLOR.jpg","OK","Ready."
"Grins","Gorilla Grin 2","grins","grins","Sketches\grins\gorilla-grin-2.html","https://ronenglish-archive.github.io/ron-english-sketches-grins/Sketches/grins/gorilla-grin-2.html","8","0","https://ronenglish-archive.github.io/ron-english-sketches-grins/images/Sketches/grins/Gorilla%20Grin%202%20back%20ORIGINAL.jpg","OK","Ready."
"Grins","Grim Grin","grins","grins","Sketches\grins\grim-grin.html","https://ronenglish-archive.github.io/ron-english-sketches-grins/Sketches/grins/grim-grin.html","11","0","https://ronenglish-archive.github.io/ron-english-sketches-grins/images/Sketches/grins/Grim%20Grin%20(Grin%20Reaper)%20ORIGINAL.jpg","OK","Ready."
"Grins","Grin","grins","grins","Sketches\grins\grin.html","https://ronenglish-archive.github.io/ron-english-sketches-grins/Sketches/grins/grin.html","6","0","https://ronenglish-archive.github.io/ron-english-sketches-grins/images/Sketches/grins/Grin%20B%26W.jpg","OK","Ready."
"Grins","Grin Brain Cone","grins","grins","Sketches\grins\grin-brain-cone.html","https://ronenglish-archive.github.io/ron-english-sketches-grins/Sketches/grins/grin-brain-cone.html","3","0","https://ronenglish-archive.github.io/ron-english-sketches-grins/images/Sketches/grins/Grin%20Brain%20Cone%20ORIGINAL.jpg","OK","Ready."
"Grins","Grin Bunny Ears","grins","grins","Sketches\grins\grin-bunny-ears.html","https://ronenglish-archive.github.io/ron-english-sketches-grins/Sketches/grins/grin-bunny-ears.html","5","0","https://ronenglish-archive.github.io/ron-english-sketches-grins/images/Sketches/grins/Grin%20Bunny%20Three%20Ears%20ORIGINAL.jpg","OK","Ready."
"Grins","Grin Car","grins","grins","Sketches\grins\grin-car.html","https://ronenglish-archive.github.io/ron-english-sketches-grins/Sketches/grins/grin-car.html","12","0","https://ronenglish-archive.github.io/ron-english-sketches-grins/images/Sketches/grins/Grin%20Car%20front%20ORIGINAL.jpg","OK","Ready."
"Grins","Grinch Grin","grins","grins","Sketches\grins\grinch-grin.html","https://ronenglish-archive.github.io/ron-english-sketches-grins/Sketches/grins/grinch-grin.html","3","0","https://ronenglish-archive.github.io/ron-english-sketches-grins/images/Sketches/grins/Grinch%20Grin%20ORIGINAL.jpg","OK","Ready."
"Grins","Grin Flower","grins","grins","Sketches\grins\grin-flower.html","https://ronenglish-archive.github.io/ron-english-sketches-grins/Sketches/grins/grin-flower.html","3","0","https://ronenglish-archive.github.io/ron-english-sketches-grins/images/Sketches/grins/Grin%20Flower%20ORIGINAL.jpg","OK","Ready."
"Grins","Grin God","grins","grins","Sketches\grins\grin-god.html","https://ronenglish-archive.github.io/ron-english-sketches-grins/Sketches/grins/grin-god.html","13","0","https://ronenglish-archive.github.io/ron-english-sketches-grins/images/Sketches/grins/Grin%20God%20back%20ORIGINAL.jpg","OK","Ready."
"Grins","Grin Kitty","grins","grins","Sketches\grins\grin-kitty.html","https://ronenglish-archive.github.io/ron-english-sketches-grins/Sketches/grins/grin-kitty.html","2","0","https://ronenglish-archive.github.io/ron-english-sketches-grins/images/Sketches/grins/Grin%20Kitty%20ORIGINAL.jpg","OK","Ready."
"Grins","Grin Mouth","grins","grins","Sketches\grins\grin-mouth.html","https://ronenglish-archive.github.io/ron-english-sketches-grins/Sketches/grins/grin-mouth.html","1","0","https://ronenglish-archive.github.io/ron-english-sketches-grins/images/Sketches/grins/Grin%20Mouth%20ORIGINAL.jpg","OK","Ready."
"Grins","Grinnie Delusionville Pilot","grins","grins","Sketches\grins\grinnie-delusionville-pilot.html","https://ronenglish-archive.github.io/ron-english-sketches-grins/Sketches/grins/grinnie-delusionville-pilot.html","8","0","https://ronenglish-archive.github.io/ron-english-sketches-grins/images/Sketches/grins/Grinnie%20Delusionville%20Pilot%20side%20COLOR.jpg","OK","Ready."
"Grins","Grinnie on Horseback","grins","grins","Sketches\grins\grinnie-on-horseback.html","https://ronenglish-archive.github.io/ron-english-sketches-grins/Sketches/grins/grinnie-on-horseback.html","2","0","https://ronenglish-archive.github.io/ron-english-sketches-grins/images/Sketches/grins/Grinnie%20on%20Horseback%20ORIGINAL%202.jpg","OK","Ready."
"Grins","Grinnies Grin","grins","grins","Sketches\grins\grinnies-grin.html","https://ronenglish-archive.github.io/ron-english-sketches-grins/Sketches/grins/grinnies-grin.html","3","0","https://ronenglish-archive.github.io/ron-english-sketches-grins/images/Sketches/grins/Grinnies%20Grin%20ORIGINAL%202.jpg","OK","Ready."
"Grins","Grinnies on TV","grins","grins","Sketches\grins\grinnies-on-tv.html","https://ronenglish-archive.github.io/ron-english-sketches-grins/Sketches/grins/grinnies-on-tv.html","3","0","https://ronenglish-archive.github.io/ron-english-sketches-grins/images/Sketches/grins/Grinnies%20on%20TV%20ORIGINAL.jpg","OK","Ready."
"Grins","Grin Planet","grins","grins","Sketches\grins\grin-planet.html","https://ronenglish-archive.github.io/ron-english-sketches-grins/Sketches/grins/grin-planet.html","2","0","https://ronenglish-archive.github.io/ron-english-sketches-grins/images/Sketches/grins/Grin%20Planet%20B%26W.png","OK","Ready."
"Grins","Grinplanet Nobody","grins","grins","Sketches\grins\grinplanet-nobody.html","https://ronenglish-archive.github.io/ron-english-sketches-grins/Sketches/grins/grinplanet-nobody.html","13","0","https://ronenglish-archive.github.io/ron-english-sketches-grins/images/Sketches/grins/Grinplanet%20Nobody%20COLOR.jpg","OK","Ready."
"Grins","Grin Reaper version 2","grins","grins","Sketches\grins\grin-reaper-version-2.html","https://ronenglish-archive.github.io/ron-english-sketches-grins/Sketches/grins/grin-reaper-version-2.html","2","0","https://ronenglish-archive.github.io/ron-english-sketches-grins/images/Sketches/grins/Grin%20Reaper%20version%202%20B%26W.jpg","OK","Ready."
"Grins","Grin Reaper With Facemask","grins","grins","Sketches\grins\grin-reaper-with-facemask.html","https://ronenglish-archive.github.io/ron-english-sketches-grins/Sketches/grins/grin-reaper-with-facemask.html","3","0","https://ronenglish-archive.github.io/ron-english-sketches-grins/images/Sketches/grins/Grin%20Reaper%20With%20Facemask%20ORIGINAL%20COLOR%201.jpg","OK","Ready."
"Grins","Grin Smoker","grins","grins","Sketches\grins\grin-smoker.html","https://ronenglish-archive.github.io/ron-english-sketches-grins/Sketches/grins/grin-smoker.html","4","0","https://ronenglish-archive.github.io/ron-english-sketches-grins/images/Sketches/grins/Grin%20Smoker%20Portrait%20ORIGINAL.jpg","OK","Ready."
"Grins","Grogu Grin","grins","grins","Sketches\grins\grogu-grin.html","https://ronenglish-archive.github.io/ron-english-sketches-grins/Sketches/grins/grogu-grin.html","2","0","https://ronenglish-archive.github.io/ron-english-sketches-grins/images/Sketches/grins/Grogu%20Grin%20B%26W.jpg","OK","Ready."
"Grins","Grouch Grin","grins","grins","Sketches\grins\grouch-grin.html","https://ronenglish-archive.github.io/ron-english-sketches-grins/Sketches/grins/grouch-grin.html","3","0","https://ronenglish-archive.github.io/ron-english-sketches-grins/images/Sketches/grins/Grouch%20Grin%20ORIGINAL.jpg","OK","Ready."
"Grins","Gummy Bear Grin","grins","grins","Sketches\grins\gummy-bear-grin.html","https://ronenglish-archive.github.io/ron-english-sketches-grins/Sketches/grins/gummy-bear-grin.html","3","0","https://ronenglish-archive.github.io/ron-english-sketches-grins/images/Sketches/grins/Gummy%20Bear%20Grin%20ORIGINAL.jpg","OK","Ready."
"Grins","Hawaiian Punch Grin","grins","grins","Sketches\grins\hawaiian-punch-grin.html","https://ronenglish-archive.github.io/ron-english-sketches-grins/Sketches/grins/hawaiian-punch-grin.html","3","0","https://ronenglish-archive.github.io/ron-english-sketches-grins/images/Sketches/grins/Hawaiian%20Punch%20Grin%20ORIGINAL.jpg","OK","Ready."
"Grins","Hello Kitty Grin","grins","grins","Sketches\grins\hello-kitty-grin.html","https://ronenglish-archive.github.io/ron-english-sketches-grins/Sketches/grins/hello-kitty-grin.html","11","0","https://ronenglish-archive.github.io/ron-english-sketches-grins/images/Sketches/grins/Hello%20Kitty%20Grin%20left%20side%20ORIGINAL.jpg","OK","Ready."
"Grins","Homer Grin","grins","grins","Sketches\grins\homer-grin.html","https://ronenglish-archive.github.io/ron-english-sketches-grins/Sketches/grins/homer-grin.html","36","0","https://ronenglish-archive.github.io/ron-english-sketches-grins/images/Sketches/grins/Homer%20Grin%20headshot%20side%20ORIGINAL.jpg","OK","Ready."
"Grins","Honey Butts Grin","grins","grins","Sketches\grins\honey-butts-grin.html","https://ronenglish-archive.github.io/ron-english-sketches-grins/Sketches/grins/honey-butts-grin.html","3","0","https://ronenglish-archive.github.io/ron-english-sketches-grins/images/Sketches/grins/Honey%20Butts%20Grin%20ORIGINAL.jpg","OK","Ready."
"Grins","Hound Grin","grins","grins","Sketches\grins\hound-grin.html","https://ronenglish-archive.github.io/ron-english-sketches-grins/Sketches/grins/hound-grin.html","3","0","https://ronenglish-archive.github.io/ron-english-sketches-grins/images/Sketches/grins/Hound%20Grin%20Face%20ORIGINAL.jpg","OK","Ready."
"Grins","HR Puffenstuff Grin","grins","grins","Sketches\grins\hr-puffenstuff-grin.html","https://ronenglish-archive.github.io/ron-english-sketches-grins/Sketches/grins/hr-puffenstuff-grin.html","3","0","https://ronenglish-archive.github.io/ron-english-sketches-grins/images/Sketches/grins/HR%20Puffenstuff%20Grin%20ORIGINAL.jpg","OK","Ready."
"Grins","Jake Grin","grins","grins","Sketches\grins\jake-grin.html","https://ronenglish-archive.github.io/ron-english-sketches-grins/Sketches/grins/jake-grin.html","4","0","https://ronenglish-archive.github.io/ron-english-sketches-grins/images/Sketches/grins/Jake%20the%20Dog%20Grin%20ORIGINAL.jpg","OK","Ready."
"Grins","Jane Jetson Grin","grins","grins","Sketches\grins\jane-jetson-grin.html","https://ronenglish-archive.github.io/ron-english-sketches-grins/Sketches/grins/jane-jetson-grin.html","3","0","https://ronenglish-archive.github.io/ron-english-sketches-grins/images/Sketches/grins/Jane%20Jetson%20Grin%20ORIGINAL.jpg","OK","Ready."
"Grins","Jeremiah Grin","grins","grins","Sketches\grins\jeremiah-grin.html","https://ronenglish-archive.github.io/ron-english-sketches-grins/Sketches/grins/jeremiah-grin.html","4","0","https://ronenglish-archive.github.io/ron-english-sketches-grins/images/Sketches/grins/Jeremiah%20Grin%201%20ORIGINAL.jpg","OK","Ready."
"Grins","Jimi Hendrix Grin","grins","grins","Sketches\grins\jimi-hendrix-grin.html","https://ronenglish-archive.github.io/ron-english-sketches-grins/Sketches/grins/jimi-hendrix-grin.html","5","0","https://ronenglish-archive.github.io/ron-english-sketches-grins/images/Sketches/grins/Jimi%20Hendrix%20Grin%20ORIGINAL.jpg","OK","Ready."
"Grins","Joker Grin","grins","grins","Sketches\grins\joker-grin.html","https://ronenglish-archive.github.io/ron-english-sketches-grins/Sketches/grins/joker-grin.html","3","0","https://ronenglish-archive.github.io/ron-english-sketches-grins/images/Sketches/grins/Joker%20Grin%20ORIGINAL.jpg","OK","Ready."
"Grins","Kanegon Grin","grins","grins","Sketches\grins\kanegon-grin.html","https://ronenglish-archive.github.io/ron-english-sketches-grins/Sketches/grins/kanegon-grin.html","6","0","https://ronenglish-archive.github.io/ron-english-sketches-grins/images/Sketches/grins/Kanegon%20Grin%20side%20ORIGINAL.jpg","OK","Ready."
"Grins","Kevin Durant Grin","grins","grins","Sketches\grins\kevin-durant-grin.html","https://ronenglish-archive.github.io/ron-english-sketches-grins/Sketches/grins/kevin-durant-grin.html","7","0","https://ronenglish-archive.github.io/ron-english-sketches-grins/images/Sketches/grins/Kevin%20Durant%20Grin%20With%20Ball%20ORIGINAL.jpeg","OK","Ready."
"Grins","Kiss Gene Grin","grins","grins","Sketches\grins\kiss-gene-grin.html","https://ronenglish-archive.github.io/ron-english-sketches-grins/Sketches/grins/kiss-gene-grin.html","3","0","https://ronenglish-archive.github.io/ron-english-sketches-grins/images/Sketches/grins/Kiss%20Gene%20Grin%20ORIGINAL.jpg","OK","Ready."
"Grins","Krusty the Clown Grin","grins","grins","Sketches\grins\krusty-the-clown-grin.html","https://ronenglish-archive.github.io/ron-english-sketches-grins/Sketches/grins/krusty-the-clown-grin.html","9","0","https://ronenglish-archive.github.io/ron-english-sketches-grins/images/Sketches/grins/Krusty%20the%20Clown%20Grin%20front%20ORIGINAL.jpg","OK","Ready."
"Grins","Kursed Grin","grins","grins","Sketches\grins\kursed-grin.html","https://ronenglish-archive.github.io/ron-english-sketches-grins/Sketches/grins/kursed-grin.html","2","0","https://ronenglish-archive.github.io/ron-english-sketches-grins/images/Sketches/grins/Kursed%20Grin%20Side%20View%20COLOR.jpg","OK","Ready."
"Grins","Lagoon Creature Grin","grins","grins","Sketches\grins\lagoon-creature-grin.html","https://ronenglish-archive.github.io/ron-english-sketches-grins/Sketches/grins/lagoon-creature-grin.html","1","0","https://ronenglish-archive.github.io/ron-english-sketches-grins/images/Sketches/grins/Lagoon%20Creature%20Grin%20COLOR.jpg","OK","Ready."
"Grins","Lemon Boy Grin","grins","grins","Sketches\grins\lemon-boy-grin.html","https://ronenglish-archive.github.io/ron-english-sketches-grins/Sketches/grins/lemon-boy-grin.html","4","0","https://ronenglish-archive.github.io/ron-english-sketches-grins/images/Sketches/grins/Lemon%20Boy%20Grin%20Walking%20face%20ORIGINAL.jpg","OK","Ready."
"Grins","Leopard Grin","grins","grins","Sketches\grins\leopard-grin.html","https://ronenglish-archive.github.io/ron-english-sketches-grins/Sketches/grins/leopard-grin.html","3","0","https://ronenglish-archive.github.io/ron-english-sketches-grins/images/Sketches/grins/Leopard%20Grin%201%20COLOR.png","OK","Ready."
"Grins","Liberty Grin","grins","grins","Sketches\grins\liberty-grin.html","https://ronenglish-archive.github.io/ron-english-sketches-grins/Sketches/grins/liberty-grin.html","5","0","https://ronenglish-archive.github.io/ron-english-sketches-grins/images/Sketches/grins/Liberty%20Grin%20ORIGINAL.jpg","OK","Ready."
"Grins","Lion Face Grin","grins","grins","Sketches\grins\lion-face-grin.html","https://ronenglish-archive.github.io/ron-english-sketches-grins/Sketches/grins/lion-face-grin.html","3","0","https://ronenglish-archive.github.io/ron-english-sketches-grins/images/Sketches/grins/Lion%20Face%20Grin%20B%26W.png","OK","Ready."
"Grins","Lisa grin","grins","grins","Sketches\grins\lisa-grin.html","https://ronenglish-archive.github.io/ron-english-sketches-grins/Sketches/grins/lisa-grin.html","10","0","https://ronenglish-archive.github.io/ron-english-sketches-grins/images/Sketches/grins/Lisa%20Grin%20front%20ORIGINAL.jpg","OK","Ready."
"Grins","Lucky Cat Grin","grins","grins","Sketches\grins\lucky-cat-grin.html","https://ronenglish-archive.github.io/ron-english-sketches-grins/Sketches/grins/lucky-cat-grin.html","2","0","https://ronenglish-archive.github.io/ron-english-sketches-grins/images/Sketches/grins/Lucky%20Cat%20Grin%20COLOR.jpg","OK","Ready."
"Grins","Mad Magazine Alfred","grins","grins","Sketches\grins\mad-magazine-alfred.html","https://ronenglish-archive.github.io/ron-english-sketches-grins/Sketches/grins/mad-magazine-alfred.html","3","0","https://ronenglish-archive.github.io/ron-english-sketches-grins/images/Sketches/grins/Mad%20Magazine%20Alfred%20Grin%20ORIGINAL.jpeg","OK","Ready."
"Grins","Mad Mickey Grin","grins","grins","Sketches\grins\mad-mickey-grin.html","https://ronenglish-archive.github.io/ron-english-sketches-grins/Sketches/grins/mad-mickey-grin.html","2","0","https://ronenglish-archive.github.io/ron-english-sketches-grins/images/Sketches/grins/Mad%20Mickey%20Grin%20ORIGINAL%20COLOR.jpg","OK","Ready."
"Grins","Maggie Grin","grins","grins","Sketches\grins\maggie-grin.html","https://ronenglish-archive.github.io/ron-english-sketches-grins/Sketches/grins/maggie-grin.html","9","0","https://ronenglish-archive.github.io/ron-english-sketches-grins/images/Sketches/grins/Maggie%20Grin%20front%20ORIGINAL.jpg","OK","Ready."
"Grins","Manny Pacquaio Grin","grins","grins","Sketches\grins\manny-pacquaio-grin.html","https://ronenglish-archive.github.io/ron-english-sketches-grins/Sketches/grins/manny-pacquaio-grin.html","8","0","https://ronenglish-archive.github.io/ron-english-sketches-grins/images/Sketches/grins/Manny%20Pacquaio%20Grin%20ORIGINAL%20head.jpg","OK","Ready."
"Grins","Man Shark","grins","grins","Sketches\grins\man-shark.html","https://ronenglish-archive.github.io/ron-english-sketches-grins/Sketches/grins/man-shark.html","4","0","https://ronenglish-archive.github.io/ron-english-sketches-grins/images/Sketches/grins/Shark%20Man%20Grin%20ORIGINAL.jpg","OK","Ready."
"Grins","Marge Grin","grins","grins","Sketches\grins\marge-grin.html","https://ronenglish-archive.github.io/ron-english-sketches-grins/Sketches/grins/marge-grin.html","11","0","https://ronenglish-archive.github.io/ron-english-sketches-grins/images/Sketches/grins/Marge%20Grin%20front%20ORIGINAL.jpg","OK","Ready."
"Grins","Mario Grin","grins","grins","Sketches\grins\mario-grin.html","https://ronenglish-archive.github.io/ron-english-sketches-grins/Sketches/grins/mario-grin.html","9","0","https://ronenglish-archive.github.io/ron-english-sketches-grins/images/Sketches/grins/Mario%20Grin%20front%20ORIGINAL.jpg","OK","Ready."
"Grins","Max Grin","grins","grins","Sketches\grins\max-grin.html","https://ronenglish-archive.github.io/ron-english-sketches-grins/Sketches/grins/max-grin.html","3","0","https://ronenglish-archive.github.io/ron-english-sketches-grins/images/Sketches/grins/Max%20Grin%20ORIGINAL.jpg","OK","Ready."
"Grins","MC Grin","grins","grins","Sketches\grins\mc-grin.html","https://ronenglish-archive.github.io/ron-english-sketches-grins/Sketches/grins/mc-grin.html","16","0","https://ronenglish-archive.github.io/ron-english-sketches-grins/images/Sketches/grins/MC%20Supersize%20Grin%20Flying%20ORIGINAL.jpg","OK","Ready."
"Grins","Melting Grinnie","grins","grins","Sketches\grins\melting-grinnie.html","https://ronenglish-archive.github.io/ron-english-sketches-grins/Sketches/grins/melting-grinnie.html","3","0","https://ronenglish-archive.github.io/ron-english-sketches-grins/images/Sketches/grins/Melting%20Grinnie%20side%20view%201%20COLOR.png","OK","Ready."
"Grins","Melting Monster Grin","grins","grins","Sketches\grins\melting-monster-grin.html","https://ronenglish-archive.github.io/ron-english-sketches-grins/Sketches/grins/melting-monster-grin.html","3","0","https://ronenglish-archive.github.io/ron-english-sketches-grins/images/Sketches/grins/Melting%20Monster%20Grin%20ORIGINAL.jpg","OK","Ready."
"Grins","Mentadusa","grins","grins","Sketches\grins\mentadusa.html","https://ronenglish-archive.github.io/ron-english-sketches-grins/Sketches/grins/mentadusa.html","3","0","https://ronenglish-archive.github.io/ron-english-sketches-grins/images/Sketches/grins/Mentadusa%20ORIGINAL.jpg","OK","Ready."
"Grins","Mickey Eyes Grin","grins","grins","Sketches\grins\mickey-eyes-grin.html","https://ronenglish-archive.github.io/ron-english-sketches-grins/Sketches/grins/mickey-eyes-grin.html","2","0","https://ronenglish-archive.github.io/ron-english-sketches-grins/images/Sketches/grins/Mickey%20Eyes%20Grin%201%20COLOR.png","OK","Ready."
"Grins","Mickey Grin","grins","grins","Sketches\grins\mickey-grin.html","https://ronenglish-archive.github.io/ron-english-sketches-grins/Sketches/grins/mickey-grin.html","21","0","https://ronenglish-archive.github.io/ron-english-sketches-grins/images/Sketches/grins/Mickey%20Grin%20head%20ORIGINAL.jpg","OK","Ready."
"Grins","Mishka Eyeball Grin","grins","grins","Sketches\grins\mishka-eyeball-grin.html","https://ronenglish-archive.github.io/ron-english-sketches-grins/Sketches/grins/mishka-eyeball-grin.html","4","0","https://ronenglish-archive.github.io/ron-english-sketches-grins/images/Sketches/grins/Mishka%20Eyeball%20Grin%20ORIGINAL.jpg","OK","Ready."
"Grins","Modzilla Grin","grins","grins","Sketches\grins\modzilla-grin.html","https://ronenglish-archive.github.io/ron-english-sketches-grins/Sketches/grins/modzilla-grin.html","4","0","https://ronenglish-archive.github.io/ron-english-sketches-grins/images/Sketches/grins/Modzilla%20Grin%20Front%20ORIGINAL.jpg","OK","Ready."
"Grins","Mogul Grin","grins","grins","Sketches\grins\mogul-grin.html","https://ronenglish-archive.github.io/ron-english-sketches-grins/Sketches/grins/mogul-grin.html","16","0","https://ronenglish-archive.github.io/ron-english-sketches-grins/images/Sketches/grins/Mogul%20Grin%20back%20ORIGINAL.jpg","OK","Ready."
"Grins","Monkey Shiner Angel Grin","grins","grins","Sketches\grins\monkey-shiner-angel-grin.html","https://ronenglish-archive.github.io/ron-english-sketches-grins/Sketches/grins/monkey-shiner-angel-grin.html","2","0","https://ronenglish-archive.github.io/ron-english-sketches-grins/images/Sketches/grins/Monkey%20Shiner%20Angel%20Grin%20ORINGINAL%20(1).jpg","OK","Ready."
"Grins","Monkey Shriner Grin","grins","grins","Sketches\grins\monkey-shriner-grin.html","https://ronenglish-archive.github.io/ron-english-sketches-grins/Sketches/grins/monkey-shriner-grin.html","5","0","https://ronenglish-archive.github.io/ron-english-sketches-grins/images/Sketches/grins/Monkey%20Shriner%20Grin%20ORIGINAL.jpeg","OK","Ready."
"Grins","Mounted Gorilla Grin","grins","grins","Sketches\grins\mounted-gorilla-grin.html","https://ronenglish-archive.github.io/ron-english-sketches-grins/Sketches/grins/mounted-gorilla-grin.html","3","0","https://ronenglish-archive.github.io/ron-english-sketches-grins/images/Sketches/grins/Mounted%20Gorilla%20Grin%20ORIGINAL.jpg","OK","Ready."
"Grins","Mouth Grin","grins","grins","Sketches\grins\mouth-grin.html","https://ronenglish-archive.github.io/ron-english-sketches-grins/Sketches/grins/mouth-grin.html","3","0","https://ronenglish-archive.github.io/ron-english-sketches-grins/images/Sketches/grins/Mouth%20Grin%20ORIGINAL.jpg","OK","Ready."
"Grins","Mr Met Grin","grins","grins","Sketches\grins\mr-met-grin.html","https://ronenglish-archive.github.io/ron-english-sketches-grins/Sketches/grins/mr-met-grin.html","3","0","https://ronenglish-archive.github.io/ron-english-sketches-grins/images/Sketches/grins/Mr%20Met%20Grin%20ORIGINAL%20COLOR.jpg","OK","Ready."
"Grins","Mr Potato Grin","grins","grins","Sketches\grins\mr-potato-grin.html","https://ronenglish-archive.github.io/ron-english-sketches-grins/Sketches/grins/mr-potato-grin.html","4","0","https://ronenglish-archive.github.io/ron-english-sketches-grins/images/Sketches/grins/Mr%20Potato%20Grin%20ORIGINAL.jpg","OK","Ready."
"Grins","Mummy Grin","grins","grins","Sketches\grins\mummy-grin.html","https://ronenglish-archive.github.io/ron-english-sketches-grins/Sketches/grins/mummy-grin.html","5","0","https://ronenglish-archive.github.io/ron-english-sketches-grins/images/Sketches/grins/Mummy%20Grin%20ORIGINAL.jpg","OK","Ready."
"Grins","M.U.S.C.L.E. He-Man Grinnie","grins","grins","Sketches\grins\m-u-s-c-l-e-he-man-grinnie.html","https://ronenglish-archive.github.io/ron-english-sketches-grins/Sketches/grins/m-u-s-c-l-e-he-man-grinnie.html","6","0","https://ronenglish-archive.github.io/ron-english-sketches-grins/images/Sketches/grins/M.U.S.C.L.E.%20He-Man%20Grinnie%20front%20ORIGINAL.jpg","OK","Ready."
"Grins","Mush Man Grin","grins","grins","Sketches\grins\mush-man-grin.html","https://ronenglish-archive.github.io/ron-english-sketches-grins/Sketches/grins/mush-man-grin.html","8","0","https://ronenglish-archive.github.io/ron-english-sketches-grins/images/Sketches/grins/Mush%20Man%20Grin%20side%20view%20ORIGINAL.jpg","OK","Ready."
"Grins","Mutley Grin","grins","grins","Sketches\grins\mutley-grin.html","https://ronenglish-archive.github.io/ron-english-sketches-grins/Sketches/grins/mutley-grin.html","3","0","https://ronenglish-archive.github.io/ron-english-sketches-grins/images/Sketches/grins/Mutley%20Grin%20ORIGINAL.jpg","OK","Ready."
"Grins","Ninja Turtle Grin","grins","grins","Sketches\grins\ninja-turtle-grin.html","https://ronenglish-archive.github.io/ron-english-sketches-grins/Sketches/grins/ninja-turtle-grin.html","4","0","https://ronenglish-archive.github.io/ron-english-sketches-grins/images/Sketches/grins/Ninja%20Turtle%20Grin%20ORIGINAL.jpg","OK","Ready."
"Grins","Olive Oil Grin","grins","grins","Sketches\grins\olive-oil-grin.html","https://ronenglish-archive.github.io/ron-english-sketches-grins/Sketches/grins/olive-oil-grin.html","3","0","https://ronenglish-archive.github.io/ron-english-sketches-grins/images/Sketches/grins/Olive%20Oil%20Grin%20ORIGINAL.jpg","OK","Ready."
"Grins","Orion Grin","grins","grins","Sketches\grins\orion-grin.html","https://ronenglish-archive.github.io/ron-english-sketches-grins/Sketches/grins/orion-grin.html","14","0","https://ronenglish-archive.github.io/ron-english-sketches-grins/images/Sketches/grins/Orion%20Grin%20head%20front%20ORIGINAL.jpg","OK","Ready."
"Grins","Panda Bear Grin","grins","grins","Sketches\grins\panda-bear-grin.html","https://ronenglish-archive.github.io/ron-english-sketches-grins/Sketches/grins/panda-bear-grin.html","6","0","https://ronenglish-archive.github.io/ron-english-sketches-grins/images/Sketches/grins/Panda%20Bear%20Grin%20ORIGINAL.jpg","OK","Ready."
"Grins","Patrick Grin","grins","grins","Sketches\grins\patrick-grin.html","https://ronenglish-archive.github.io/ron-english-sketches-grins/Sketches/grins/patrick-grin.html","8","0","https://ronenglish-archive.github.io/ron-english-sketches-grins/images/Sketches/grins/Patrick%20Grin%20ORIGINAL.jpg","OK","Ready."
"Grins","Peko Girl Grin","grins","grins","Sketches\grins\peko-girl-grin.html","https://ronenglish-archive.github.io/ron-english-sketches-grins/Sketches/grins/peko-girl-grin.html","3","0","https://ronenglish-archive.github.io/ron-english-sketches-grins/images/Sketches/grins/Peko%20Girl%20Grin%20ORIGINAL.jpg","OK","Ready."
"Grins","Pepz Boy Grin","grins","grins","Sketches\grins\pepz-boy-grin.html","https://ronenglish-archive.github.io/ron-english-sketches-grins/Sketches/grins/pepz-boy-grin.html","4","0","https://ronenglish-archive.github.io/ron-english-sketches-grins/images/Sketches/grins/Pepz%20Boy%20Grin%20ORIGINAL.jpeg","OK","Ready."
"Grins","Peter Grin","grins","grins","Sketches\grins\peter-grin.html","https://ronenglish-archive.github.io/ron-english-sketches-grins/Sketches/grins/peter-grin.html","3","0","https://ronenglish-archive.github.io/ron-english-sketches-grins/images/Sketches/grins/Peter%20Grin%20ORIGINAL.jpg","OK","Ready."
"Grins","Peter Potamus Grin","grins","grins","Sketches\grins\peter-potamus-grin.html","https://ronenglish-archive.github.io/ron-english-sketches-grins/Sketches/grins/peter-potamus-grin.html","3","0","https://ronenglish-archive.github.io/ron-english-sketches-grins/images/Sketches/grins/Peter%20Potamus%20Grin%20ORIGINAL.jpg","OK","Ready."
"Grins","Pinocchio Grin","grins","grins","Sketches\grins\pinocchio-grin.html","https://ronenglish-archive.github.io/ron-english-sketches-grins/Sketches/grins/pinocchio-grin.html","15","0","https://ronenglish-archive.github.io/ron-english-sketches-grins/images/Sketches/grins/Pinocchio%20Grin%20front%20ORIGINAL.jpg","OK","Ready."
"Grins","Pizza This Grin","grins","grins","Sketches\grins\pizza-this-grin.html","https://ronenglish-archive.github.io/ron-english-sketches-grins/Sketches/grins/pizza-this-grin.html","3","0","https://ronenglish-archive.github.io/ron-english-sketches-grins/images/Sketches/grins/Pizza%20This%20ORIGINAL.jpg","OK","Ready."
"Grins","Plush Bear Grin","grins","grins","Sketches\grins\plush-bear-grin.html","https://ronenglish-archive.github.io/ron-english-sketches-grins/Sketches/grins/plush-bear-grin.html","3","0","https://ronenglish-archive.github.io/ron-english-sketches-grins/images/Sketches/grins/Plush%20Bear%20Grin%20front%20B%26W.jpg","OK","Ready."
"Grins","Plush Grin","grins","grins","Sketches\grins\plush-grin.html","https://ronenglish-archive.github.io/ron-english-sketches-grins/Sketches/grins/plush-grin.html","2","0","https://ronenglish-archive.github.io/ron-english-sketches-grins/images/Sketches/grins/Plush%20Grin%20front%20ORIGINAL%20COLOR.jpg","OK","Ready."
"Grins","Popeye Butthead Grin","grins","grins","Sketches\grins\popeye-butthead-grin.html","https://ronenglish-archive.github.io/ron-english-sketches-grins/Sketches/grins/popeye-butthead-grin.html","3","0","https://ronenglish-archive.github.io/ron-english-sketches-grins/images/Sketches/grins/Popeye%20Butthead%20Grin%20ORIGINAL.jpg","OK","Ready."
"Grins","Powerpuff Girl Bubbles Grin","grins","grins","Sketches\grins\powerpuff-girl-bubbles-grin.html","https://ronenglish-archive.github.io/ron-english-sketches-grins/Sketches/grins/powerpuff-girl-bubbles-grin.html","3","0","https://ronenglish-archive.github.io/ron-english-sketches-grins/images/Sketches/grins/Powerpuff%20Girl%20Bubbles%20Grin%20ORIGINAL.jpg","OK","Ready."
"Grins","Pumpkin Grin","grins","grins","Sketches\grins\pumpkin-grin.html","https://ronenglish-archive.github.io/ron-english-sketches-grins/Sketches/grins/pumpkin-grin.html","6","0","https://ronenglish-archive.github.io/ron-english-sketches-grins/images/Sketches/grins/Pumpkin%20Grin%20Side%20View%20ORIGINAL.jpg","OK","Ready."
"Grins","Qhrist Grin","grins","grins","Sketches\grins\qhrist-grin-1.html","https://ronenglish-archive.github.io/ron-english-sketches-grins/Sketches/grins/qhrist-grin-1.html","7","0","https://ronenglish-archive.github.io/ron-english-sketches-grins/images/Sketches/grins/Qhrist%20Grin%201%20ORIGINAL.jpg","OK","Ready."
"Grins","Quick Draw McGraw Grin","grins","grins","Sketches\grins\quick-draw-mcgraw-grin.html","https://ronenglish-archive.github.io/ron-english-sketches-grins/Sketches/grins/quick-draw-mcgraw-grin.html","3","0","https://ronenglish-archive.github.io/ron-english-sketches-grins/images/Sketches/grins/Quick%20Draw%20McGraw%20Grin%20ORIGINAL.jpg","OK","Ready."
"Grins","Rabbbit Grin","grins","grins","Sketches\grins\rabbbit-grin.html","https://ronenglish-archive.github.io/ron-english-sketches-grins/Sketches/grins/rabbbit-grin.html","44","0","https://ronenglish-archive.github.io/ron-english-sketches-grins/images/Sketches/grins/Rabbbit%20Grin%20ORIGINAL.jpg","OK","Ready."
"Grins","Rabbit Grin","grins","grins","Sketches\grins\rabbit-grin.html","https://ronenglish-archive.github.io/ron-english-sketches-grins/Sketches/grins/rabbit-grin.html","3","0","https://ronenglish-archive.github.io/ron-english-sketches-grins/images/Sketches/grins/Rabbit%20Grin%20ORIGINAL.jpg","OK","Ready."
"Grins","Rabbit Grin 2","grins","grins","Sketches\grins\rabbit-grin-2.html","https://ronenglish-archive.github.io/ron-english-sketches-grins/Sketches/grins/rabbit-grin-2.html","3","0","https://ronenglish-archive.github.io/ron-english-sketches-grins/images/Sketches/grins/Rabbit%20Grin%202%20ORIGINAL.jpg","OK","Ready."
"Grins","Ramones Grin","grins","grins","Sketches\grins\ramones-grin.html","https://ronenglish-archive.github.io/ron-english-sketches-grins/Sketches/grins/ramones-grin.html","5","0","https://ronenglish-archive.github.io/ron-english-sketches-grins/images/Sketches/grins/Ramones%20Grin%201%20ORIGINAL.jpg","OK","Ready."
"Grins","Richie Grin","grins","grins","Sketches\grins\richie-grin.html","https://ronenglish-archive.github.io/ron-english-sketches-grins/Sketches/grins/richie-grin.html","4","0","https://ronenglish-archive.github.io/ron-english-sketches-grins/images/Sketches/grins/Richie%20Grin%20ORIGINAL.jpg","OK","Ready."
"Grins","Robbie Spray Grin","grins","grins","Sketches\grins\robbie-spray-grin.html","https://ronenglish-archive.github.io/ron-english-sketches-grins/Sketches/grins/robbie-spray-grin.html","4","0","https://ronenglish-archive.github.io/ron-english-sketches-grins/images/Sketches/grins/Robbie%20Spray%20Grin%20ORIGINAL.jpg","OK","Ready."
"Grins","Robby Robot Grin","grins","grins","Sketches\grins\robby-robot-grin.html","https://ronenglish-archive.github.io/ron-english-sketches-grins/Sketches/grins/robby-robot-grin.html","3","0","https://ronenglish-archive.github.io/ron-english-sketches-grins/images/Sketches/grins/Robby%20Robot%20Grin%20ORIGINAL.jpg","OK","Ready."
"Grins","Ron Fink Grin","grins","grins","Sketches\grins\ron-fink-grin.html","https://ronenglish-archive.github.io/ron-english-sketches-grins/Sketches/grins/ron-fink-grin.html","4","0","https://ronenglish-archive.github.io/ron-english-sketches-grins/images/Sketches/grins/Ron%20Fink%20Grin%20ORIGINAL.jpg","OK","Ready."
"Grins","Ron Grin Face Icon","grins","grins","Sketches\grins\ron-grin-face-icon.html","https://ronenglish-archive.github.io/ron-english-sketches-grins/Sketches/grins/ron-grin-face-icon.html","1","0","https://ronenglish-archive.github.io/ron-english-sketches-grins/images/Sketches/grins/Ron%20Grin%20Face%20Icon%20ORIGINAL%20COLOR.jpg","OK","Ready."
"Grins","Rosie Jetson Grin","grins","grins","Sketches\grins\rosie-jetson-grin.html","https://ronenglish-archive.github.io/ron-english-sketches-grins/Sketches/grins/rosie-jetson-grin.html","3","0","https://ronenglish-archive.github.io/ron-english-sketches-grins/images/Sketches/grins/Rosie%20Jetson%20Grin%20ORIGINAL.jpg","OK","Ready."
"Grins","Rugrat Grin","grins","grins","Sketches\grins\rugrat-grin.html","https://ronenglish-archive.github.io/ron-english-sketches-grins/Sketches/grins/rugrat-grin.html","3","0","https://ronenglish-archive.github.io/ron-english-sketches-grins/images/Sketches/grins/Rugrat%20Grin%20ORIGINAL.jpg","OK","Ready."
"Grins","Santa Cruz Hand Grin","grins","grins","Sketches\grins\santa-cruz-hand-grin.html","https://ronenglish-archive.github.io/ron-english-sketches-grins/Sketches/grins/santa-cruz-hand-grin.html","3","0","https://ronenglish-archive.github.io/ron-english-sketches-grins/images/Sketches/grins/Santa%20Cruz%20Hand%20Grin%20ORIGINAL.jpg","OK","Ready."
"Grins","Santa Grin","grins","grins","Sketches\grins\santa-grin.html","https://ronenglish-archive.github.io/ron-english-sketches-grins/Sketches/grins/santa-grin.html","10","0","https://ronenglish-archive.github.io/ron-english-sketches-grins/images/Sketches/grins/Santa%20Grin%201%20ORIGINAL.jpg","OK","Ready."
"Grins","Scooby Doo Grin","grins","grins","Sketches\grins\scooby-doo-grin.html","https://ronenglish-archive.github.io/ron-english-sketches-grins/Sketches/grins/scooby-doo-grin.html","3","0","https://ronenglish-archive.github.io/ron-english-sketches-grins/images/Sketches/grins/Scooby%20Doo%20Grin%20ORIGINAL.jpg","OK","Ready."
"Grins","Scream Grin","grins","grins","Sketches\grins\scream-grin.html","https://ronenglish-archive.github.io/ron-english-sketches-grins/Sketches/grins/scream-grin.html","3","0","https://ronenglish-archive.github.io/ron-english-sketches-grins/images/Sketches/grins/Scream%20Grin%20ORIGINAL.jpg","OK","Ready."
"Grins","Sever Fairy Landshark Grin","grins","grins","Sketches\grins\sever-fairy-landshark-grin-mickey-fin.html","https://ronenglish-archive.github.io/ron-english-sketches-grins/Sketches/grins/sever-fairy-landshark-grin-mickey-fin.html","16","0","https://ronenglish-archive.github.io/ron-english-sketches-grins/images/Sketches/grins/Sever%20Fairy%20Landshark%20Grin%20(Mickey%20Fin)%20ORIGINAL.jpg","OK","Ready."
"Grins","Shark Grin Hotrod","grins","grins","Sketches\grins\shark-grin-hotrod.html","https://ronenglish-archive.github.io/ron-english-sketches-grins/Sketches/grins/shark-grin-hotrod.html","3","0","https://ronenglish-archive.github.io/ron-english-sketches-grins/images/Sketches/grins/Shark%20Grin%20Hotrod%20ORIGINAL.jpg","OK","Ready."
"Grins","Simpsons Family","grins","grins","Sketches\grins\simpsons-family.html","https://ronenglish-archive.github.io/ron-english-sketches-grins/Sketches/grins/simpsons-family.html","2","0","https://ronenglish-archive.github.io/ron-english-sketches-grins/images/Sketches/grins/Simpsons%20Family%20Grins%201%20ORIGINAL.jpg","OK","Ready."
"Grins","Skeleton Grin","grins","grins","Sketches\grins\skeleton-grin.html","https://ronenglish-archive.github.io/ron-english-sketches-grins/Sketches/grins/skeleton-grin.html","6","0","https://ronenglish-archive.github.io/ron-english-sketches-grins/images/Sketches/grins/Skeleton%20Grin%20front%20ORIGINAL.jpg","OK","Ready."
"Grins","Slo Moe Grin","grins","grins","Sketches\grins\slo-moe-grin.html","https://ronenglish-archive.github.io/ron-english-sketches-grins/Sketches/grins/slo-moe-grin.html","6","0","https://ronenglish-archive.github.io/ron-english-sketches-grins/images/Sketches/grins/Slo%20Moe%20Grin%20portrait%20closeup%20ORIGINAL.jpg","OK","Ready."
"Grins","Slushsquatch Grin","grins","grins","Sketches\grins\slushsquatch-grin.html","https://ronenglish-archive.github.io/ron-english-sketches-grins/Sketches/grins/slushsquatch-grin.html","3","0","https://ronenglish-archive.github.io/ron-english-sketches-grins/images/Sketches/grins/Slushsquatch%20Grin%20ORIGINAL.jpg","OK","Ready."
"Grins","Smack, Crack, Pop Grin","grins","grins","Sketches\grins\smack-crack-pop-grin.html","https://ronenglish-archive.github.io/ron-english-sketches-grins/Sketches/grins/smack-crack-pop-grin.html","3","0","https://ronenglish-archive.github.io/ron-english-sketches-grins/images/Sketches/grins/Smack%2C%20Crack%2C%20Pop%20Grin%20ORIGINAL.jpg","OK","Ready."
"Grins","Smiley Face Dog Grin Newcastle","grins","grins","Sketches\grins\smiley-face-dog-grin-newcastle.html","https://ronenglish-archive.github.io/ron-english-sketches-grins/Sketches/grins/smiley-face-dog-grin-newcastle.html","2","0","https://ronenglish-archive.github.io/ron-english-sketches-grins/images/Sketches/grins/Smiley%20Face%20Dog%20Grin%20Newcastle%20ORIGINAL.jpg","OK","Ready."
"Grins","Smoking Grin","grins","grins","Sketches\grins\smoking-grin.html","https://ronenglish-archive.github.io/ron-english-sketches-grins/Sketches/grins/smoking-grin.html","4","0","https://ronenglish-archive.github.io/ron-english-sketches-grins/images/Sketches/grins/Smoking%20Grin%20ORIGINAL.jpg","OK","Ready."
"Grins","Smurfette Grin","grins","grins","Sketches\grins\smurfette-grin.html","https://ronenglish-archive.github.io/ron-english-sketches-grins/Sketches/grins/smurfette-grin.html","4","0","https://ronenglish-archive.github.io/ron-english-sketches-grins/images/Sketches/grins/Smurfette%20Grin%20ORIGINAL.jpg","OK","Ready."
"Grins","Smurf Grin","grins","grins","Sketches\grins\smurf-grin.html","https://ronenglish-archive.github.io/ron-english-sketches-grins/Sketches/grins/smurf-grin.html","4","0","https://ronenglish-archive.github.io/ron-english-sketches-grins/images/Sketches/grins/Smurf%20Grin%20ORIGINAL.jpg","OK","Ready."
"Grins","Snoopy Grin","grins","grins","Sketches\grins\snoopy-grin.html","https://ronenglish-archive.github.io/ron-english-sketches-grins/Sketches/grins/snoopy-grin.html","12","0","https://ronenglish-archive.github.io/ron-english-sketches-grins/images/Sketches/grins/Snoopy%20Grin%20front%20ORIGINAL.jpg","OK","Ready."
"Grins","Sock Monkey Grin","grins","grins","Sketches\grins\sock-monkey-grin.html","https://ronenglish-archive.github.io/ron-english-sketches-grins/Sketches/grins/sock-monkey-grin.html","4","0","https://ronenglish-archive.github.io/ron-english-sketches-grins/images/Sketches/grins/Sock%20Monkey%20Grin%20ORIGINAL.jpg","OK","Ready."
"Grins","Sonic Grin","grins","grins","Sketches\grins\sonic-grin.html","https://ronenglish-archive.github.io/ron-english-sketches-grins/Sketches/grins/sonic-grin.html","3","0","https://ronenglish-archive.github.io/ron-english-sketches-grins/images/Sketches/grins/Sonic%20Grin%20ORIGINAL.jpg","OK","Ready."
"Grins","Space Shark Grin","grins","grins","Sketches\grins\space-shark-grin.html","https://ronenglish-archive.github.io/ron-english-sketches-grins/Sketches/grins/space-shark-grin.html","2","0","https://ronenglish-archive.github.io/ron-english-sketches-grins/images/Sketches/grins/Space%20Shark%20Grin%20ORIGINAL.jpg","OK","Ready."
"Grins","Spaz Grin","grins","grins","Sketches\grins\spaz-grin.html","https://ronenglish-archive.github.io/ron-english-sketches-grins/Sketches/grins/spaz-grin.html","2","0","https://ronenglish-archive.github.io/ron-english-sketches-grins/images/Sketches/grins/Spaz%20Grin%20ORIGINAL.jpg","OK","Ready."
"Grins","Speak More Evil Grin","grins","grins","Sketches\grins\speak-more-evil-grin.html","https://ronenglish-archive.github.io/ron-english-sketches-grins/Sketches/grins/speak-more-evil-grin.html","4","0","https://ronenglish-archive.github.io/ron-english-sketches-grins/images/Sketches/grins/Speak%20More%20Evil%20Grin%20side%20ORIGINAL.jpg","OK","Ready."
"Grins","Spitting Grin","grins","grins","Sketches\grins\spitting-grin.html","https://ronenglish-archive.github.io/ron-english-sketches-grins/Sketches/grins/spitting-grin.html","2","0","https://ronenglish-archive.github.io/ron-english-sketches-grins/images/Sketches/grins/Spitting%20Grin%20B%26W.jpg","OK","Ready."
"Grins","Spongebob Grin","grins","grins","Sketches\grins\spongebob-grin.html","https://ronenglish-archive.github.io/ron-english-sketches-grins/Sketches/grins/spongebob-grin.html","7","0","https://ronenglish-archive.github.io/ron-english-sketches-grins/images/Sketches/grins/Spongebob%20Grin%20ORIGINAL.jpg","OK","Ready."
"Grins","Squirrel Squirt Grin","grins","grins","Sketches\grins\squirrel-squirt-grin.html","https://ronenglish-archive.github.io/ron-english-sketches-grins/Sketches/grins/squirrel-squirt-grin.html","5","0","https://ronenglish-archive.github.io/ron-english-sketches-grins/images/Sketches/grins/Squirrel%20Squirt%20Grin%20Head%20ORIGINAL.jpg","OK","Ready."
"Grins","Staples Pigeon Grin","grins","grins","Sketches\grins\staples-pigeon-grin.html","https://ronenglish-archive.github.io/ron-english-sketches-grins/Sketches/grins/staples-pigeon-grin.html","6","0","https://ronenglish-archive.github.io/ron-english-sketches-grins/images/Sketches/grins/Staples%20Pigeon%20Grin%20front%20ORIGINAL.jpg","OK","Ready."
"Grins","Starskull Trooper Grin","grins","grins","Sketches\grins\starskull-trooper-grin.html","https://ronenglish-archive.github.io/ron-english-sketches-grins/Sketches/grins/starskull-trooper-grin.html","3","0","https://ronenglish-archive.github.io/ron-english-sketches-grins/images/Sketches/grins/Starskull%20Trooper%20Grin%20ORIGINAL.jpeg","OK","Ready."
"Grins","Stewie Grin","grins","grins","Sketches\grins\stewie-grin.html","https://ronenglish-archive.github.io/ron-english-sketches-grins/Sketches/grins/stewie-grin.html","3","0","https://ronenglish-archive.github.io/ron-english-sketches-grins/images/Sketches/grins/Stewie%20Grin%20ORIGINAL.jpg","OK","Ready."
"Grins","Stitch Grin","grins","grins","Sketches\grins\stitch-grin.html","https://ronenglish-archive.github.io/ron-english-sketches-grins/Sketches/grins/stitch-grin.html","4","0","https://ronenglish-archive.github.io/ron-english-sketches-grins/images/Sketches/grins/Stitch%20Grin%20ORIGINAL.jpg","OK","Ready."
"Grins","Stormtrooper Grin","grins","grins","Sketches\grins\stormtrooper-grin.html","https://ronenglish-archive.github.io/ron-english-sketches-grins/Sketches/grins/stormtrooper-grin.html","3","0","https://ronenglish-archive.github.io/ron-english-sketches-grins/images/Sketches/grins/Stormtrooper%20Grin%20ORIGINAL.jpg","OK","Ready."
"Grins","Street Fighter Guile Grin","grins","grins","Sketches\grins\street-fighter-guile-grin.html","https://ronenglish-archive.github.io/ron-english-sketches-grins/Sketches/grins/street-fighter-guile-grin.html","3","0","https://ronenglish-archive.github.io/ron-english-sketches-grins/images/Sketches/grins/Street%20Fighter%20Guile%20Grin%20ORIGINAL.jpg","OK","Ready."
"Grins","Sugar Clown Grin","grins","grins","Sketches\grins\sugar-clown-grin.html","https://ronenglish-archive.github.io/ron-english-sketches-grins/Sketches/grins/sugar-clown-grin.html","11","0","https://ronenglish-archive.github.io/ron-english-sketches-grins/images/Sketches/grins/Sugar%20Clown%20Grin%20back%20ORIGINAL.jpg","OK","Ready."
"Grins","Sugar Diabetic Bear Grin","grins","grins","Sketches\grins\sugar-diabetic-bear-grin.html","https://ronenglish-archive.github.io/ron-english-sketches-grins/Sketches/grins/sugar-diabetic-bear-grin.html","3","0","https://ronenglish-archive.github.io/ron-english-sketches-grins/images/Sketches/grins/Sugar%20Diabetic%20Bear%20Grin%20ORIGINAL.jpg","OK","Ready."
"Grins","Sugar Smack Grin","grins","grins","Sketches\grins\sugar-smack-grin.html","https://ronenglish-archive.github.io/ron-english-sketches-grins/Sketches/grins/sugar-smack-grin.html","3","0","https://ronenglish-archive.github.io/ron-english-sketches-grins/images/Sketches/grins/Sugar%20Smack%20Grin%20ORIGINAL.jpg","OK","Ready."
"Grins","Surf Girl Grin","grins","grins","Sketches\grins\surf-girl-grin.html","https://ronenglish-archive.github.io/ron-english-sketches-grins/Sketches/grins/surf-girl-grin.html","4","0","https://ronenglish-archive.github.io/ron-english-sketches-grins/images/Sketches/grins/Surf%20Girl%20Grin%20ORIGINAL.jpg","OK","Ready."
"Grins","Taz Grin","grins","grins","Sketches\grins\taz-grin.html","https://ronenglish-archive.github.io/ron-english-sketches-grins/Sketches/grins/taz-grin.html","7","0","https://ronenglish-archive.github.io/ron-english-sketches-grins/images/Sketches/grins/Taz%20Grin%20ORIGINAL.jpg","OK","Ready."
"Grins","Techno Kitten Grin","grins","grins","Sketches\grins\techno-kitten-grin.html","https://ronenglish-archive.github.io/ron-english-sketches-grins/Sketches/grins/techno-kitten-grin.html","3","0","https://ronenglish-archive.github.io/ron-english-sketches-grins/images/Sketches/grins/Techno%20Kitten%20Grin%20ORIGINAL.jpg","OK","Ready."
"Grins","Teddy Bear Grin","grins","grins","Sketches\grins\teddy-bear-grin.html","https://ronenglish-archive.github.io/ron-english-sketches-grins/Sketches/grins/teddy-bear-grin.html","7","0","https://ronenglish-archive.github.io/ron-english-sketches-grins/images/Sketches/grins/Teddy%20Bear%20Grin%20ORIGINAL.jpg","OK","Ready."
"Grins","Telegrinnie","grins","grins","Sketches\grins\telegrinnie.html","https://ronenglish-archive.github.io/ron-english-sketches-grins/Sketches/grins/telegrinnie.html","10","0","https://ronenglish-archive.github.io/ron-english-sketches-grins/images/Sketches/grins/Telegrinnie%20side%20ORIGINAL.jpg","OK","Ready."
"Grins","Tiger Grin","grins","grins","Sketches\grins\tiger-grin.html","https://ronenglish-archive.github.io/ron-english-sketches-grins/Sketches/grins/tiger-grin.html","5","0","https://ronenglish-archive.github.io/ron-english-sketches-grins/images/Sketches/grins/Tiger%20Grin%20ORIGINAL.jpg","OK","Ready."
"Grins","Tiger Sphinx Grin","grins","grins","Sketches\grins\tiger-sphinx-grin.html","https://ronenglish-archive.github.io/ron-english-sketches-grins/Sketches/grins/tiger-sphinx-grin.html","6","0","https://ronenglish-archive.github.io/ron-english-sketches-grins/images/Sketches/grins/Tiger%20Sphinx%20Grin%20ORIGINAL.jpg","OK","Ready."
"Grins","Timid Shark Grin","grins","grins","Sketches\grins\timid-shark-grin.html","https://ronenglish-archive.github.io/ron-english-sketches-grins/Sketches/grins/timid-shark-grin.html","3","0","https://ronenglish-archive.github.io/ron-english-sketches-grins/images/Sketches/grins/Timid%20Shark%20Grin%20ORIGINAL.jpg","OK","Ready."
"Grins","Timmy Turner Grin","grins","grins","Sketches\grins\timmy-turner-grin.html","https://ronenglish-archive.github.io/ron-english-sketches-grins/Sketches/grins/timmy-turner-grin.html","3","0","https://ronenglish-archive.github.io/ron-english-sketches-grins/images/Sketches/grins/Timmy%20Turner%20Grin%20ORIGINAL.jpg","OK","Ready."
"Grins","Tmnt Leonardo Grin","grins","grins","Sketches\grins\tmnt-leonardo-grin.html","https://ronenglish-archive.github.io/ron-english-sketches-grins/Sketches/grins/tmnt-leonardo-grin.html","3","0","https://ronenglish-archive.github.io/ron-english-sketches-grins/images/Sketches/grins/Tmnt%20Leonardo%20Grin%20ORIGINAL.jpg","OK","Ready."
"Grins","Tmnt Michelangelo Grin","grins","grins","Sketches\grins\tmnt-michelangelo-grin.html","https://ronenglish-archive.github.io/ron-english-sketches-grins/Sketches/grins/tmnt-michelangelo-grin.html","3","0","https://ronenglish-archive.github.io/ron-english-sketches-grins/images/Sketches/grins/Tmnt%20Michelangelo%20Grin%20ORIGINAL.jpg","OK","Ready."
"Grins","Tmnt Raphael Grin","grins","grins","Sketches\grins\tmnt-raphael-grin.html","https://ronenglish-archive.github.io/ron-english-sketches-grins/Sketches/grins/tmnt-raphael-grin.html","3","0","https://ronenglish-archive.github.io/ron-english-sketches-grins/images/Sketches/grins/Tmnt%20Raphael%20Grin%20ORIGINAL.jpg","OK","Ready."
"Grins","Tom N Jerry Grins","grins","grins","Sketches\grins\tom-n-jerry-grins.html","https://ronenglish-archive.github.io/ron-english-sketches-grins/Sketches/grins/tom-n-jerry-grins.html","2","0","https://ronenglish-archive.github.io/ron-english-sketches-grins/images/Sketches/grins/Tom%20N%20Jerry%20Grins%20ORIGINAL.jpg","OK","Ready."
"Grins","Tony Tiger Grin","grins","grins","Sketches\grins\tony-tiger-grin.html","https://ronenglish-archive.github.io/ron-english-sketches-grins/Sketches/grins/tony-tiger-grin.html","8","0","https://ronenglish-archive.github.io/ron-english-sketches-grins/images/Sketches/grins/Tony%20Tiger%20Grin%201%20ORIGINAL.jpg","OK","Ready."
"Grins","Topcat Grin","grins","grins","Sketches\grins\topcat-grin.html","https://ronenglish-archive.github.io/ron-english-sketches-grins/Sketches/grins/topcat-grin.html","3","0","https://ronenglish-archive.github.io/ron-english-sketches-grins/images/Sketches/grins/Topcat%20Grin%20ORIGINAL.jpg","OK","Ready."
"Grins","Trippy Grin","grins","grins","Sketches\grins\trippy-grin.html","https://ronenglish-archive.github.io/ron-english-sketches-grins/Sketches/grins/trippy-grin.html","6","0","https://ronenglish-archive.github.io/ron-english-sketches-grins/images/Sketches/grins/Trippy%20Grin%20ORIGINAL.jpg","OK","Ready."
"Grins","Tupac Grin","grins","grins","Sketches\grins\tupac-grin.html","https://ronenglish-archive.github.io/ron-english-sketches-grins/Sketches/grins/tupac-grin.html","5","0","https://ronenglish-archive.github.io/ron-english-sketches-grins/images/Sketches/grins/Tupac%20Grin%20ORIGINAL%201.jpg","OK","Ready."
"Grins","Tweetie Grin","grins","grins","Sketches\grins\tweetie-grin.html","https://ronenglish-archive.github.io/ron-english-sketches-grins/Sketches/grins/tweetie-grin.html","2","0","https://ronenglish-archive.github.io/ron-english-sketches-grins/images/Sketches/grins/Tweetie%20Grin%20ORIGINAL.jpg","OK","Ready."
"Grins","Ultraman Grin","grins","grins","Sketches\grins\ultraman-grin.html","https://ronenglish-archive.github.io/ron-english-sketches-grins/Sketches/grins/ultraman-grin.html","3","0","https://ronenglish-archive.github.io/ron-english-sketches-grins/images/Sketches/grins/Ultraman%20Grin%20ORIGINAL.jpg","OK","Ready."
"Grins","Unicorn Grin","grins","grins","Sketches\grins\unicorn-grin.html","https://ronenglish-archive.github.io/ron-english-sketches-grins/Sketches/grins/unicorn-grin.html","12","0","https://ronenglish-archive.github.io/ron-english-sketches-grins/images/Sketches/grins/Unicorn%20Grin%20ORIGINAL.jpg","OK","Ready."
"Grins","Unipig Grin","grins","grins","Sketches\grins\unipig-grin.html","https://ronenglish-archive.github.io/ron-english-sketches-grins/Sketches/grins/unipig-grin.html","3","0","https://ronenglish-archive.github.io/ron-english-sketches-grins/images/Sketches/grins/Unipig%20Grin%20ORIGINAL.jpg","OK","Ready."
"Grins","Urban Bigfoot Grin","grins","grins","Sketches\grins\urban-bigfoot-grin.html","https://ronenglish-archive.github.io/ron-english-sketches-grins/Sketches/grins/urban-bigfoot-grin.html","4","0","https://ronenglish-archive.github.io/ron-english-sketches-grins/images/Sketches/grins/Urban%20Bigfoot%20Grin%20front%20face%20ORIGINAL.jpg","OK","Ready."
"Grins","Vampire Grin","grins","grins","Sketches\grins\vampire-grin.html","https://ronenglish-archive.github.io/ron-english-sketches-grins/Sketches/grins/vampire-grin.html","2","0","https://ronenglish-archive.github.io/ron-english-sketches-grins/images/Sketches/grins/Vampire%20Grin%20Front%20B%26W.jpg","OK","Ready."
"Grins","Wing Grin","grins","grins","Sketches\grins\wing-grin.html","https://ronenglish-archive.github.io/ron-english-sketches-grins/Sketches/grins/wing-grin.html","3","0","https://ronenglish-archive.github.io/ron-english-sketches-grins/images/Sketches/grins/Wing%20Grin%20body%20ORIGINAL.jpg","OK","Ready."
"Grins","Wolf Grin","grins","grins","Sketches\grins\wolf-grin.html","https://ronenglish-archive.github.io/ron-english-sketches-grins/Sketches/grins/wolf-grin.html","5","0","https://ronenglish-archive.github.io/ron-english-sketches-grins/images/Sketches/grins/Wolf%20Grin%20ORIGINAL.jpg","OK","Ready."
"Grins","Woodstock Grin","grins","grins","Sketches\grins\woodstock-grin.html","https://ronenglish-archive.github.io/ron-english-sketches-grins/Sketches/grins/woodstock-grin.html","8","0","https://ronenglish-archive.github.io/ron-english-sketches-grins/images/Sketches/grins/Woodstock%20Grin%20ORIGINAL.jpg","OK","Ready."
"Grins","Yellow Submarine Grin","grins","grins","Sketches\grins\yellow-submarine-grin.html","https://ronenglish-archive.github.io/ron-english-sketches-grins/Sketches/grins/yellow-submarine-grin.html","3","0","https://ronenglish-archive.github.io/ron-english-sketches-grins/images/Sketches/grins/Yellow%20Submarine%20Grin%20ORIGINAL.jpg","OK","Ready."
"Grins","Yin Yang Grin","grins","grins","Sketches\grins\yin-yang-grin-1.html","https://ronenglish-archive.github.io/ron-english-sketches-grins/Sketches/grins/yin-yang-grin-1.html","8","0","https://ronenglish-archive.github.io/ron-english-sketches-grins/images/Sketches/grins/Yin%20Yang%20Grin%202%20ORIGINAL%202.jpg","OK","Ready."
"Grins","Yogi Bear Grin","grins","grins","Sketches\grins\yogi-bear-grin.html","https://ronenglish-archive.github.io/ron-english-sketches-grins/Sketches/grins/yogi-bear-grin.html","3","0","https://ronenglish-archive.github.io/ron-english-sketches-grins/images/Sketches/grins/Yogi%20Bear%20Grin%20ORIGINAL.jpg","OK","Ready."
"Grins","Yucky Charmer Grin","grins","grins","Sketches\grins\yucky-charmer-grin.html","https://ronenglish-archive.github.io/ron-english-sketches-grins/Sketches/grins/yucky-charmer-grin.html","3","0","https://ronenglish-archive.github.io/ron-english-sketches-grins/images/Sketches/grins/Yucky%20Charmer%20Grin%20ORIGINAL.jpg","OK","Ready."
"Grins","Zephyr Zelephant Grin","grins","grins","Sketches\grins\zephyr-zelephant-grin.html","https://ronenglish-archive.github.io/ron-english-sketches-grins/Sketches/grins/zephyr-zelephant-grin.html","2","0","https://ronenglish-archive.github.io/ron-english-sketches-grins/images/Sketches/grins/Zephyr%20Zelephant%20Grin%20ORIGINAL.jpg","OK","Ready."
"Mythic Dark","Bipolar Pal","brains","brains","Sketches\brains\bipolar-pal\index.html","https://ronenglish-archive.github.io/ron-english-sketches-mythic-dark/Sketches/brains/bipolar-pal/index.html","4","0","https://ronenglish-archive.github.io/ron-english-sketches-mythic-dark/images/Sketches/brains/Bipolar%20Pal%20B%26W.jpg","OK","Ready."
"Mythic Dark","Body and Mind","brains","brains","Sketches\brains\body-and-mind\index.html","https://ronenglish-archive.github.io/ron-english-sketches-mythic-dark/Sketches/brains/body-and-mind/index.html","2","0","https://ronenglish-archive.github.io/ron-english-sketches-mythic-dark/images/Sketches/brains/Body%20and%20Mind%20ORIGINAL.jpg","OK","Ready."
"Mythic Dark","Brain Boxing Glove","brains","brains","Sketches\brains\brain-boxing-glove\index.html","https://ronenglish-archive.github.io/ron-english-sketches-mythic-dark/Sketches/brains/brain-boxing-glove/index.html","3","0","https://ronenglish-archive.github.io/ron-english-sketches-mythic-dark/images/Sketches/brains/Brain%20Boxing%20Glove%20ORIGINAL.jpg","OK","Ready."
"Mythic Dark","Brain Boy","brains","brains","Sketches\brains\brain-boy\index.html","https://ronenglish-archive.github.io/ron-english-sketches-mythic-dark/Sketches/brains/brain-boy/index.html","6","0","https://ronenglish-archive.github.io/ron-english-sketches-mythic-dark/images/Sketches/brains/Brain%20Boy%20ORIGINAL.jpg","OK","Ready."
"Mythic Dark","Brain Fire Flower","brains","brains","Sketches\brains\brain-fire-flower\index.html","https://ronenglish-archive.github.io/ron-english-sketches-mythic-dark/Sketches/brains/brain-fire-flower/index.html","2","0","https://ronenglish-archive.github.io/ron-english-sketches-mythic-dark/images/Sketches/brains/Brain%20Fire%20Flower%20B%26W.jpg","OK","Ready."
"Mythic Dark","Brain Flower","brains","brains","Sketches\brains\brain-flower\index.html","https://ronenglish-archive.github.io/ron-english-sketches-mythic-dark/Sketches/brains/brain-flower/index.html","1","0","https://ronenglish-archive.github.io/ron-english-sketches-mythic-dark/images/Sketches/brains/Brain%20Flower%20ORIGINAL%20COLOR.jpg","OK","Ready."
"Mythic Dark","Brain Halves","brains","brains","Sketches\brains\brain-halves\index.html","https://ronenglish-archive.github.io/ron-english-sketches-mythic-dark/Sketches/brains/brain-halves/index.html","3","0","https://ronenglish-archive.github.io/ron-english-sketches-mythic-dark/images/Sketches/brains/Brain%20Halves%20ORIGINAL.jpg","OK","Ready."
"Mythic Dark","Brain Heart","brains","brains","Sketches\brains\brain-heart\index.html","https://ronenglish-archive.github.io/ron-english-sketches-mythic-dark/Sketches/brains/brain-heart/index.html","7","0","https://ronenglish-archive.github.io/ron-english-sketches-mythic-dark/images/Sketches/brains/Brain%20Heart%20back%20B%26W.jpg","OK","Ready."
"Mythic Dark","Brain Lightning","brains","brains","Sketches\brains\brain-lightning\index.html","https://ronenglish-archive.github.io/ron-english-sketches-mythic-dark/Sketches/brains/brain-lightning/index.html","3","0","https://ronenglish-archive.github.io/ron-english-sketches-mythic-dark/images/Sketches/brains/Brain%20Lightning%20%20%20ORIGINAL.jpg","OK","Ready."
"Mythic Dark","Brain Maze","brains","brains","Sketches\brains\brain-maze\index.html","https://ronenglish-archive.github.io/ron-english-sketches-mythic-dark/Sketches/brains/brain-maze/index.html","2","0","https://ronenglish-archive.github.io/ron-english-sketches-mythic-dark/images/Sketches/brains/Brain%20Maze%20ORIGINAL.jpg","OK","Ready."
"Mythic Dark","Brain Thinker","brains","brains","Sketches\brains\brain-thinker\index.html","https://ronenglish-archive.github.io/ron-english-sketches-mythic-dark/Sketches/brains/brain-thinker/index.html","5","0","https://ronenglish-archive.github.io/ron-english-sketches-mythic-dark/images/Sketches/brains/Brain%20Thinker%20ORIGINAL.jpg","OK","Ready."
"Mythic Dark","Brain Tree","brains","brains","Sketches\brains\brain-tree\index.html","https://ronenglish-archive.github.io/ron-english-sketches-mythic-dark/Sketches/brains/brain-tree/index.html","3","0","https://ronenglish-archive.github.io/ron-english-sketches-mythic-dark/images/Sketches/brains/Brain%20Tree%20ORIGINAL.jpg","OK","Ready."
"Mythic Dark","Brain Wave Surfer","brains","brains","Sketches\brains\brain-wave-surfer\index.html","https://ronenglish-archive.github.io/ron-english-sketches-mythic-dark/Sketches/brains/brain-wave-surfer/index.html","2","0","https://ronenglish-archive.github.io/ron-english-sketches-mythic-dark/images/Sketches/brains/Brain%20Wave%20Surfer%20B%26W.jpg","OK","Ready."
"Mythic Dark","Captain Curious","brains","brains","Sketches\brains\captain-curious\index.html","https://ronenglish-archive.github.io/ron-english-sketches-mythic-dark/Sketches/brains/captain-curious/index.html","3","0","https://ronenglish-archive.github.io/ron-english-sketches-mythic-dark/images/Sketches/brains/Captain%20Curious%202.jpg","OK","Ready."
"Mythic Dark","Elephant Brain","brains","brains","Sketches\brains\elephant-brain\index.html","https://ronenglish-archive.github.io/ron-english-sketches-mythic-dark/Sketches/brains/elephant-brain/index.html","4","0","https://ronenglish-archive.github.io/ron-english-sketches-mythic-dark/images/Sketches/brains/Elephant%20Brain%20original%20B%26W.jpg","OK","Ready."
"Mythic Dark","Paisley Brain","brains","brains","Sketches\brains\paisley-brain\index.html","https://ronenglish-archive.github.io/ron-english-sketches-mythic-dark/Sketches/brains/paisley-brain/index.html","3","0","https://ronenglish-archive.github.io/ron-english-sketches-mythic-dark/images/Sketches/brains/Paisley%20Brain%20ORIGINAL.jpg","OK","Ready."
"Mythic Dark","Peace & Love","brains","brains","Sketches\brains\peace-and-love\index.html","https://ronenglish-archive.github.io/ron-english-sketches-mythic-dark/Sketches/brains/peace-and-love/index.html","19","0","https://ronenglish-archive.github.io/ron-english-sketches-mythic-dark/images/Sketches/brains/Peace%20%26%20Love%20ORIGINAL%20(2).jpg","OK","Ready."
"Mythic Dark","Peace of Mind","brains","brains","Sketches\brains\peace-of-mind\index.html","https://ronenglish-archive.github.io/ron-english-sketches-mythic-dark/Sketches/brains/peace-of-mind/index.html","2","0","https://ronenglish-archive.github.io/ron-english-sketches-mythic-dark/images/Sketches/brains/Peace%20of%20Mind%20B%26W.jpg","OK","Ready."
"Mythic Dark","Ron's Brain","brains","brains","Sketches\brains\rons-brain\index.html","https://ronenglish-archive.github.io/ron-english-sketches-mythic-dark/Sketches/brains/rons-brain/index.html","0","0","","REVIEW","No image references found."
"Mythic Dark","Sex Brain","brains","brains","Sketches\brains\sex-brain\index.html","https://ronenglish-archive.github.io/ron-english-sketches-mythic-dark/Sketches/brains/sex-brain/index.html","5","0","https://ronenglish-archive.github.io/ron-english-sketches-mythic-dark/images/Sketches/brains/Sex%20Brain%201%20ORIGINAL%202.jpg","OK","Ready."
"Mythic Dark","Sin of Consciousness","brains","brains","Sketches\brains\sin-of-consciousness\index.html","https://ronenglish-archive.github.io/ron-english-sketches-mythic-dark/Sketches/brains/sin-of-consciousness/index.html","4","0","https://ronenglish-archive.github.io/ron-english-sketches-mythic-dark/images/Sketches/brains/Sin%20of%20Consciousness%20ORIGINAL.jpg","OK","Ready."
"Mythic Dark","Stellabolt Cerebella","brains","brains","Sketches\brains\stellabolt-cerebella\index.html","https://ronenglish-archive.github.io/ron-english-sketches-mythic-dark/Sketches/brains/stellabolt-cerebella/index.html","3","0","https://ronenglish-archive.github.io/ron-english-sketches-mythic-dark/images/Sketches/brains/Stellabolt%20Cerebella%20ORIGINAL.jpg","OK","Ready."
"Mythic Dark","Thinker on the Church Throne","brains","brains","Sketches\brains\thinker-on-the-church-throne\index.html","https://ronenglish-archive.github.io/ron-english-sketches-mythic-dark/Sketches/brains/thinker-on-the-church-throne/index.html","3","0","https://ronenglish-archive.github.io/ron-english-sketches-mythic-dark/images/Sketches/brains/Thinker%20on%20the%20Church%20Throne%20ORIGINAL.jpg","OK","Ready."
"Mythic Dark","Voodoo Painting","brains","brains","Sketches\brains\voodoo-painting\index.html","https://ronenglish-archive.github.io/ron-english-sketches-mythic-dark/Sketches/brains/voodoo-painting/index.html","3","0","https://ronenglish-archive.github.io/ron-english-sketches-mythic-dark/images/Sketches/brains/Voodoo%20Painting%20ORIGINAL.jpg","OK","Ready."
"Mythic Dark","Yinyang Brain","brains","brains","Sketches\brains\yinyang-brain\index.html","https://ronenglish-archive.github.io/ron-english-sketches-mythic-dark/Sketches/brains/yinyang-brain/index.html","1","0","https://ronenglish-archive.github.io/ron-english-sketches-mythic-dark/images/Sketches/brains/Yinyang%20Brain%20ORIGINAL.jpg","OK","Ready."
"Mythic Dark","Ape Versus Reptile","kaijus","kaijus","Sketches\kaijus\ape-versus-reptile\index.html","https://ronenglish-archive.github.io/ron-english-sketches-mythic-dark/Sketches/kaijus/ape-versus-reptile/index.html","2","0","https://ronenglish-archive.github.io/ron-english-sketches-mythic-dark/images/Sketches/Kaijus/Ape%20Versus%20Reptile%20B%26W.jpg","OK","Ready."
"Mythic Dark","Atom Tom Carotene","kaijus","kaijus","Sketches\kaijus\atom-tom-carotene\index.html","https://ronenglish-archive.github.io/ron-english-sketches-mythic-dark/Sketches/kaijus/atom-tom-carotene/index.html","3","0","https://ronenglish-archive.github.io/ron-english-sketches-mythic-dark/images/Sketches/Kaijus/Atom%20Tom%20Carotene%20ORIGINAL.jpg","OK","Ready."
"Mythic Dark","Butterfly Girl","kaijus","kaijus","Sketches\kaijus\butterfly-girl\index.html","https://ronenglish-archive.github.io/ron-english-sketches-mythic-dark/Sketches/kaijus/butterfly-girl/index.html","3","0","https://ronenglish-archive.github.io/ron-english-sketches-mythic-dark/images/Sketches/Kaijus/Butterfly%20Girl%20B%26W.jpg","OK","Ready."
"Mythic Dark","Butter Thighs","kaijus","kaijus","Sketches\kaijus\butter-thighs\index.html","https://ronenglish-archive.github.io/ron-english-sketches-mythic-dark/Sketches/kaijus/butter-thighs/index.html","3","0","https://ronenglish-archive.github.io/ron-english-sketches-mythic-dark/images/Sketches/Kaijus/Butter%20Thighs%20ORIGINAL.jpg","OK","Ready."
"Mythic Dark","Candle Zilla","kaijus","kaijus","Sketches\kaijus\candle-zilla\index.html","https://ronenglish-archive.github.io/ron-english-sketches-mythic-dark/Sketches/kaijus/candle-zilla/index.html","5","0","https://ronenglish-archive.github.io/ron-english-sketches-mythic-dark/images/Sketches/Kaijus/Candle%20Zilla%20ORIGINAL.jpg","OK","Ready."
"Mythic Dark","Carrot Man","kaijus","kaijus","Sketches\kaijus\carrot-man\index.html","https://ronenglish-archive.github.io/ron-english-sketches-mythic-dark/Sketches/kaijus/carrot-man/index.html","4","0","https://ronenglish-archive.github.io/ron-english-sketches-mythic-dark/images/Sketches/Kaijus/Carrot%20Man%20front%20ORIGINAL.jpg","OK","Ready."
"Mythic Dark","Caterpillar","kaijus","kaijus","Sketches\kaijus\caterpillar\index.html","https://ronenglish-archive.github.io/ron-english-sketches-mythic-dark/Sketches/kaijus/caterpillar/index.html","4","0","https://ronenglish-archive.github.io/ron-english-sketches-mythic-dark/images/Sketches/Kaijus/Caterpillar%20ORIGINAL%202.jpg","OK","Ready."
"Mythic Dark","Cluckin' Bell","kaijus","kaijus","Sketches\kaijus\cluckin-bell\index.html","https://ronenglish-archive.github.io/ron-english-sketches-mythic-dark/Sketches/kaijus/cluckin-bell/index.html","0","0","","REVIEW","No image references found."
"Mythic Dark","Daisy and Dahlia Dinoflower","kaijus","kaijus","Sketches\kaijus\daisy-and-dahlia-dinoflower\index.html","https://ronenglish-archive.github.io/ron-english-sketches-mythic-dark/Sketches/kaijus/daisy-and-dahlia-dinoflower/index.html","3","0","https://ronenglish-archive.github.io/ron-english-sketches-mythic-dark/images/Sketches/Kaijus/Daisy%20and%20Dahlia%20Dinoflower%20ORIGINAL.jpg","OK","Ready."
"Mythic Dark","Devouro","kaijus","kaijus","Sketches\kaijus\devouro\index.html","https://ronenglish-archive.github.io/ron-english-sketches-mythic-dark/Sketches/kaijus/devouro/index.html","3","0","https://ronenglish-archive.github.io/ron-english-sketches-mythic-dark/images/Sketches/Kaijus/Devouro%20ORIGINAL.jpg","OK","Ready."
"Mythic Dark","Digitron","kaijus","kaijus","Sketches\kaijus\digitron\index.html","https://ronenglish-archive.github.io/ron-english-sketches-mythic-dark/Sketches/kaijus/digitron/index.html","3","0","https://ronenglish-archive.github.io/ron-english-sketches-mythic-dark/images/Sketches/Kaijus/Digitron%20ORIGINAL.jpg","OK","Ready."
"Mythic Dark","Dino Grenade","kaijus","kaijus","Sketches\kaijus\dino-grenade\index.html","https://ronenglish-archive.github.io/ron-english-sketches-mythic-dark/Sketches/kaijus/dino-grenade/index.html","24","0","https://ronenglish-archive.github.io/ron-english-sketches-mythic-dark/images/Sketches/Kaijus/Dino%20Grenade%20back%20ORIGINAL.jpg","OK","Ready."
"Mythic Dark","Dino Grenade side 2","kaijus","kaijus","Sketches\kaijus\dino-grenade-side-2\index.html","https://ronenglish-archive.github.io/ron-english-sketches-mythic-dark/Sketches/kaijus/dino-grenade-side-2/index.html","3","0","https://ronenglish-archive.github.io/ron-english-sketches-mythic-dark/images/Sketches/Kaijus/Dino%20Grenade%20side%202%20ORIGINAL.jpg","OK","Ready."
"Mythic Dark","Dino Grenade side 2 B&W (1)","kaijus","kaijus","Sketches\kaijus\dino-grenade-side-2-b-and-w-1\index.html","https://ronenglish-archive.github.io/ron-english-sketches-mythic-dark/Sketches/kaijus/dino-grenade-side-2-b-and-w-1/index.html","1","0","https://ronenglish-archive.github.io/ron-english-sketches-mythic-dark/images/Sketches/Kaijus/Dino%20Grenade%20side%202%20B%26W%20(1).jpg","OK","Ready."
"Mythic Dark","Drippy","kaijus","kaijus","Sketches\kaijus\drippy\index.html","https://ronenglish-archive.github.io/ron-english-sketches-mythic-dark/Sketches/kaijus/drippy/index.html","2","0","https://ronenglish-archive.github.io/ron-english-sketches-mythic-dark/images/Sketches/Kaijus/Drippy%20ORIGINAL.jpg","OK","Ready."
"Mythic Dark","Dudebox Monster","kaijus","kaijus","Sketches\kaijus\dudebox-monster\index.html","https://ronenglish-archive.github.io/ron-english-sketches-mythic-dark/Sketches/kaijus/dudebox-monster/index.html","1","0","https://ronenglish-archive.github.io/ron-english-sketches-mythic-dark/images/Sketches/Kaijus/Dudebox%20Monster%20ORIGINAL.jpg","OK","Ready."
"Mythic Dark","Ecola Genie","kaijus","kaijus","Sketches\kaijus\ecola-genie\index.html","https://ronenglish-archive.github.io/ron-english-sketches-mythic-dark/Sketches/kaijus/ecola-genie/index.html","3","0","https://ronenglish-archive.github.io/ron-english-sketches-mythic-dark/images/Sketches/Kaijus/Ecola%20Genie%20ORIGINAL.jpg","OK","Ready."
"Mythic Dark","Eggleton Gogglehead","kaijus","kaijus","Sketches\kaijus\eggleton-gogglehead\index.html","https://ronenglish-archive.github.io/ron-english-sketches-mythic-dark/Sketches/kaijus/eggleton-gogglehead/index.html","3","0","https://ronenglish-archive.github.io/ron-english-sketches-mythic-dark/images/Sketches/Kaijus/Eggleton%20Gogglehead%20ORIGINAL.jpg","OK","Ready."
"Mythic Dark","Eyeman","kaijus","kaijus","Sketches\kaijus\eyeman\index.html","https://ronenglish-archive.github.io/ron-english-sketches-mythic-dark/Sketches/kaijus/eyeman/index.html","2","0","https://ronenglish-archive.github.io/ron-english-sketches-mythic-dark/images/Sketches/Kaijus/Eyeman%20B%26W.jpg","OK","Ready."
"Mythic Dark","Fish Eyed Freak","kaijus","kaijus","Sketches\kaijus\fish-eyed-freak\index.html","https://ronenglish-archive.github.io/ron-english-sketches-mythic-dark/Sketches/kaijus/fish-eyed-freak/index.html","3","0","https://ronenglish-archive.github.io/ron-english-sketches-mythic-dark/images/Sketches/Kaijus/Fish%20Eyed%20Freak%20back%20ORIGINAL%20COLOR.jpg","OK","Ready."
"Mythic Dark","Football Plunger","kaijus","kaijus","Sketches\kaijus\football-plunger\index.html","https://ronenglish-archive.github.io/ron-english-sketches-mythic-dark/Sketches/kaijus/football-plunger/index.html","3","0","https://ronenglish-archive.github.io/ron-english-sketches-mythic-dark/images/Sketches/Kaijus/Football%20Plunger%20ORIGINAL.jpg","OK","Ready."
"Mythic Dark","Francis Flushing","kaijus","kaijus","Sketches\kaijus\francis-flushing\index.html","https://ronenglish-archive.github.io/ron-english-sketches-mythic-dark/Sketches/kaijus/francis-flushing/index.html","3","0","https://ronenglish-archive.github.io/ron-english-sketches-mythic-dark/images/Sketches/Kaijus/Francis%20Flushing%20ORIGINAL.jpg","OK","Ready."
"Mythic Dark","Gazerella","kaijus","kaijus","Sketches\kaijus\gazerella\index.html","https://ronenglish-archive.github.io/ron-english-sketches-mythic-dark/Sketches/kaijus/gazerella/index.html","3","0","https://ronenglish-archive.github.io/ron-english-sketches-mythic-dark/images/Sketches/Kaijus/Gazerella%20ORIGINAL.jpg","OK","Ready."
"Mythic Dark","Gemini Goggleeyes","kaijus","kaijus","Sketches\kaijus\gemini-goggleeyes\index.html","https://ronenglish-archive.github.io/ron-english-sketches-mythic-dark/Sketches/kaijus/gemini-goggleeyes/index.html","3","0","https://ronenglish-archive.github.io/ron-english-sketches-mythic-dark/images/Sketches/Kaijus/Gemini%20Goggleeyes%20ORIGINAL.jpg","OK","Ready."
"Mythic Dark","Glancester Dandy","kaijus","kaijus","Sketches\kaijus\glancester-dandy\index.html","https://ronenglish-archive.github.io/ron-english-sketches-mythic-dark/Sketches/kaijus/glancester-dandy/index.html","3","0","https://ronenglish-archive.github.io/ron-english-sketches-mythic-dark/images/Sketches/Kaijus/Glancester%20Dandy%20ORIGINAL.jpg","OK","Ready."
"Mythic Dark","Grenade Dinoshark","kaijus","kaijus","Sketches\kaijus\grenade-dinoshark\index.html","https://ronenglish-archive.github.io/ron-english-sketches-mythic-dark/Sketches/kaijus/grenade-dinoshark/index.html","2","0","https://ronenglish-archive.github.io/ron-english-sketches-mythic-dark/images/Sketches/Kaijus/Grenade%20Dinoshark%20B%26W.jpg","OK","Ready."
"Mythic Dark","Grinelda Crossgaze","kaijus","kaijus","Sketches\kaijus\grinelda-crossgaze\index.html","https://ronenglish-archive.github.io/ron-english-sketches-mythic-dark/Sketches/kaijus/grinelda-crossgaze/index.html","3","0","https://ronenglish-archive.github.io/ron-english-sketches-mythic-dark/images/Sketches/Kaijus/Grinelda%20Crossgaze%20ORIGINAL.jpg","OK","Ready."
"Mythic Dark","Has Been","kaijus","kaijus","Sketches\kaijus\has-been\index.html","https://ronenglish-archive.github.io/ron-english-sketches-mythic-dark/Sketches/kaijus/has-been/index.html","9","0","https://ronenglish-archive.github.io/ron-english-sketches-mythic-dark/images/Sketches/Kaijus/Has%20Been%20back%20ORIGINAL.jpg","OK","Ready."
"Mythic Dark","Horny Saurus","kaijus","kaijus","Sketches\kaijus\horny-saurus\index.html","https://ronenglish-archive.github.io/ron-english-sketches-mythic-dark/Sketches/kaijus/horny-saurus/index.html","11","0","https://ronenglish-archive.github.io/ron-english-sketches-mythic-dark/images/Sketches/Kaijus/Horny%20Saurus%20details%202%20ORIGINAL.jpg","OK","Ready."
"Mythic Dark","Horny Todd","kaijus","kaijus","Sketches\kaijus\horny-todd\index.html","https://ronenglish-archive.github.io/ron-english-sketches-mythic-dark/Sketches/kaijus/horny-todd/index.html","2","0","https://ronenglish-archive.github.io/ron-english-sketches-mythic-dark/images/Sketches/Kaijus/Horny%20Todd%20B%26W.jpg","OK","Ready."
"Mythic Dark","Ice Cream Cone","kaijus","kaijus","Sketches\kaijus\ice-cream-cone\index.html","https://ronenglish-archive.github.io/ron-english-sketches-mythic-dark/Sketches/kaijus/ice-cream-cone/index.html","1","0","https://ronenglish-archive.github.io/ron-english-sketches-mythic-dark/images/Sketches/Kaijus/Ice%20Cream%20Cone%20B%26W.jpg","OK","Ready."
"Mythic Dark","Kaiju family icon","kaijus","kaijus","Sketches\kaijus\kaiju-family-icon\index.html","https://ronenglish-archive.github.io/ron-english-sketches-mythic-dark/Sketches/kaijus/kaiju-family-icon/index.html","1","0","https://ronenglish-archive.github.io/ron-english-sketches-mythic-dark/images/Sketches/Kaijus/Kaiju%20family%20icon%20COLOR.jpg","OK","Ready."
"Mythic Dark","Kaiju Monarch Dragon","kaijus","kaijus","Sketches\kaijus\kaiju-monarch-dragon\index.html","https://ronenglish-archive.github.io/ron-english-sketches-mythic-dark/Sketches/kaijus/kaiju-monarch-dragon/index.html","3","0","https://ronenglish-archive.github.io/ron-english-sketches-mythic-dark/images/Sketches/Kaijus/Kaiju%20Monarch%20Dragon%20ORIGINAL.jpg","OK","Ready."
"Mythic Dark","Kult Prey","kaijus","kaijus","Sketches\kaijus\kult-prey\index.html","https://ronenglish-archive.github.io/ron-english-sketches-mythic-dark/Sketches/kaijus/kult-prey/index.html","4","0","https://ronenglish-archive.github.io/ron-english-sketches-mythic-dark/images/Sketches/Kaijus/Kult%20Prey%20ORIGINAL.jpg","OK","Ready."
"Mythic Dark","Lady Carrot","kaijus","kaijus","Sketches\kaijus\lady-carrot\index.html","https://ronenglish-archive.github.io/ron-english-sketches-mythic-dark/Sketches/kaijus/lady-carrot/index.html","3","0","https://ronenglish-archive.github.io/ron-english-sketches-mythic-dark/images/Sketches/Kaijus/Lady%20Carrot%20ORIGINAL.jpg","OK","Ready."
"Mythic Dark","Lady lips","kaijus","kaijus","Sketches\kaijus\lady-lips\index.html","https://ronenglish-archive.github.io/ron-english-sketches-mythic-dark/Sketches/kaijus/lady-lips/index.html","2","0","https://ronenglish-archive.github.io/ron-english-sketches-mythic-dark/images/Sketches/Kaijus/Lady%20lips%20ORIGINAL%20COLOR.jpg","OK","Ready."
"Mythic Dark","Lemon Maid","kaijus","kaijus","Sketches\kaijus\lemon-maid\index.html","https://ronenglish-archive.github.io/ron-english-sketches-mythic-dark/Sketches/kaijus/lemon-maid/index.html","3","0","https://ronenglish-archive.github.io/ron-english-sketches-mythic-dark/images/Sketches/Kaijus/Lemon%20Maid%20ORIGINAL.jpg","OK","Ready."
"Mythic Dark","Modzilla","kaijus","kaijus","Sketches\kaijus\modzilla\index.html","https://ronenglish-archive.github.io/ron-english-sketches-mythic-dark/Sketches/kaijus/modzilla/index.html","5","0","https://ronenglish-archive.github.io/ron-english-sketches-mythic-dark/images/Sketches/Kaijus/Modzilla%20ORIGINAL.jpg","OK","Ready."
"Mythic Dark","Mona Oligarch","kaijus","kaijus","Sketches\kaijus\mona-oligarch\index.html","https://ronenglish-archive.github.io/ron-english-sketches-mythic-dark/Sketches/kaijus/mona-oligarch/index.html","4","0","https://ronenglish-archive.github.io/ron-english-sketches-mythic-dark/images/Sketches/Kaijus/Mona%20Oligarch%20ORIGINAL.jpg","OK","Ready."
"Mythic Dark","Monster Masher","kaijus","kaijus","Sketches\kaijus\monster-masher\index.html","https://ronenglish-archive.github.io/ron-english-sketches-mythic-dark/Sketches/kaijus/monster-masher/index.html","2","0","https://ronenglish-archive.github.io/ron-english-sketches-mythic-dark/images/Sketches/Kaijus/Monster%20Masher%20ORIGINAL.jpg","OK","Ready."
"Mythic Dark","Monster Prosthetics","kaijus","kaijus","Sketches\kaijus\monster-prosthetics\index.html","https://ronenglish-archive.github.io/ron-english-sketches-mythic-dark/Sketches/kaijus/monster-prosthetics/index.html","2","0","https://ronenglish-archive.github.io/ron-english-sketches-mythic-dark/images/Sketches/Kaijus/Monster%20Prosthetics%20ORIGINAL.jpg","OK","Ready."
"Mythic Dark","Mother Love (Love Momster)","kaijus","kaijus","Sketches\kaijus\mother-love-love-momster\index.html","https://ronenglish-archive.github.io/ron-english-sketches-mythic-dark/Sketches/kaijus/mother-love-love-momster/index.html","10","0","https://ronenglish-archive.github.io/ron-english-sketches-mythic-dark/images/Sketches/Kaijus/Mother%20Love%20(Love%20Momster)%20ORIGINAL.jpg","OK","Ready."
"Mythic Dark","Mothman","kaijus","kaijus","Sketches\kaijus\mothman\index.html","https://ronenglish-archive.github.io/ron-english-sketches-mythic-dark/Sketches/kaijus/mothman/index.html","3","0","https://ronenglish-archive.github.io/ron-english-sketches-mythic-dark/images/Sketches/Kaijus/Mothman%20ORIGINAL.jpg","OK","Ready."
"Mythic Dark","Mousezilla","kaijus","kaijus","Sketches\kaijus\mousezilla\index.html","https://ronenglish-archive.github.io/ron-english-sketches-mythic-dark/Sketches/kaijus/mousezilla/index.html","28","0","https://ronenglish-archive.github.io/ron-english-sketches-mythic-dark/images/Sketches/Kaijus/Mousezilla%20Mechanized%20Robot%20back%20ORIGINAL.jpg","OK","Ready."
"Mythic Dark","Multifaced Satan","kaijus","kaijus","Sketches\kaijus\multifaced-satan\index.html","https://ronenglish-archive.github.io/ron-english-sketches-mythic-dark/Sketches/kaijus/multifaced-satan/index.html","3","0","https://ronenglish-archive.github.io/ron-english-sketches-mythic-dark/images/Sketches/Kaijus/Multifaced%20Satan%20ORIGINAL.jpg","OK","Ready."
"Mythic Dark","Myriad Saurus","kaijus","kaijus","Sketches\kaijus\myriad-saurus\index.html","https://ronenglish-archive.github.io/ron-english-sketches-mythic-dark/Sketches/kaijus/myriad-saurus/index.html","13","0","https://ronenglish-archive.github.io/ron-english-sketches-mythic-dark/images/Sketches/Kaijus/Myriad%20Saurus%20back%20ORIGINAL.jpg","OK","Ready."
"Mythic Dark","Nostrangeness","kaijus","kaijus","Sketches\kaijus\nostrangeness\index.html","https://ronenglish-archive.github.io/ron-english-sketches-mythic-dark/Sketches/kaijus/nostrangeness/index.html","3","0","https://ronenglish-archive.github.io/ron-english-sketches-mythic-dark/images/Sketches/Kaijus/Nostrangeness%20ORIGINAL.jpg","OK","Ready."
"Mythic Dark","Pecklespark","kaijus","kaijus","Sketches\kaijus\pecklespark\index.html","https://ronenglish-archive.github.io/ron-english-sketches-mythic-dark/Sketches/kaijus/pecklespark/index.html","3","0","https://ronenglish-archive.github.io/ron-english-sketches-mythic-dark/images/Sketches/Kaijus/Pecklespark%20ORIGINAL.jpg","OK","Ready."
"Mythic Dark","Perplip","kaijus","kaijus","Sketches\kaijus\perplip\index.html","https://ronenglish-archive.github.io/ron-english-sketches-mythic-dark/Sketches/kaijus/perplip/index.html","3","0","https://ronenglish-archive.github.io/ron-english-sketches-mythic-dark/images/Sketches/Kaijus/Perplip%20ORIGINAL.jpg","OK","Ready."
"Mythic Dark","Pizza Face","kaijus","kaijus","Sketches\kaijus\pizza-face\index.html","https://ronenglish-archive.github.io/ron-english-sketches-mythic-dark/Sketches/kaijus/pizza-face/index.html","23","0","https://ronenglish-archive.github.io/ron-english-sketches-mythic-dark/images/Sketches/Kaijus/Pizza%20Face%201%20ORIGINAL.jpg","OK","Ready."
"Mythic Dark","Plug Family","kaijus","kaijus","Sketches\kaijus\plug-family\index.html","https://ronenglish-archive.github.io/ron-english-sketches-mythic-dark/Sketches/kaijus/plug-family/index.html","1","0","https://ronenglish-archive.github.io/ron-english-sketches-mythic-dark/images/Sketches/Kaijus/Plug%20Family%20ORIGINAL.jpg","OK","Ready."
"Mythic Dark","P's and Q's","kaijus","kaijus","Sketches\kaijus\ps-and-qs\index.html","https://ronenglish-archive.github.io/ron-english-sketches-mythic-dark/Sketches/kaijus/ps-and-qs/index.html","0","0","","REVIEW","No image references found."
"Mythic Dark","Raptor Raptor","kaijus","kaijus","Sketches\kaijus\raptor-raptor\index.html","https://ronenglish-archive.github.io/ron-english-sketches-mythic-dark/Sketches/kaijus/raptor-raptor/index.html","5","0","https://ronenglish-archive.github.io/ron-english-sketches-mythic-dark/images/Sketches/Kaijus/Raptor%20Raptor%20ORIGINAL%202.jpg","OK","Ready."
"Mythic Dark","Robo Dino Grenade","kaijus","kaijus","Sketches\kaijus\robo-dino-grenade\index.html","https://ronenglish-archive.github.io/ron-english-sketches-mythic-dark/Sketches/kaijus/robo-dino-grenade/index.html","1","0","https://ronenglish-archive.github.io/ron-english-sketches-mythic-dark/images/Sketches/Kaijus/Robo%20Dino%20Grenade%20ORIGINAL.jpg","OK","Ready."
"Mythic Dark","Scream","kaijus","kaijus","Sketches\kaijus\scream\index.html","https://ronenglish-archive.github.io/ron-english-sketches-mythic-dark/Sketches/kaijus/scream/index.html","1","0","https://ronenglish-archive.github.io/ron-english-sketches-mythic-dark/images/Sketches/Kaijus/Scream%20B%26W.jpg","OK","Ready."
"Mythic Dark","Seymour and Elliot Eyeball","kaijus","kaijus","Sketches\kaijus\seymour-and-elliot-eyeball\index.html","https://ronenglish-archive.github.io/ron-english-sketches-mythic-dark/Sketches/kaijus/seymour-and-elliot-eyeball/index.html","3","0","https://ronenglish-archive.github.io/ron-english-sketches-mythic-dark/images/Sketches/Kaijus/Seymour%20and%20Elliot%20Eyeball%20ORIGINAL.jpg","OK","Ready."
"Mythic Dark","Slopeseer","kaijus","kaijus","Sketches\kaijus\slopeseer\index.html","https://ronenglish-archive.github.io/ron-english-sketches-mythic-dark/Sketches/kaijus/slopeseer/index.html","3","0","https://ronenglish-archive.github.io/ron-english-sketches-mythic-dark/images/Sketches/Kaijus/Slopeseer%20ORIGINAL.jpg","OK","Ready."
"Mythic Dark","Sun God","kaijus","kaijus","Sketches\kaijus\sun-god\index.html","https://ronenglish-archive.github.io/ron-english-sketches-mythic-dark/Sketches/kaijus/sun-god/index.html","3","0","https://ronenglish-archive.github.io/ron-english-sketches-mythic-dark/images/Sketches/Kaijus/Sun%20God%20ORIGINAL.jpg","OK","Ready."
"Mythic Dark","Surrealasaurus","kaijus","kaijus","Sketches\kaijus\surrealasaurus\index.html","https://ronenglish-archive.github.io/ron-english-sketches-mythic-dark/Sketches/kaijus/surrealasaurus/index.html","10","0","https://ronenglish-archive.github.io/ron-english-sketches-mythic-dark/images/Sketches/Kaijus/Surrealasaurus%20left%20side%20ORIGINAL.jpg","OK","Ready."
"Mythic Dark","The Sound and the Flurry","kaijus","kaijus","Sketches\kaijus\the-sound-and-the-flurry\index.html","https://ronenglish-archive.github.io/ron-english-sketches-mythic-dark/Sketches/kaijus/the-sound-and-the-flurry/index.html","1","0","https://ronenglish-archive.github.io/ron-english-sketches-mythic-dark/images/Sketches/Kaijus/The%20Sound%20and%20the%20Flurry%20ORIGINAL.jpg","OK","Ready."
"Mythic Dark","Tit Tot","kaijus","kaijus","Sketches\kaijus\tit-tot\index.html","https://ronenglish-archive.github.io/ron-english-sketches-mythic-dark/Sketches/kaijus/tit-tot/index.html","3","0","https://ronenglish-archive.github.io/ron-english-sketches-mythic-dark/images/Sketches/Kaijus/Tit%20Tot%20ORIGINAL.jpg","OK","Ready."
"Mythic Dark","Toilet Breath","kaijus","kaijus","Sketches\kaijus\toilet-breath\index.html","https://ronenglish-archive.github.io/ron-english-sketches-mythic-dark/Sketches/kaijus/toilet-breath/index.html","2","0","https://ronenglish-archive.github.io/ron-english-sketches-mythic-dark/images/Sketches/Kaijus/Toilet%20Breath%20B%26W.jpg","OK","Ready."
"Mythic Dark","Tonguetop Goggleorb","kaijus","kaijus","Sketches\kaijus\tonguetop-goggleorb\index.html","https://ronenglish-archive.github.io/ron-english-sketches-mythic-dark/Sketches/kaijus/tonguetop-goggleorb/index.html","3","0","https://ronenglish-archive.github.io/ron-english-sketches-mythic-dark/images/Sketches/Kaijus/Tonguetop%20Goggleorb%20ORIGINAL.jpg","OK","Ready."
"Mythic Dark","Tree of Life","kaijus","kaijus","Sketches\kaijus\tree-of-life\index.html","https://ronenglish-archive.github.io/ron-english-sketches-mythic-dark/Sketches/kaijus/tree-of-life/index.html","2","0","https://ronenglish-archive.github.io/ron-english-sketches-mythic-dark/images/Sketches/Kaijus/Tree%20of%20Life%20%20B%26W.jpg","OK","Ready."
"Mythic Dark","Tree of Life Leaf","kaijus","kaijus","Sketches\kaijus\tree-of-life-leaf\index.html","https://ronenglish-archive.github.io/ron-english-sketches-mythic-dark/Sketches/kaijus/tree-of-life-leaf/index.html","2","0","https://ronenglish-archive.github.io/ron-english-sketches-mythic-dark/images/Sketches/Kaijus/Tree%20of%20Life%20Leaf%20B%26W.jpg","OK","Ready."
"Mythic Dark","Triclopsian","kaijus","kaijus","Sketches\kaijus\triclopsian\index.html","https://ronenglish-archive.github.io/ron-english-sketches-mythic-dark/Sketches/kaijus/triclopsian/index.html","2","0","https://ronenglish-archive.github.io/ron-english-sketches-mythic-dark/images/Sketches/Kaijus/Triclopsian%20B%26W.jpg","OK","Ready."
"Mythic Dark","Unicorn","kaijus","kaijus","Sketches\kaijus\unicorn\index.html","https://ronenglish-archive.github.io/ron-english-sketches-mythic-dark/Sketches/kaijus/unicorn/index.html","2","0","https://ronenglish-archive.github.io/ron-english-sketches-mythic-dark/images/Sketches/Kaijus/Unicorn%20B%26W.jpg","OK","Ready."
"Mythic Dark","Weepee's Liquid Lemon","kaijus","kaijus","Sketches\kaijus\weepees-liquid-lemon\index.html","https://ronenglish-archive.github.io/ron-english-sketches-mythic-dark/Sketches/kaijus/weepees-liquid-lemon/index.html","3","0","https://ronenglish-archive.github.io/ron-english-sketches-mythic-dark/images/Sketches/Kaijus/Weepee%20ORIGINAL.jpg","OK","Ready."
"Mythic Dark","Wild Devil Within","kaijus","kaijus","Sketches\kaijus\wild-devil-within\index.html","https://ronenglish-archive.github.io/ron-english-sketches-mythic-dark/Sketches/kaijus/wild-devil-within/index.html","9","0","https://ronenglish-archive.github.io/ron-english-sketches-mythic-dark/images/Sketches/Kaijus/Wild%20Devil%20Within%20back%20ORIGINAL.jpg","OK","Ready."
"Mythic Dark","Woman Riding Dragon","kaijus","kaijus","Sketches\kaijus\woman-riding-dragon\index.html","https://ronenglish-archive.github.io/ron-english-sketches-mythic-dark/Sketches/kaijus/woman-riding-dragon/index.html","3","0","https://ronenglish-archive.github.io/ron-english-sketches-mythic-dark/images/Sketches/Kaijus/Woman%20Riding%20Dragon%20ORIGINAL.jpg","OK","Ready."
"Mythic Dark","Ben Banger","kursed","kursed","Sketches\kursed\ben-banger\index.html","https://ronenglish-archive.github.io/ron-english-sketches-mythic-dark/Sketches/kursed/ben-banger/index.html","12","0","https://ronenglish-archive.github.io/ron-english-sketches-mythic-dark/images/Sketches/Kursed/Ben%20Banger%20front%20ORIGINAL.jpg","OK","Ready."
"Mythic Dark","Ben's Beans","kursed","kursed","Sketches\kursed\bens-beans-0\index.html","https://ronenglish-archive.github.io/ron-english-sketches-mythic-dark/Sketches/kursed/bens-beans-0/index.html","0","0","","REVIEW","No image references found."
"Mythic Dark","Brandon Edgewater","kursed","kursed","Sketches\kursed\brandon-edgewater\index.html","https://ronenglish-archive.github.io/ron-english-sketches-mythic-dark/Sketches/kursed/brandon-edgewater/index.html","19","0","https://ronenglish-archive.github.io/ron-english-sketches-mythic-dark/images/Sketches/Kursed/Brandon%20Edgewater%20ORIGINAL.jpg","OK","Ready."
"Mythic Dark","Deacon Daggerlick","kursed","kursed","Sketches\kursed\deacon-daggerlick\index.html","https://ronenglish-archive.github.io/ron-english-sketches-mythic-dark/Sketches/kursed/deacon-daggerlick/index.html","3","0","https://ronenglish-archive.github.io/ron-english-sketches-mythic-dark/images/Sketches/Kursed/Deacon%20Daggerlick%20ORIGINAL.jpg","OK","Ready."
"Mythic Dark","Diaperface","kursed","kursed","Sketches\kursed\diaperface\index.html","https://ronenglish-archive.github.io/ron-english-sketches-mythic-dark/Sketches/kursed/diaperface/index.html","5","0","https://ronenglish-archive.github.io/ron-english-sketches-mythic-dark/images/Sketches/Kursed/Diaperface%20ORIGINAL.jpg","OK","Ready."
"Mythic Dark","Gene Wimmons","kursed","kursed","Sketches\kursed\gene-wimmons\index.html","https://ronenglish-archive.github.io/ron-english-sketches-mythic-dark/Sketches/kursed/gene-wimmons/index.html","3","0","https://ronenglish-archive.github.io/ron-english-sketches-mythic-dark/images/Sketches/Kursed/Gene%20Wimmons%20ORIGINAL.jpg","OK","Ready."
"Mythic Dark","Hearteyes","kursed","kursed","Sketches\kursed\hearteyes\index.html","https://ronenglish-archive.github.io/ron-english-sketches-mythic-dark/Sketches/kursed/hearteyes/index.html","2","0","https://ronenglish-archive.github.io/ron-english-sketches-mythic-dark/images/Sketches/Kursed/Hearteyes%20ORIGINAL.jpg","OK","Ready."
"Mythic Dark","Kid in Kar","kursed","kursed","Sketches\kursed\kid-in-kar\index.html","https://ronenglish-archive.github.io/ron-english-sketches-mythic-dark/Sketches/kursed/kid-in-kar/index.html","3","0","https://ronenglish-archive.github.io/ron-english-sketches-mythic-dark/images/Sketches/Kursed/Kid%20in%20Kar%20ORIGINAL.jpg","OK","Ready."
"Mythic Dark","Kiss Kid Coke","kursed","kursed","Sketches\kursed\kiss-kid-coke\index.html","https://ronenglish-archive.github.io/ron-english-sketches-mythic-dark/Sketches/kursed/kiss-kid-coke/index.html","1","0","https://ronenglish-archive.github.io/ron-english-sketches-mythic-dark/images/Sketches/Kursed/Kiss%20Kid%20Coke%20ORIGINAL.jpg","OK","Ready."
"Mythic Dark","Kiss Kidd Paul Aero","kursed","kursed","Sketches\kursed\kiss-kidd-paul-aero\index.html","https://ronenglish-archive.github.io/ron-english-sketches-mythic-dark/Sketches/kursed/kiss-kidd-paul-aero/index.html","4","0","https://ronenglish-archive.github.io/ron-english-sketches-mythic-dark/images/Sketches/Kursed/Kiss%20Kidd%20Paul%20Aero%20ORIGINAL%202.jpg","OK","Ready."
"Mythic Dark","Kiss Kid Gene Aero","kursed","kursed","Sketches\kursed\kiss-kid-gene-aero\index.html","https://ronenglish-archive.github.io/ron-english-sketches-mythic-dark/Sketches/kursed/kiss-kid-gene-aero/index.html","3","0","https://ronenglish-archive.github.io/ron-english-sketches-mythic-dark/images/Sketches/Kursed/Kiss%20Kid%20Gene%20Aero%20ORIGINAL%20(2).jpg","OK","Ready."
"Mythic Dark","Kursed Kid","kursed","kursed","Sketches\kursed\kursed-kid\index.html","https://ronenglish-archive.github.io/ron-english-sketches-mythic-dark/Sketches/kursed/kursed-kid/index.html","6","0","https://ronenglish-archive.github.io/ron-english-sketches-mythic-dark/images/Sketches/Kursed/Kursed%20Kid%201%20ORIGINAL.jpg","OK","Ready."
"Mythic Dark","Kursed Kid Costumes","kursed","kursed","Sketches\kursed\kursed-kid-costume-1\index.html","https://ronenglish-archive.github.io/ron-english-sketches-mythic-dark/Sketches/kursed/kursed-kid-costume-1/index.html","5","0","https://ronenglish-archive.github.io/ron-english-sketches-mythic-dark/images/Sketches/Kursed/Kursed%20Kid%20Costume%201%20ORIGINAL.jpg","OK","Ready."
"Mythic Dark","Kursed Kid Dad","kursed","kursed","Sketches\kursed\kursed-kid-dad\index.html","https://ronenglish-archive.github.io/ron-english-sketches-mythic-dark/Sketches/kursed/kursed-kid-dad/index.html","1","0","https://ronenglish-archive.github.io/ron-english-sketches-mythic-dark/images/Sketches/Kursed/Kursed%20Kid%20Dad%20drawing%20ORIGINAL.jpg","OK","Ready."
"Mythic Dark","Kursed Kids Gang","kursed","kursed","Sketches\kursed\kursed-kids-gang-1\index.html","https://ronenglish-archive.github.io/ron-english-sketches-mythic-dark/Sketches/kursed/kursed-kids-gang-1/index.html","5","0","https://ronenglish-archive.github.io/ron-english-sketches-mythic-dark/images/Sketches/Kursed/Kursed%20Kids%20Gang%201%20ORIGINAL.jpg","OK","Ready."
"Mythic Dark","Kursed Kids Kim Kabuki","kursed","kursed","Sketches\kursed\kursed-kids-kim-kabuki\index.html","https://ronenglish-archive.github.io/ron-english-sketches-mythic-dark/Sketches/kursed/kursed-kids-kim-kabuki/index.html","6","0","https://ronenglish-archive.github.io/ron-english-sketches-mythic-dark/images/Sketches/Kursed/Kursed%20Kids%20Kim%20Kabuki%20ORIGINAL%20COLOR%20(2).jpg","OK","Ready."
"Mythic Dark","Kursed Kids Mars Alien","kursed","kursed","Sketches\kursed\kursed-kids-mars-alien\index.html","https://ronenglish-archive.github.io/ron-english-sketches-mythic-dark/Sketches/kursed/kursed-kids-mars-alien/index.html","4","0","https://ronenglish-archive.github.io/ron-english-sketches-mythic-dark/images/Sketches/Kursed/Kursed%20Kids%20Mars%20Alien%20ORIGINAL.jpg","OK","Ready."
"Mythic Dark","Yin Yang","kursed","kursed","Sketches\kursed\kursed-kids-yin-yang\index.html","https://ronenglish-archive.github.io/ron-english-sketches-mythic-dark/Sketches/kursed/kursed-kids-yin-yang/index.html","11","0","https://ronenglish-archive.github.io/ron-english-sketches-mythic-dark/images/Sketches/Kursed/Kursed%20Kids%20Yin%20Yang%20back%20ORIGINAL.jpg","OK","Ready."
"Mythic Dark","Zephyr","kursed","kursed","Sketches\kursed\kursed-kids-zephyr\index.html","https://ronenglish-archive.github.io/ron-english-sketches-mythic-dark/Sketches/kursed/kursed-kids-zephyr/index.html","10","0","https://ronenglish-archive.github.io/ron-english-sketches-mythic-dark/images/Sketches/Kursed/Kursed%20Kids%20Zephyr%20back%20ORIGINAL.jpg","OK","Ready."
"Mythic Dark","Lit Muse","kursed","kursed","Sketches\kursed\lit-muse\index.html","https://ronenglish-archive.github.io/ron-english-sketches-mythic-dark/Sketches/kursed/lit-muse/index.html","3","0","https://ronenglish-archive.github.io/ron-english-sketches-mythic-dark/images/Sketches/Kursed/Lit%20Muse%20ORIGINAL.jpg","OK","Ready."
"Mythic Dark","16 Different Bulb With Ring","light-cult","light-cult","Sketches\light-cult\16-different-bulb-with-ring\index.html","https://ronenglish-archive.github.io/ron-english-sketches-mythic-dark/Sketches/light-cult/16-different-bulb-with-ring/index.html","1","0","https://ronenglish-archive.github.io/ron-english-sketches-mythic-dark/images/Sketches/Light%20Cult/16%20different%20bulb%20with%20ring%20part%20a%20png%20.jpg","OK","Ready."
"Mythic Dark","Alleyquack Gutterball","light-cult","light-cult","Sketches\light-cult\alleyquack-gutterball\index.html","https://ronenglish-archive.github.io/ron-english-sketches-mythic-dark/Sketches/light-cult/alleyquack-gutterball/index.html","1","0","https://ronenglish-archive.github.io/ron-english-sketches-mythic-dark/images/Sketches/Light%20Cult/alleyquack%20gutterball%20-%20B%26W.jpg","OK","Ready."
"Mythic Dark","Angry Corporate Bulb","light-cult","light-cult","Sketches\light-cult\angry-corporate-bulb\index.html","https://ronenglish-archive.github.io/ron-english-sketches-mythic-dark/Sketches/light-cult/angry-corporate-bulb/index.html","1","0","https://ronenglish-archive.github.io/ron-english-sketches-mythic-dark/images/Sketches/Light%20Cult/angry%20corporate%20bulb%20%20-%20B%26W%201.jpg","OK","Ready."
"Mythic Dark","Apple Man","light-cult","light-cult","Sketches\light-cult\apple-man\index.html","https://ronenglish-archive.github.io/ron-english-sketches-mythic-dark/Sketches/light-cult/apple-man/index.html","1","0","https://ronenglish-archive.github.io/ron-english-sketches-mythic-dark/images/Sketches/Light%20Cult/apple%20man%20%20-%20B%26W1.jpg","OK","Ready."
"Mythic Dark","Astro","light-cult","light-cult","Sketches\light-cult\astro\index.html","https://ronenglish-archive.github.io/ron-english-sketches-mythic-dark/Sketches/light-cult/astro/index.html","1","0","https://ronenglish-archive.github.io/ron-english-sketches-mythic-dark/images/Sketches/Light%20Cult/astro%20%20-%20B%26W%201.jpg","OK","Ready."
"Mythic Dark","Ball Machine","light-cult","light-cult","Sketches\light-cult\ball-machine\index.html","https://ronenglish-archive.github.io/ron-english-sketches-mythic-dark/Sketches/light-cult/ball-machine/index.html","1","0","https://ronenglish-archive.github.io/ron-english-sketches-mythic-dark/images/Sketches/Light%20Cult/ball%20machine%20%20-%20B%26W1.jpg","OK","Ready."
"Mythic Dark","Bart Face","light-cult","light-cult","Sketches\light-cult\bart-face\index.html","https://ronenglish-archive.github.io/ron-english-sketches-mythic-dark/Sketches/light-cult/bart-face/index.html","1","0","https://ronenglish-archive.github.io/ron-english-sketches-mythic-dark/images/Sketches/Light%20Cult/bart%20face%20%20-%20B%26W1.jpg","OK","Ready."
"Mythic Dark","Bear","light-cult","light-cult","Sketches\light-cult\bear\index.html","https://ronenglish-archive.github.io/ron-english-sketches-mythic-dark/Sketches/light-cult/bear/index.html","1","0","https://ronenglish-archive.github.io/ron-english-sketches-mythic-dark/images/Sketches/Light%20Cult/Bear%20%20-%20B%26W%201.jpg","OK","Ready."
"Mythic Dark","Bird Bulbface","light-cult","light-cult","Sketches\light-cult\bird-bulbface\index.html","https://ronenglish-archive.github.io/ron-english-sketches-mythic-dark/Sketches/light-cult/bird-bulbface/index.html","1","0","https://ronenglish-archive.github.io/ron-english-sketches-mythic-dark/images/Sketches/Light%20Cult/bird%20bulbface%20%20-%20B%26W1.jpg","OK","Ready."
"Mythic Dark","Birdface","light-cult","light-cult","Sketches\light-cult\birdface\index.html","https://ronenglish-archive.github.io/ron-english-sketches-mythic-dark/Sketches/light-cult/birdface/index.html","1","0","https://ronenglish-archive.github.io/ron-english-sketches-mythic-dark/images/Sketches/Light%20Cult/birdface%20%20-%20B%26W1.jpg","OK","Ready."
"Mythic Dark","Bird In Bulb","light-cult","light-cult","Sketches\light-cult\bird-in-bulb\index.html","https://ronenglish-archive.github.io/ron-english-sketches-mythic-dark/Sketches/light-cult/bird-in-bulb/index.html","1","0","https://ronenglish-archive.github.io/ron-english-sketches-mythic-dark/images/Sketches/Light%20Cult/bird%20in%20bulb%20%20-%20B%26W%201.jpg","OK","Ready."
"Mythic Dark","Bulb & Rolling Pin","light-cult","light-cult","Sketches\light-cult\bulb-and-rolling-pin\index.html","https://ronenglish-archive.github.io/ron-english-sketches-mythic-dark/Sketches/light-cult/bulb-and-rolling-pin/index.html","2","0","https://ronenglish-archive.github.io/ron-english-sketches-mythic-dark/images/Sketches/Light%20Cult/bulb%20%26%20rolling%20pin%20part_a%20%20-%20B%26W1.jpg","OK","Ready."
"Mythic Dark","Bulb & Socket","light-cult","light-cult","Sketches\light-cult\bulb-and-socket\index.html","https://ronenglish-archive.github.io/ron-english-sketches-mythic-dark/Sketches/light-cult/bulb-and-socket/index.html","1","0","https://ronenglish-archive.github.io/ron-english-sketches-mythic-dark/images/Sketches/Light%20Cult/bulb%20%26%20socket%20%20-%20B%26W%201.jpg","OK","Ready."
"Mythic Dark","Bulb Character 1","light-cult","light-cult","Sketches\light-cult\bulb-character-1\index.html","https://ronenglish-archive.github.io/ron-english-sketches-mythic-dark/Sketches/light-cult/bulb-character-1/index.html","1","0","https://ronenglish-archive.github.io/ron-english-sketches-mythic-dark/images/Sketches/Light%20Cult/bulb%20character%201%20-%20B%26W1.jpg","OK","Ready."
"Mythic Dark","Bulb Character 2","light-cult","light-cult","Sketches\light-cult\bulb-character-2\index.html","https://ronenglish-archive.github.io/ron-english-sketches-mythic-dark/Sketches/light-cult/bulb-character-2/index.html","1","0","https://ronenglish-archive.github.io/ron-english-sketches-mythic-dark/images/Sketches/Light%20Cult/bulb%20character%202%20-%20B%26W%201.jpg","OK","Ready."
"Mythic Dark","Bulb Chicken","light-cult","light-cult","Sketches\light-cult\bulb-chicken\index.html","https://ronenglish-archive.github.io/ron-english-sketches-mythic-dark/Sketches/light-cult/bulb-chicken/index.html","1","0","https://ronenglish-archive.github.io/ron-english-sketches-mythic-dark/images/Sketches/Light%20Cult/bulb%20chicken%20%20-%20B%26W%201.jpg","OK","Ready."
"Mythic Dark","Bulb Face With Circles","light-cult","light-cult","Sketches\light-cult\bulb-face-with-circles\index.html","https://ronenglish-archive.github.io/ron-english-sketches-mythic-dark/Sketches/light-cult/bulb-face-with-circles/index.html","1","0","https://ronenglish-archive.github.io/ron-english-sketches-mythic-dark/images/Sketches/Light%20Cult/bulb%20face%20with%20circles%20%20-%20B%26W%201.jpg","OK","Ready."
"Mythic Dark","Bulb Face With Hat","light-cult","light-cult","Sketches\light-cult\bulb-face-with-hat\index.html","https://ronenglish-archive.github.io/ron-english-sketches-mythic-dark/Sketches/light-cult/bulb-face-with-hat/index.html","1","0","https://ronenglish-archive.github.io/ron-english-sketches-mythic-dark/images/Sketches/Light%20Cult/bulb%20face%20with%20hat%20%20-%20B%26W1.jpg","OK","Ready."
"Mythic Dark","Bulb Hairy","light-cult","light-cult","Sketches\light-cult\bulb-hairy\index.html","https://ronenglish-archive.github.io/ron-english-sketches-mythic-dark/Sketches/light-cult/bulb-hairy/index.html","1","0","https://ronenglish-archive.github.io/ron-english-sketches-mythic-dark/images/Sketches/Light%20Cult/bulb%20hairy%20png.jpg","OK","Ready."
"Mythic Dark","Bulb Hand Circle","light-cult","light-cult","Sketches\light-cult\bulb-hand-circle\index.html","https://ronenglish-archive.github.io/ron-english-sketches-mythic-dark/Sketches/light-cult/bulb-hand-circle/index.html","1","0","https://ronenglish-archive.github.io/ron-english-sketches-mythic-dark/images/Sketches/Light%20Cult/bulb%20hand%20circle%20%20-%20B%26W1.jpg","OK","Ready."
"Mythic Dark","Bulb Hook","light-cult","light-cult","Sketches\light-cult\bulb-hook\index.html","https://ronenglish-archive.github.io/ron-english-sketches-mythic-dark/Sketches/light-cult/bulb-hook/index.html","1","0","https://ronenglish-archive.github.io/ron-english-sketches-mythic-dark/images/Sketches/Light%20Cult/bulb%20hook%20%20-%20B%26W1.jpg","OK","Ready."
"Mythic Dark","Bulb Man","light-cult","light-cult","Sketches\light-cult\bulb-man\index.html","https://ronenglish-archive.github.io/ron-english-sketches-mythic-dark/Sketches/light-cult/bulb-man/index.html","1","0","https://ronenglish-archive.github.io/ron-english-sketches-mythic-dark/images/Sketches/Light%20Cult/bulb%20man%20%20-%20B%26W1.jpg","OK","Ready."
"Mythic Dark","Bulb Mirror","light-cult","light-cult","Sketches\light-cult\bulb-mirror\index.html","https://ronenglish-archive.github.io/ron-english-sketches-mythic-dark/Sketches/light-cult/bulb-mirror/index.html","1","0","https://ronenglish-archive.github.io/ron-english-sketches-mythic-dark/images/Sketches/Light%20Cult/bulb%20mirror%20%20-%20B%26W1.jpg","OK","Ready."
"Mythic Dark","Bulb On Clouds","light-cult","light-cult","Sketches\light-cult\bulb-on-clouds\index.html","https://ronenglish-archive.github.io/ron-english-sketches-mythic-dark/Sketches/light-cult/bulb-on-clouds/index.html","1","0","https://ronenglish-archive.github.io/ron-english-sketches-mythic-dark/images/Sketches/Light%20Cult/bulb%20on%20clouds%20%20-%20B%26W%201.jpg","OK","Ready."
"Mythic Dark","Bulb Patrick","light-cult","light-cult","Sketches\light-cult\bulb-patrick\index.html","https://ronenglish-archive.github.io/ron-english-sketches-mythic-dark/Sketches/light-cult/bulb-patrick/index.html","1","0","https://ronenglish-archive.github.io/ron-english-sketches-mythic-dark/images/Sketches/Light%20Cult/bulb%20patrick%20%20-%20B%26W1.jpg","OK","Ready."
"Mythic Dark","Bulb Pikachu","light-cult","light-cult","Sketches\light-cult\bulb-pikachu\index.html","https://ronenglish-archive.github.io/ron-english-sketches-mythic-dark/Sketches/light-cult/bulb-pikachu/index.html","1","0","https://ronenglish-archive.github.io/ron-english-sketches-mythic-dark/images/Sketches/Light%20Cult/bulb%20pikachu%20%20-%20B%26W1.jpg","OK","Ready."
"Mythic Dark","Bulb Robo","light-cult","light-cult","Sketches\light-cult\bulb-robo\index.html","https://ronenglish-archive.github.io/ron-english-sketches-mythic-dark/Sketches/light-cult/bulb-robo/index.html","1","0","https://ronenglish-archive.github.io/ron-english-sketches-mythic-dark/images/Sketches/Light%20Cult/bulb%20Robo%20%20-%20B%26W1.jpg","OK","Ready."
"Mythic Dark","Bulb Robot","light-cult","light-cult","Sketches\light-cult\bulb-robot\index.html","https://ronenglish-archive.github.io/ron-english-sketches-mythic-dark/Sketches/light-cult/bulb-robot/index.html","1","0","https://ronenglish-archive.github.io/ron-english-sketches-mythic-dark/images/Sketches/Light%20Cult/bulb%20robot%20%20-%20B%26W1.jpg","OK","Ready."
"Mythic Dark","Bulb Shriner","light-cult","light-cult","Sketches\light-cult\bulb-shriner\index.html","https://ronenglish-archive.github.io/ron-english-sketches-mythic-dark/Sketches/light-cult/bulb-shriner/index.html","1","0","https://ronenglish-archive.github.io/ron-english-sketches-mythic-dark/images/Sketches/Light%20Cult/bulb%20shriner%20-%20B%26W%201.jpg","OK","Ready."
"Mythic Dark","Bulb Skeleton","light-cult","light-cult","Sketches\light-cult\bulb-skeleton\index.html","https://ronenglish-archive.github.io/ron-english-sketches-mythic-dark/Sketches/light-cult/bulb-skeleton/index.html","1","0","https://ronenglish-archive.github.io/ron-english-sketches-mythic-dark/images/Sketches/Light%20Cult/bulb%20skeleton%20%20-%20B%26W%201.jpg","OK","Ready."
"Mythic Dark","Bulb Stomach","light-cult","light-cult","Sketches\light-cult\bulb-stomach\index.html","https://ronenglish-archive.github.io/ron-english-sketches-mythic-dark/Sketches/light-cult/bulb-stomach/index.html","1","0","https://ronenglish-archive.github.io/ron-english-sketches-mythic-dark/images/Sketches/Light%20Cult/bulb%20stomach%20%20-%20B%26W1.jpg","OK","Ready."
"Mythic Dark","Bulb Sunglasses Smoking","light-cult","light-cult","Sketches\light-cult\bulb-sunglasses-smoking\index.html","https://ronenglish-archive.github.io/ron-english-sketches-mythic-dark/Sketches/light-cult/bulb-sunglasses-smoking/index.html","1","0","https://ronenglish-archive.github.io/ron-english-sketches-mythic-dark/images/Sketches/Light%20Cult/bulb%20sunglasses%20smoking%20%20-%20B%26W1.jpg","OK","Ready."
"Mythic Dark","Bulb Trumpet","light-cult","light-cult","Sketches\light-cult\bulb-trumpet\index.html","https://ronenglish-archive.github.io/ron-english-sketches-mythic-dark/Sketches/light-cult/bulb-trumpet/index.html","1","0","https://ronenglish-archive.github.io/ron-english-sketches-mythic-dark/images/Sketches/Light%20Cult/bulb%20trumpet%20%20%20-%20B%26W%201.jpg","OK","Ready."
"Mythic Dark","Bulb Vampire","light-cult","light-cult","Sketches\light-cult\bulb-vampire\index.html","https://ronenglish-archive.github.io/ron-english-sketches-mythic-dark/Sketches/light-cult/bulb-vampire/index.html","1","0","https://ronenglish-archive.github.io/ron-english-sketches-mythic-dark/images/Sketches/Light%20Cult/bulb%20vampire%20%20-%20B%26W1.jpg","OK","Ready."
"Mythic Dark","Bulb Wings","light-cult","light-cult","Sketches\light-cult\bulb-wings\index.html","https://ronenglish-archive.github.io/ron-english-sketches-mythic-dark/Sketches/light-cult/bulb-wings/index.html","2","0","https://ronenglish-archive.github.io/ron-english-sketches-mythic-dark/images/Sketches/Light%20Cult/bulb%20wings%20-%20B%26W1.jpg","OK","Ready."
"Mythic Dark","Bulb With Baby","light-cult","light-cult","Sketches\light-cult\bulb-with-baby\index.html","https://ronenglish-archive.github.io/ron-english-sketches-mythic-dark/Sketches/light-cult/bulb-with-baby/index.html","1","0","https://ronenglish-archive.github.io/ron-english-sketches-mythic-dark/images/Sketches/Light%20Cult/bulb%20with%20baby%20%20-%20B%26W.jpg","OK","Ready."
"Mythic Dark","Bulb With Cycle","light-cult","light-cult","Sketches\light-cult\bulb-with-cycle\index.html","https://ronenglish-archive.github.io/ron-english-sketches-mythic-dark/Sketches/light-cult/bulb-with-cycle/index.html","1","0","https://ronenglish-archive.github.io/ron-english-sketches-mythic-dark/images/Sketches/Light%20Cult/bulb%20with%20cycle%20%20-%20B%26W%201.jpg","OK","Ready."
"Mythic Dark","Bulb With Fruit","light-cult","light-cult","Sketches\light-cult\bulb-with-fruit\index.html","https://ronenglish-archive.github.io/ron-english-sketches-mythic-dark/Sketches/light-cult/bulb-with-fruit/index.html","1","0","https://ronenglish-archive.github.io/ron-english-sketches-mythic-dark/images/Sketches/Light%20Cult/bulb%20with%20fruit%20%20-%20B%26W1.jpg","OK","Ready."
"Mythic Dark","Bulb With Hat","light-cult","light-cult","Sketches\light-cult\bulb-with-hat\index.html","https://ronenglish-archive.github.io/ron-english-sketches-mythic-dark/Sketches/light-cult/bulb-with-hat/index.html","3","0","https://ronenglish-archive.github.io/ron-english-sketches-mythic-dark/images/Sketches/Light%20Cult/bulb%20with%20hat%20ORIGINAL.jpg","OK","Ready."
"Mythic Dark","Bulb With Pipe","light-cult","light-cult","Sketches\light-cult\bulb-with-pipe\index.html","https://ronenglish-archive.github.io/ron-english-sketches-mythic-dark/Sketches/light-cult/bulb-with-pipe/index.html","1","0","https://ronenglish-archive.github.io/ron-english-sketches-mythic-dark/images/Sketches/Light%20Cult/bulb%20with%20pipe%20%20-%20B%26W%201.jpg","OK","Ready."
"Mythic Dark","Bulb With Ring","light-cult","light-cult","Sketches\light-cult\bulb-with-ring\index.html","https://ronenglish-archive.github.io/ron-english-sketches-mythic-dark/Sketches/light-cult/bulb-with-ring/index.html","1","0","https://ronenglish-archive.github.io/ron-english-sketches-mythic-dark/images/Sketches/Light%20Cult/bulb%20with%20ring%20%20-%20B%26W%201.jpg","OK","Ready."
"Mythic Dark","Bulb With Umbrella","light-cult","light-cult","Sketches\light-cult\bulb-with-umbrella\index.html","https://ronenglish-archive.github.io/ron-english-sketches-mythic-dark/Sketches/light-cult/bulb-with-umbrella/index.html","1","0","https://ronenglish-archive.github.io/ron-english-sketches-mythic-dark/images/Sketches/Light%20Cult/bulb%20with%20umbrella%20%20-%20B%26W1.jpg","OK","Ready."
"Mythic Dark","Bunny","light-cult","light-cult","Sketches\light-cult\bunny\index.html","https://ronenglish-archive.github.io/ron-english-sketches-mythic-dark/Sketches/light-cult/bunny/index.html","1","0","https://ronenglish-archive.github.io/ron-english-sketches-mythic-dark/images/Sketches/Light%20Cult/Bunny%20%20-%20B%26W%201.jpg","OK","Ready."
"Mythic Dark","Burner","light-cult","light-cult","Sketches\light-cult\burner\index.html","https://ronenglish-archive.github.io/ron-english-sketches-mythic-dark/Sketches/light-cult/burner/index.html","1","0","https://ronenglish-archive.github.io/ron-english-sketches-mythic-dark/images/Sketches/Light%20Cult/burner%20%20-%20B%26W1.jpg","OK","Ready."
"Mythic Dark","Character On Cycle","light-cult","light-cult","Sketches\light-cult\character-on-cycle\index.html","https://ronenglish-archive.github.io/ron-english-sketches-mythic-dark/Sketches/light-cult/character-on-cycle/index.html","1","0","https://ronenglish-archive.github.io/ron-english-sketches-mythic-dark/images/Sketches/Light%20Cult/character%20on%20cycle%20%20-%20B%26W1.jpg","OK","Ready."
"Mythic Dark","Chicken In Bulb","light-cult","light-cult","Sketches\light-cult\chicken-in-bulb\index.html","https://ronenglish-archive.github.io/ron-english-sketches-mythic-dark/Sketches/light-cult/chicken-in-bulb/index.html","1","0","https://ronenglish-archive.github.io/ron-english-sketches-mythic-dark/images/Sketches/Light%20Cult/chicken%20in%20bulb%20%20-%20B%26W1.jpg","OK","Ready."
"Mythic Dark","Clown","light-cult","light-cult","Sketches\light-cult\clown\index.html","https://ronenglish-archive.github.io/ron-english-sketches-mythic-dark/Sketches/light-cult/clown/index.html","1","0","https://ronenglish-archive.github.io/ron-english-sketches-mythic-dark/images/Sketches/Light%20Cult/clown%20%20-%20B%26W%201.jpg","OK","Ready."
"Mythic Dark","Clown Bulb","light-cult","light-cult","Sketches\light-cult\clown-bulb\index.html","https://ronenglish-archive.github.io/ron-english-sketches-mythic-dark/Sketches/light-cult/clown-bulb/index.html","1","0","https://ronenglish-archive.github.io/ron-english-sketches-mythic-dark/images/Sketches/Light%20Cult/clown%20bulb%20%20-%20B%26W1.jpg","OK","Ready."
"Mythic Dark","Connected Bulb","light-cult","light-cult","Sketches\light-cult\connected-bulb\index.html","https://ronenglish-archive.github.io/ron-english-sketches-mythic-dark/Sketches/light-cult/connected-bulb/index.html","1","0","https://ronenglish-archive.github.io/ron-english-sketches-mythic-dark/images/Sketches/Light%20Cult/connected%20bulb%20%20-%20B%26W%201.jpg","OK","Ready."
"Mythic Dark","Convertiblecar-01","light-cult","light-cult","Sketches\light-cult\convertiblecar-01\index.html","https://ronenglish-archive.github.io/ron-english-sketches-mythic-dark/Sketches/light-cult/convertiblecar-01/index.html","1","0","https://ronenglish-archive.github.io/ron-english-sketches-mythic-dark/images/Sketches/Light%20Cult/convertiblecar-01.jpg","OK","Ready."
"Mythic Dark","Cool Bulb","light-cult","light-cult","Sketches\light-cult\cool-bulb\index.html","https://ronenglish-archive.github.io/ron-english-sketches-mythic-dark/Sketches/light-cult/cool-bulb/index.html","1","0","https://ronenglish-archive.github.io/ron-english-sketches-mythic-dark/images/Sketches/Light%20Cult/cool%20bulb%20-%20B%26W1.jpg","OK","Ready."
"Mythic Dark","Cow","light-cult","light-cult","Sketches\light-cult\cow\index.html","https://ronenglish-archive.github.io/ron-english-sketches-mythic-dark/Sketches/light-cult/cow/index.html","1","0","https://ronenglish-archive.github.io/ron-english-sketches-mythic-dark/images/Sketches/Light%20Cult/cow%20%20-%20B%26W%201.jpg","OK","Ready."
"Mythic Dark","Cricket","light-cult","light-cult","Sketches\light-cult\cricket\index.html","https://ronenglish-archive.github.io/ron-english-sketches-mythic-dark/Sketches/light-cult/cricket/index.html","1","0","https://ronenglish-archive.github.io/ron-english-sketches-mythic-dark/images/Sketches/Light%20Cult/cricket%20%20-%20B%26W1.jpg","OK","Ready."
"Mythic Dark","Different Bulb With Ring","light-cult","light-cult","Sketches\light-cult\different-bulb-with-ring\index.html","https://ronenglish-archive.github.io/ron-english-sketches-mythic-dark/Sketches/light-cult/different-bulb-with-ring/index.html","2","0","https://ronenglish-archive.github.io/ron-english-sketches-mythic-dark/images/Sketches/Light%20Cult/different%20bulb%20with%20ring%20part%20a%20%20-%20B%26W%201.jpg","OK","Ready."
"Mythic Dark","Dino","light-cult","light-cult","Sketches\light-cult\dino\index.html","https://ronenglish-archive.github.io/ron-english-sketches-mythic-dark/Sketches/light-cult/dino/index.html","2","0","https://ronenglish-archive.github.io/ron-english-sketches-mythic-dark/images/Sketches/Light%20Cult/dino%20-%20B%26W%201.jpg","OK","Ready."
"Mythic Dark","Dino And Wings","light-cult","light-cult","Sketches\light-cult\dino-and-wings\index.html","https://ronenglish-archive.github.io/ron-english-sketches-mythic-dark/Sketches/light-cult/dino-and-wings/index.html","1","0","https://ronenglish-archive.github.io/ron-english-sketches-mythic-dark/images/Sketches/Light%20Cult/dino%20and%20wings%20%20-%20B%26W1.jpg","OK","Ready."
"Mythic Dark","Dino Bulb","light-cult","light-cult","Sketches\light-cult\dino-bulb\index.html","https://ronenglish-archive.github.io/ron-english-sketches-mythic-dark/Sketches/light-cult/dino-bulb/index.html","1","0","https://ronenglish-archive.github.io/ron-english-sketches-mythic-dark/images/Sketches/Light%20Cult/dino%20bulb%20%20-%20B%26W%201.jpg","OK","Ready."
"Mythic Dark","Dino Lamp","light-cult","light-cult","Sketches\light-cult\dino-lamp\index.html","https://ronenglish-archive.github.io/ron-english-sketches-mythic-dark/Sketches/light-cult/dino-lamp/index.html","3","0","https://ronenglish-archive.github.io/ron-english-sketches-mythic-dark/images/Sketches/Light%20Cult/Dino%20Lamp%20B%26W.jpg","OK","Ready."
"Mythic Dark","Dino Pet Bulb","light-cult","light-cult","Sketches\light-cult\dino-pet-bulb\index.html","https://ronenglish-archive.github.io/ron-english-sketches-mythic-dark/Sketches/light-cult/dino-pet-bulb/index.html","1","0","https://ronenglish-archive.github.io/ron-english-sketches-mythic-dark/images/Sketches/Light%20Cult/dino%20pet%20bulb%20%20-%20B%26W%201.jpg","OK","Ready."
"Mythic Dark","Dragon Bulb","light-cult","light-cult","Sketches\light-cult\dragon-bulb\index.html","https://ronenglish-archive.github.io/ron-english-sketches-mythic-dark/Sketches/light-cult/dragon-bulb/index.html","1","0","https://ronenglish-archive.github.io/ron-english-sketches-mythic-dark/images/Sketches/Light%20Cult/dragon%20bulb%20%20-%20B%26W%201.jpg","OK","Ready."
"Mythic Dark","Drink","light-cult","light-cult","Sketches\light-cult\drink\index.html","https://ronenglish-archive.github.io/ron-english-sketches-mythic-dark/Sketches/light-cult/drink/index.html","1","0","https://ronenglish-archive.github.io/ron-english-sketches-mythic-dark/images/Sketches/Light%20Cult/drink%20%20-%20B%26W1.jpg","OK","Ready."
"Mythic Dark","Duck","light-cult","light-cult","Sketches\light-cult\duck\index.html","https://ronenglish-archive.github.io/ron-english-sketches-mythic-dark/Sketches/light-cult/duck/index.html","2","0","https://ronenglish-archive.github.io/ron-english-sketches-mythic-dark/images/Sketches/Light%20Cult/duck%20%20-%20B%26W.jpg","OK","Ready."
"Mythic Dark","Duck Face - B&W -png1","light-cult","light-cult","Sketches\light-cult\duck-face-b-and-w-png1\index.html","https://ronenglish-archive.github.io/ron-english-sketches-mythic-dark/Sketches/light-cult/duck-face-b-and-w-png1/index.html","1","0","https://ronenglish-archive.github.io/ron-english-sketches-mythic-dark/images/Sketches/Light%20Cult/Duck%20face%20-%20B%26W%20-png1.jpg","OK","Ready."
"Mythic Dark","Duck In Bulb","light-cult","light-cult","Sketches\light-cult\duck-in-bulb\index.html","https://ronenglish-archive.github.io/ron-english-sketches-mythic-dark/Sketches/light-cult/duck-in-bulb/index.html","1","0","https://ronenglish-archive.github.io/ron-english-sketches-mythic-dark/images/Sketches/Light%20Cult/duck%20in%20bulb%20%20-%20B%26W1.jpg","OK","Ready."
"Mythic Dark","Ear","light-cult","light-cult","Sketches\light-cult\ear\index.html","https://ronenglish-archive.github.io/ron-english-sketches-mythic-dark/Sketches/light-cult/ear/index.html","2","0","https://ronenglish-archive.github.io/ron-english-sketches-mythic-dark/images/Sketches/Light%20Cult/ear%20%20-%20B%26W%201.jpg","OK","Ready."
"Mythic Dark","Elephanka","light-cult","light-cult","Sketches\light-cult\elephanka\index.html","https://ronenglish-archive.github.io/ron-english-sketches-mythic-dark/Sketches/light-cult/elephanka/index.html","1","0","https://ronenglish-archive.github.io/ron-english-sketches-mythic-dark/images/Sketches/Light%20Cult/elephanka%20%20-%20B%26W%201.jpg","OK","Ready."
"Mythic Dark","Eye Alien Aqua Ape With Cartoon Classic Shorts1","light-cult","light-cult","Sketches\light-cult\eye-alien-aqua-ape-with-cartoon-classic-shorts1\index.html","https://ronenglish-archive.github.io/ron-english-sketches-mythic-dark/Sketches/light-cult/eye-alien-aqua-ape-with-cartoon-classic-shorts1/index.html","1","0","https://ronenglish-archive.github.io/ron-english-sketches-mythic-dark/images/Sketches/Light%20Cult/Eye%20Alien%20Aqua%20Ape%20with%20Cartoon%20Classic%20Shorts1.jpg","OK","Ready."
"Mythic Dark","Eye Clown","light-cult","light-cult","Sketches\light-cult\eye-clown\index.html","https://ronenglish-archive.github.io/ron-english-sketches-mythic-dark/Sketches/light-cult/eye-clown/index.html","1","0","https://ronenglish-archive.github.io/ron-english-sketches-mythic-dark/images/Sketches/Light%20Cult/Eye%20Clown%20-%20B%26W.jpg","OK","Ready."
"Mythic Dark","Face","light-cult","light-cult","Sketches\light-cult\face\index.html","https://ronenglish-archive.github.io/ron-english-sketches-mythic-dark/Sketches/light-cult/face/index.html","1","0","https://ronenglish-archive.github.io/ron-english-sketches-mythic-dark/images/Sketches/Light%20Cult/face%20%20-%20B%26W1.jpg","OK","Ready."
"Mythic Dark","Face With Bulb","light-cult","light-cult","Sketches\light-cult\face-with-bulb\index.html","https://ronenglish-archive.github.io/ron-english-sketches-mythic-dark/Sketches/light-cult/face-with-bulb/index.html","1","0","https://ronenglish-archive.github.io/ron-english-sketches-mythic-dark/images/Sketches/Light%20Cult/face%20with%20bulb%20%20-%20B%26W1.jpg","OK","Ready."
"Mythic Dark","Face With Nose Bulb","light-cult","light-cult","Sketches\light-cult\face-with-nose-bulb\index.html","https://ronenglish-archive.github.io/ron-english-sketches-mythic-dark/Sketches/light-cult/face-with-nose-bulb/index.html","1","0","https://ronenglish-archive.github.io/ron-english-sketches-mythic-dark/images/Sketches/Light%20Cult/face%20with%20nose%20bulb%20%20-%20B%26W1.jpg","OK","Ready."
"Mythic Dark","Figure","light-cult","light-cult","Sketches\light-cult\figure\index.html","https://ronenglish-archive.github.io/ron-english-sketches-mythic-dark/Sketches/light-cult/figure/index.html","1","0","https://ronenglish-archive.github.io/ron-english-sketches-mythic-dark/images/Sketches/Light%20Cult/figure%20%20-%20B%26W1.jpg","OK","Ready."
"Mythic Dark","Firegun","light-cult","light-cult","Sketches\light-cult\firegun\index.html","https://ronenglish-archive.github.io/ron-english-sketches-mythic-dark/Sketches/light-cult/firegun/index.html","1","0","https://ronenglish-archive.github.io/ron-english-sketches-mythic-dark/images/Sketches/Light%20Cult/Firegun%20%20-%20B%26W1.jpg","OK","Ready."
"Mythic Dark","Fish","light-cult","light-cult","Sketches\light-cult\fish\index.html","https://ronenglish-archive.github.io/ron-english-sketches-mythic-dark/Sketches/light-cult/fish/index.html","1","0","https://ronenglish-archive.github.io/ron-english-sketches-mythic-dark/images/Sketches/Light%20Cult/fish%20-%20B%26W1.jpg","OK","Ready."
"Mythic Dark","Flamingoes","light-cult","light-cult","Sketches\light-cult\flamingoes\index.html","https://ronenglish-archive.github.io/ron-english-sketches-mythic-dark/Sketches/light-cult/flamingoes/index.html","1","0","https://ronenglish-archive.github.io/ron-english-sketches-mythic-dark/images/Sketches/Light%20Cult/Flamingoes%20%20-%20B%26W%201.jpg","OK","Ready."
"Mythic Dark","Flintstone Bulb","light-cult","light-cult","Sketches\light-cult\flintstone-bulb\index.html","https://ronenglish-archive.github.io/ron-english-sketches-mythic-dark/Sketches/light-cult/flintstone-bulb/index.html","1","0","https://ronenglish-archive.github.io/ron-english-sketches-mythic-dark/images/Sketches/Light%20Cult/flintstone%20bulb%20%20-%20B%26W%201.jpg","OK","Ready."
"Mythic Dark","Flower Bulb","light-cult","light-cult","Sketches\light-cult\flower-bulb\index.html","https://ronenglish-archive.github.io/ron-english-sketches-mythic-dark/Sketches/light-cult/flower-bulb/index.html","1","0","https://ronenglish-archive.github.io/ron-english-sketches-mythic-dark/images/Sketches/Light%20Cult/flower%20bulb%20%20-%20B%26W%201.jpg","OK","Ready."
"Mythic Dark","Frankenstein","light-cult","light-cult","Sketches\light-cult\frankenstein\index.html","https://ronenglish-archive.github.io/ron-english-sketches-mythic-dark/Sketches/light-cult/frankenstein/index.html","1","0","https://ronenglish-archive.github.io/ron-english-sketches-mythic-dark/images/Sketches/Light%20Cult/frankenstein%20%20-%20B%26W%201.jpg","OK","Ready."
"Mythic Dark","Girl Umbrella Bulb Raw File","light-cult","light-cult","Sketches\light-cult\girl-umbrella-bulb-raw-file\index.html","https://ronenglish-archive.github.io/ron-english-sketches-mythic-dark/Sketches/light-cult/girl-umbrella-bulb-raw-file/index.html","1","0","https://ronenglish-archive.github.io/ron-english-sketches-mythic-dark/images/Sketches/Light%20Cult/girl%20umbrella%20bulb%20raw%20file%20-%20B%26W%201.jpg","OK","Ready."
"Mythic Dark","Grinnie","light-cult","light-cult","Sketches\light-cult\grinnie\index.html","https://ronenglish-archive.github.io/ron-english-sketches-mythic-dark/Sketches/light-cult/grinnie/index.html","1","0","https://ronenglish-archive.github.io/ron-english-sketches-mythic-dark/images/Sketches/Light%20Cult/Grinnie%20three%20quarter%20view%20-%20B%26W1.jpg","OK","Ready."
"Mythic Dark","Gun","light-cult","light-cult","Sketches\light-cult\gun\index.html","https://ronenglish-archive.github.io/ron-english-sketches-mythic-dark/Sketches/light-cult/gun/index.html","3","0","https://ronenglish-archive.github.io/ron-english-sketches-mythic-dark/images/Sketches/Light%20Cult/gun%20%20-%20B%26W%201.jpg","OK","Ready."
"Mythic Dark","Hair","light-cult","light-cult","Sketches\light-cult\hair\index.html","https://ronenglish-archive.github.io/ron-english-sketches-mythic-dark/Sketches/light-cult/hair/index.html","1","0","https://ronenglish-archive.github.io/ron-english-sketches-mythic-dark/images/Sketches/Light%20Cult/hair%20%20-%20B%26W1.jpg","OK","Ready."
"Mythic Dark","Hammer","light-cult","light-cult","Sketches\light-cult\hammer\index.html","https://ronenglish-archive.github.io/ron-english-sketches-mythic-dark/Sketches/light-cult/hammer/index.html","1","0","https://ronenglish-archive.github.io/ron-english-sketches-mythic-dark/images/Sketches/Light%20Cult/hammer%20%20-%20B%26W%201.jpg","OK","Ready."
"Mythic Dark","Hands","light-cult","light-cult","Sketches\light-cult\hands\index.html","https://ronenglish-archive.github.io/ron-english-sketches-mythic-dark/Sketches/light-cult/hands/index.html","1","0","https://ronenglish-archive.github.io/ron-english-sketches-mythic-dark/images/Sketches/Light%20Cult/hands%20%20-%20B%26W1.jpg","OK","Ready."
"Mythic Dark","Headless Bulb","light-cult","light-cult","Sketches\light-cult\headless-bulb\index.html","https://ronenglish-archive.github.io/ron-english-sketches-mythic-dark/Sketches/light-cult/headless-bulb/index.html","1","0","https://ronenglish-archive.github.io/ron-english-sketches-mythic-dark/images/Sketches/Light%20Cult/headless%20bulb%20%20-%20B%26W1.jpg","OK","Ready."
"Mythic Dark","Headless Guy","light-cult","light-cult","Sketches\light-cult\headless-guy\index.html","https://ronenglish-archive.github.io/ron-english-sketches-mythic-dark/Sketches/light-cult/headless-guy/index.html","1","0","https://ronenglish-archive.github.io/ron-english-sketches-mythic-dark/images/Sketches/Light%20Cult/headless%20guy%20%20-%20B%26W1.jpg","OK","Ready."
"Mythic Dark","Heart Rib Cage And Astronaut1","light-cult","light-cult","Sketches\light-cult\heart-rib-cage-and-astronaut1\index.html","https://ronenglish-archive.github.io/ron-english-sketches-mythic-dark/Sketches/light-cult/heart-rib-cage-and-astronaut1/index.html","1","0","https://ronenglish-archive.github.io/ron-english-sketches-mythic-dark/images/Sketches/Light%20Cult/Heart%20rib%20cage%20and%20astronaut1.jpg","OK","Ready."
"Mythic Dark","Helicopter Bulb","light-cult","light-cult","Sketches\light-cult\helicopter-bulb\index.html","https://ronenglish-archive.github.io/ron-english-sketches-mythic-dark/Sketches/light-cult/helicopter-bulb/index.html","1","0","https://ronenglish-archive.github.io/ron-english-sketches-mythic-dark/images/Sketches/Light%20Cult/helicopter%20bulb%20%20-%20B%26W1.jpg","OK","Ready."
"Mythic Dark","Helmet","light-cult","light-cult","Sketches\light-cult\helmet\index.html","https://ronenglish-archive.github.io/ron-english-sketches-mythic-dark/Sketches/light-cult/helmet/index.html","1","0","https://ronenglish-archive.github.io/ron-english-sketches-mythic-dark/images/Sketches/Light%20Cult/helmet%20%20-%20B%26W1.jpg","OK","Ready."
"Mythic Dark","Homer Face1","light-cult","light-cult","Sketches\light-cult\homer-face1\index.html","https://ronenglish-archive.github.io/ron-english-sketches-mythic-dark/Sketches/light-cult/homer-face1/index.html","1","0","https://ronenglish-archive.github.io/ron-english-sketches-mythic-dark/images/Sketches/Light%20Cult/Homer%20face1.jpg","OK","Ready."
"Mythic Dark","Honey Bee","light-cult","light-cult","Sketches\light-cult\honey-bee\index.html","https://ronenglish-archive.github.io/ron-english-sketches-mythic-dark/Sketches/light-cult/honey-bee/index.html","1","0","https://ronenglish-archive.github.io/ron-english-sketches-mythic-dark/images/Sketches/Light%20Cult/honey%20bee%20%20-%20B%26W%201.jpg","OK","Ready."
"Mythic Dark","Horse","light-cult","light-cult","Sketches\light-cult\horse\index.html","https://ronenglish-archive.github.io/ron-english-sketches-mythic-dark/Sketches/light-cult/horse/index.html","1","0","https://ronenglish-archive.github.io/ron-english-sketches-mythic-dark/images/Sketches/Light%20Cult/horse%20%20-%20B%26W1.jpg","OK","Ready."
"Mythic Dark","Hot Air Balloon","light-cult","light-cult","Sketches\light-cult\hot-air-balloon\index.html","https://ronenglish-archive.github.io/ron-english-sketches-mythic-dark/Sketches/light-cult/hot-air-balloon/index.html","1","0","https://ronenglish-archive.github.io/ron-english-sketches-mythic-dark/images/Sketches/Light%20Cult/hot%20air%20balloon%20%20-%20B%26W1.jpg","OK","Ready."
"Mythic Dark","Ice Cream Cone","light-cult","light-cult","Sketches\light-cult\ice-cream-cone\index.html","https://ronenglish-archive.github.io/ron-english-sketches-mythic-dark/Sketches/light-cult/ice-cream-cone/index.html","1","0","https://ronenglish-archive.github.io/ron-english-sketches-mythic-dark/images/Sketches/Light%20Cult/Ice%20cream%20cone%20%20-%20B%26W1.jpg","OK","Ready."
"Mythic Dark","img0457","light-cult","light-cult","Sketches\light-cult\img0457\index.html","https://ronenglish-archive.github.io/ron-english-sketches-mythic-dark/Sketches/light-cult/img0457/index.html","1","0","https://ronenglish-archive.github.io/ron-english-sketches-mythic-dark/images/Sketches/Light%20Cult/img0457.jpg","OK","Ready."
"Mythic Dark","img0464","light-cult","light-cult","Sketches\light-cult\img0464\index.html","https://ronenglish-archive.github.io/ron-english-sketches-mythic-dark/Sketches/light-cult/img0464/index.html","1","0","https://ronenglish-archive.github.io/ron-english-sketches-mythic-dark/images/Sketches/Light%20Cult/img0464.jpg","OK","Ready."
"Mythic Dark","img0572","light-cult","light-cult","Sketches\light-cult\img0572\index.html","https://ronenglish-archive.github.io/ron-english-sketches-mythic-dark/Sketches/light-cult/img0572/index.html","1","0","https://ronenglish-archive.github.io/ron-english-sketches-mythic-dark/images/Sketches/Light%20Cult/img0572.jpg","OK","Ready."
"Mythic Dark","img0581","light-cult","light-cult","Sketches\light-cult\img0581\index.html","https://ronenglish-archive.github.io/ron-english-sketches-mythic-dark/Sketches/light-cult/img0581/index.html","1","0","https://ronenglish-archive.github.io/ron-english-sketches-mythic-dark/images/Sketches/Light%20Cult/img0581.jpg","OK","Ready."
"Mythic Dark","img0659","light-cult","light-cult","Sketches\light-cult\img0659\index.html","https://ronenglish-archive.github.io/ron-english-sketches-mythic-dark/Sketches/light-cult/img0659/index.html","1","0","https://ronenglish-archive.github.io/ron-english-sketches-mythic-dark/images/Sketches/Light%20Cult/img0659.jpg","OK","Ready."
"Mythic Dark","img0660","light-cult","light-cult","Sketches\light-cult\img0660\index.html","https://ronenglish-archive.github.io/ron-english-sketches-mythic-dark/Sketches/light-cult/img0660/index.html","1","0","https://ronenglish-archive.github.io/ron-english-sketches-mythic-dark/images/Sketches/Light%20Cult/img0660.jpg","OK","Ready."
"Mythic Dark","img0664","light-cult","light-cult","Sketches\light-cult\img0664\index.html","https://ronenglish-archive.github.io/ron-english-sketches-mythic-dark/Sketches/light-cult/img0664/index.html","1","0","https://ronenglish-archive.github.io/ron-english-sketches-mythic-dark/images/Sketches/Light%20Cult/img0664.jpg","OK","Ready."
"Mythic Dark","Img20220804 10272536","light-cult","light-cult","Sketches\light-cult\img20220804-10272536\index.html","https://ronenglish-archive.github.io/ron-english-sketches-mythic-dark/Sketches/light-cult/img20220804-10272536/index.html","1","0","https://ronenglish-archive.github.io/ron-english-sketches-mythic-dark/images/Sketches/Light%20Cult/img20220804_10272536.jpg","OK","Ready."
"Mythic Dark","Inverse Bulbs","light-cult","light-cult","Sketches\light-cult\inverse-bulbs\index.html","https://ronenglish-archive.github.io/ron-english-sketches-mythic-dark/Sketches/light-cult/inverse-bulbs/index.html","1","0","https://ronenglish-archive.github.io/ron-english-sketches-mythic-dark/images/Sketches/Light%20Cult/inverse%20bulbs%20%20-%20B%26W1.jpg","OK","Ready."
"Mythic Dark","Joined Light Bulb","light-cult","light-cult","Sketches\light-cult\joined-light-bulb\index.html","https://ronenglish-archive.github.io/ron-english-sketches-mythic-dark/Sketches/light-cult/joined-light-bulb/index.html","1","0","https://ronenglish-archive.github.io/ron-english-sketches-mythic-dark/images/Sketches/Light%20Cult/joined%20light%20bulb%20%20-%20B%26W%201.jpg","OK","Ready."
"Mythic Dark","Joint Bulbs","light-cult","light-cult","Sketches\light-cult\joint-bulbs\index.html","https://ronenglish-archive.github.io/ron-english-sketches-mythic-dark/Sketches/light-cult/joint-bulbs/index.html","1","0","https://ronenglish-archive.github.io/ron-english-sketches-mythic-dark/images/Sketches/Light%20Cult/joint%20bulbs%20%20-%20B%26W1.jpg","OK","Ready."
"Mythic Dark","Lady","light-cult","light-cult","Sketches\light-cult\lady\index.html","https://ronenglish-archive.github.io/ron-english-sketches-mythic-dark/Sketches/light-cult/lady/index.html","1","0","https://ronenglish-archive.github.io/ron-english-sketches-mythic-dark/images/Sketches/Light%20Cult/lady%20%20-%20B%26W%201.jpg","OK","Ready."
"Mythic Dark","Lady Bulb","light-cult","light-cult","Sketches\light-cult\lady-bulb\index.html","https://ronenglish-archive.github.io/ron-english-sketches-mythic-dark/Sketches/light-cult/lady-bulb/index.html","1","0","https://ronenglish-archive.github.io/ron-english-sketches-mythic-dark/images/Sketches/Light%20Cult/lady%20bulb%20%20-%20B%26W%201.jpg","OK","Ready."
"Mythic Dark","Lady Facing Backside","light-cult","light-cult","Sketches\light-cult\lady-facing-backside\index.html","https://ronenglish-archive.github.io/ron-english-sketches-mythic-dark/Sketches/light-cult/lady-facing-backside/index.html","1","0","https://ronenglish-archive.github.io/ron-english-sketches-mythic-dark/images/Sketches/Light%20Cult/lady%20facing%20backside%20%20-%20B%26W1.jpg","OK","Ready."
"Mythic Dark","Lady With Necklace","light-cult","light-cult","Sketches\light-cult\lady-with-necklace\index.html","https://ronenglish-archive.github.io/ron-english-sketches-mythic-dark/Sketches/light-cult/lady-with-necklace/index.html","1","0","https://ronenglish-archive.github.io/ron-english-sketches-mythic-dark/images/Sketches/Light%20Cult/lady%20with%20necklace%20%20-%20B%26W1.jpg","OK","Ready."
"Mythic Dark","Lamp Left","light-cult","light-cult","Sketches\light-cult\lamp-left\index.html","https://ronenglish-archive.github.io/ron-english-sketches-mythic-dark/Sketches/light-cult/lamp-left/index.html","1","0","https://ronenglish-archive.github.io/ron-english-sketches-mythic-dark/images/Sketches/Light%20Cult/Lamp%20left%20%20-%20B%26W%201.jpg","OK","Ready."
"Mythic Dark","Lamp Right","light-cult","light-cult","Sketches\light-cult\lamp-right\index.html","https://ronenglish-archive.github.io/ron-english-sketches-mythic-dark/Sketches/light-cult/lamp-right/index.html","1","0","https://ronenglish-archive.github.io/ron-english-sketches-mythic-dark/images/Sketches/Light%20Cult/Lamp%20right%20%20-%20B%26W%201.jpg","OK","Ready."
"Mythic Dark","Lightbulb","light-cult","light-cult","Sketches\light-cult\lightbulb\index.html","https://ronenglish-archive.github.io/ron-english-sketches-mythic-dark/Sketches/light-cult/lightbulb/index.html","1","0","https://ronenglish-archive.github.io/ron-english-sketches-mythic-dark/images/Sketches/Light%20Cult/lightbulb.jpg","OK","Ready."
"Mythic Dark","Light Bulb","light-cult","light-cult","Sketches\light-cult\light-bulb\index.html","https://ronenglish-archive.github.io/ron-english-sketches-mythic-dark/Sketches/light-cult/light-bulb/index.html","2","0","https://ronenglish-archive.github.io/ron-english-sketches-mythic-dark/images/Sketches/Light%20Cult/light%20bulb%20%20-%20B%26W1.jpg","OK","Ready."
"Mythic Dark","Light Bulb Elephant","light-cult","light-cult","Sketches\light-cult\light-bulb-elephant\index.html","https://ronenglish-archive.github.io/ron-english-sketches-mythic-dark/Sketches/light-cult/light-bulb-elephant/index.html","1","0","https://ronenglish-archive.github.io/ron-english-sketches-mythic-dark/images/Sketches/Light%20Cult/light%20bulb%20elephant%20%20-%20B%26W1.jpg","OK","Ready."
"Mythic Dark","Light Bulb Grenade","light-cult","light-cult","Sketches\light-cult\light-bulb-grenade\index.html","https://ronenglish-archive.github.io/ron-english-sketches-mythic-dark/Sketches/light-cult/light-bulb-grenade/index.html","1","0","https://ronenglish-archive.github.io/ron-english-sketches-mythic-dark/images/Sketches/Light%20Cult/light%20bulb%20grenade%20%20-%20B%26W1.jpg","OK","Ready."
"Mythic Dark","Light Bulb Grin","light-cult","light-cult","Sketches\light-cult\light-bulb-grin\index.html","https://ronenglish-archive.github.io/ron-english-sketches-mythic-dark/Sketches/light-cult/light-bulb-grin/index.html","1","0","https://ronenglish-archive.github.io/ron-english-sketches-mythic-dark/images/Sketches/Light%20Cult/light%20bulb%20grin%20png.jpg","OK","Ready."
"Mythic Dark","Light Bulb Kiss","light-cult","light-cult","Sketches\light-cult\light-bulb-kiss\index.html","https://ronenglish-archive.github.io/ron-english-sketches-mythic-dark/Sketches/light-cult/light-bulb-kiss/index.html","1","0","https://ronenglish-archive.github.io/ron-english-sketches-mythic-dark/images/Sketches/Light%20Cult/Light%20Bulb%20kiss%20%20-%20B%26W1.jpg","OK","Ready."
"Mythic Dark","Light Bulb Lady","light-cult","light-cult","Sketches\light-cult\light-bulb-lady\index.html","https://ronenglish-archive.github.io/ron-english-sketches-mythic-dark/Sketches/light-cult/light-bulb-lady/index.html","1","0","https://ronenglish-archive.github.io/ron-english-sketches-mythic-dark/images/Sketches/Light%20Cult/light%20bulb%20lady%20%20-%20B%26W1.jpg","OK","Ready."
"Mythic Dark","Light Bulb Mirror","light-cult","light-cult","Sketches\light-cult\light-bulb-mirror\index.html","https://ronenglish-archive.github.io/ron-english-sketches-mythic-dark/Sketches/light-cult/light-bulb-mirror/index.html","1","0","https://ronenglish-archive.github.io/ron-english-sketches-mythic-dark/images/Sketches/Light%20Cult/light%20bulb%20mirror%20%20-%20B%26W1.jpg","OK","Ready."
"Mythic Dark","Light Bulb (need Updated)1","light-cult","light-cult","Sketches\light-cult\light-bulb-need-updated-1\index.html","https://ronenglish-archive.github.io/ron-english-sketches-mythic-dark/Sketches/light-cult/light-bulb-need-updated-1/index.html","1","0","https://ronenglish-archive.github.io/ron-english-sketches-mythic-dark/images/Sketches/Light%20Cult/light%20bulb%20(need%20updated)1.jpg","OK","Ready."
"Mythic Dark","Light Bulb Raw File","light-cult","light-cult","Sketches\light-cult\light-bulb-raw-file\index.html","https://ronenglish-archive.github.io/ron-english-sketches-mythic-dark/Sketches/light-cult/light-bulb-raw-file/index.html","1","0","https://ronenglish-archive.github.io/ron-english-sketches-mythic-dark/images/Sketches/Light%20Cult/light%20bulb%20raw%20file%20-%20B%26W%20%20-%20B%26W1.jpg","OK","Ready."
"Mythic Dark","Lightcult Art 1","light-cult","light-cult","Sketches\light-cult\lightcult-art-1\index.html","https://ronenglish-archive.github.io/ron-english-sketches-mythic-dark/Sketches/light-cult/lightcult-art-1/index.html","1","0","https://ronenglish-archive.github.io/ron-english-sketches-mythic-dark/images/Sketches/Light%20Cult/Lightcult%20Art%201.jpg","OK","Ready."
"Mythic Dark","Lightcult Art 10","light-cult","light-cult","Sketches\light-cult\lightcult-art-10\index.html","https://ronenglish-archive.github.io/ron-english-sketches-mythic-dark/Sketches/light-cult/lightcult-art-10/index.html","1","0","https://ronenglish-archive.github.io/ron-english-sketches-mythic-dark/images/Sketches/Light%20Cult/Lightcult%20Art%2010.jpg","OK","Ready."
"Mythic Dark","Lightcult Art 2","light-cult","light-cult","Sketches\light-cult\lightcult-art-2\index.html","https://ronenglish-archive.github.io/ron-english-sketches-mythic-dark/Sketches/light-cult/lightcult-art-2/index.html","1","0","https://ronenglish-archive.github.io/ron-english-sketches-mythic-dark/images/Sketches/Light%20Cult/Lightcult%20Art%202.jpg","OK","Ready."
"Mythic Dark","Lightcult Art 3","light-cult","light-cult","Sketches\light-cult\lightcult-art-3\index.html","https://ronenglish-archive.github.io/ron-english-sketches-mythic-dark/Sketches/light-cult/lightcult-art-3/index.html","1","0","https://ronenglish-archive.github.io/ron-english-sketches-mythic-dark/images/Sketches/Light%20Cult/Lightcult%20Art%203.jpg","OK","Ready."
"Mythic Dark","Lightcult Art 4","light-cult","light-cult","Sketches\light-cult\lightcult-art-4\index.html","https://ronenglish-archive.github.io/ron-english-sketches-mythic-dark/Sketches/light-cult/lightcult-art-4/index.html","1","0","https://ronenglish-archive.github.io/ron-english-sketches-mythic-dark/images/Sketches/Light%20Cult/Lightcult%20Art%204.jpg","OK","Ready."
"Mythic Dark","Lightcult Art 5","light-cult","light-cult","Sketches\light-cult\lightcult-art-5\index.html","https://ronenglish-archive.github.io/ron-english-sketches-mythic-dark/Sketches/light-cult/lightcult-art-5/index.html","1","0","https://ronenglish-archive.github.io/ron-english-sketches-mythic-dark/images/Sketches/Light%20Cult/Lightcult%20Art%205.jpg","OK","Ready."
"Mythic Dark","Lightcult Art 6","light-cult","light-cult","Sketches\light-cult\lightcult-art-6\index.html","https://ronenglish-archive.github.io/ron-english-sketches-mythic-dark/Sketches/light-cult/lightcult-art-6/index.html","1","0","https://ronenglish-archive.github.io/ron-english-sketches-mythic-dark/images/Sketches/Light%20Cult/Lightcult%20Art%206.jpg","OK","Ready."
"Mythic Dark","Lightcult Art 7","light-cult","light-cult","Sketches\light-cult\lightcult-art-7\index.html","https://ronenglish-archive.github.io/ron-english-sketches-mythic-dark/Sketches/light-cult/lightcult-art-7/index.html","1","0","https://ronenglish-archive.github.io/ron-english-sketches-mythic-dark/images/Sketches/Light%20Cult/Lightcult%20Art%207.jpg","OK","Ready."
"Mythic Dark","Lightcult Art 8","light-cult","light-cult","Sketches\light-cult\lightcult-art-8\index.html","https://ronenglish-archive.github.io/ron-english-sketches-mythic-dark/Sketches/light-cult/lightcult-art-8/index.html","1","0","https://ronenglish-archive.github.io/ron-english-sketches-mythic-dark/images/Sketches/Light%20Cult/Lightcult%20Art%208.jpg","OK","Ready."
"Mythic Dark","Lightcult Art 9","light-cult","light-cult","Sketches\light-cult\lightcult-art-9\index.html","https://ronenglish-archive.github.io/ron-english-sketches-mythic-dark/Sketches/light-cult/lightcult-art-9/index.html","1","0","https://ronenglish-archive.github.io/ron-english-sketches-mythic-dark/images/Sketches/Light%20Cult/Lightcult%20Art%209.jpg","OK","Ready."
"Mythic Dark","Lightning Man","light-cult","light-cult","Sketches\light-cult\lightning-man\index.html","https://ronenglish-archive.github.io/ron-english-sketches-mythic-dark/Sketches/light-cult/lightning-man/index.html","1","0","https://ronenglish-archive.github.io/ron-english-sketches-mythic-dark/images/Sketches/Light%20Cult/lightning%20man.jpg","OK","Ready."
"Mythic Dark","Lumilatch","light-cult","light-cult","Sketches\light-cult\lumilatch\index.html","https://ronenglish-archive.github.io/ron-english-sketches-mythic-dark/Sketches/light-cult/lumilatch/index.html","3","0","https://ronenglish-archive.github.io/ron-english-sketches-mythic-dark/images/Sketches/Light%20Cult/Lumilatch%20ORIGINAL.jpg","OK","Ready."
"Mythic Dark","Luminaire","light-cult","light-cult","Sketches\light-cult\luminaire\index.html","https://ronenglish-archive.github.io/ron-english-sketches-mythic-dark/Sketches/light-cult/luminaire/index.html","3","0","https://ronenglish-archive.github.io/ron-english-sketches-mythic-dark/images/Sketches/Light%20Cult/Luminaire%20ORIGINAL.jpg","OK","Ready."
"Mythic Dark","Luminilo","light-cult","light-cult","Sketches\light-cult\luminilo\index.html","https://ronenglish-archive.github.io/ron-english-sketches-mythic-dark/Sketches/light-cult/luminilo/index.html","3","0","https://ronenglish-archive.github.io/ron-english-sketches-mythic-dark/images/Sketches/Light%20Cult/Luminilo%20ORIGINAL.jpg","OK","Ready."
"Mythic Dark","Machine","light-cult","light-cult","Sketches\light-cult\machine\index.html","https://ronenglish-archive.github.io/ron-english-sketches-mythic-dark/Sketches/light-cult/machine/index.html","1","0","https://ronenglish-archive.github.io/ron-english-sketches-mythic-dark/images/Sketches/Light%20Cult/machine%20%20-%20B%26W.jpg","OK","Ready."
"Mythic Dark","Mandala Elements-01","light-cult","light-cult","Sketches\light-cult\mandala-elements-01\index.html","https://ronenglish-archive.github.io/ron-english-sketches-mythic-dark/Sketches/light-cult/mandala-elements-01/index.html","2","0","https://ronenglish-archive.github.io/ron-english-sketches-mythic-dark/images/Sketches/Light%20Cult/mandala_elements-01%20(1).jpg","OK","Ready."
"Mythic Dark","Mandala Elements-02","light-cult","light-cult","Sketches\light-cult\mandala-elements-02\index.html","https://ronenglish-archive.github.io/ron-english-sketches-mythic-dark/Sketches/light-cult/mandala-elements-02/index.html","2","0","https://ronenglish-archive.github.io/ron-english-sketches-mythic-dark/images/Sketches/Light%20Cult/mandala_elements-02%20(1).jpg","OK","Ready."
"Mythic Dark","Mandala Elements-03","light-cult","light-cult","Sketches\light-cult\mandala-elements-03\index.html","https://ronenglish-archive.github.io/ron-english-sketches-mythic-dark/Sketches/light-cult/mandala-elements-03/index.html","2","0","https://ronenglish-archive.github.io/ron-english-sketches-mythic-dark/images/Sketches/Light%20Cult/mandala_elements-03%20(1).jpg","OK","Ready."
"Mythic Dark","Mandala Elements-07","light-cult","light-cult","Sketches\light-cult\mandala-elements-07\index.html","https://ronenglish-archive.github.io/ron-english-sketches-mythic-dark/Sketches/light-cult/mandala-elements-07/index.html","2","0","https://ronenglish-archive.github.io/ron-english-sketches-mythic-dark/images/Sketches/Light%20Cult/mandala_elements-07%20(1).jpg","OK","Ready."
"Mythic Dark","Mandala Elements-08","light-cult","light-cult","Sketches\light-cult\mandala-elements-08\index.html","https://ronenglish-archive.github.io/ron-english-sketches-mythic-dark/Sketches/light-cult/mandala-elements-08/index.html","2","0","https://ronenglish-archive.github.io/ron-english-sketches-mythic-dark/images/Sketches/Light%20Cult/mandala_elements-08%20(1).jpg","OK","Ready."
"Mythic Dark","Mandala Elements-09","light-cult","light-cult","Sketches\light-cult\mandala-elements-09\index.html","https://ronenglish-archive.github.io/ron-english-sketches-mythic-dark/Sketches/light-cult/mandala-elements-09/index.html","2","0","https://ronenglish-archive.github.io/ron-english-sketches-mythic-dark/images/Sketches/Light%20Cult/mandala_elements-09%20(1).jpg","OK","Ready."
"Mythic Dark","Mandala Elements-18","light-cult","light-cult","Sketches\light-cult\mandala-elements-18\index.html","https://ronenglish-archive.github.io/ron-english-sketches-mythic-dark/Sketches/light-cult/mandala-elements-18/index.html","2","0","https://ronenglish-archive.github.io/ron-english-sketches-mythic-dark/images/Sketches/Light%20Cult/mandala_elements-18%20(1).jpg","OK","Ready."
"Mythic Dark","Mandala Elements-23","light-cult","light-cult","Sketches\light-cult\mandala-elements-23\index.html","https://ronenglish-archive.github.io/ron-english-sketches-mythic-dark/Sketches/light-cult/mandala-elements-23/index.html","2","0","https://ronenglish-archive.github.io/ron-english-sketches-mythic-dark/images/Sketches/Light%20Cult/mandala_elements-23%20(1).jpg","OK","Ready."
"Mythic Dark","Mandala Elements-24","light-cult","light-cult","Sketches\light-cult\mandala-elements-24\index.html","https://ronenglish-archive.github.io/ron-english-sketches-mythic-dark/Sketches/light-cult/mandala-elements-24/index.html","2","0","https://ronenglish-archive.github.io/ron-english-sketches-mythic-dark/images/Sketches/Light%20Cult/mandala_elements-24%20(1).jpg","OK","Ready."
"Mythic Dark","Mandala Elements-25","light-cult","light-cult","Sketches\light-cult\mandala-elements-25\index.html","https://ronenglish-archive.github.io/ron-english-sketches-mythic-dark/Sketches/light-cult/mandala-elements-25/index.html","2","0","https://ronenglish-archive.github.io/ron-english-sketches-mythic-dark/images/Sketches/Light%20Cult/mandala_elements-25%20(1).jpg","OK","Ready."
"Mythic Dark","Mandala Elements-26","light-cult","light-cult","Sketches\light-cult\mandala-elements-26\index.html","https://ronenglish-archive.github.io/ron-english-sketches-mythic-dark/Sketches/light-cult/mandala-elements-26/index.html","2","0","https://ronenglish-archive.github.io/ron-english-sketches-mythic-dark/images/Sketches/Light%20Cult/mandala_elements-26%20(1).jpg","OK","Ready."
"Mythic Dark","Mandala Elements-27","light-cult","light-cult","Sketches\light-cult\mandala-elements-27\index.html","https://ronenglish-archive.github.io/ron-english-sketches-mythic-dark/Sketches/light-cult/mandala-elements-27/index.html","2","0","https://ronenglish-archive.github.io/ron-english-sketches-mythic-dark/images/Sketches/Light%20Cult/mandala_elements-27%20(1).jpg","OK","Ready."
"Mythic Dark","Mandala Elements-28","light-cult","light-cult","Sketches\light-cult\mandala-elements-28\index.html","https://ronenglish-archive.github.io/ron-english-sketches-mythic-dark/Sketches/light-cult/mandala-elements-28/index.html","2","0","https://ronenglish-archive.github.io/ron-english-sketches-mythic-dark/images/Sketches/Light%20Cult/mandala_elements-28%20(1).jpg","OK","Ready."
"Mythic Dark","Mandala Sketches Tracing-02","light-cult","light-cult","Sketches\light-cult\mandala-sketches-tracing-02\index.html","https://ronenglish-archive.github.io/ron-english-sketches-mythic-dark/Sketches/light-cult/mandala-sketches-tracing-02/index.html","1","0","https://ronenglish-archive.github.io/ron-english-sketches-mythic-dark/images/Sketches/Light%20Cult/mandala_sketches_tracing-02.jpg","OK","Ready."
"Mythic Dark","Man Left Hand","light-cult","light-cult","Sketches\light-cult\man-left-hand\index.html","https://ronenglish-archive.github.io/ron-english-sketches-mythic-dark/Sketches/light-cult/man-left-hand/index.html","1","0","https://ronenglish-archive.github.io/ron-english-sketches-mythic-dark/images/Sketches/Light%20Cult/man%20left%20hand%20%20-%20B%26W%20.jpg","OK","Ready."
"Mythic Dark","Man Right Hand","light-cult","light-cult","Sketches\light-cult\man-right-hand\index.html","https://ronenglish-archive.github.io/ron-english-sketches-mythic-dark/Sketches/light-cult/man-right-hand/index.html","1","0","https://ronenglish-archive.github.io/ron-english-sketches-mythic-dark/images/Sketches/Light%20Cult/man%20right%20hand%20%20-%20B%26W%20.jpg","OK","Ready."
"Mythic Dark","Man With Bulb","light-cult","light-cult","Sketches\light-cult\man-with-bulb\index.html","https://ronenglish-archive.github.io/ron-english-sketches-mythic-dark/Sketches/light-cult/man-with-bulb/index.html","1","0","https://ronenglish-archive.github.io/ron-english-sketches-mythic-dark/images/Sketches/Light%20Cult/Man%20with%20bulb%20%20-%20B%26W%20.jpg","OK","Ready."
"Mythic Dark","Marlyn Monroe Bulb","light-cult","light-cult","Sketches\light-cult\marlyn-monroe-bulb\index.html","https://ronenglish-archive.github.io/ron-english-sketches-mythic-dark/Sketches/light-cult/marlyn-monroe-bulb/index.html","1","0","https://ronenglish-archive.github.io/ron-english-sketches-mythic-dark/images/Sketches/Light%20Cult/marlyn%20monroe%20bulb%20%20-%20B%26W.jpg","OK","Ready."
"Mythic Dark","Mickey-01","light-cult","light-cult","Sketches\light-cult\mickey-01\index.html","https://ronenglish-archive.github.io/ron-english-sketches-mythic-dark/Sketches/light-cult/mickey-01/index.html","1","0","https://ronenglish-archive.github.io/ron-english-sketches-mythic-dark/images/Sketches/Light%20Cult/mickey-01.jpg","OK","Ready."
"Mythic Dark","Mickey Bulb","light-cult","light-cult","Sketches\light-cult\mickey-bulb\index.html","https://ronenglish-archive.github.io/ron-english-sketches-mythic-dark/Sketches/light-cult/mickey-bulb/index.html","1","0","https://ronenglish-archive.github.io/ron-english-sketches-mythic-dark/images/Sketches/Light%20Cult/mickey%20bulb%20%20-%20B%26W%20.jpg","OK","Ready."
"Mythic Dark","Mirror Smiling Face","light-cult","light-cult","Sketches\light-cult\mirror-smiling-face\index.html","https://ronenglish-archive.github.io/ron-english-sketches-mythic-dark/Sketches/light-cult/mirror-smiling-face/index.html","1","0","https://ronenglish-archive.github.io/ron-english-sketches-mythic-dark/images/Sketches/Light%20Cult/mirror%20smiling%20face%20%20-%20B%26W%20.jpg","OK","Ready."
"Mythic Dark","Monkey","light-cult","light-cult","Sketches\light-cult\monkey\index.html","https://ronenglish-archive.github.io/ron-english-sketches-mythic-dark/Sketches/light-cult/monkey/index.html","2","0","https://ronenglish-archive.github.io/ron-english-sketches-mythic-dark/images/Sketches/Light%20Cult/monkey%20%20-%20B%26W%20.jpg","OK","Ready."
"Mythic Dark","Monkey B","light-cult","light-cult","Sketches\light-cult\monkey-b\index.html","https://ronenglish-archive.github.io/ron-english-sketches-mythic-dark/Sketches/light-cult/monkey-b/index.html","1","0","https://ronenglish-archive.github.io/ron-english-sketches-mythic-dark/images/Sketches/Light%20Cult/Monkey%20b%20-%20B%26W.jpg","OK","Ready."
"Mythic Dark","Monkey Raw File","light-cult","light-cult","Sketches\light-cult\monkey-raw-file\index.html","https://ronenglish-archive.github.io/ron-english-sketches-mythic-dark/Sketches/light-cult/monkey-raw-file/index.html","1","0","https://ronenglish-archive.github.io/ron-english-sketches-mythic-dark/images/Sketches/Light%20Cult/monkey%20raw%20file%20-%20B%26W.jpg","OK","Ready."
"Mythic Dark","Mouse On Plane","light-cult","light-cult","Sketches\light-cult\mouse-on-plane\index.html","https://ronenglish-archive.github.io/ron-english-sketches-mythic-dark/Sketches/light-cult/mouse-on-plane/index.html","1","0","https://ronenglish-archive.github.io/ron-english-sketches-mythic-dark/images/Sketches/Light%20Cult/mouse%20on%20plane%20%20-%20B%26W%20.jpg","OK","Ready."
"Mythic Dark","Mouse Sucking Bulb","light-cult","light-cult","Sketches\light-cult\mouse-sucking-bulb\index.html","https://ronenglish-archive.github.io/ron-english-sketches-mythic-dark/Sketches/light-cult/mouse-sucking-bulb/index.html","1","0","https://ronenglish-archive.github.io/ron-english-sketches-mythic-dark/images/Sketches/Light%20Cult/mouse%20sucking%20bulb%20%20-%20B%26W%20.jpg","OK","Ready."
"Mythic Dark","Muffler Man","light-cult","light-cult","Sketches\light-cult\muffler-man\index.html","https://ronenglish-archive.github.io/ron-english-sketches-mythic-dark/Sketches/light-cult/muffler-man/index.html","1","0","https://ronenglish-archive.github.io/ron-english-sketches-mythic-dark/images/Sketches/Light%20Cult/muffler%20man%20%20-%20B%26W%20.jpg","OK","Ready."
"Mythic Dark","Multiple Bulb Face","light-cult","light-cult","Sketches\light-cult\multiple-bulb-face\index.html","https://ronenglish-archive.github.io/ron-english-sketches-mythic-dark/Sketches/light-cult/multiple-bulb-face/index.html","1","0","https://ronenglish-archive.github.io/ron-english-sketches-mythic-dark/images/Sketches/Light%20Cult/multiple%20bulb%20face%20%20-%20B%26W.jpg","OK","Ready."
"Mythic Dark","Nose Bulb","light-cult","light-cult","Sketches\light-cult\nose-bulb\index.html","https://ronenglish-archive.github.io/ron-english-sketches-mythic-dark/Sketches/light-cult/nose-bulb/index.html","1","0","https://ronenglish-archive.github.io/ron-english-sketches-mythic-dark/images/Sketches/Light%20Cult/nose%20bulb%20%20-%20B%26W.jpg","OK","Ready."
"Mythic Dark","Pacifier","light-cult","light-cult","Sketches\light-cult\pacifier\index.html","https://ronenglish-archive.github.io/ron-english-sketches-mythic-dark/Sketches/light-cult/pacifier/index.html","1","0","https://ronenglish-archive.github.io/ron-english-sketches-mythic-dark/images/Sketches/Light%20Cult/pacifier%20%20-%20B%26W%20.jpg","OK","Ready."
"Mythic Dark","Paint Buckey Bulb","light-cult","light-cult","Sketches\light-cult\paint-buckey-bulb\index.html","https://ronenglish-archive.github.io/ron-english-sketches-mythic-dark/Sketches/light-cult/paint-buckey-bulb/index.html","3","0","https://ronenglish-archive.github.io/ron-english-sketches-mythic-dark/images/Sketches/Light%20Cult/paint_buckey_bulb_sketch%20(1).jpg","OK","Ready."
"Mythic Dark","Paint Buckey Bulb Sketch PNG","light-cult","light-cult","Sketches\light-cult\paint-buckey-bulb-sketch-png\index.html","https://ronenglish-archive.github.io/ron-english-sketches-mythic-dark/Sketches/light-cult/paint-buckey-bulb-sketch-png/index.html","1","0","https://ronenglish-archive.github.io/ron-english-sketches-mythic-dark/images/Sketches/Light%20Cult/paint_buckey_bulb_sketch%20png%20(1).jpg","OK","Ready."
"Mythic Dark","Parachute","light-cult","light-cult","Sketches\light-cult\parachute\index.html","https://ronenglish-archive.github.io/ron-english-sketches-mythic-dark/Sketches/light-cult/parachute/index.html","1","0","https://ronenglish-archive.github.io/ron-english-sketches-mythic-dark/images/Sketches/Light%20Cult/parachute%20%20-%20B%26W.jpg","OK","Ready."
"Mythic Dark","Parrot","light-cult","light-cult","Sketches\light-cult\parrot\index.html","https://ronenglish-archive.github.io/ron-english-sketches-mythic-dark/Sketches/light-cult/parrot/index.html","1","0","https://ronenglish-archive.github.io/ron-english-sketches-mythic-dark/images/Sketches/Light%20Cult/parrot%20%20-%20B%26W%20.jpg","OK","Ready."
"Mythic Dark","Piggie","light-cult","light-cult","Sketches\light-cult\piggie\index.html","https://ronenglish-archive.github.io/ron-english-sketches-mythic-dark/Sketches/light-cult/piggie/index.html","1","0","https://ronenglish-archive.github.io/ron-english-sketches-mythic-dark/images/Sketches/Light%20Cult/Piggie%20%20-%20B%26W%20.jpg","OK","Ready."
"Mythic Dark","Plain Bulb","light-cult","light-cult","Sketches\light-cult\plain-bulb\index.html","https://ronenglish-archive.github.io/ron-english-sketches-mythic-dark/Sketches/light-cult/plain-bulb/index.html","1","0","https://ronenglish-archive.github.io/ron-english-sketches-mythic-dark/images/Sketches/Light%20Cult/plain%20bulb%20-%20B%26W.jpg","OK","Ready."
"Mythic Dark","Platypus","light-cult","light-cult","Sketches\light-cult\platypus\index.html","https://ronenglish-archive.github.io/ron-english-sketches-mythic-dark/Sketches/light-cult/platypus/index.html","1","0","https://ronenglish-archive.github.io/ron-english-sketches-mythic-dark/images/Sketches/Light%20Cult/platypus%20%20-%20B%26W.jpg","OK","Ready."
"Mythic Dark","Pot","light-cult","light-cult","Sketches\light-cult\pot\index.html","https://ronenglish-archive.github.io/ron-english-sketches-mythic-dark/Sketches/light-cult/pot/index.html","1","0","https://ronenglish-archive.github.io/ron-english-sketches-mythic-dark/images/Sketches/Light%20Cult/pot%20%20-%20B%26W%20.jpg","OK","Ready."
"Mythic Dark","Punk Bulb","light-cult","light-cult","Sketches\light-cult\punk-bulb\index.html","https://ronenglish-archive.github.io/ron-english-sketches-mythic-dark/Sketches/light-cult/punk-bulb/index.html","2","0","https://ronenglish-archive.github.io/ron-english-sketches-mythic-dark/images/Sketches/Light%20Cult/punk%20bulb%20(1).jpg","OK","Ready."
"Mythic Dark","Punk Bulb-2","light-cult","light-cult","Sketches\light-cult\punk-bulb-2\index.html","https://ronenglish-archive.github.io/ron-english-sketches-mythic-dark/Sketches/light-cult/punk-bulb-2/index.html","1","0","https://ronenglish-archive.github.io/ron-english-sketches-mythic-dark/images/Sketches/Light%20Cult/punk%20bulb-2.jpg","OK","Ready."
"Mythic Dark","Punk Skunk Bulb","light-cult","light-cult","Sketches\light-cult\punk-skunk-bulb\index.html","https://ronenglish-archive.github.io/ron-english-sketches-mythic-dark/Sketches/light-cult/punk-skunk-bulb/index.html","1","0","https://ronenglish-archive.github.io/ron-english-sketches-mythic-dark/images/Sketches/Light%20Cult/punk%20skunk%20bulb%20-%20B%26W.jpg","OK","Ready."
"Mythic Dark","Rabbbit Hat, Torso, Rocket Raw File","light-cult","light-cult","Sketches\light-cult\rabbbit-hat-torso-rocket-raw-file\index.html","https://ronenglish-archive.github.io/ron-english-sketches-mythic-dark/Sketches/light-cult/rabbbit-hat-torso-rocket-raw-file/index.html","1","0","https://ronenglish-archive.github.io/ron-english-sketches-mythic-dark/images/Sketches/Light%20Cult/rabbbit%20hat%2C%20torso%2C%20rocket%20raw%20file%20%20-%20B%26W.jpg","OK","Ready."
"Mythic Dark","Robot","light-cult","light-cult","Sketches\light-cult\robot\index.html","https://ronenglish-archive.github.io/ron-english-sketches-mythic-dark/Sketches/light-cult/robot/index.html","2","0","https://ronenglish-archive.github.io/ron-english-sketches-mythic-dark/images/Sketches/Light%20Cult/robot%20%20-%20B%26W%20.jpg","OK","Ready."
"Mythic Dark","Robot And Trophy","light-cult","light-cult","Sketches\light-cult\robot-and-trophy\index.html","https://ronenglish-archive.github.io/ron-english-sketches-mythic-dark/Sketches/light-cult/robot-and-trophy/index.html","1","0","https://ronenglish-archive.github.io/ron-english-sketches-mythic-dark/images/Sketches/Light%20Cult/Robot%20and%20trophy%20.jpg","OK","Ready."
"Mythic Dark","Ron Bulb","light-cult","light-cult","Sketches\light-cult\ron-bulb\index.html","https://ronenglish-archive.github.io/ron-english-sketches-mythic-dark/Sketches/light-cult/ron-bulb/index.html","1","0","https://ronenglish-archive.github.io/ron-english-sketches-mythic-dark/images/Sketches/Light%20Cult/Ron%20bulb%20%20-%20B%26W.jpg","OK","Ready."
"Mythic Dark","Rope Bulb","light-cult","light-cult","Sketches\light-cult\rope-bulb\index.html","https://ronenglish-archive.github.io/ron-english-sketches-mythic-dark/Sketches/light-cult/rope-bulb/index.html","1","0","https://ronenglish-archive.github.io/ron-english-sketches-mythic-dark/images/Sketches/Light%20Cult/Rope%20bulb%20%20-%20B%26W%20.jpg","OK","Ready."
"Mythic Dark","Sailor","light-cult","light-cult","Sketches\light-cult\sailor\index.html","https://ronenglish-archive.github.io/ron-english-sketches-mythic-dark/Sketches/light-cult/sailor/index.html","1","0","https://ronenglish-archive.github.io/ron-english-sketches-mythic-dark/images/Sketches/Light%20Cult/sailor%20%20-%20B%26W%20.jpg","OK","Ready."
"Mythic Dark","Santa","light-cult","light-cult","Sketches\light-cult\santa\index.html","https://ronenglish-archive.github.io/ron-english-sketches-mythic-dark/Sketches/light-cult/santa/index.html","2","0","https://ronenglish-archive.github.io/ron-english-sketches-mythic-dark/images/Sketches/Light%20Cult/santa%20%20-%20B%26W%20.jpg","OK","Ready."
"Mythic Dark","Santa XMAS Bulb Profile","light-cult","light-cult","Sketches\light-cult\santa-xmas-bulb-profile\index.html","https://ronenglish-archive.github.io/ron-english-sketches-mythic-dark/Sketches/light-cult/santa-xmas-bulb-profile/index.html","2","0","https://ronenglish-archive.github.io/ron-english-sketches-mythic-dark/images/Sketches/Light%20Cult/santa_xmas_bulb_profile%20png.jpg","OK","Ready."
"Mythic Dark","Scream","light-cult","light-cult","Sketches\light-cult\scream\index.html","https://ronenglish-archive.github.io/ron-english-sketches-mythic-dark/Sketches/light-cult/scream/index.html","1","0","https://ronenglish-archive.github.io/ron-english-sketches-mythic-dark/images/Sketches/Light%20Cult/scream%20%20-%20B%26W.jpg","OK","Ready."
"Mythic Dark","Shark&duck In Bulb","light-cult","light-cult","Sketches\light-cult\shark-and-duck-in-bulb\index.html","https://ronenglish-archive.github.io/ron-english-sketches-mythic-dark/Sketches/light-cult/shark-and-duck-in-bulb/index.html","1","0","https://ronenglish-archive.github.io/ron-english-sketches-mythic-dark/images/Sketches/Light%20Cult/shark%26duck%20in%20bulb%20%20-%20B%26W.jpg","OK","Ready."
"Mythic Dark","Shark In Bulb","light-cult","light-cult","Sketches\light-cult\shark-in-bulb\index.html","https://ronenglish-archive.github.io/ron-english-sketches-mythic-dark/Sketches/light-cult/shark-in-bulb/index.html","1","0","https://ronenglish-archive.github.io/ron-english-sketches-mythic-dark/images/Sketches/Light%20Cult/shark%20in%20bulb%20%20-%20B%26W.jpg","OK","Ready."
"Mythic Dark","Shoe","light-cult","light-cult","Sketches\light-cult\shoe\index.html","https://ronenglish-archive.github.io/ron-english-sketches-mythic-dark/Sketches/light-cult/shoe/index.html","1","0","https://ronenglish-archive.github.io/ron-english-sketches-mythic-dark/images/Sketches/Light%20Cult/shoe%20-%20B%26W.jpg","OK","Ready."
"Mythic Dark","Skeleton","light-cult","light-cult","Sketches\light-cult\skeleton\index.html","https://ronenglish-archive.github.io/ron-english-sketches-mythic-dark/Sketches/light-cult/skeleton/index.html","4","0","https://ronenglish-archive.github.io/ron-english-sketches-mythic-dark/images/Sketches/Light%20Cult/skeleton%20%20-%20B%26W%20%20(1).jpg","OK","Ready."
"Mythic Dark","Skeleton Bat Bulb","light-cult","light-cult","Sketches\light-cult\skeleton-bat-bulb\index.html","https://ronenglish-archive.github.io/ron-english-sketches-mythic-dark/Sketches/light-cult/skeleton-bat-bulb/index.html","3","0","https://ronenglish-archive.github.io/ron-english-sketches-mythic-dark/images/Sketches/Light%20Cult/skeleton%20bat%20bulb%20png.jpg","OK","Ready."
"Mythic Dark","Skull With Cap","light-cult","light-cult","Sketches\light-cult\skull-with-cap\index.html","https://ronenglish-archive.github.io/ron-english-sketches-mythic-dark/Sketches/light-cult/skull-with-cap/index.html","1","0","https://ronenglish-archive.github.io/ron-english-sketches-mythic-dark/images/Sketches/Light%20Cult/skull%20with%20cap%20%20-%20B%26W.jpg","OK","Ready."
"Mythic Dark","Snake Skeleton","light-cult","light-cult","Sketches\light-cult\snake-skeleton\index.html","https://ronenglish-archive.github.io/ron-english-sketches-mythic-dark/Sketches/light-cult/snake-skeleton/index.html","1","0","https://ronenglish-archive.github.io/ron-english-sketches-mythic-dark/images/Sketches/Light%20Cult/snake%20skeleton%20%20-%20B%26W.jpg","OK","Ready."
"Mythic Dark","Socket","light-cult","light-cult","Sketches\light-cult\socket\index.html","https://ronenglish-archive.github.io/ron-english-sketches-mythic-dark/Sketches/light-cult/socket/index.html","1","0","https://ronenglish-archive.github.io/ron-english-sketches-mythic-dark/images/Sketches/Light%20Cult/socket%20%20-%20B%26W.jpg","OK","Ready."
"Mythic Dark","Space Helment And Heart Ribs","light-cult","light-cult","Sketches\light-cult\space-helment-and-heart-ribs\index.html","https://ronenglish-archive.github.io/ron-english-sketches-mythic-dark/Sketches/light-cult/space-helment-and-heart-ribs/index.html","1","0","https://ronenglish-archive.github.io/ron-english-sketches-mythic-dark/images/Sketches/Light%20Cult/space%20helment%20and%20heart%20ribs%20%20-%20B%26W.jpg","OK","Ready."
"Mythic Dark","Spiderman Bulb","light-cult","light-cult","Sketches\light-cult\spiderman-bulb\index.html","https://ronenglish-archive.github.io/ron-english-sketches-mythic-dark/Sketches/light-cult/spiderman-bulb/index.html","1","0","https://ronenglish-archive.github.io/ron-english-sketches-mythic-dark/images/Sketches/Light%20Cult/Spiderman%20bulb%20%20-%20B%26W.jpg","OK","Ready."
"Mythic Dark","Spiral Bulb Lady","light-cult","light-cult","Sketches\light-cult\spiral-bulb-lady\index.html","https://ronenglish-archive.github.io/ron-english-sketches-mythic-dark/Sketches/light-cult/spiral-bulb-lady/index.html","1","0","https://ronenglish-archive.github.io/ron-english-sketches-mythic-dark/images/Sketches/Light%20Cult/spiral%20bulb%20lady%20%20-%20B%26W.jpg","OK","Ready."
"Mythic Dark","Sublime Bulb","light-cult","light-cult","Sketches\light-cult\sublime-bulb\index.html","https://ronenglish-archive.github.io/ron-english-sketches-mythic-dark/Sketches/light-cult/sublime-bulb/index.html","1","0","https://ronenglish-archive.github.io/ron-english-sketches-mythic-dark/images/Sketches/Light%20Cult/sublime_bulb%20-%20B%26W.jpg","OK","Ready."
"Mythic Dark","Sword And Shield","light-cult","light-cult","Sketches\light-cult\sword-and-shield\index.html","https://ronenglish-archive.github.io/ron-english-sketches-mythic-dark/Sketches/light-cult/sword-and-shield/index.html","2","0","https://ronenglish-archive.github.io/ron-english-sketches-mythic-dark/images/Sketches/Light%20Cult/sword%20and%20shield%20-%20B%26W%20(1).jpg","OK","Ready."
"Mythic Dark","Tank","light-cult","light-cult","Sketches\light-cult\tank\index.html","https://ronenglish-archive.github.io/ron-english-sketches-mythic-dark/Sketches/light-cult/tank/index.html","1","0","https://ronenglish-archive.github.io/ron-english-sketches-mythic-dark/images/Sketches/Light%20Cult/tank%20%20-%20B%26W%20.jpg","OK","Ready."
"Mythic Dark","Threelightbulb Character","light-cult","light-cult","Sketches\light-cult\threelightbulb-character\index.html","https://ronenglish-archive.github.io/ron-english-sketches-mythic-dark/Sketches/light-cult/threelightbulb-character/index.html","1","0","https://ronenglish-archive.github.io/ron-english-sketches-mythic-dark/images/Sketches/Light%20Cult/threelightbulb%20character%20%20-%20B%26W.jpg","OK","Ready."
"Mythic Dark","Tiger","light-cult","light-cult","Sketches\light-cult\tiger\index.html","https://ronenglish-archive.github.io/ron-english-sketches-mythic-dark/Sketches/light-cult/tiger/index.html","1","0","https://ronenglish-archive.github.io/ron-english-sketches-mythic-dark/images/Sketches/Light%20Cult/tiger%20%20-%20B%26W.jpg","OK","Ready."
"Mythic Dark","Tongue","light-cult","light-cult","Sketches\light-cult\tongue\index.html","https://ronenglish-archive.github.io/ron-english-sketches-mythic-dark/Sketches/light-cult/tongue/index.html","1","0","https://ronenglish-archive.github.io/ron-english-sketches-mythic-dark/images/Sketches/Light%20Cult/tongue%20%20-%20B%26W%20.jpg","OK","Ready."
"Mythic Dark","Tongue Clown","light-cult","light-cult","Sketches\light-cult\tongue-clown\index.html","https://ronenglish-archive.github.io/ron-english-sketches-mythic-dark/Sketches/light-cult/tongue-clown/index.html","1","0","https://ronenglish-archive.github.io/ron-english-sketches-mythic-dark/images/Sketches/Light%20Cult/tongue%20clown%20%20-%20B%26W%20.jpg","OK","Ready."
"Mythic Dark","Tractorbulb-01","light-cult","light-cult","Sketches\light-cult\tractorbulb-01\index.html","https://ronenglish-archive.github.io/ron-english-sketches-mythic-dark/Sketches/light-cult/tractorbulb-01/index.html","1","0","https://ronenglish-archive.github.io/ron-english-sketches-mythic-dark/images/Sketches/Light%20Cult/tractorbulb-01.jpg","OK","Ready."
"Mythic Dark","Trophy & Other","light-cult","light-cult","Sketches\light-cult\trophy-and-other\index.html","https://ronenglish-archive.github.io/ron-english-sketches-mythic-dark/Sketches/light-cult/trophy-and-other/index.html","1","0","https://ronenglish-archive.github.io/ron-english-sketches-mythic-dark/images/Sketches/Light%20Cult/Trophy%20%26%20other%20%20-%20B%26W.jpg","OK","Ready."
"Mythic Dark","Trumpet","light-cult","light-cult","Sketches\light-cult\trumpet\index.html","https://ronenglish-archive.github.io/ron-english-sketches-mythic-dark/Sketches/light-cult/trumpet/index.html","1","0","https://ronenglish-archive.github.io/ron-english-sketches-mythic-dark/images/Sketches/Light%20Cult/Trumpet%20%20-%20B%26W.jpg","OK","Ready."
"Mythic Dark","Turtle","light-cult","light-cult","Sketches\light-cult\turtle\index.html","https://ronenglish-archive.github.io/ron-english-sketches-mythic-dark/Sketches/light-cult/turtle/index.html","1","0","https://ronenglish-archive.github.io/ron-english-sketches-mythic-dark/images/Sketches/Light%20Cult/turtle%20%20-%20B%26W%20.jpg","OK","Ready."
"Mythic Dark","Two Bulb","light-cult","light-cult","Sketches\light-cult\two-bulb\index.html","https://ronenglish-archive.github.io/ron-english-sketches-mythic-dark/Sketches/light-cult/two-bulb/index.html","1","0","https://ronenglish-archive.github.io/ron-english-sketches-mythic-dark/images/Sketches/Light%20Cult/two%20bulb%20%20-%20B%26W%20.jpg","OK","Ready."
"Mythic Dark","Unicorn","light-cult","light-cult","Sketches\light-cult\unicorn\index.html","https://ronenglish-archive.github.io/ron-english-sketches-mythic-dark/Sketches/light-cult/unicorn/index.html","2","0","https://ronenglish-archive.github.io/ron-english-sketches-mythic-dark/images/Sketches/Light%20Cult/Unicorn%20%20-%20B%26W%20%20(2).jpg","OK","Ready."
"Mythic Dark","Walking","light-cult","light-cult","Sketches\light-cult\walking\index.html","https://ronenglish-archive.github.io/ron-english-sketches-mythic-dark/Sketches/light-cult/walking/index.html","1","0","https://ronenglish-archive.github.io/ron-english-sketches-mythic-dark/images/Sketches/Light%20Cult/walking%20%20-%20B%26W%20.jpg","OK","Ready."
"Mythic Dark","Walking Bulb","light-cult","light-cult","Sketches\light-cult\walking-bulb\index.html","https://ronenglish-archive.github.io/ron-english-sketches-mythic-dark/Sketches/light-cult/walking-bulb/index.html","1","0","https://ronenglish-archive.github.io/ron-english-sketches-mythic-dark/images/Sketches/Light%20Cult/walking%20bulb%20%20-%20B%26W%20.jpg","OK","Ready."
"Mythic Dark","Walking Bulb 3","light-cult","light-cult","Sketches\light-cult\walking-bulb-3\index.html","https://ronenglish-archive.github.io/ron-english-sketches-mythic-dark/Sketches/light-cult/walking-bulb-3/index.html","1","0","https://ronenglish-archive.github.io/ron-english-sketches-mythic-dark/images/Sketches/Light%20Cult/walking%20bulb%203%20-%20B%26W.jpg","OK","Ready."
"Mythic Dark","Walking Bulb 4","light-cult","light-cult","Sketches\light-cult\walking-bulb-4\index.html","https://ronenglish-archive.github.io/ron-english-sketches-mythic-dark/Sketches/light-cult/walking-bulb-4/index.html","1","0","https://ronenglish-archive.github.io/ron-english-sketches-mythic-dark/images/Sketches/Light%20Cult/walking%20bulb%204%20-%20B%26W.jpg","OK","Ready."
"Mythic Dark","Whale Bulb","light-cult","light-cult","Sketches\light-cult\whale-bulb\index.html","https://ronenglish-archive.github.io/ron-english-sketches-mythic-dark/Sketches/light-cult/whale-bulb/index.html","2","0","https://ronenglish-archive.github.io/ron-english-sketches-mythic-dark/images/Sketches/Light%20Cult/Whale%20bulb%20%20-%20B%26W%20(1).jpg","OK","Ready."
"Mythic Dark","Wheel Bulb","light-cult","light-cult","Sketches\light-cult\wheel-bulb\index.html","https://ronenglish-archive.github.io/ron-english-sketches-mythic-dark/Sketches/light-cult/wheel-bulb/index.html","1","0","https://ronenglish-archive.github.io/ron-english-sketches-mythic-dark/images/Sketches/Light%20Cult/wheel%20bulb%20%20-%20B%26W%20.jpg","OK","Ready."
"Mythic Dark","Women & Bulb","light-cult","light-cult","Sketches\light-cult\women-and-bulb\index.html","https://ronenglish-archive.github.io/ron-english-sketches-mythic-dark/Sketches/light-cult/women-and-bulb/index.html","1","0","https://ronenglish-archive.github.io/ron-english-sketches-mythic-dark/images/Sketches/Light%20Cult/women%20%26%20bulb%20%20-%20B%26W%20.jpg","OK","Ready."
"Mythic Dark","Woodstock","light-cult","light-cult","Sketches\light-cult\woodstock\index.html","https://ronenglish-archive.github.io/ron-english-sketches-mythic-dark/Sketches/light-cult/woodstock/index.html","1","0","https://ronenglish-archive.github.io/ron-english-sketches-mythic-dark/images/Sketches/Light%20Cult/woodstock%20png.jpg","OK","Ready."
"Mythic Dark","Woodstock.bulb","light-cult","light-cult","Sketches\light-cult\woodstock-bulb\index.html","https://ronenglish-archive.github.io/ron-english-sketches-mythic-dark/Sketches/light-cult/woodstock-bulb/index.html","2","0","https://ronenglish-archive.github.io/ron-english-sketches-mythic-dark/images/Sketches/Light%20Cult/woodstock.bulb_sketch%20(1).jpg","OK","Ready."
"Mythic Dark","XMAS Bulb For 3d","light-cult","light-cult","Sketches\light-cult\xmas-bulb-for-3d\index.html","https://ronenglish-archive.github.io/ron-english-sketches-mythic-dark/Sketches/light-cult/xmas-bulb-for-3d/index.html","1","0","https://ronenglish-archive.github.io/ron-english-sketches-mythic-dark/images/Sketches/Light%20Cult/xmas_bulb_for_3D.jpg","OK","Ready."
"Mythic Dark","Zipper","light-cult","light-cult","Sketches\light-cult\zipper\index.html","https://ronenglish-archive.github.io/ron-english-sketches-mythic-dark/Sketches/light-cult/zipper/index.html","1","0","https://ronenglish-archive.github.io/ron-english-sketches-mythic-dark/images/Sketches/Light%20Cult/zipper%20%20-%20B%26W.jpg","OK","Ready."
"Mythic Dark","Dandy Devil","mythical-beings","celestials","Sketches\mythical-beings\celestials\dandy-devil\index.html","https://ronenglish-archive.github.io/ron-english-sketches-mythic-dark/Sketches/mythical-beings/celestials/dandy-devil/index.html","2","0","https://ronenglish-archive.github.io/ron-english-sketches-mythic-dark/images/Sketches/Mythical%20Beings/Celestials/Dandy%20Devil%20ORIGINAL.jpg","OK","Ready."
"Mythic Dark","Devil","mythical-beings","celestials","Sketches\mythical-beings\celestials\devil\index.html","https://ronenglish-archive.github.io/ron-english-sketches-mythic-dark/Sketches/mythical-beings/celestials/devil/index.html","1","0","https://ronenglish-archive.github.io/ron-english-sketches-mythic-dark/images/Sketches/Mythical%20Beings/Celestials/Devil%20Head%20ORIGINAL.jpg","OK","Ready."
"Mythic Dark","Evil Angel","mythical-beings","celestials","Sketches\mythical-beings\celestials\evil-angel\index.html","https://ronenglish-archive.github.io/ron-english-sketches-mythic-dark/Sketches/mythical-beings/celestials/evil-angel/index.html","3","0","https://ronenglish-archive.github.io/ron-english-sketches-mythic-dark/images/Sketches/Mythical%20Beings/Celestials/Evil%20Angel%20ORIGINAL.jpg","OK","Ready."
"Mythic Dark","Fetus Angel","mythical-beings","celestials","Sketches\mythical-beings\celestials\fetus-angel\index.html","https://ronenglish-archive.github.io/ron-english-sketches-mythic-dark/Sketches/mythical-beings/celestials/fetus-angel/index.html","1","0","https://ronenglish-archive.github.io/ron-english-sketches-mythic-dark/images/Sketches/Mythical%20Beings/Celestials/Fetus%20Angel%20ORIGINAL.jpg","OK","Ready."
"Mythic Dark","Moon Man","mythical-beings","celestials","Sketches\mythical-beings\celestials\moon-man\index.html","https://ronenglish-archive.github.io/ron-english-sketches-mythic-dark/Sketches/mythical-beings/celestials/moon-man/index.html","5","0","https://ronenglish-archive.github.io/ron-english-sketches-mythic-dark/images/Sketches/Mythical%20Beings/Celestials/Moon%20Man%202%20ORIGINAL.jpg","OK","Ready."
"Mythic Dark","Young Frankenstein","mythical-beings","frankensteins-monster","Sketches\mythical-beings\frankensteins-monster\young-frankenstein\index.html","https://ronenglish-archive.github.io/ron-english-sketches-mythic-dark/Sketches/mythical-beings/frankensteins-monster/young-frankenstein/index.html","0","0","","REVIEW","No image references found."
"Mythic Dark","Baby MC Head","mythical-beings","mc","Sketches\mythical-beings\mc\baby-mc-head\index.html","https://ronenglish-archive.github.io/ron-english-sketches-mythic-dark/Sketches/mythical-beings/mc/baby-mc-head/index.html","13","0","https://ronenglish-archive.github.io/ron-english-sketches-mythic-dark/images/Sketches/Mythical%20Beings/MC/Baby%20MC%20Head%201%20ORIGINAL.jpg","OK","Ready."
"Mythic Dark","Evil MC","mythical-beings","mc","Sketches\mythical-beings\mc\evil-mc\index.html","https://ronenglish-archive.github.io/ron-english-sketches-mythic-dark/Sketches/mythical-beings/mc/evil-mc/index.html","9","0","https://ronenglish-archive.github.io/ron-english-sketches-mythic-dark/images/Sketches/Mythical%20Beings/MC/Evil%20MC%20back%20ORIGINAL.jpg","OK","Ready."
"Mythic Dark","Farting MC","mythical-beings","mc","Sketches\mythical-beings\mc\farting-mc\index.html","https://ronenglish-archive.github.io/ron-english-sketches-mythic-dark/Sketches/mythical-beings/mc/farting-mc/index.html","3","0","https://ronenglish-archive.github.io/ron-english-sketches-mythic-dark/images/Sketches/Mythical%20Beings/MC/Farting%20MC%20ORIGINAL%20COLOR.jpg","OK","Ready."
"Mythic Dark","Fat MC Floating","mythical-beings","mc","Sketches\mythical-beings\mc\fat-mc-floating\index.html","https://ronenglish-archive.github.io/ron-english-sketches-mythic-dark/Sketches/mythical-beings/mc/fat-mc-floating/index.html","3","0","https://ronenglish-archive.github.io/ron-english-sketches-mythic-dark/images/Sketches/Mythical%20Beings/MC/Fat%20MC%20Floating%20ORIGINAL.jpg","OK","Ready."
"Mythic Dark","French Fry","mythical-beings","mc","Sketches\mythical-beings\mc\french-fry\index.html","https://ronenglish-archive.github.io/ron-english-sketches-mythic-dark/Sketches/mythical-beings/mc/french-fry/index.html","2","0","https://ronenglish-archive.github.io/ron-english-sketches-mythic-dark/images/Sketches/Mythical%20Beings/MC/French%20Fry%20B%26W.jpg","OK","Ready."
"Mythic Dark","Grinning MC","mythical-beings","mc","Sketches\mythical-beings\mc\grinning-mc\index.html","https://ronenglish-archive.github.io/ron-english-sketches-mythic-dark/Sketches/mythical-beings/mc/grinning-mc/index.html","10","0","https://ronenglish-archive.github.io/ron-english-sketches-mythic-dark/images/Sketches/Mythical%20Beings/MC/Grinning%20MC%20left%20side%20ORIGINAL.jpg","OK","Ready."
"Mythic Dark","Hysteric MC Supersized","mythical-beings","mc","Sketches\mythical-beings\mc\hysteric-mc-supersized\index.html","https://ronenglish-archive.github.io/ron-english-sketches-mythic-dark/Sketches/mythical-beings/mc/hysteric-mc-supersized/index.html","7","0","https://ronenglish-archive.github.io/ron-english-sketches-mythic-dark/images/Sketches/Mythical%20Beings/MC/Hysteric%20MC%20Supersized%20back%20ORIGINAL.jpg","OK","Ready."
"Mythic Dark","MC Big Bones","mythical-beings","mc","Sketches\mythical-beings\mc\mc-big-bones\index.html","https://ronenglish-archive.github.io/ron-english-sketches-mythic-dark/Sketches/mythical-beings/mc/mc-big-bones/index.html","2","0","https://ronenglish-archive.github.io/ron-english-sketches-mythic-dark/images/Sketches/Mythical%20Beings/MC/MC%20Big%20Bones%20ORIGINAL.jpg","OK","Ready."
"Mythic Dark","MC China","mythical-beings","mc","Sketches\mythical-beings\mc\mc-china\index.html","https://ronenglish-archive.github.io/ron-english-sketches-mythic-dark/Sketches/mythical-beings/mc/mc-china/index.html","3","0","https://ronenglish-archive.github.io/ron-english-sketches-mythic-dark/images/Sketches/Mythical%20Beings/MC/MC%20China%20ORIGINAL.jpg","OK","Ready."
"Mythic Dark","MC Floating","mythical-beings","mc","Sketches\mythical-beings\mc\mc-floating\index.html","https://ronenglish-archive.github.io/ron-english-sketches-mythic-dark/Sketches/mythical-beings/mc/mc-floating/index.html","3","0","https://ronenglish-archive.github.io/ron-english-sketches-mythic-dark/images/Sketches/Mythical%20Beings/MC/MC%20Floating%20ORIGINAL.jpg","OK","Ready."
"Mythic Dark","MC He Man","mythical-beings","mc","Sketches\mythical-beings\mc\mc-he-man\index.html","https://ronenglish-archive.github.io/ron-english-sketches-mythic-dark/Sketches/mythical-beings/mc/mc-he-man/index.html","4","0","https://ronenglish-archive.github.io/ron-english-sketches-mythic-dark/images/Sketches/Mythical%20Beings/MC/MC%20He%20Man%20ORIGINAL.jpg","OK","Ready."
"Mythic Dark","MC Kid","mythical-beings","mc","Sketches\mythical-beings\mc\mc-kid\index.html","https://ronenglish-archive.github.io/ron-english-sketches-mythic-dark/Sketches/mythical-beings/mc/mc-kid/index.html","3","0","https://ronenglish-archive.github.io/ron-english-sketches-mythic-dark/images/Sketches/Mythical%20Beings/MC/MC%20Kid%20ORIGINAL.jpg","OK","Ready."
"Mythic Dark","MC Last Supper","mythical-beings","mc","Sketches\mythical-beings\mc\mc-last-supper\index.html","https://ronenglish-archive.github.io/ron-english-sketches-mythic-dark/Sketches/mythical-beings/mc/mc-last-supper/index.html","2","0","https://ronenglish-archive.github.io/ron-english-sketches-mythic-dark/images/Sketches/Mythical%20Beings/MC/MC%20Last%20Supper%20left%20side%20ORIGINAL.jpg","OK","Ready."
"Mythic Dark","MC Mishka","mythical-beings","mc","Sketches\mythical-beings\mc\mc-mishka\index.html","https://ronenglish-archive.github.io/ron-english-sketches-mythic-dark/Sketches/mythical-beings/mc/mc-mishka/index.html","3","0","https://ronenglish-archive.github.io/ron-english-sketches-mythic-dark/images/Sketches/Mythical%20Beings/MC/MC%20Mishka%20ORIGINAL.jpg","OK","Ready."
"Mythic Dark","MC Star","mythical-beings","mc","Sketches\mythical-beings\mc\mc-star\index.html","https://ronenglish-archive.github.io/ron-english-sketches-mythic-dark/Sketches/mythical-beings/mc/mc-star/index.html","4","0","https://ronenglish-archive.github.io/ron-english-sketches-mythic-dark/images/Sketches/Mythical%20Beings/MC/MC%20Star%201%20ORIGINAL%20COLOR.jpg","OK","Ready."
"Mythic Dark","MC Supersized","mythical-beings","mc","Sketches\mythical-beings\mc\mc-supersized\index.html","https://ronenglish-archive.github.io/ron-english-sketches-mythic-dark/Sketches/mythical-beings/mc/mc-supersized/index.html","7","0","https://ronenglish-archive.github.io/ron-english-sketches-mythic-dark/images/Sketches/Mythical%20Beings/MC/MC%20Supersized%20ORIGINAL.jpg","OK","Ready."
"Mythic Dark","MC Supersized Icon","mythical-beings","mc","Sketches\mythical-beings\mc\mc-supersized-icon\index.html","https://ronenglish-archive.github.io/ron-english-sketches-mythic-dark/Sketches/mythical-beings/mc/mc-supersized-icon/index.html","1","0","https://ronenglish-archive.github.io/ron-english-sketches-mythic-dark/images/Sketches/Mythical%20Beings/MC/MC%20Supersized%20Icon%20COLOR.jpg","OK","Ready."
"Mythic Dark","MC Supersized version 2","mythical-beings","mc","Sketches\mythical-beings\mc\mc-supersized-version-2\index.html","https://ronenglish-archive.github.io/ron-english-sketches-mythic-dark/Sketches/mythical-beings/mc/mc-supersized-version-2/index.html","12","0","https://ronenglish-archive.github.io/ron-english-sketches-mythic-dark/images/Sketches/Mythical%20Beings/MC/MC%20Supersized%20version%202%20back%20ORIGINAL.jpg","OK","Ready."
"Mythic Dark","MC Supersized version 3","mythical-beings","mc","Sketches\mythical-beings\mc\mc-supersized-version-3\index.html","https://ronenglish-archive.github.io/ron-english-sketches-mythic-dark/Sketches/mythical-beings/mc/mc-supersized-version-3/index.html","9","0","https://ronenglish-archive.github.io/ron-english-sketches-mythic-dark/images/Sketches/Mythical%20Beings/MC/MC%20Supersized%20version%203%20back%20ORIGINAL.jpg","OK","Ready."
"Mythic Dark","Miz MC","mythical-beings","mc","Sketches\mythical-beings\mc\miz-mc\index.html","https://ronenglish-archive.github.io/ron-english-sketches-mythic-dark/Sketches/mythical-beings/mc/miz-mc/index.html","3","0","https://ronenglish-archive.github.io/ron-english-sketches-mythic-dark/images/Sketches/Mythical%20Beings/MC/Miz%20MC%20ORIGINAL.jpg","OK","Ready."
"Mythic Dark","Super MC","mythical-beings","mc","Sketches\mythical-beings\mc\super-mc\index.html","https://ronenglish-archive.github.io/ron-english-sketches-mythic-dark/Sketches/mythical-beings/mc/super-mc/index.html","5","0","https://ronenglish-archive.github.io/ron-english-sketches-mythic-dark/images/Sketches/Mythical%20Beings/MC/Super%20MC%20ORIGINAL.jpg","OK","Ready."
"Mythic Dark","Tater Tot","mythical-beings","mc","Sketches\mythical-beings\mc\tater-tot\index.html","https://ronenglish-archive.github.io/ron-english-sketches-mythic-dark/Sketches/mythical-beings/mc/tater-tot/index.html","14","0","https://ronenglish-archive.github.io/ron-english-sketches-mythic-dark/images/Sketches/Mythical%20Beings/MC/Tater%20Tot%20back%20ORIGINAL.jpg","OK","Ready."
"Mythic Dark","Young MC","mythical-beings","mc","Sketches\mythical-beings\mc\young-mc\index.html","https://ronenglish-archive.github.io/ron-english-sketches-mythic-dark/Sketches/mythical-beings/mc/young-mc/index.html","8","0","https://ronenglish-archive.github.io/ron-english-sketches-mythic-dark/images/Sketches/Mythical%20Beings/MC/Young%20MC%20back%20ORIGINAL%202.jpg","OK","Ready."
"Mythic Dark","Big-Eye Messiah","mythical-beings","messiahs-and-deities","Sketches\mythical-beings\messiahs-and-deities\big-eye-messiah\index.html","https://ronenglish-archive.github.io/ron-english-sketches-mythic-dark/Sketches/mythical-beings/messiahs-and-deities/big-eye-messiah/index.html","4","0","https://ronenglish-archive.github.io/ron-english-sketches-mythic-dark/images/Sketches/Mythical%20Beings/Messiahs%20and%20Deities/Big-Eye%20Messiah%20ORIGINAL.jpg","OK","Ready."
"Mythic Dark","Jesus Junior","mythical-beings","messiahs-and-deities","Sketches\mythical-beings\messiahs-and-deities\jesus-junior\index.html","https://ronenglish-archive.github.io/ron-english-sketches-mythic-dark/Sketches/mythical-beings/messiahs-and-deities/jesus-junior/index.html","7","0","https://ronenglish-archive.github.io/ron-english-sketches-mythic-dark/images/Sketches/Mythical%20Beings/Messiahs%20and%20Deities/Jesus%20Junior%20back%20ORIGINAL.jpg","OK","Ready."
"Mythic Dark","Jewsus","mythical-beings","messiahs-and-deities","Sketches\mythical-beings\messiahs-and-deities\jewsus\index.html","https://ronenglish-archive.github.io/ron-english-sketches-mythic-dark/Sketches/mythical-beings/messiahs-and-deities/jewsus/index.html","4","0","https://ronenglish-archive.github.io/ron-english-sketches-mythic-dark/images/Sketches/Mythical%20Beings/Messiahs%20and%20Deities/Jewsus%20ORIGINAL.jpg","OK","Ready."
"Mythic Dark","Messiahs Family Icon","mythical-beings","messiahs-and-deities","Sketches\mythical-beings\messiahs-and-deities\messiahs-family-icon\index.html","https://ronenglish-archive.github.io/ron-english-sketches-mythic-dark/Sketches/mythical-beings/messiahs-and-deities/messiahs-family-icon/index.html","1","0","https://ronenglish-archive.github.io/ron-english-sketches-mythic-dark/images/Sketches/Mythical%20Beings/Messiahs%20and%20Deities/Messiahs%20Family%20Icon%20COLOR.jpg","OK","Ready."
"Mythic Dark","Hurley Surfer","mythical-beings","multiple-faces","Sketches\mythical-beings\multiple-faces\hurley-surfer\index.html","https://ronenglish-archive.github.io/ron-english-sketches-mythic-dark/Sketches/mythical-beings/multiple-faces/hurley-surfer/index.html","11","0","https://ronenglish-archive.github.io/ron-english-sketches-mythic-dark/images/Sketches/Mythical%20Beings/Multiple%20Faces/Hurley%20Surfer%20Back%20ORIGINAL.jpg","OK","Ready."
"Mythic Dark","Illuminati Boy","mythical-beings","multiple-faces","Sketches\mythical-beings\multiple-faces\illuminati-boy\index.html","https://ronenglish-archive.github.io/ron-english-sketches-mythic-dark/Sketches/mythical-beings/multiple-faces/illuminati-boy/index.html","4","0","https://ronenglish-archive.github.io/ron-english-sketches-mythic-dark/images/Sketches/Mythical%20Beings/Multiple%20Faces/Illuminati%20Boy%20ORIGINAL.jpg","OK","Ready."
"Mythic Dark","Judge Mental","mythical-beings","multiple-faces","Sketches\mythical-beings\multiple-faces\judge-mental\index.html","https://ronenglish-archive.github.io/ron-english-sketches-mythic-dark/Sketches/mythical-beings/multiple-faces/judge-mental/index.html","4","0","https://ronenglish-archive.github.io/ron-english-sketches-mythic-dark/images/Sketches/Mythical%20Beings/Multiple%20Faces/Judge%20Mental%20ORIGINAL%20COLOR.jpg","OK","Ready."
"Mythic Dark","Mad Hatter","mythical-beings","multiple-faces","Sketches\mythical-beings\multiple-faces\mad-hatter\index.html","https://ronenglish-archive.github.io/ron-english-sketches-mythic-dark/Sketches/mythical-beings/multiple-faces/mad-hatter/index.html","4","0","https://ronenglish-archive.github.io/ron-english-sketches-mythic-dark/images/Sketches/Mythical%20Beings/Multiple%20Faces/Mad%20Hatter%20ORIGINAL%20COLOR.jpg","OK","Ready."
"Mythic Dark","Multibrained Brodmann","mythical-beings","multiple-faces","Sketches\mythical-beings\multiple-faces\multibrained-brodmann\index.html","https://ronenglish-archive.github.io/ron-english-sketches-mythic-dark/Sketches/mythical-beings/multiple-faces/multibrained-brodmann/index.html","5","0","https://ronenglish-archive.github.io/ron-english-sketches-mythic-dark/images/Sketches/Mythical%20Beings/Multiple%20Faces/Multibrained%20Brodmann%20back%20ORIGINAL.jpg","OK","Ready."
"Mythic Dark","Multiface","mythical-beings","multiple-faces","Sketches\mythical-beings\multiple-faces\multiface\index.html","https://ronenglish-archive.github.io/ron-english-sketches-mythic-dark/Sketches/mythical-beings/multiple-faces/multiface/index.html","3","0","https://ronenglish-archive.github.io/ron-english-sketches-mythic-dark/images/Sketches/Mythical%20Beings/Multiple%20Faces/Multiface%20ORIGINAL.jpg","OK","Ready."
"Mythic Dark","M.U.S.C.L.E. Screamer","mythical-beings","multiple-faces","Sketches\mythical-beings\multiple-faces\m-u-s-c-l-e-screamer\index.html","https://ronenglish-archive.github.io/ron-english-sketches-mythic-dark/Sketches/mythical-beings/multiple-faces/m-u-s-c-l-e-screamer/index.html","9","0","https://ronenglish-archive.github.io/ron-english-sketches-mythic-dark/images/Sketches/Mythical%20Beings/Multiple%20Faces/M.U.S.C.L.E.%20Screamer%20back%20ORIGINAL.jpg","OK","Ready."
"Mythic Dark","Scream","mythical-beings","multiple-faces","Sketches\mythical-beings\multiple-faces\scream\index.html","https://ronenglish-archive.github.io/ron-english-sketches-mythic-dark/Sketches/mythical-beings/multiple-faces/scream/index.html","3","0","https://ronenglish-archive.github.io/ron-english-sketches-mythic-dark/images/Sketches/Mythical%20Beings/Multiple%20Faces/Scream%201%20ORIGINAL.jpg","OK","Ready."
"Mythic Dark","Screamer","mythical-beings","multiple-faces","Sketches\mythical-beings\multiple-faces\screamer\index.html","https://ronenglish-archive.github.io/ron-english-sketches-mythic-dark/Sketches/mythical-beings/multiple-faces/screamer/index.html","2","0","https://ronenglish-archive.github.io/ron-english-sketches-mythic-dark/images/Sketches/Mythical%20Beings/Multiple%20Faces/Screamer%20ORIGINAL.jpg","OK","Ready."
"Mythic Dark","Scream Face","mythical-beings","multiple-faces","Sketches\mythical-beings\multiple-faces\scream-face\index.html","https://ronenglish-archive.github.io/ron-english-sketches-mythic-dark/Sketches/mythical-beings/multiple-faces/scream-face/index.html","3","0","https://ronenglish-archive.github.io/ron-english-sketches-mythic-dark/images/Sketches/Mythical%20Beings/Multiple%20Faces/Scream%20face%20side%20ORIGINAL.jpg","OK","Ready."
"Mythic Dark","Trippy Double Face","mythical-beings","multiple-faces","Sketches\mythical-beings\multiple-faces\trippy-double-face\index.html","https://ronenglish-archive.github.io/ron-english-sketches-mythic-dark/Sketches/mythical-beings/multiple-faces/trippy-double-face/index.html","6","0","https://ronenglish-archive.github.io/ron-english-sketches-mythic-dark/images/Sketches/Mythical%20Beings/Multiple%20Faces/Trippie%20Double%20Face%20ORIGINAL.jpg","OK","Ready."
"Mythic Dark","40-Year-Old Fetus","mythical-beings","mythical-humans","Sketches\mythical-beings\mythical-humans\40-year-old-fetus\index.html","https://ronenglish-archive.github.io/ron-english-sketches-mythic-dark/Sketches/mythical-beings/mythical-humans/40-year-old-fetus/index.html","3","0","https://ronenglish-archive.github.io/ron-english-sketches-mythic-dark/images/Sketches/Mythical%20Beings/Mythical%20Humans/40-Year-Old%20Fetus%20ORIGINAL.jpg","OK","Ready."
"Mythic Dark","Adam, Eve, and Money","mythical-beings","mythical-humans","Sketches\mythical-beings\mythical-humans\adam-eve-and-money\index.html","https://ronenglish-archive.github.io/ron-english-sketches-mythic-dark/Sketches/mythical-beings/mythical-humans/adam-eve-and-money/index.html","3","0","https://ronenglish-archive.github.io/ron-english-sketches-mythic-dark/images/Sketches/Mythical%20Beings/Mythical%20Humans/Adam%2C%20Eve%2C%20and%20Money%20ORIGINAL.jpg","OK","Ready."
"Mythic Dark","Artist","mythical-beings","mythical-humans","Sketches\mythical-beings\mythical-humans\artist\index.html","https://ronenglish-archive.github.io/ron-english-sketches-mythic-dark/Sketches/mythical-beings/mythical-humans/artist/index.html","3","0","https://ronenglish-archive.github.io/ron-english-sketches-mythic-dark/images/Sketches/Mythical%20Beings/Mythical%20Humans/Artist%20ORIGINAL.jpg","OK","Ready."
"Mythic Dark","Artist Gnome","mythical-beings","mythical-humans","Sketches\mythical-beings\mythical-humans\artist-gnome\index.html","https://ronenglish-archive.github.io/ron-english-sketches-mythic-dark/Sketches/mythical-beings/mythical-humans/artist-gnome/index.html","18","0","https://ronenglish-archive.github.io/ron-english-sketches-mythic-dark/images/Sketches/Mythical%20Beings/Mythical%20Humans/Artist%20Gnome%20back%20ORIGINAL.jpg","OK","Ready."
"Mythic Dark","Bigfoot Fred","mythical-beings","mythical-humans","Sketches\mythical-beings\mythical-humans\bigfoot-fred\index.html","https://ronenglish-archive.github.io/ron-english-sketches-mythic-dark/Sketches/mythical-beings/mythical-humans/bigfoot-fred/index.html","3","0","https://ronenglish-archive.github.io/ron-english-sketches-mythic-dark/images/Sketches/Mythical%20Beings/Mythical%20Humans/Bigfoot%20Fred%20ORIGINAL.jpg","OK","Ready."
"Mythic Dark","Clown in Car","mythical-beings","mythical-humans","Sketches\mythical-beings\mythical-humans\clown-in-car\index.html","https://ronenglish-archive.github.io/ron-english-sketches-mythic-dark/Sketches/mythical-beings/mythical-humans/clown-in-car/index.html","2","0","https://ronenglish-archive.github.io/ron-english-sketches-mythic-dark/images/Sketches/Mythical%20Beings/Mythical%20Humans/Clown%20in%20Car%201%20ORIGINAL.jpg","OK","Ready."
"Mythic Dark","Corn Bob Farmer","mythical-beings","mythical-humans","Sketches\mythical-beings\mythical-humans\corn-bob-farmer\index.html","https://ronenglish-archive.github.io/ron-english-sketches-mythic-dark/Sketches/mythical-beings/mythical-humans/corn-bob-farmer/index.html","6","0","https://ronenglish-archive.github.io/ron-english-sketches-mythic-dark/images/Sketches/Mythical%20Beings/Mythical%20Humans/Corn%20Bob%20Farmer%20front%20ORIGINAL.jpg","OK","Ready."
"Mythic Dark","Cowboy Jumping Bean","mythical-beings","mythical-humans","Sketches\mythical-beings\mythical-humans\cowboy-jumping-bean\index.html","https://ronenglish-archive.github.io/ron-english-sketches-mythic-dark/Sketches/mythical-beings/mythical-humans/cowboy-jumping-bean/index.html","13","0","https://ronenglish-archive.github.io/ron-english-sketches-mythic-dark/images/Sketches/Mythical%20Beings/Mythical%20Humans/Cowboy%20Jumping%20Bean%201%20ORIGINAL.jpg","OK","Ready."
"Mythic Dark","Cry Your Eyes Out","mythical-beings","mythical-humans","Sketches\mythical-beings\mythical-humans\cry-your-eyes-out\index.html","https://ronenglish-archive.github.io/ron-english-sketches-mythic-dark/Sketches/mythical-beings/mythical-humans/cry-your-eyes-out/index.html","2","0","https://ronenglish-archive.github.io/ron-english-sketches-mythic-dark/images/Sketches/Mythical%20Beings/Mythical%20Humans/Cry%20Your%20Eyes%20Out%20ORIGINAL%20COLOR.jpg","OK","Ready."
"Mythic Dark","Delivery Man","mythical-beings","mythical-humans","Sketches\mythical-beings\mythical-humans\delivery-man\index.html","https://ronenglish-archive.github.io/ron-english-sketches-mythic-dark/Sketches/mythical-beings/mythical-humans/delivery-man/index.html","4","0","https://ronenglish-archive.github.io/ron-english-sketches-mythic-dark/images/Sketches/Mythical%20Beings/Mythical%20Humans/Delivery%20Man%201%20B%26W.jpg","OK","Ready."
"Mythic Dark","Firecracker Boy","mythical-beings","mythical-humans","Sketches\mythical-beings\mythical-humans\firecracker-boy\index.html","https://ronenglish-archive.github.io/ron-english-sketches-mythic-dark/Sketches/mythical-beings/mythical-humans/firecracker-boy/index.html","6","0","https://ronenglish-archive.github.io/ron-english-sketches-mythic-dark/images/Sketches/Mythical%20Beings/Mythical%20Humans/Firecracker%20Boy%201%20ORIGINAL.jpg","OK","Ready."
"Mythic Dark","Freak Bro Ladymouth","mythical-beings","mythical-humans","Sketches\mythical-beings\mythical-humans\freak-bro-ladymouth\index.html","https://ronenglish-archive.github.io/ron-english-sketches-mythic-dark/Sketches/mythical-beings/mythical-humans/freak-bro-ladymouth/index.html","3","0","https://ronenglish-archive.github.io/ron-english-sketches-mythic-dark/images/Sketches/Mythical%20Beings/Mythical%20Humans/Freak%20Bro%20Ladymouth%20ORIGINAL.jpg","OK","Ready."
"Mythic Dark","King Kid","mythical-beings","mythical-humans","Sketches\mythical-beings\mythical-humans\king-kid\index.html","https://ronenglish-archive.github.io/ron-english-sketches-mythic-dark/Sketches/mythical-beings/mythical-humans/king-kid/index.html","4","0","https://ronenglish-archive.github.io/ron-english-sketches-mythic-dark/images/Sketches/Mythical%20Beings/Mythical%20Humans/King%20Kid%20ORIGINAL.jpg","OK","Ready."
"Mythic Dark","Libtard Snowflake","mythical-beings","mythical-humans","Sketches\mythical-beings\mythical-humans\libtard-snowflake\index.html","https://ronenglish-archive.github.io/ron-english-sketches-mythic-dark/Sketches/mythical-beings/mythical-humans/libtard-snowflake/index.html","3","0","https://ronenglish-archive.github.io/ron-english-sketches-mythic-dark/images/Sketches/Mythical%20Beings/Mythical%20Humans/Libtard%20Snowflake%20ORIGINAL.jpg","OK","Ready."
"Mythic Dark","Libtard Snowflake 2","mythical-beings","mythical-humans","Sketches\mythical-beings\mythical-humans\libtard-snowflake-2\index.html","https://ronenglish-archive.github.io/ron-english-sketches-mythic-dark/Sketches/mythical-beings/mythical-humans/libtard-snowflake-2/index.html","3","0","https://ronenglish-archive.github.io/ron-english-sketches-mythic-dark/images/Sketches/Mythical%20Beings/Santas/Libtard%20Snowflake%20ORIGINAL.jpg","OK","Ready."
"Mythic Dark","Lucky","mythical-beings","mythical-humans","Sketches\mythical-beings\mythical-humans\lucky\index.html","https://ronenglish-archive.github.io/ron-english-sketches-mythic-dark/Sketches/mythical-beings/mythical-humans/lucky/index.html","2","0","https://ronenglish-archive.github.io/ron-english-sketches-mythic-dark/images/Sketches/Mythical%20Beings/Mythical%20Humans/Lucky%20B%26W.jpg","OK","Ready."
"Mythic Dark","Molotov Girl","mythical-beings","mythical-humans","Sketches\mythical-beings\mythical-humans\molotov-girl\index.html","https://ronenglish-archive.github.io/ron-english-sketches-mythic-dark/Sketches/mythical-beings/mythical-humans/molotov-girl/index.html","1","0","https://ronenglish-archive.github.io/ron-english-sketches-mythic-dark/images/Sketches/Mythical%20Beings/Mythical%20Humans/Molotov%20Girl%20ORIGINAL%20COLOR.jpg","OK","Ready."
"Mythic Dark","Ouch","mythical-beings","mythical-humans","Sketches\mythical-beings\mythical-humans\ouch\index.html","https://ronenglish-archive.github.io/ron-english-sketches-mythic-dark/Sketches/mythical-beings/mythical-humans/ouch/index.html","4","0","https://ronenglish-archive.github.io/ron-english-sketches-mythic-dark/images/Sketches/Mythical%20Beings/Mythical%20Humans/Ouch%20ORIGINAL%20COLOR.jpg","OK","Ready."
"Mythic Dark","Speed McClean","mythical-beings","mythical-humans","Sketches\mythical-beings\mythical-humans\speed-mcclean\index.html","https://ronenglish-archive.github.io/ron-english-sketches-mythic-dark/Sketches/mythical-beings/mythical-humans/speed-mcclean/index.html","4","0","https://ronenglish-archive.github.io/ron-english-sketches-mythic-dark/images/Sketches/Mythical%20Beings/Mythical%20Humans/Speed%20McClean%20ORIGINAL%20COLOR.jpg","OK","Ready."
"Mythic Dark","The Orange Noser","mythical-beings","mythical-humans","Sketches\mythical-beings\mythical-humans\the-orange-noser\index.html","https://ronenglish-archive.github.io/ron-english-sketches-mythic-dark/Sketches/mythical-beings/mythical-humans/the-orange-noser/index.html","3","0","https://ronenglish-archive.github.io/ron-english-sketches-mythic-dark/images/Sketches/Mythical%20Beings/Mythical%20Humans/The%20Orange%20Noser%20ORIGINAL.jpg","OK","Ready."
"Mythic Dark","Uncle Sam","mythical-beings","mythical-humans","Sketches\mythical-beings\mythical-humans\uncle-sam\index.html","https://ronenglish-archive.github.io/ron-english-sketches-mythic-dark/Sketches/mythical-beings/mythical-humans/uncle-sam/index.html","3","0","https://ronenglish-archive.github.io/ron-english-sketches-mythic-dark/images/Sketches/Mythical%20Beings/Mythical%20Humans/Uncle%20Sam%20ORIGINAL.jpg","OK","Ready."
"Mythic Dark","Uncle Scam","mythical-beings","mythical-humans","Sketches\mythical-beings\mythical-humans\uncle-scam\index.html","https://ronenglish-archive.github.io/ron-english-sketches-mythic-dark/Sketches/mythical-beings/mythical-humans/uncle-scam/index.html","15","0","https://ronenglish-archive.github.io/ron-english-sketches-mythic-dark/images/Sketches/Mythical%20Beings/Mythical%20Humans/Uncle%20Scam%20back%20ORIGINAL.jpg","OK","Ready."
"Mythic Dark","Black Santa 1","mythical-beings","santas","Sketches\mythical-beings\santas\black-santa-1\index.html","https://ronenglish-archive.github.io/ron-english-sketches-mythic-dark/Sketches/mythical-beings/santas/black-santa-1/index.html","1","0","https://ronenglish-archive.github.io/ron-english-sketches-mythic-dark/images/Sketches/Mythical%20Beings/Santas/Black%20Santa%201%20ORIGINAL%20COLOR.jpg","OK","Ready."
"Mythic Dark","Black Santa 10","mythical-beings","santas","Sketches\mythical-beings\santas\black-santa-10\index.html","https://ronenglish-archive.github.io/ron-english-sketches-mythic-dark/Sketches/mythical-beings/santas/black-santa-10/index.html","2","0","https://ronenglish-archive.github.io/ron-english-sketches-mythic-dark/images/Sketches/Mythical%20Beings/Santas/Black%20Santa%2010%20ORIGINAL%20COLOR.jpg","OK","Ready."
"Mythic Dark","Black Santa 2","mythical-beings","santas","Sketches\mythical-beings\santas\black-santa-2\index.html","https://ronenglish-archive.github.io/ron-english-sketches-mythic-dark/Sketches/mythical-beings/santas/black-santa-2/index.html","1","0","https://ronenglish-archive.github.io/ron-english-sketches-mythic-dark/images/Sketches/Mythical%20Beings/Santas/Black%20Santa%202%20ORIGINAL%20COLOR.jpg","OK","Ready."
"Mythic Dark","Black Santa 3","mythical-beings","santas","Sketches\mythical-beings\santas\black-santa-3\index.html","https://ronenglish-archive.github.io/ron-english-sketches-mythic-dark/Sketches/mythical-beings/santas/black-santa-3/index.html","2","0","https://ronenglish-archive.github.io/ron-english-sketches-mythic-dark/images/Sketches/Mythical%20Beings/Santas/Black%20Santa%203%20ORIGINAL%20COLOR.jpg","OK","Ready."
"Mythic Dark","Black Santa 4","mythical-beings","santas","Sketches\mythical-beings\santas\black-santa-4\index.html","https://ronenglish-archive.github.io/ron-english-sketches-mythic-dark/Sketches/mythical-beings/santas/black-santa-4/index.html","2","0","https://ronenglish-archive.github.io/ron-english-sketches-mythic-dark/images/Sketches/Mythical%20Beings/Santas/Black%20Santa%204%20ORIGINAL%20COLOR.jpg","OK","Ready."
"Mythic Dark","Black Santa 5","mythical-beings","santas","Sketches\mythical-beings\santas\black-santa-5\index.html","https://ronenglish-archive.github.io/ron-english-sketches-mythic-dark/Sketches/mythical-beings/santas/black-santa-5/index.html","2","0","https://ronenglish-archive.github.io/ron-english-sketches-mythic-dark/images/Sketches/Mythical%20Beings/Santas/Black%20Santa%205%20ORIGINAL%20COLOR.jpg","OK","Ready."
"Mythic Dark","Black Santa 6","mythical-beings","santas","Sketches\mythical-beings\santas\black-santa-6\index.html","https://ronenglish-archive.github.io/ron-english-sketches-mythic-dark/Sketches/mythical-beings/santas/black-santa-6/index.html","2","0","https://ronenglish-archive.github.io/ron-english-sketches-mythic-dark/images/Sketches/Mythical%20Beings/Santas/Black%20Santa%206%20ORIGINAL%20COLOR.jpg","OK","Ready."
"Mythic Dark","Black Santa 7","mythical-beings","santas","Sketches\mythical-beings\santas\black-santa-7\index.html","https://ronenglish-archive.github.io/ron-english-sketches-mythic-dark/Sketches/mythical-beings/santas/black-santa-7/index.html","2","0","https://ronenglish-archive.github.io/ron-english-sketches-mythic-dark/images/Sketches/Mythical%20Beings/Santas/Black%20Santa%207%20ORIGINAL%20COLOR.jpg","OK","Ready."
"Mythic Dark","Black Santa 8","mythical-beings","santas","Sketches\mythical-beings\santas\black-santa-8\index.html","https://ronenglish-archive.github.io/ron-english-sketches-mythic-dark/Sketches/mythical-beings/santas/black-santa-8/index.html","1","0","https://ronenglish-archive.github.io/ron-english-sketches-mythic-dark/images/Sketches/Mythical%20Beings/Santas/Black%20Santa%208%20ORIGINAL%20COLOR.jpg","OK","Ready."
"Mythic Dark","Black Santa 9","mythical-beings","santas","Sketches\mythical-beings\santas\black-santa-9\index.html","https://ronenglish-archive.github.io/ron-english-sketches-mythic-dark/Sketches/mythical-beings/santas/black-santa-9/index.html","2","0","https://ronenglish-archive.github.io/ron-english-sketches-mythic-dark/images/Sketches/Mythical%20Beings/Santas/Black%20Santa%209%20ORIGINAL%20COLOR.jpg","OK","Ready."
"Mythic Dark","Kid Klaus","mythical-beings","santas","Sketches\mythical-beings\santas\kid-klaus\index.html","https://ronenglish-archive.github.io/ron-english-sketches-mythic-dark/Sketches/mythical-beings/santas/kid-klaus/index.html","4","0","https://ronenglish-archive.github.io/ron-english-sketches-mythic-dark/images/Sketches/Mythical%20Beings/Santas/Kid%20Klaus%20ORIGINAL%20COLOR.jpg","OK","Ready."
"Mythic Dark","Santa Baby","mythical-beings","santas","Sketches\mythical-beings\santas\santa-baby\index.html","https://ronenglish-archive.github.io/ron-english-sketches-mythic-dark/Sketches/mythical-beings/santas/santa-baby/index.html","13","0","https://ronenglish-archive.github.io/ron-english-sketches-mythic-dark/images/Sketches/Mythical%20Beings/Santas/Santa%20Baby%20back%20ORIGINAL%20COLOR.jpg","OK","Ready."
"Mythic Dark","Santa Christ","mythical-beings","santas","Sketches\mythical-beings\santas\santa-christ\index.html","https://ronenglish-archive.github.io/ron-english-sketches-mythic-dark/Sketches/mythical-beings/santas/santa-christ/index.html","6","0","https://ronenglish-archive.github.io/ron-english-sketches-mythic-dark/images/Sketches/Mythical%20Beings/Santas/Santa%20Christ%20ORIGINAL%20COLOR.jpg","OK","Ready."
"Mythic Dark","Santa Christ 2","mythical-beings","santas","Sketches\mythical-beings\santas\santa-christ-2\index.html","https://ronenglish-archive.github.io/ron-english-sketches-mythic-dark/Sketches/mythical-beings/santas/santa-christ-2/index.html","3","0","https://ronenglish-archive.github.io/ron-english-sketches-mythic-dark/images/Sketches/Mythical%20Beings/Santas/Santa%20Christ%202%20ORIGINAL.jpg","OK","Ready."
"Mythic Dark","Santa Christ Icon","mythical-beings","santas","Sketches\mythical-beings\santas\santa-christ-icon\index.html","https://ronenglish-archive.github.io/ron-english-sketches-mythic-dark/Sketches/mythical-beings/santas/santa-christ-icon/index.html","1","0","https://ronenglish-archive.github.io/ron-english-sketches-mythic-dark/images/Sketches/Mythical%20Beings/Santas/Santa%20Christ%20Icon%20ORIGINAL%20COLOR.jpg","OK","Ready."
"Mythic Dark","Ace Frehley Skull","skeletons","skeletons","Sketches\skeletons\ace-frehley-skull\index.html","https://ronenglish-archive.github.io/ron-english-sketches-mythic-dark/Sketches/skeletons/ace-frehley-skull/index.html","3","0","https://ronenglish-archive.github.io/ron-english-sketches-mythic-dark/images/Sketches/Skeletons/Ace%20Frehley%20skull%20ORIGINAL.jpg","OK","Ready."
"Mythic Dark","Africa Ebola","skeletons","skeletons","Sketches\skeletons\africa-ebola\index.html","https://ronenglish-archive.github.io/ron-english-sketches-mythic-dark/Sketches/skeletons/africa-ebola/index.html","3","0","https://ronenglish-archive.github.io/ron-english-sketches-mythic-dark/images/Sketches/Skeletons/Africa%20Ebola%20ORIGINAL.jpg","OK","Ready."
"Mythic Dark","A Skeleton Amid Roses","skeletons","skeletons","Sketches\skeletons\a-skeleton-amid-roses\index.html","https://ronenglish-archive.github.io/ron-english-sketches-mythic-dark/Sketches/skeletons/a-skeleton-amid-roses/index.html","1","0","https://ronenglish-archive.github.io/ron-english-sketches-mythic-dark/images/Sketches/Skeletons/A%20Skeleton%20Amid%20Roses.jpg","OK","Ready."
"Mythic Dark","Big Boner","skeletons","skeletons","Sketches\skeletons\big-boner\index.html","https://ronenglish-archive.github.io/ron-english-sketches-mythic-dark/Sketches/skeletons/big-boner/index.html","15","0","https://ronenglish-archive.github.io/ron-english-sketches-mythic-dark/images/Sketches/Skeletons/Big%20Boner%20ORIGINAL.jpg","OK","Ready."
"Mythic Dark","Bomb Breasted Skeleton","skeletons","skeletons","Sketches\skeletons\bomb-breasted-skeleton\index.html","https://ronenglish-archive.github.io/ron-english-sketches-mythic-dark/Sketches/skeletons/bomb-breasted-skeleton/index.html","2","0","https://ronenglish-archive.github.io/ron-english-sketches-mythic-dark/images/Sketches/Skeletons/Bomb-Breasted%20Skeleton%20ORIGINAL.jpg","OK","Ready."
"Mythic Dark","Bulb Boy","skeletons","skeletons","Sketches\skeletons\bulb-boy\index.html","https://ronenglish-archive.github.io/ron-english-sketches-mythic-dark/Sketches/skeletons/bulb-boy/index.html","5","0","https://ronenglish-archive.github.io/ron-english-sketches-mythic-dark/images/Sketches/Skeletons/Bulb%20Boy%20ORIGINAL%202.jpg","OK","Ready."
"Mythic Dark","Butterfly Skeleton","skeletons","skeletons","Sketches\skeletons\butterfly-skeleton\index.html","https://ronenglish-archive.github.io/ron-english-sketches-mythic-dark/Sketches/skeletons/butterfly-skeleton/index.html","3","0","https://ronenglish-archive.github.io/ron-english-sketches-mythic-dark/images/Sketches/Skeletons/Butterfly%20Skeleton%20ORIGINAL.jpg","OK","Ready."
"Mythic Dark","Circular Skull","skeletons","skeletons","Sketches\skeletons\circular-skull\index.html","https://ronenglish-archive.github.io/ron-english-sketches-mythic-dark/Sketches/skeletons/circular-skull/index.html","1","0","https://ronenglish-archive.github.io/ron-english-sketches-mythic-dark/images/Sketches/Skeletons/Circular%20Skull%20ORIGINAL.jpg","OK","Ready."
"Mythic Dark","Coochie Coo Skeleton","skeletons","skeletons","Sketches\skeletons\coochie-coo-skeleton\index.html","https://ronenglish-archive.github.io/ron-english-sketches-mythic-dark/Sketches/skeletons/coochie-coo-skeleton/index.html","4","0","https://ronenglish-archive.github.io/ron-english-sketches-mythic-dark/images/Sketches/Skeletons/Coochie%20COO%20Skeleton%20ORIGINAL%20COLOR.jpg","OK","Ready."
"Mythic Dark","Cornrow","skeletons","skeletons","Sketches\skeletons\cornrow\index.html","https://ronenglish-archive.github.io/ron-english-sketches-mythic-dark/Sketches/skeletons/cornrow/index.html","3","0","https://ronenglish-archive.github.io/ron-english-sketches-mythic-dark/images/Sketches/Skeletons/Cornrow%20ORIGINAL.jpg","OK","Ready."
"Mythic Dark","Deadmouse Murphy","skeletons","skeletons","Sketches\skeletons\deadmouse-murphy\index.html","https://ronenglish-archive.github.io/ron-english-sketches-mythic-dark/Sketches/skeletons/deadmouse-murphy/index.html","3","0","https://ronenglish-archive.github.io/ron-english-sketches-mythic-dark/images/Sketches/Skeletons/Deadmouse%20Murphy%20ORIGINAL.jpg","OK","Ready."
"Mythic Dark","Dead Toy Soldier","skeletons","skeletons","Sketches\skeletons\dead-toy-soldier\index.html","https://ronenglish-archive.github.io/ron-english-sketches-mythic-dark/Sketches/skeletons/dead-toy-soldier/index.html","1","0","https://ronenglish-archive.github.io/ron-english-sketches-mythic-dark/images/Sketches/Skeletons/Dead%20Toy%20Soldier%20ORIGINAL.jpg","OK","Ready."
"Mythic Dark","Double Skulls","skeletons","skeletons","Sketches\skeletons\double-skulls\index.html","https://ronenglish-archive.github.io/ron-english-sketches-mythic-dark/Sketches/skeletons/double-skulls/index.html","2","0","https://ronenglish-archive.github.io/ron-english-sketches-mythic-dark/images/Sketches/Skeletons/Double%20Skulls%20ORIGINAL%20COLOR.jpg","OK","Ready."
"Mythic Dark","Eagle Skeleton","skeletons","skeletons","Sketches\skeletons\eagle-skeleton\index.html","https://ronenglish-archive.github.io/ron-english-sketches-mythic-dark/Sketches/skeletons/eagle-skeleton/index.html","3","0","https://ronenglish-archive.github.io/ron-english-sketches-mythic-dark/images/Sketches/Skeletons/Eagle%20Skeleton%20ORIGINAL.jpg","OK","Ready."
"Mythic Dark","Face Bits","skeletons","skeletons","Sketches\skeletons\face-bits\index.html","https://ronenglish-archive.github.io/ron-english-sketches-mythic-dark/Sketches/skeletons/face-bits/index.html","3","0","https://ronenglish-archive.github.io/ron-english-sketches-mythic-dark/images/Sketches/Skeletons/Face%20Bits%20ORIGINAL.jpg","OK","Ready."
"Mythic Dark","Fat Skeleton","skeletons","skeletons","Sketches\skeletons\fat-skeleton\index.html","https://ronenglish-archive.github.io/ron-english-sketches-mythic-dark/Sketches/skeletons/fat-skeleton/index.html","5","0","https://ronenglish-archive.github.io/ron-english-sketches-mythic-dark/images/Sketches/Skeletons/Fat%20Skeleton%20Body%20ORIGINAL.jpg","OK","Ready."
"Mythic Dark","Fat Tony Skeleton","skeletons","skeletons","Sketches\skeletons\fat-tony-skeleton\index.html","https://ronenglish-archive.github.io/ron-english-sketches-mythic-dark/Sketches/skeletons/fat-tony-skeleton/index.html","3","0","https://ronenglish-archive.github.io/ron-english-sketches-mythic-dark/images/Sketches/Skeletons/Fat%20Tony%20skeleton%201%20ORIGINAL.jpg","OK","Ready."
"Mythic Dark","Figment Bust","skeletons","skeletons","Sketches\skeletons\figment-bust\index.html","https://ronenglish-archive.github.io/ron-english-sketches-mythic-dark/Sketches/skeletons/figment-bust/index.html","12","0","https://ronenglish-archive.github.io/ron-english-sketches-mythic-dark/images/Sketches/Skeletons/Figment%20Bust%20Back%20ORIGINAL.jpg","OK","Ready."
"Mythic Dark","Fred Skull","skeletons","skeletons","Sketches\skeletons\fred-skull\index.html","https://ronenglish-archive.github.io/ron-english-sketches-mythic-dark/Sketches/skeletons/fred-skull/index.html","4","0","https://ronenglish-archive.github.io/ron-english-sketches-mythic-dark/images/Sketches/Skeletons/Fred%20Skull%20ORIGINAL%20COLOR.jpg","OK","Ready."
"Mythic Dark","Gene Simmons Skull","skeletons","skeletons","Sketches\skeletons\gene-simmons-skull\index.html","https://ronenglish-archive.github.io/ron-english-sketches-mythic-dark/Sketches/skeletons/gene-simmons-skull/index.html","3","0","https://ronenglish-archive.github.io/ron-english-sketches-mythic-dark/images/Sketches/Skeletons/Gene%20Simmons%20skull%20front%20view%20ORIGINAL.jpg","OK","Ready."
"Mythic Dark","Guernica","skeletons","skeletons","Sketches\skeletons\guernica\index.html","https://ronenglish-archive.github.io/ron-english-sketches-mythic-dark/Sketches/skeletons/guernica/index.html","8","0","https://ronenglish-archive.github.io/ron-english-sketches-mythic-dark/images/Sketches/Skeletons/Guernica%20Bull%20Skeleton%20ORIGINAL.jpg","OK","Ready."
"Mythic Dark","Heart Ribs","skeletons","skeletons","Sketches\skeletons\heart-ribs\index.html","https://ronenglish-archive.github.io/ron-english-sketches-mythic-dark/Sketches/skeletons/heart-ribs/index.html","8","0","https://ronenglish-archive.github.io/ron-english-sketches-mythic-dark/images/Sketches/Skeletons/Heart%20Ribs%201%20ORIGINAL.jpg","OK","Ready."
"Mythic Dark","Heart Skull","skeletons","skeletons","Sketches\skeletons\heart-skull\index.html","https://ronenglish-archive.github.io/ron-english-sketches-mythic-dark/Sketches/skeletons/heart-skull/index.html","1","0","https://ronenglish-archive.github.io/ron-english-sketches-mythic-dark/images/Sketches/Skeletons/Heart%20Skull%20ORIGINAL.jpg","OK","Ready."
"Mythic Dark","Heart Skull Crossbones","skeletons","skeletons","Sketches\skeletons\heart-skull-crossbones\index.html","https://ronenglish-archive.github.io/ron-english-sketches-mythic-dark/Sketches/skeletons/heart-skull-crossbones/index.html","2","0","https://ronenglish-archive.github.io/ron-english-sketches-mythic-dark/images/Sketches/Skeletons/Heart%20Skull%20Crossbones%20ORIGINAL%201.jpg","OK","Ready."
"Mythic Dark","Illuminati Skull","skeletons","skeletons","Sketches\skeletons\illuminati-skull\index.html","https://ronenglish-archive.github.io/ron-english-sketches-mythic-dark/Sketches/skeletons/illuminati-skull/index.html","2","0","https://ronenglish-archive.github.io/ron-english-sketches-mythic-dark/images/Sketches/Skeletons/Illuminati%20Skull%20ORIGINAL%201.jpg","OK","Ready."
"Mythic Dark","Kaijusaurus Walking Stick","skeletons","skeletons","Sketches\skeletons\kaijusaurus-walking-stick\index.html","https://ronenglish-archive.github.io/ron-english-sketches-mythic-dark/Sketches/skeletons/kaijusaurus-walking-stick/index.html","6","0","https://ronenglish-archive.github.io/ron-english-sketches-mythic-dark/images/Sketches/Skeletons/Kaijusaurus%20walking%20stick%20front%20ORIGINAL.jpg","OK","Ready."
"Mythic Dark","Kiss Skull","skeletons","skeletons","Sketches\skeletons\kiss-skull\index.html","https://ronenglish-archive.github.io/ron-english-sketches-mythic-dark/Sketches/skeletons/kiss-skull/index.html","12","0","https://ronenglish-archive.github.io/ron-english-sketches-mythic-dark/images/Sketches/Skeletons/Kiss%20Skull%20Ace%20ORIGINAL.jpg","OK","Ready."
"Mythic Dark","Kursed Kids Yin Yang Skeleton","skeletons","skeletons","Sketches\skeletons\kursed-kids-yin-yang-skeleton\index.html","https://ronenglish-archive.github.io/ron-english-sketches-mythic-dark/Sketches/skeletons/kursed-kids-yin-yang-skeleton/index.html","1","0","https://ronenglish-archive.github.io/ron-english-sketches-mythic-dark/images/Sketches/Skeletons/Kursed%20Kids%20Yin%20Yang%20Skeleton%20ORIGINAL.jpg","OK","Ready."
"Mythic Dark","Lotus Skull","skeletons","skeletons","Sketches\skeletons\lotus-skull\index.html","https://ronenglish-archive.github.io/ron-english-sketches-mythic-dark/Sketches/skeletons/lotus-skull/index.html","7","0","https://ronenglish-archive.github.io/ron-english-sketches-mythic-dark/images/Sketches/Skeletons/Lotus%20Skull%20ORIGINAL.jpg","OK","Ready."
"Mythic Dark","Lysander Lounger","skeletons","skeletons","Sketches\skeletons\lysander-lounger\index.html","https://ronenglish-archive.github.io/ron-english-sketches-mythic-dark/Sketches/skeletons/lysander-lounger/index.html","2","0","https://ronenglish-archive.github.io/ron-english-sketches-mythic-dark/images/Sketches/Skeletons/Lysander%20Lounger%20ORIGINAL.jpg","OK","Ready."
"Mythic Dark","MC Skeleton","skeletons","skeletons","Sketches\skeletons\m-cskeleton\index.html","https://ronenglish-archive.github.io/ron-english-sketches-mythic-dark/Sketches/skeletons/m-cskeleton/index.html","3","0","https://ronenglish-archive.github.io/ron-english-sketches-mythic-dark/images/Sketches/Skeletons/MCskeleton%20ORIGINAL.jpg","OK","Ready."
"Mythic Dark","Mermaid Skeleton","skeletons","skeletons","Sketches\skeletons\mermaid-skeleton\index.html","https://ronenglish-archive.github.io/ron-english-sketches-mythic-dark/Sketches/skeletons/mermaid-skeleton/index.html","3","0","https://ronenglish-archive.github.io/ron-english-sketches-mythic-dark/images/Sketches/Skeletons/Mermaid%20Skeleton%20ORIGINAL.jpg","OK","Ready."
"Mythic Dark","Mickey Skeleton","skeletons","skeletons","Sketches\skeletons\mickey-skeleton\index.html","https://ronenglish-archive.github.io/ron-english-sketches-mythic-dark/Sketches/skeletons/mickey-skeleton/index.html","7","0","https://ronenglish-archive.github.io/ron-english-sketches-mythic-dark/images/Sketches/Skeletons/Mickey%20Skeleton%20Side%20View%20ORIGINAL.jpg","OK","Ready."
"Mythic Dark","Mind's Eye","skeletons","skeletons","Sketches\skeletons\minds-eye\index.html","https://ronenglish-archive.github.io/ron-english-sketches-mythic-dark/Sketches/skeletons/minds-eye/index.html","0","0","","REVIEW","No image references found."
"Mythic Dark","Mishka Heart Skull","skeletons","skeletons","Sketches\skeletons\mishka-heart-skull\index.html","https://ronenglish-archive.github.io/ron-english-sketches-mythic-dark/Sketches/skeletons/mishka-heart-skull/index.html","3","0","https://ronenglish-archive.github.io/ron-english-sketches-mythic-dark/images/Sketches/Skeletons/Mishka%20Heart%20Skull%20ORIGINAL.jpg","OK","Ready."
"Mythic Dark","Mousemask Skeleton","skeletons","skeletons","Sketches\skeletons\mousemask-skeleton\index.html","https://ronenglish-archive.github.io/ron-english-sketches-mythic-dark/Sketches/skeletons/mousemask-skeleton/index.html","1","0","https://ronenglish-archive.github.io/ron-english-sketches-mythic-dark/images/Sketches/Skeletons/Mousemask%20Skeleton%20ORIGINAL.jpg","OK","Ready."
"Mythic Dark","Mum Skull","skeletons","skeletons","Sketches\skeletons\mum-skull\index.html","https://ronenglish-archive.github.io/ron-english-sketches-mythic-dark/Sketches/skeletons/mum-skull/index.html","3","0","https://ronenglish-archive.github.io/ron-english-sketches-mythic-dark/images/Sketches/Skeletons/Mum%20Skull%20ORIGINAL.jpg","OK","Ready."
"Mythic Dark","M.U.S.C.L.E. Starskull","skeletons","skeletons","Sketches\skeletons\m-u-s-c-l-e-starskull\index.html","https://ronenglish-archive.github.io/ron-english-sketches-mythic-dark/Sketches/skeletons/m-u-s-c-l-e-starskull/index.html","9","0","https://ronenglish-archive.github.io/ron-english-sketches-mythic-dark/images/Sketches/Skeletons/M.U.S.C.L.E.%20Starskull%20back%20ORIGINAL.jpg","OK","Ready."
"Mythic Dark","Ossiflex Adonis","skeletons","skeletons","Sketches\skeletons\ossiflex-adonis\index.html","https://ronenglish-archive.github.io/ron-english-sketches-mythic-dark/Sketches/skeletons/ossiflex-adonis/index.html","3","0","https://ronenglish-archive.github.io/ron-english-sketches-mythic-dark/images/Sketches/Skeletons/Ossiflex%20Adonis%20ORIGINAL.jpg","OK","Ready."
"Mythic Dark","Parrot Skeleton Pirate","skeletons","skeletons","Sketches\skeletons\parrot-skeleton-pirate\index.html","https://ronenglish-archive.github.io/ron-english-sketches-mythic-dark/Sketches/skeletons/parrot-skeleton-pirate/index.html","2","0","https://ronenglish-archive.github.io/ron-english-sketches-mythic-dark/images/Sketches/Skeletons/Parrot%20Skeleton%20Pirate%20ORIGINAL.jpg","OK","Ready."
"Mythic Dark","Paul Skull","skeletons","skeletons","Sketches\skeletons\paul-skull\index.html","https://ronenglish-archive.github.io/ron-english-sketches-mythic-dark/Sketches/skeletons/paul-skull/index.html","1","0","https://ronenglish-archive.github.io/ron-english-sketches-mythic-dark/images/Sketches/Skeletons/Paul%20Skull%20ORIGINAL.jpg","OK","Ready."
"Mythic Dark","Polyoptic Skeletor","skeletons","skeletons","Sketches\skeletons\polyoptic-skeletor\index.html","https://ronenglish-archive.github.io/ron-english-sketches-mythic-dark/Sketches/skeletons/polyoptic-skeletor/index.html","3","0","https://ronenglish-archive.github.io/ron-english-sketches-mythic-dark/images/Sketches/Skeletons/Polyoptic%20Skeletor%20ORIGINAL.jpg","OK","Ready."
"Mythic Dark","Popeye Grin","skeletons","skeletons","Sketches\skeletons\popeye-grin\index.html","https://ronenglish-archive.github.io/ron-english-sketches-mythic-dark/Sketches/skeletons/popeye-grin/index.html","3","0","https://ronenglish-archive.github.io/ron-english-sketches-mythic-dark/images/Sketches/Skeletons/Popeye%20Grin%20ORIGINAL.jpg","OK","Ready."
"Mythic Dark","Potted Starskull","skeletons","skeletons","Sketches\skeletons\potted-starskull\index.html","https://ronenglish-archive.github.io/ron-english-sketches-mythic-dark/Sketches/skeletons/potted-starskull/index.html","3","0","https://ronenglish-archive.github.io/ron-english-sketches-mythic-dark/images/Sketches/Skeletons/Potted%20Starskull%20ORIGINAL%20COLOR-1.jpg","OK","Ready."
"Mythic Dark","Right Left","skeletons","skeletons","Sketches\skeletons\right-left\index.html","https://ronenglish-archive.github.io/ron-english-sketches-mythic-dark/Sketches/skeletons/right-left/index.html","3","0","https://ronenglish-archive.github.io/ron-english-sketches-mythic-dark/images/Sketches/Skeletons/Right%20Left%20Wing%20ORIGINAL.jpg","OK","Ready."
"Mythic Dark","Serenus Sepulcher","skeletons","skeletons","Sketches\skeletons\serenus-sepulcher\index.html","https://ronenglish-archive.github.io/ron-english-sketches-mythic-dark/Sketches/skeletons/serenus-sepulcher/index.html","2","0","https://ronenglish-archive.github.io/ron-english-sketches-mythic-dark/images/Sketches/Skeletons/Serenus%20Sepulcher%20ORIGINAL.jpg","OK","Ready."
"Mythic Dark","Skeleton Heart","skeletons","skeletons","Sketches\skeletons\skeleton-heart\index.html","https://ronenglish-archive.github.io/ron-english-sketches-mythic-dark/Sketches/skeletons/skeleton-heart/index.html","3","0","https://ronenglish-archive.github.io/ron-english-sketches-mythic-dark/images/Sketches/Skeletons/Skeleton%20Heart%20ORIGINAL.jpg","OK","Ready."
"Mythic Dark","Skeleton Shoe","skeletons","skeletons","Sketches\skeletons\skeleton-shoe\index.html","https://ronenglish-archive.github.io/ron-english-sketches-mythic-dark/Sketches/skeletons/skeleton-shoe/index.html","9","0","https://ronenglish-archive.github.io/ron-english-sketches-mythic-dark/images/Sketches/Skeletons/Skeleton%20Shoe%201%20back%20ORIGINAL.jpg","OK","Ready."
"Mythic Dark","Skelibrum","skeletons","skeletons","Sketches\skeletons\skelibrum\index.html","https://ronenglish-archive.github.io/ron-english-sketches-mythic-dark/Sketches/skeletons/skelibrum/index.html","3","0","https://ronenglish-archive.github.io/ron-english-sketches-mythic-dark/images/Sketches/Skeletons/Skelibrum%20ORIGINAL.jpg","OK","Ready."
"Mythic Dark","Skull","skeletons","skeletons","Sketches\skeletons\skull\index.html","https://ronenglish-archive.github.io/ron-english-sketches-mythic-dark/Sketches/skeletons/skull/index.html","1","0","https://ronenglish-archive.github.io/ron-english-sketches-mythic-dark/images/Sketches/Skeletons/Skull%20ORIGINAL.jpg","OK","Ready."
"Mythic Dark","Skull Necklace Sketch","skeletons","skeletons","Sketches\skeletons\skull-necklace-sketch\index.html","https://ronenglish-archive.github.io/ron-english-sketches-mythic-dark/Sketches/skeletons/skull-necklace-sketch/index.html","7","0","https://ronenglish-archive.github.io/ron-english-sketches-mythic-dark/images/Sketches/Skeletons/Skull%20Necklace%20sketch%201%20ORIGINAL.jpg","OK","Ready."
"Mythic Dark","Slash Skull Grin","skeletons","skeletons","Sketches\skeletons\slash-skull-grin\index.html","https://ronenglish-archive.github.io/ron-english-sketches-mythic-dark/Sketches/skeletons/slash-skull-grin/index.html","1","0","https://ronenglish-archive.github.io/ron-english-sketches-mythic-dark/images/Sketches/Skeletons/Slash%20Skull%20Grin%20front%20ORIGINAL.jpg","OK","Ready."
"Mythic Dark","Star Eyed Skull and Crossbones","skeletons","skeletons","Sketches\skeletons\star-eyed-skull-and-crossbones\index.html","https://ronenglish-archive.github.io/ron-english-sketches-mythic-dark/Sketches/skeletons/star-eyed-skull-and-crossbones/index.html","3","0","https://ronenglish-archive.github.io/ron-english-sketches-mythic-dark/images/Sketches/Skeletons/Star%20Eyed%20Skull%20and%20Crossbones%20ORIGINAL.jpg","OK","Ready."
"Mythic Dark","Star Eye Skeleton","skeletons","skeletons","Sketches\skeletons\star-eye-skeleton\index.html","https://ronenglish-archive.github.io/ron-english-sketches-mythic-dark/Sketches/skeletons/star-eye-skeleton/index.html","2","0","https://ronenglish-archive.github.io/ron-english-sketches-mythic-dark/images/Sketches/Skeletons/Star%20Eye%20Skeleton%20B%26W.jpg","OK","Ready."
"Mythic Dark","Star Eye Skull","skeletons","skeletons","Sketches\skeletons\star-eye-skull\index.html","https://ronenglish-archive.github.io/ron-english-sketches-mythic-dark/Sketches/skeletons/star-eye-skull/index.html","3","0","https://ronenglish-archive.github.io/ron-english-sketches-mythic-dark/images/Sketches/Skeletons/Star%20Eye%20Skull%20ORIGINAL.jpg","OK","Ready."
"Mythic Dark","Starry Serenader","skeletons","skeletons","Sketches\skeletons\starry-serenader\index.html","https://ronenglish-archive.github.io/ron-english-sketches-mythic-dark/Sketches/skeletons/starry-serenader/index.html","2","0","https://ronenglish-archive.github.io/ron-english-sketches-mythic-dark/images/Sketches/Skeletons/Starry%20Serenader%20ORIGINAL.jpg","OK","Ready."
"Mythic Dark","Starskull","skeletons","skeletons","Sketches\skeletons\starskull\index.html","https://ronenglish-archive.github.io/ron-english-sketches-mythic-dark/Sketches/skeletons/starskull/index.html","5","0","https://ronenglish-archive.github.io/ron-english-sketches-mythic-dark/images/Sketches/Skeletons/Starskull%20no%20jaw%20ORIGINAL.jpg","OK","Ready."
"Mythic Dark","Star Skull","skeletons","skeletons","Sketches\skeletons\star-skull\index.html","https://ronenglish-archive.github.io/ron-english-sketches-mythic-dark/Sketches/skeletons/star-skull/index.html","3","0","https://ronenglish-archive.github.io/ron-english-sketches-mythic-dark/images/Sketches/Skeletons/Star%20Skull%20wing%20ORIGINAL.jpg","OK","Ready."
"Mythic Dark","Starskull Cowgirl","skeletons","skeletons","Sketches\skeletons\starskull-cowgirl\index.html","https://ronenglish-archive.github.io/ron-english-sketches-mythic-dark/Sketches/skeletons/starskull-cowgirl/index.html","12","0","https://ronenglish-archive.github.io/ron-english-sketches-mythic-dark/images/Sketches/Skeletons/Starskull%20Cowgirl%20back%20ORIGINAL.jpg","OK","Ready."
"Mythic Dark","Star Skull Creature","skeletons","skeletons","Sketches\skeletons\star-skull-creature\index.html","https://ronenglish-archive.github.io/ron-english-sketches-mythic-dark/Sketches/skeletons/star-skull-creature/index.html","12","0","https://ronenglish-archive.github.io/ron-english-sketches-mythic-dark/images/Sketches/Skeletons/Star%20Skull%20Creature%20back%20ORIGINAL.jpg","OK","Ready."
"Mythic Dark","Starskull Dual","skeletons","skeletons","Sketches\skeletons\starskull-dual\index.html","https://ronenglish-archive.github.io/ron-english-sketches-mythic-dark/Sketches/skeletons/starskull-dual/index.html","5","0","https://ronenglish-archive.github.io/ron-english-sketches-mythic-dark/images/Sketches/Skeletons/Starskull%20Dual%20ORIGINAL.jpg","OK","Ready."
"Mythic Dark","Star Skulletor","skeletons","skeletons","Sketches\skeletons\star-skulletor\index.html","https://ronenglish-archive.github.io/ron-english-sketches-mythic-dark/Sketches/skeletons/star-skulletor/index.html","1","0","https://ronenglish-archive.github.io/ron-english-sketches-mythic-dark/images/Sketches/Skeletons/Star%20Skulletor%20ORIGINAL.jpg","OK","Ready."
"Mythic Dark","Starskull Guitar","skeletons","skeletons","Sketches\skeletons\starskull-guitar\index.html","https://ronenglish-archive.github.io/ron-english-sketches-mythic-dark/Sketches/skeletons/starskull-guitar/index.html","1","0","https://ronenglish-archive.github.io/ron-english-sketches-mythic-dark/images/Sketches/Skeletons/Starskull%20Guitar%20ORIGINAL.jpg","OK","Ready."
"Mythic Dark","Starskull Jetpack","skeletons","skeletons","Sketches\skeletons\starskull-jetpack\index.html","https://ronenglish-archive.github.io/ron-english-sketches-mythic-dark/Sketches/skeletons/starskull-jetpack/index.html","1","0","https://ronenglish-archive.github.io/ron-english-sketches-mythic-dark/images/Sketches/Skeletons/Starskull%20Jetpack%20ORIGINAL.jpg","OK","Ready."
"Mythic Dark","Star Skull Salamander Heart","skeletons","skeletons","Sketches\skeletons\star-skull-salamander-heart\index.html","https://ronenglish-archive.github.io/ron-english-sketches-mythic-dark/Sketches/skeletons/star-skull-salamander-heart/index.html","3","0","https://ronenglish-archive.github.io/ron-english-sketches-mythic-dark/images/Sketches/Skeletons/Star%20Skull%20Salamander%20Heart%20ORIGINAL.jpg","OK","Ready."
"Mythic Dark","Starskull Skeleton","skeletons","skeletons","Sketches\skeletons\starskull-skeleton\index.html","https://ronenglish-archive.github.io/ron-english-sketches-mythic-dark/Sketches/skeletons/starskull-skeleton/index.html","4","0","https://ronenglish-archive.github.io/ron-english-sketches-mythic-dark/images/Sketches/Skeletons/Starskull%20Skeleton%20ORIGINAL.jpg","OK","Ready."
"Mythic Dark","Starskull Skeletor","skeletons","skeletons","Sketches\skeletons\starskull-skeletor\index.html","https://ronenglish-archive.github.io/ron-english-sketches-mythic-dark/Sketches/skeletons/starskull-skeletor/index.html","9","0","https://ronenglish-archive.github.io/ron-english-sketches-mythic-dark/images/Sketches/Skeletons/Starskull%20Skeletor%20front%202%20ORIGINAL.jpg","OK","Ready."
"Mythic Dark","Starskull Slash","skeletons","skeletons","Sketches\skeletons\starskull-slash\index.html","https://ronenglish-archive.github.io/ron-english-sketches-mythic-dark/Sketches/skeletons/starskull-slash/index.html","2","0","https://ronenglish-archive.github.io/ron-english-sketches-mythic-dark/images/Sketches/Skeletons/Starskull%20Slash%20front%20ORIGINAL.jpg","OK","Ready."
"Mythic Dark","Starskull Study","skeletons","skeletons","Sketches\skeletons\starskull-study\index.html","https://ronenglish-archive.github.io/ron-english-sketches-mythic-dark/Sketches/skeletons/starskull-study/index.html","5","0","https://ronenglish-archive.github.io/ron-english-sketches-mythic-dark/images/Sketches/Skeletons/Starskull%20Study%20bottom%20ORIGINAL.jpg","OK","Ready."
"Mythic Dark","Stellar Bones","skeletons","skeletons","Sketches\skeletons\stellar-bones\index.html","https://ronenglish-archive.github.io/ron-english-sketches-mythic-dark/Sketches/skeletons/stellar-bones/index.html","4","0","https://ronenglish-archive.github.io/ron-english-sketches-mythic-dark/images/Sketches/Skeletons/Stellar%20Bones%20ORIGINAL.jpg","OK","Ready."
"Mythic Dark","Uncle Sam Skeleton","skeletons","skeletons","Sketches\skeletons\uncle-sam-skeleton\index.html","https://ronenglish-archive.github.io/ron-english-sketches-mythic-dark/Sketches/skeletons/uncle-sam-skeleton/index.html","3","0","https://ronenglish-archive.github.io/ron-english-sketches-mythic-dark/images/Sketches/Skeletons/Uncle%20Sam%20Skeleton%20ORIGINAL.jpg","OK","Ready."
"Mythic Dark","Wakeful Dead","skeletons","skeletons","Sketches\skeletons\wakeful-dead\index.html","https://ronenglish-archive.github.io/ron-english-sketches-mythic-dark/Sketches/skeletons/wakeful-dead/index.html","3","0","https://ronenglish-archive.github.io/ron-english-sketches-mythic-dark/images/Sketches/Skeletons/Wakeful%20Dead%20B%26W.jpg","OK","Ready."
"Mythic Dark","Yinyang Skeleton","skeletons","skeletons","Sketches\skeletons\yinyang-skeleton\index.html","https://ronenglish-archive.github.io/ron-english-sketches-mythic-dark/Sketches/skeletons/yinyang-skeleton/index.html","2","0","https://ronenglish-archive.github.io/ron-english-sketches-mythic-dark/images/Sketches/Skeletons/Yinyang%20Skeleton%20B%26W.jpg","OK","Ready."
"Mythic Dark","Billboard Baby","tots","tots","Sketches\tots\billboard-baby\index.html","https://ronenglish-archive.github.io/ron-english-sketches-mythic-dark/Sketches/tots/billboard-baby/index.html","1","0","https://ronenglish-archive.github.io/ron-english-sketches-mythic-dark/images/Sketches/Tots/Billboard%20Baby%20ORIGINAL.jpg","OK","Ready."
"Mythic Dark","Li'l Tot","tots","tots","Sketches\tots\lil-tot\index.html","https://ronenglish-archive.github.io/ron-english-sketches-mythic-dark/Sketches/tots/lil-tot/index.html","0","0","","REVIEW","No image references found."
"Mythic Dark","Tantrum Tot","tots","tots","Sketches\tots\tantrum-tot\index.html","https://ronenglish-archive.github.io/ron-english-sketches-mythic-dark/Sketches/tots/tantrum-tot/index.html","4","0","https://ronenglish-archive.github.io/ron-english-sketches-mythic-dark/images/Sketches/Tots/Tantrum%20Tot%202%20ORIGINAL.jpg","OK","Ready."
"Mythic Dark","Temper Pac","tots","tots","Sketches\tots\temper-pac\index.html","https://ronenglish-archive.github.io/ron-english-sketches-mythic-dark/Sketches/tots/temper-pac/index.html","6","0","https://ronenglish-archive.github.io/ron-english-sketches-mythic-dark/images/Sketches/Tots/Temper%20Pac%20ORIGINAL%202.jpg","OK","Ready."
"Mythic Dark","Temper Tot","tots","tots","Sketches\tots\temper-tot\index.html","https://ronenglish-archive.github.io/ron-english-sketches-mythic-dark/Sketches/tots/temper-tot/index.html","24","0","https://ronenglish-archive.github.io/ron-english-sketches-mythic-dark/images/Sketches/Tots/Temper%20Tot%20diaper%20version%202%20right%20side%20ORIGINAL.jpg","OK","Ready."
"Mythic Dark","Texas Tantrum Tot","tots","tots","Sketches\tots\texas-tantrum-tot\index.html","https://ronenglish-archive.github.io/ron-english-sketches-mythic-dark/Sketches/tots/texas-tantrum-tot/index.html","4","0","https://ronenglish-archive.github.io/ron-english-sketches-mythic-dark/images/Sketches/Tots/Texas%20Tantrum%20Tot%20ORIGINAL.jpg","OK","Ready."
"Mythic Dark","Tots","tots","tots","Sketches\tots\tots\index.html","https://ronenglish-archive.github.io/ron-english-sketches-mythic-dark/Sketches/tots/tots/index.html","3","0","https://ronenglish-archive.github.io/ron-english-sketches-mythic-dark/images/Sketches/Tots/Tots%20Icon%20ORIGINAL.jpg","OK","Ready."
"Mythic Dark","Tot Toddler","tots","tots","Sketches\tots\tot-toddler\index.html","https://ronenglish-archive.github.io/ron-english-sketches-mythic-dark/Sketches/tots/tot-toddler/index.html","2","0","https://ronenglish-archive.github.io/ron-english-sketches-mythic-dark/images/Sketches/Tots/Tot%20Toddler%20B%26W.jpg","OK","Ready."
"Mythic Dark","Big Yang","yin-yangs","yin-yangs","Sketches\yin-yangs\big-yang\index.html","https://ronenglish-archive.github.io/ron-english-sketches-mythic-dark/Sketches/yin-yangs/big-yang/index.html","9","0","https://ronenglish-archive.github.io/ron-english-sketches-mythic-dark/images/Sketches/Yin%20Yangs/Big%20Yang%20back%20ORIGINAL.jpg","OK","Ready."
"Mythic Dark","M.U.S.C.L.E. Yin Yang","yin-yangs","yin-yangs","Sketches\yin-yangs\m-u-s-c-l-e-yin-yang\index.html","https://ronenglish-archive.github.io/ron-english-sketches-mythic-dark/Sketches/yin-yangs/m-u-s-c-l-e-yin-yang/index.html","12","0","https://ronenglish-archive.github.io/ron-english-sketches-mythic-dark/images/Sketches/Yin%20Yangs/M.U.S.C.L.E.%20Yin%20Yang%20back%20ORIGINAL.jpg","OK","Ready."
"Mythic Dark","Thinkman","yin-yangs","yin-yangs","Sketches\yin-yangs\thinkman\index.html","https://ronenglish-archive.github.io/ron-english-sketches-mythic-dark/Sketches/yin-yangs/thinkman/index.html","1","0","https://ronenglish-archive.github.io/ron-english-sketches-mythic-dark/images/Sketches/Yin%20Yangs/Thinkman%20ORIGINAL%20COLOR.jpg","OK","Ready."
"Mythic Dark","Yanger","yin-yangs","yin-yangs","Sketches\yin-yangs\yanger\index.html","https://ronenglish-archive.github.io/ron-english-sketches-mythic-dark/Sketches/yin-yangs/yanger/index.html","11","0","https://ronenglish-archive.github.io/ron-english-sketches-mythic-dark/images/Sketches/Yin%20Yangs/Yanger%20back%20ORIGINAL.jpg","OK","Ready."
"Mythic Dark","Yin and Yangs","yin-yangs","yin-yangs","Sketches\yin-yangs\yin-and-yangs\index.html","https://ronenglish-archive.github.io/ron-english-sketches-mythic-dark/Sketches/yin-yangs/yin-and-yangs/index.html","4","0","https://ronenglish-archive.github.io/ron-english-sketches-mythic-dark/images/Sketches/Yin%20Yangs/Yin%20and%20Yangs%20ORIGINAL%20COLOR.jpg","OK","Ready."
"Mythic Dark","Yin Toddler","yin-yangs","yin-yangs","Sketches\yin-yangs\yin-toddler\index.html","https://ronenglish-archive.github.io/ron-english-sketches-mythic-dark/Sketches/yin-yangs/yin-toddler/index.html","2","0","https://ronenglish-archive.github.io/ron-english-sketches-mythic-dark/images/Sketches/Yin%20Yangs/Yin%20Toddler%20B%26W.jpg","OK","Ready."
"Mythic Dark","Yin Yang Aape","yin-yangs","yin-yangs","Sketches\yin-yangs\yin-yang-aape\index.html","https://ronenglish-archive.github.io/ron-english-sketches-mythic-dark/Sketches/yin-yangs/yin-yang-aape/index.html","1","0","https://ronenglish-archive.github.io/ron-english-sketches-mythic-dark/images/Sketches/Yin%20Yangs/Yin%20Yang%20Aape%20ORIGINAL.jpg","OK","Ready."
"Mythic Dark","Yin Yang on Skateboard","yin-yangs","yin-yangs","Sketches\yin-yangs\yin-yang-on-skateboard\index.html","https://ronenglish-archive.github.io/ron-english-sketches-mythic-dark/Sketches/yin-yangs/yin-yang-on-skateboard/index.html","3","0","https://ronenglish-archive.github.io/ron-english-sketches-mythic-dark/images/Sketches/Yin%20Yangs/Yin%20Yang%20on%20Skateboard%20ORIGINAL.jpg","OK","Ready."
"Mythic Dark","Yin Yang Plush","yin-yangs","yin-yangs","Sketches\yin-yangs\yin-yang-plush\index.html","https://ronenglish-archive.github.io/ron-english-sketches-mythic-dark/Sketches/yin-yangs/yin-yang-plush/index.html","3","0","https://ronenglish-archive.github.io/ron-english-sketches-mythic-dark/images/Sketches/Yin%20Yangs/Yin%20Yang%20Plush%20ORIGINAL.jpg","OK","Ready."
"Mythic Dark","Yin Yang Symbol","yin-yangs","yin-yangs","Sketches\yin-yangs\yin-yang-symbol\index.html","https://ronenglish-archive.github.io/ron-english-sketches-mythic-dark/Sketches/yin-yangs/yin-yang-symbol/index.html","4","0","https://ronenglish-archive.github.io/ron-english-sketches-mythic-dark/images/Sketches/Yin%20Yangs/Yinyang%20symbol%201%20ORIGINAL.jpg","OK","Ready."
"Objects","Brain Weed","flowers","flowers","Sketches\flowers\brain-weed\index.html","https://ronenglish-archive.github.io/ron-english-sketches-objects/Sketches/flowers/brain-weed/index.html","1","0","https://ronenglish-archive.github.io/ron-english-sketches-objects/images/Sketches/flowers/Brain%20Weed%20ORIGINAL%20COLOR.jpg","OK","Ready."
"Objects","Double Flower","flowers","flowers","Sketches\flowers\double-flower\index.html","https://ronenglish-archive.github.io/ron-english-sketches-objects/Sketches/flowers/double-flower/index.html","2","0","https://ronenglish-archive.github.io/ron-english-sketches-objects/images/Sketches/flowers/Double%20Flower%20ORIGINAL%20COLOR.jpg","OK","Ready."
"Objects","Faceless Flower","flowers","flowers","Sketches\flowers\faceless-flower\index.html","https://ronenglish-archive.github.io/ron-english-sketches-objects/Sketches/flowers/faceless-flower/index.html","1","0","https://ronenglish-archive.github.io/ron-english-sketches-objects/images/Sketches/flowers/Faceless%20Flower%20ORIGINAL.jpg","OK","Ready."
"Objects","Feather Flower","flowers","flowers","Sketches\flowers\feather-flower\index.html","https://ronenglish-archive.github.io/ron-english-sketches-objects/Sketches/flowers/feather-flower/index.html","2","0","https://ronenglish-archive.github.io/ron-english-sketches-objects/images/Sketches/flowers/Feather%20Flower%20ORIGINAL.jpg","OK","Ready."
"Objects","Feather Flower PATTERN 1","flowers","flowers","Sketches\flowers\feather-flower-pattern-1\index.html","https://ronenglish-archive.github.io/ron-english-sketches-objects/Sketches/flowers/feather-flower-pattern-1/index.html","1","0","https://ronenglish-archive.github.io/ron-english-sketches-objects/images/Sketches/flowers/Feather%20Flower%20PATTERN%201.jpg","OK","Ready."
"Objects","Feather Flower PATTERN 2","flowers","flowers","Sketches\flowers\feather-flower-pattern-2\index.html","https://ronenglish-archive.github.io/ron-english-sketches-objects/Sketches/flowers/feather-flower-pattern-2/index.html","1","0","https://ronenglish-archive.github.io/ron-english-sketches-objects/images/Sketches/flowers/Feather%20Flower%20PATTERN%202%20COLOR.jpg","OK","Ready."
"Objects","Flaming Rose","flowers","flowers","Sketches\flowers\flaming-rose\index.html","https://ronenglish-archive.github.io/ron-english-sketches-objects/Sketches/flowers/flaming-rose/index.html","2","0","https://ronenglish-archive.github.io/ron-english-sketches-objects/images/Sketches/flowers/Flaming%20Rose%20ORIGINAL.jpg","OK","Ready."
"Objects","Eye Flower","flowers","flowers","Sketches\flowers\flower\index.html","https://ronenglish-archive.github.io/ron-english-sketches-objects/Sketches/flowers/flower/index.html","10","0","https://ronenglish-archive.github.io/ron-english-sketches-objects/images/Sketches/flowers/Flower%20ORIGINAL%20COLOR.jpg","OK","Ready."
"Objects","Flower Baby","flowers","flowers","Sketches\flowers\flower-baby\index.html","https://ronenglish-archive.github.io/ron-english-sketches-objects/Sketches/flowers/flower-baby/index.html","3","0","https://ronenglish-archive.github.io/ron-english-sketches-objects/images/Sketches/flowers/Flower%20Baby%20ORIGINAL.jpg","OK","Ready."
"Objects","Flower Body","flowers","flowers","Sketches\flowers\flower-body\index.html","https://ronenglish-archive.github.io/ron-english-sketches-objects/Sketches/flowers/flower-body/index.html","1","0","https://ronenglish-archive.github.io/ron-english-sketches-objects/images/Sketches/flowers/Flower%20Body%20ORIGINAL.jpg","OK","Ready."
"Objects","Flower Bulb","flowers","flowers","Sketches\flowers\flower-bulb\index.html","https://ronenglish-archive.github.io/ron-english-sketches-objects/Sketches/flowers/flower-bulb/index.html","1","0","https://ronenglish-archive.github.io/ron-english-sketches-objects/images/Sketches/flowers/Flower%20Bulb%20ORIGINAL.jpg","OK","Ready."
"Objects","Flower Girl","flowers","flowers","Sketches\flowers\flower-girl\index.html","https://ronenglish-archive.github.io/ron-english-sketches-objects/Sketches/flowers/flower-girl/index.html","8","0","https://ronenglish-archive.github.io/ron-english-sketches-objects/images/Sketches/flowers/Flower%20Girl%20ORIGINAL.jpg","OK","Ready."
"Objects","Flower Lion","flowers","flowers","Sketches\flowers\flower-lion\index.html","https://ronenglish-archive.github.io/ron-english-sketches-objects/Sketches/flowers/flower-lion/index.html","3","0","https://ronenglish-archive.github.io/ron-english-sketches-objects/images/Sketches/flowers/Flower%20Lion%20ORIGINAL.jpg","OK","Ready."
"Objects","Flowers 1","flowers","flowers","Sketches\flowers\flowers-1\index.html","https://ronenglish-archive.github.io/ron-english-sketches-objects/Sketches/flowers/flowers-1/index.html","3","0","https://ronenglish-archive.github.io/ron-english-sketches-objects/images/Sketches/flowers/Flowers%201%20ORIGINAL%20COLOR.jpg","OK","Ready."
"Objects","Flowers 2","flowers","flowers","Sketches\flowers\flowers-2\index.html","https://ronenglish-archive.github.io/ron-english-sketches-objects/Sketches/flowers/flowers-2/index.html","2","0","https://ronenglish-archive.github.io/ron-english-sketches-objects/images/Sketches/flowers/Flowers%202%20ORIGINAL%20COLOR.jpg","OK","Ready."
"Objects","Flowers 3","flowers","flowers","Sketches\flowers\flowers-3\index.html","https://ronenglish-archive.github.io/ron-english-sketches-objects/Sketches/flowers/flowers-3/index.html","2","0","https://ronenglish-archive.github.io/ron-english-sketches-objects/images/Sketches/flowers/Flowers%203%20ORIGINAL%20COLOR.jpg","OK","Ready."
"Objects","Flowers 4","flowers","flowers","Sketches\flowers\flowers-4\index.html","https://ronenglish-archive.github.io/ron-english-sketches-objects/Sketches/flowers/flowers-4/index.html","1","0","https://ronenglish-archive.github.io/ron-english-sketches-objects/images/Sketches/flowers/Flowers%204%20ORIGINAL%20COLOR.jpg","OK","Ready."
"Objects","Flowers 5","flowers","flowers","Sketches\flowers\flowers-5\index.html","https://ronenglish-archive.github.io/ron-english-sketches-objects/Sketches/flowers/flowers-5/index.html","1","0","https://ronenglish-archive.github.io/ron-english-sketches-objects/images/Sketches/flowers/Flowers%205%20ORIGINAL%20COLOR.jpg","OK","Ready."
"Objects","Flowers 6","flowers","flowers","Sketches\flowers\flowers-6\index.html","https://ronenglish-archive.github.io/ron-english-sketches-objects/Sketches/flowers/flowers-6/index.html","2","0","https://ronenglish-archive.github.io/ron-english-sketches-objects/images/Sketches/flowers/Flowers%206%20ORIGINAL%20COLOR.jpg","OK","Ready."
"Objects","Flowers 7","flowers","flowers","Sketches\flowers\flowers-7\index.html","https://ronenglish-archive.github.io/ron-english-sketches-objects/Sketches/flowers/flowers-7/index.html","2","0","https://ronenglish-archive.github.io/ron-english-sketches-objects/images/Sketches/flowers/Flowers%207%20ORIGINAL%20COLOR.jpg","OK","Ready."
"Objects","Flowers 8","flowers","flowers","Sketches\flowers\flowers-8\index.html","https://ronenglish-archive.github.io/ron-english-sketches-objects/Sketches/flowers/flowers-8/index.html","1","0","https://ronenglish-archive.github.io/ron-english-sketches-objects/images/Sketches/flowers/Flowers%208%20ORIGINAL%20COLOR.jpg","OK","Ready."
"Objects","Flowers 9","flowers","flowers","Sketches\flowers\flowers-9\index.html","https://ronenglish-archive.github.io/ron-english-sketches-objects/Sketches/flowers/flowers-9/index.html","2","0","https://ronenglish-archive.github.io/ron-english-sketches-objects/images/Sketches/flowers/Flowers%209%20ORIGINAL.jpg","OK","Ready."
"Objects","Happy Sunflower","flowers","flowers","Sketches\flowers\happy-sunflower\index.html","https://ronenglish-archive.github.io/ron-english-sketches-objects/Sketches/flowers/happy-sunflower/index.html","3","0","https://ronenglish-archive.github.io/ron-english-sketches-objects/images/Sketches/flowers/Happy%20Sunflower%20ORIGINAL.jpg","OK","Ready."
"Objects","Leaves 1","flowers","flowers","Sketches\flowers\leaves-1\index.html","https://ronenglish-archive.github.io/ron-english-sketches-objects/Sketches/flowers/leaves-1/index.html","1","0","https://ronenglish-archive.github.io/ron-english-sketches-objects/images/Sketches/flowers/leaves%201%20ORIGINAL.jpg","OK","Ready."
"Objects","Leaves 2","flowers","flowers","Sketches\flowers\leaves-2\index.html","https://ronenglish-archive.github.io/ron-english-sketches-objects/Sketches/flowers/leaves-2/index.html","1","0","https://ronenglish-archive.github.io/ron-english-sketches-objects/images/Sketches/flowers/leaves%202%20ORIGINAL.jpg","OK","Ready."
"Objects","Leaves 3","flowers","flowers","Sketches\flowers\leaves-3\index.html","https://ronenglish-archive.github.io/ron-english-sketches-objects/Sketches/flowers/leaves-3/index.html","1","0","https://ronenglish-archive.github.io/ron-english-sketches-objects/images/Sketches/flowers/Leaves%203%20ORIGINAL.jpg","OK","Ready."
"Objects","Leaves 4","flowers","flowers","Sketches\flowers\leaves-4\index.html","https://ronenglish-archive.github.io/ron-english-sketches-objects/Sketches/flowers/leaves-4/index.html","1","0","https://ronenglish-archive.github.io/ron-english-sketches-objects/images/Sketches/flowers/Leaves%204%20ORIGINAL.jpg","OK","Ready."
"Objects","Yinyang Flower 1","flowers","flowers","Sketches\flowers\yinyang-flower-1\index.html","https://ronenglish-archive.github.io/ron-english-sketches-objects/Sketches/flowers/yinyang-flower-1/index.html","2","0","https://ronenglish-archive.github.io/ron-english-sketches-objects/images/Sketches/flowers/Yinyang%20Flower%201%20ORIGINAL%20COLOR.jpg","OK","Ready."
"Objects","Yinyang Flower 2","flowers","flowers","Sketches\flowers\yinyang-flower-2\index.html","https://ronenglish-archive.github.io/ron-english-sketches-objects/Sketches/flowers/yinyang-flower-2/index.html","2","0","https://ronenglish-archive.github.io/ron-english-sketches-objects/images/Sketches/flowers/Yinyang%20Flower%202%20ORIGINAL%20COLOR.jpg","OK","Ready."
"Objects","C a R O U S E L1","objects","amusement-rides-and-games","Sketches\objects\amusement-rides-and-games\c-a-r-o-u-s-e-l1\index.html","https://ronenglish-archive.github.io/ron-english-sketches-objects/Sketches/objects/amusement-rides-and-games/c-a-r-o-u-s-e-l1/index.html","1","0","https://ronenglish-archive.github.io/ron-english-sketches-objects/images/Sketches/Objects/amusement-rides-and-games/carousel1.jpg","OK","Ready."
"Objects","Merry Go Round Display","objects","amusement-rides-and-games","Sketches\objects\amusement-rides-and-games\merry-go-round-display\index.html","https://ronenglish-archive.github.io/ron-english-sketches-objects/Sketches/objects/amusement-rides-and-games/merry-go-round-display/index.html","2","0","https://ronenglish-archive.github.io/ron-english-sketches-objects/images/Sketches/Objects/amusement-rides-and-games/carousel1.jpg","OK","Ready."
"Objects","M E R R Y G O R O U N D D I S P L a Y","objects","amusement-rides-and-games","Sketches\objects\amusement-rides-and-games\m-e-r-r-y-g-o-r-o-u-n-d-d-i-s-p-l-a-y\index.html","https://ronenglish-archive.github.io/ron-english-sketches-objects/Sketches/objects/amusement-rides-and-games/m-e-r-r-y-g-o-r-o-u-n-d-d-i-s-p-l-a-y/index.html","1","0","https://ronenglish-archive.github.io/ron-english-sketches-objects/images/Sketches/Objects/amusement-rides-and-games/MerryGoRoundDisplay.jpg","OK","Ready."
"Objects","Rabbbit Capitol Carousel","objects","amusement-rides-and-games","Sketches\objects\amusement-rides-and-games\rabbbit-capitol-carousel\index.html","https://ronenglish-archive.github.io/ron-english-sketches-objects/Sketches/objects/amusement-rides-and-games/rabbbit-capitol-carousel/index.html","2","0","https://ronenglish-archive.github.io/ron-english-sketches-objects/images/Sketches/Objects/amusement-rides-and-games/Rabbbit%20Capitol%20Carousel%20B%26W.jpg","OK","Ready."
"Objects","R a B B B I T C a P I T O L C a R O U S E L","objects","amusement-rides-and-games","Sketches\objects\amusement-rides-and-games\r-a-b-b-b-i-t-c-a-p-i-t-o-l-c-a-r-o-u-s-e-l\index.html","https://ronenglish-archive.github.io/ron-english-sketches-objects/Sketches/objects/amusement-rides-and-games/r-a-b-b-b-i-t-c-a-p-i-t-o-l-c-a-r-o-u-s-e-l/index.html","2","0","https://ronenglish-archive.github.io/ron-english-sketches-objects/images/Sketches/Objects/amusement-rides-and-games/Rabbbit%20Capitol%20Carousel%20B%26W.jpg","OK","Ready."
"Objects","Rabbbit Carousel","objects","amusement-rides-and-games","Sketches\objects\amusement-rides-and-games\rabbbit-carousel\index.html","https://ronenglish-archive.github.io/ron-english-sketches-objects/Sketches/objects/amusement-rides-and-games/rabbbit-carousel/index.html","4","0","https://ronenglish-archive.github.io/ron-english-sketches-objects/images/Sketches/Objects/amusement-rides-and-games/Rabbbit%20Carousel.jpg","OK","Ready."
"Objects","R a B B B I T C a R O U S E L","objects","amusement-rides-and-games","Sketches\objects\amusement-rides-and-games\r-a-b-b-b-i-t-c-a-r-o-u-s-e-l\index.html","https://ronenglish-archive.github.io/ron-english-sketches-objects/Sketches/objects/amusement-rides-and-games/r-a-b-b-b-i-t-c-a-r-o-u-s-e-l/index.html","2","0","https://ronenglish-archive.github.io/ron-english-sketches-objects/images/Sketches/Objects/amusement-rides-and-games/Rabbbit%20Carousel%20%20-%20B%26W.jpg","OK","Ready."
"Objects","R a B B B I T C a R O U S E L 01","objects","amusement-rides-and-games","Sketches\objects\amusement-rides-and-games\r-a-b-b-b-i-t-c-a-r-o-u-s-e-l-01\index.html","https://ronenglish-archive.github.io/ron-english-sketches-objects/Sketches/objects/amusement-rides-and-games/r-a-b-b-b-i-t-c-a-r-o-u-s-e-l-01/index.html","1","0","https://ronenglish-archive.github.io/ron-english-sketches-objects/images/Sketches/Objects/amusement-rides-and-games/rabbbit%20carousel-01.jpg","OK","Ready."
"Objects","Rollercoastersketch","objects","amusement-rides-and-games","Sketches\objects\amusement-rides-and-games\rollercoastersketch\index.html","https://ronenglish-archive.github.io/ron-english-sketches-objects/Sketches/objects/amusement-rides-and-games/rollercoastersketch/index.html","1","0","https://ronenglish-archive.github.io/ron-english-sketches-objects/images/Sketches/Objects/amusement-rides-and-games/rollercoastersketch.jpg","OK","Ready."
"Objects","R O L L E R C O a S T E R S K E T C H","objects","amusement-rides-and-games","Sketches\objects\amusement-rides-and-games\r-o-l-l-e-r-c-o-a-s-t-e-r-s-k-e-t-c-h\index.html","https://ronenglish-archive.github.io/ron-english-sketches-objects/Sketches/objects/amusement-rides-and-games/r-o-l-l-e-r-c-o-a-s-t-e-r-s-k-e-t-c-h/index.html","1","0","https://ronenglish-archive.github.io/ron-english-sketches-objects/images/Sketches/Objects/amusement-rides-and-games/rollercoastersketch.jpg","OK","Ready."
"Objects","Wolf Carousel","objects","amusement-rides-and-games","Sketches\objects\amusement-rides-and-games\wolf-carousel\index.html","https://ronenglish-archive.github.io/ron-english-sketches-objects/Sketches/objects/amusement-rides-and-games/wolf-carousel/index.html","3","0","https://ronenglish-archive.github.io/ron-english-sketches-objects/images/Sketches/Objects/amusement-rides-and-games/wolf%20carousel%20original.jpg","OK","Ready."
"Objects","W O L F C a R O U S E L","objects","amusement-rides-and-games","Sketches\objects\amusement-rides-and-games\w-o-l-f-c-a-r-o-u-s-e-l\index.html","https://ronenglish-archive.github.io/ron-english-sketches-objects/Sketches/objects/amusement-rides-and-games/w-o-l-f-c-a-r-o-u-s-e-l/index.html","4","0","https://ronenglish-archive.github.io/ron-english-sketches-objects/images/Sketches/Objects/amusement-rides-and-games/wolf%20carousel%20orig.jpg","OK","Ready."
"Objects","Grenade Bulb Patch","objects","badges-and-patches","Sketches\objects\badges-and-patches\grenade-bulb-patch\index.html","https://ronenglish-archive.github.io/ron-english-sketches-objects/Sketches/objects/badges-and-patches/grenade-bulb-patch/index.html","2","0","https://ronenglish-archive.github.io/ron-english-sketches-objects/images/Sketches/Objects/badges-and-patches/GRENADEBULBpatch.jpg","OK","Ready."
"Objects","G R E N a D E B U L B P a T C H","objects","badges-and-patches","Sketches\objects\badges-and-patches\g-r-e-n-a-d-e-b-u-l-b-p-a-t-c-h\index.html","https://ronenglish-archive.github.io/ron-english-sketches-objects/Sketches/objects/badges-and-patches/g-r-e-n-a-d-e-b-u-l-b-p-a-t-c-h/index.html","1","0","https://ronenglish-archive.github.io/ron-english-sketches-objects/images/Sketches/Objects/badges-and-patches/GRENADEBULBpatch.jpg","OK","Ready."
"Objects","G R E N a D E B U L B P a T C H2","objects","badges-and-patches","Sketches\objects\badges-and-patches\g-r-e-n-a-d-e-b-u-l-b-p-a-t-c-h2\index.html","https://ronenglish-archive.github.io/ron-english-sketches-objects/Sketches/objects/badges-and-patches/g-r-e-n-a-d-e-b-u-l-b-p-a-t-c-h2/index.html","1","0","https://ronenglish-archive.github.io/ron-english-sketches-objects/images/Sketches/Objects/badges-and-patches/GRENADEBULBpatch2.jpg","OK","Ready."
"Objects","Lightbulb Grenade Patch","objects","badges-and-patches","Sketches\objects\badges-and-patches\lightbulb-grenade-patch\index.html","https://ronenglish-archive.github.io/ron-english-sketches-objects/Sketches/objects/badges-and-patches/lightbulb-grenade-patch/index.html","6","0","https://ronenglish-archive.github.io/ron-english-sketches-objects/images/Sketches/Objects/badges-and-patches/lightbulb-grenade-patch-26.jpg","OK","Ready."
"Objects","L I G H T B U L B G R E N a D E P a T C H 26","objects","badges-and-patches","Sketches\objects\badges-and-patches\l-i-g-h-t-b-u-l-b-g-r-e-n-a-d-e-p-a-t-c-h-26\index.html","https://ronenglish-archive.github.io/ron-english-sketches-objects/Sketches/objects/badges-and-patches/l-i-g-h-t-b-u-l-b-g-r-e-n-a-d-e-p-a-t-c-h-26/index.html","1","0","https://ronenglish-archive.github.io/ron-english-sketches-objects/images/Sketches/Objects/badges-and-patches/lightbulb-grenade-patch-26.jpg","OK","Ready."
"Objects","L I G H T B U L B G R E N a D E P a T C H 28","objects","badges-and-patches","Sketches\objects\badges-and-patches\l-i-g-h-t-b-u-l-b-g-r-e-n-a-d-e-p-a-t-c-h-28\index.html","https://ronenglish-archive.github.io/ron-english-sketches-objects/Sketches/objects/badges-and-patches/l-i-g-h-t-b-u-l-b-g-r-e-n-a-d-e-p-a-t-c-h-28/index.html","1","0","https://ronenglish-archive.github.io/ron-english-sketches-objects/images/Sketches/Objects/badges-and-patches/lightbulb-grenade-patch-28.jpg","OK","Ready."
"Objects","L I G H T B U L B G R E N a D E P a T C H 30","objects","badges-and-patches","Sketches\objects\badges-and-patches\l-i-g-h-t-b-u-l-b-g-r-e-n-a-d-e-p-a-t-c-h-30\index.html","https://ronenglish-archive.github.io/ron-english-sketches-objects/Sketches/objects/badges-and-patches/l-i-g-h-t-b-u-l-b-g-r-e-n-a-d-e-p-a-t-c-h-30/index.html","1","0","https://ronenglish-archive.github.io/ron-english-sketches-objects/images/Sketches/Objects/badges-and-patches/lightbulb-grenade-patch-30.jpg","OK","Ready."
"Objects","L I G H T B U L B G R E N a D E P a T C H 32","objects","badges-and-patches","Sketches\objects\badges-and-patches\l-i-g-h-t-b-u-l-b-g-r-e-n-a-d-e-p-a-t-c-h-32\index.html","https://ronenglish-archive.github.io/ron-english-sketches-objects/Sketches/objects/badges-and-patches/l-i-g-h-t-b-u-l-b-g-r-e-n-a-d-e-p-a-t-c-h-32/index.html","1","0","https://ronenglish-archive.github.io/ron-english-sketches-objects/images/Sketches/Objects/badges-and-patches/lightbulb-grenade-patch-32.jpg","OK","Ready."
"Objects","L I G H T B U L B G R E N a D E P a T C H 34","objects","badges-and-patches","Sketches\objects\badges-and-patches\l-i-g-h-t-b-u-l-b-g-r-e-n-a-d-e-p-a-t-c-h-34\index.html","https://ronenglish-archive.github.io/ron-english-sketches-objects/Sketches/objects/badges-and-patches/l-i-g-h-t-b-u-l-b-g-r-e-n-a-d-e-p-a-t-c-h-34/index.html","1","0","https://ronenglish-archive.github.io/ron-english-sketches-objects/images/Sketches/Objects/badges-and-patches/lightbulb-grenade-patch-34.jpg","OK","Ready."
"Objects","L I G H T B U L B G R E N a D E P a T C H 36","objects","badges-and-patches","Sketches\objects\badges-and-patches\l-i-g-h-t-b-u-l-b-g-r-e-n-a-d-e-p-a-t-c-h-36\index.html","https://ronenglish-archive.github.io/ron-english-sketches-objects/Sketches/objects/badges-and-patches/l-i-g-h-t-b-u-l-b-g-r-e-n-a-d-e-p-a-t-c-h-36/index.html","1","0","https://ronenglish-archive.github.io/ron-english-sketches-objects/images/Sketches/Objects/badges-and-patches/lightbulb-grenade-patch-36.jpg","OK","Ready."
"Objects","Popaganda Patch","objects","badges-and-patches","Sketches\objects\badges-and-patches\popaganda-patch\index.html","https://ronenglish-archive.github.io/ron-english-sketches-objects/Sketches/objects/badges-and-patches/popaganda-patch/index.html","6","0","https://ronenglish-archive.github.io/ron-english-sketches-objects/images/Sketches/Objects/badges-and-patches/popaganda-patch-13.jpg","OK","Ready."
"Objects","P O P a G a N D a P a T C H 13","objects","badges-and-patches","Sketches\objects\badges-and-patches\p-o-p-a-g-a-n-d-a-p-a-t-c-h-13\index.html","https://ronenglish-archive.github.io/ron-english-sketches-objects/Sketches/objects/badges-and-patches/p-o-p-a-g-a-n-d-a-p-a-t-c-h-13/index.html","1","0","https://ronenglish-archive.github.io/ron-english-sketches-objects/images/Sketches/Objects/badges-and-patches/popaganda-patch-13.jpg","OK","Ready."
"Objects","P O P a G a N D a P a T C H 14","objects","badges-and-patches","Sketches\objects\badges-and-patches\p-o-p-a-g-a-n-d-a-p-a-t-c-h-14\index.html","https://ronenglish-archive.github.io/ron-english-sketches-objects/Sketches/objects/badges-and-patches/p-o-p-a-g-a-n-d-a-p-a-t-c-h-14/index.html","1","0","https://ronenglish-archive.github.io/ron-english-sketches-objects/images/Sketches/Objects/badges-and-patches/popaganda-patch-14.jpg","OK","Ready."
"Objects","P O P a G a N D a P a T C H 15","objects","badges-and-patches","Sketches\objects\badges-and-patches\p-o-p-a-g-a-n-d-a-p-a-t-c-h-15\index.html","https://ronenglish-archive.github.io/ron-english-sketches-objects/Sketches/objects/badges-and-patches/p-o-p-a-g-a-n-d-a-p-a-t-c-h-15/index.html","1","0","https://ronenglish-archive.github.io/ron-english-sketches-objects/images/Sketches/Objects/badges-and-patches/popaganda-patch-15.jpg","OK","Ready."
"Objects","P O P a G a N D a P a T C H 16","objects","badges-and-patches","Sketches\objects\badges-and-patches\p-o-p-a-g-a-n-d-a-p-a-t-c-h-16\index.html","https://ronenglish-archive.github.io/ron-english-sketches-objects/Sketches/objects/badges-and-patches/p-o-p-a-g-a-n-d-a-p-a-t-c-h-16/index.html","1","0","https://ronenglish-archive.github.io/ron-english-sketches-objects/images/Sketches/Objects/badges-and-patches/popaganda-patch-16.jpg","OK","Ready."
"Objects","P O P a G a N D a P a T C H 17","objects","badges-and-patches","Sketches\objects\badges-and-patches\p-o-p-a-g-a-n-d-a-p-a-t-c-h-17\index.html","https://ronenglish-archive.github.io/ron-english-sketches-objects/Sketches/objects/badges-and-patches/p-o-p-a-g-a-n-d-a-p-a-t-c-h-17/index.html","1","0","https://ronenglish-archive.github.io/ron-english-sketches-objects/images/Sketches/Objects/badges-and-patches/popaganda-patch-17.jpg","OK","Ready."
"Objects","P O P a G a N D a P a T C H 18","objects","badges-and-patches","Sketches\objects\badges-and-patches\p-o-p-a-g-a-n-d-a-p-a-t-c-h-18\index.html","https://ronenglish-archive.github.io/ron-english-sketches-objects/Sketches/objects/badges-and-patches/p-o-p-a-g-a-n-d-a-p-a-t-c-h-18/index.html","1","0","https://ronenglish-archive.github.io/ron-english-sketches-objects/images/Sketches/Objects/badges-and-patches/popaganda-patch-18.jpg","OK","Ready."
"Objects","Popaganda Patrol","objects","badges-and-patches","Sketches\objects\badges-and-patches\popaganda-patrol\index.html","https://ronenglish-archive.github.io/ron-english-sketches-objects/Sketches/objects/badges-and-patches/popaganda-patrol/index.html","24","0","https://ronenglish-archive.github.io/ron-english-sketches-objects/images/Sketches/Objects/badges-and-patches/popaganda-patrol-1.jpg","OK","Ready."
"Objects","P O P a G a N D a P a T R O L 1","objects","badges-and-patches","Sketches\objects\badges-and-patches\p-o-p-a-g-a-n-d-a-p-a-t-r-o-l-1\index.html","https://ronenglish-archive.github.io/ron-english-sketches-objects/Sketches/objects/badges-and-patches/p-o-p-a-g-a-n-d-a-p-a-t-r-o-l-1/index.html","1","0","https://ronenglish-archive.github.io/ron-english-sketches-objects/images/Sketches/Objects/badges-and-patches/popaganda-patrol-1.jpg","OK","Ready."
"Objects","P O P a G a N D a P a T R O L 10","objects","badges-and-patches","Sketches\objects\badges-and-patches\p-o-p-a-g-a-n-d-a-p-a-t-r-o-l-10\index.html","https://ronenglish-archive.github.io/ron-english-sketches-objects/Sketches/objects/badges-and-patches/p-o-p-a-g-a-n-d-a-p-a-t-r-o-l-10/index.html","1","0","https://ronenglish-archive.github.io/ron-english-sketches-objects/images/Sketches/Objects/badges-and-patches/popaganda-patrol-10.jpg","OK","Ready."
"Objects","P O P a G a N D a P a T R O L 11","objects","badges-and-patches","Sketches\objects\badges-and-patches\p-o-p-a-g-a-n-d-a-p-a-t-r-o-l-11\index.html","https://ronenglish-archive.github.io/ron-english-sketches-objects/Sketches/objects/badges-and-patches/p-o-p-a-g-a-n-d-a-p-a-t-r-o-l-11/index.html","1","0","https://ronenglish-archive.github.io/ron-english-sketches-objects/images/Sketches/Objects/badges-and-patches/popaganda-patrol-11.jpg","OK","Ready."
"Objects","P O P a G a N D a P a T R O L 12","objects","badges-and-patches","Sketches\objects\badges-and-patches\p-o-p-a-g-a-n-d-a-p-a-t-r-o-l-12\index.html","https://ronenglish-archive.github.io/ron-english-sketches-objects/Sketches/objects/badges-and-patches/p-o-p-a-g-a-n-d-a-p-a-t-r-o-l-12/index.html","1","0","https://ronenglish-archive.github.io/ron-english-sketches-objects/images/Sketches/Objects/badges-and-patches/popaganda-patrol-12.jpg","OK","Ready."
"Objects","P O P a G a N D a P a T R O L 19","objects","badges-and-patches","Sketches\objects\badges-and-patches\p-o-p-a-g-a-n-d-a-p-a-t-r-o-l-19\index.html","https://ronenglish-archive.github.io/ron-english-sketches-objects/Sketches/objects/badges-and-patches/p-o-p-a-g-a-n-d-a-p-a-t-r-o-l-19/index.html","1","0","https://ronenglish-archive.github.io/ron-english-sketches-objects/images/Sketches/Objects/badges-and-patches/popaganda-patrol-19.jpg","OK","Ready."
"Objects","P O P a G a N D a P a T R O L 2","objects","badges-and-patches","Sketches\objects\badges-and-patches\p-o-p-a-g-a-n-d-a-p-a-t-r-o-l-2\index.html","https://ronenglish-archive.github.io/ron-english-sketches-objects/Sketches/objects/badges-and-patches/p-o-p-a-g-a-n-d-a-p-a-t-r-o-l-2/index.html","1","0","https://ronenglish-archive.github.io/ron-english-sketches-objects/images/Sketches/Objects/badges-and-patches/popaganda-patrol-2.jpg","OK","Ready."
"Objects","P O P a G a N D a P a T R O L 20","objects","badges-and-patches","Sketches\objects\badges-and-patches\p-o-p-a-g-a-n-d-a-p-a-t-r-o-l-20\index.html","https://ronenglish-archive.github.io/ron-english-sketches-objects/Sketches/objects/badges-and-patches/p-o-p-a-g-a-n-d-a-p-a-t-r-o-l-20/index.html","1","0","https://ronenglish-archive.github.io/ron-english-sketches-objects/images/Sketches/Objects/badges-and-patches/popaganda-patrol-20.jpg","OK","Ready."
"Objects","P O P a G a N D a P a T R O L 21","objects","badges-and-patches","Sketches\objects\badges-and-patches\p-o-p-a-g-a-n-d-a-p-a-t-r-o-l-21\index.html","https://ronenglish-archive.github.io/ron-english-sketches-objects/Sketches/objects/badges-and-patches/p-o-p-a-g-a-n-d-a-p-a-t-r-o-l-21/index.html","1","0","https://ronenglish-archive.github.io/ron-english-sketches-objects/images/Sketches/Objects/badges-and-patches/popaganda-patrol-21.jpg","OK","Ready."
"Objects","P O P a G a N D a P a T R O L 22","objects","badges-and-patches","Sketches\objects\badges-and-patches\p-o-p-a-g-a-n-d-a-p-a-t-r-o-l-22\index.html","https://ronenglish-archive.github.io/ron-english-sketches-objects/Sketches/objects/badges-and-patches/p-o-p-a-g-a-n-d-a-p-a-t-r-o-l-22/index.html","1","0","https://ronenglish-archive.github.io/ron-english-sketches-objects/images/Sketches/Objects/badges-and-patches/popaganda-patrol-22.jpg","OK","Ready."
"Objects","P O P a G a N D a P a T R O L 23","objects","badges-and-patches","Sketches\objects\badges-and-patches\p-o-p-a-g-a-n-d-a-p-a-t-r-o-l-23\index.html","https://ronenglish-archive.github.io/ron-english-sketches-objects/Sketches/objects/badges-and-patches/p-o-p-a-g-a-n-d-a-p-a-t-r-o-l-23/index.html","1","0","https://ronenglish-archive.github.io/ron-english-sketches-objects/images/Sketches/Objects/badges-and-patches/popaganda-patrol-23.jpg","OK","Ready."
"Objects","P O P a G a N D a P a T R O L 24","objects","badges-and-patches","Sketches\objects\badges-and-patches\p-o-p-a-g-a-n-d-a-p-a-t-r-o-l-24\index.html","https://ronenglish-archive.github.io/ron-english-sketches-objects/Sketches/objects/badges-and-patches/p-o-p-a-g-a-n-d-a-p-a-t-r-o-l-24/index.html","1","0","https://ronenglish-archive.github.io/ron-english-sketches-objects/images/Sketches/Objects/badges-and-patches/popaganda-patrol-24.jpg","OK","Ready."
"Objects","P O P a G a N D a P a T R O L 25","objects","badges-and-patches","Sketches\objects\badges-and-patches\p-o-p-a-g-a-n-d-a-p-a-t-r-o-l-25\index.html","https://ronenglish-archive.github.io/ron-english-sketches-objects/Sketches/objects/badges-and-patches/p-o-p-a-g-a-n-d-a-p-a-t-r-o-l-25/index.html","1","0","https://ronenglish-archive.github.io/ron-english-sketches-objects/images/Sketches/Objects/badges-and-patches/popaganda-patrol-25.jpg","OK","Ready."
"Objects","P O P a G a N D a P a T R O L 27","objects","badges-and-patches","Sketches\objects\badges-and-patches\p-o-p-a-g-a-n-d-a-p-a-t-r-o-l-27\index.html","https://ronenglish-archive.github.io/ron-english-sketches-objects/Sketches/objects/badges-and-patches/p-o-p-a-g-a-n-d-a-p-a-t-r-o-l-27/index.html","1","0","https://ronenglish-archive.github.io/ron-english-sketches-objects/images/Sketches/Objects/badges-and-patches/popaganda-patrol-27.jpg","OK","Ready."
"Objects","P O P a G a N D a P a T R O L 29","objects","badges-and-patches","Sketches\objects\badges-and-patches\p-o-p-a-g-a-n-d-a-p-a-t-r-o-l-29\index.html","https://ronenglish-archive.github.io/ron-english-sketches-objects/Sketches/objects/badges-and-patches/p-o-p-a-g-a-n-d-a-p-a-t-r-o-l-29/index.html","1","0","https://ronenglish-archive.github.io/ron-english-sketches-objects/images/Sketches/Objects/badges-and-patches/popaganda-patrol-29.jpg","OK","Ready."
"Objects","P O P a G a N D a P a T R O L 3","objects","badges-and-patches","Sketches\objects\badges-and-patches\p-o-p-a-g-a-n-d-a-p-a-t-r-o-l-3\index.html","https://ronenglish-archive.github.io/ron-english-sketches-objects/Sketches/objects/badges-and-patches/p-o-p-a-g-a-n-d-a-p-a-t-r-o-l-3/index.html","1","0","https://ronenglish-archive.github.io/ron-english-sketches-objects/images/Sketches/Objects/badges-and-patches/popaganda-patrol-3.jpg","OK","Ready."
"Objects","P O P a G a N D a P a T R O L 31","objects","badges-and-patches","Sketches\objects\badges-and-patches\p-o-p-a-g-a-n-d-a-p-a-t-r-o-l-31\index.html","https://ronenglish-archive.github.io/ron-english-sketches-objects/Sketches/objects/badges-and-patches/p-o-p-a-g-a-n-d-a-p-a-t-r-o-l-31/index.html","1","0","https://ronenglish-archive.github.io/ron-english-sketches-objects/images/Sketches/Objects/badges-and-patches/popaganda-patrol-31.jpg","OK","Ready."
"Objects","P O P a G a N D a P a T R O L33","objects","badges-and-patches","Sketches\objects\badges-and-patches\p-o-p-a-g-a-n-d-a-p-a-t-r-o-l33\index.html","https://ronenglish-archive.github.io/ron-english-sketches-objects/Sketches/objects/badges-and-patches/p-o-p-a-g-a-n-d-a-p-a-t-r-o-l33/index.html","1","0","https://ronenglish-archive.github.io/ron-english-sketches-objects/images/Sketches/Objects/badges-and-patches/popaganda-patrol33.jpg","OK","Ready."
"Objects","P O P a G a N D a P a T R O L35","objects","badges-and-patches","Sketches\objects\badges-and-patches\p-o-p-a-g-a-n-d-a-p-a-t-r-o-l35\index.html","https://ronenglish-archive.github.io/ron-english-sketches-objects/Sketches/objects/badges-and-patches/p-o-p-a-g-a-n-d-a-p-a-t-r-o-l35/index.html","1","0","https://ronenglish-archive.github.io/ron-english-sketches-objects/images/Sketches/Objects/badges-and-patches/popaganda-patrol35.jpg","OK","Ready."
"Objects","P O P a G a N D a P a T R O L 4","objects","badges-and-patches","Sketches\objects\badges-and-patches\p-o-p-a-g-a-n-d-a-p-a-t-r-o-l-4\index.html","https://ronenglish-archive.github.io/ron-english-sketches-objects/Sketches/objects/badges-and-patches/p-o-p-a-g-a-n-d-a-p-a-t-r-o-l-4/index.html","1","0","https://ronenglish-archive.github.io/ron-english-sketches-objects/images/Sketches/Objects/badges-and-patches/popaganda-patrol-4.jpg","OK","Ready."
"Objects","P O P a G a N D a P a T R O L 5","objects","badges-and-patches","Sketches\objects\badges-and-patches\p-o-p-a-g-a-n-d-a-p-a-t-r-o-l-5\index.html","https://ronenglish-archive.github.io/ron-english-sketches-objects/Sketches/objects/badges-and-patches/p-o-p-a-g-a-n-d-a-p-a-t-r-o-l-5/index.html","1","0","https://ronenglish-archive.github.io/ron-english-sketches-objects/images/Sketches/Objects/badges-and-patches/popaganda-patrol-5.jpg","OK","Ready."
"Objects","P O P a G a N D a P a T R O L 6","objects","badges-and-patches","Sketches\objects\badges-and-patches\p-o-p-a-g-a-n-d-a-p-a-t-r-o-l-6\index.html","https://ronenglish-archive.github.io/ron-english-sketches-objects/Sketches/objects/badges-and-patches/p-o-p-a-g-a-n-d-a-p-a-t-r-o-l-6/index.html","1","0","https://ronenglish-archive.github.io/ron-english-sketches-objects/images/Sketches/Objects/badges-and-patches/popaganda-patrol-6.jpg","OK","Ready."
"Objects","P O P a G a N D a P a T R O L 7","objects","badges-and-patches","Sketches\objects\badges-and-patches\p-o-p-a-g-a-n-d-a-p-a-t-r-o-l-7\index.html","https://ronenglish-archive.github.io/ron-english-sketches-objects/Sketches/objects/badges-and-patches/p-o-p-a-g-a-n-d-a-p-a-t-r-o-l-7/index.html","1","0","https://ronenglish-archive.github.io/ron-english-sketches-objects/images/Sketches/Objects/badges-and-patches/popaganda-patrol-7.jpg","OK","Ready."
"Objects","P O P a G a N D a P a T R O L 8","objects","badges-and-patches","Sketches\objects\badges-and-patches\p-o-p-a-g-a-n-d-a-p-a-t-r-o-l-8\index.html","https://ronenglish-archive.github.io/ron-english-sketches-objects/Sketches/objects/badges-and-patches/p-o-p-a-g-a-n-d-a-p-a-t-r-o-l-8/index.html","1","0","https://ronenglish-archive.github.io/ron-english-sketches-objects/images/Sketches/Objects/badges-and-patches/popaganda-patrol-8.jpg","OK","Ready."
"Objects","P O P a G a N D a P a T R O L 9","objects","badges-and-patches","Sketches\objects\badges-and-patches\p-o-p-a-g-a-n-d-a-p-a-t-r-o-l-9\index.html","https://ronenglish-archive.github.io/ron-english-sketches-objects/Sketches/objects/badges-and-patches/p-o-p-a-g-a-n-d-a-p-a-t-r-o-l-9/index.html","1","0","https://ronenglish-archive.github.io/ron-english-sketches-objects/images/Sketches/Objects/badges-and-patches/popaganda-patrol-9.jpg","OK","Ready."
"Objects","Starbucks","objects","badges-and-patches","Sketches\objects\badges-and-patches\starbucks\index.html","https://ronenglish-archive.github.io/ron-english-sketches-objects/Sketches/objects/badges-and-patches/starbucks/index.html","1","0","https://ronenglish-archive.github.io/ron-english-sketches-objects/images/Sketches/Objects/badges-and-patches/starbucks%20(2).jpg","OK","Ready."
"Objects","S T a R B U C K S","objects","badges-and-patches","Sketches\objects\badges-and-patches\s-t-a-r-b-u-c-k-s\index.html","https://ronenglish-archive.github.io/ron-english-sketches-objects/Sketches/objects/badges-and-patches/s-t-a-r-b-u-c-k-s/index.html","1","0","https://ronenglish-archive.github.io/ron-english-sketches-objects/images/Sketches/Objects/badges-and-patches/starbucks%20(2).jpg","OK","Ready."
"Objects","Starbucksflat.pdf","objects","badges-and-patches","Sketches\objects\badges-and-patches\starbucksflat-pdf\index.html","https://ronenglish-archive.github.io/ron-english-sketches-objects/Sketches/objects/badges-and-patches/starbucksflat-pdf/index.html","1","0","https://ronenglish-archive.github.io/ron-english-sketches-objects/images/Sketches/Objects/badges-and-patches/starbucksflat.pdf_1.jpg","OK","Ready."
"Objects","S T a R B U C K S F L a T.p D F","objects","badges-and-patches","Sketches\objects\badges-and-patches\s-t-a-r-b-u-c-k-s-f-l-a-t-p-d-f\index.html","https://ronenglish-archive.github.io/ron-english-sketches-objects/Sketches/objects/badges-and-patches/s-t-a-r-b-u-c-k-s-f-l-a-t-p-d-f/index.html","1","0","https://ronenglish-archive.github.io/ron-english-sketches-objects/images/Sketches/Objects/badges-and-patches/starbucksflat.pdf_1.jpg","OK","Ready."
"Objects","Starskull1","objects","badges-and-patches","Sketches\objects\badges-and-patches\starskull1\index.html","https://ronenglish-archive.github.io/ron-english-sketches-objects/Sketches/objects/badges-and-patches/starskull1/index.html","1","0","https://ronenglish-archive.github.io/ron-english-sketches-objects/images/Sketches/Objects/badges-and-patches/starskull1.jpg","OK","Ready."
"Objects","S T a R S K U L L1","objects","badges-and-patches","Sketches\objects\badges-and-patches\s-t-a-r-s-k-u-l-l1\index.html","https://ronenglish-archive.github.io/ron-english-sketches-objects/Sketches/objects/badges-and-patches/s-t-a-r-s-k-u-l-l1/index.html","1","0","https://ronenglish-archive.github.io/ron-english-sketches-objects/images/Sketches/Objects/badges-and-patches/starskull1.jpg","OK","Ready."
"Objects","Starskull3","objects","badges-and-patches","Sketches\objects\badges-and-patches\starskull3\index.html","https://ronenglish-archive.github.io/ron-english-sketches-objects/Sketches/objects/badges-and-patches/starskull3/index.html","1","0","https://ronenglish-archive.github.io/ron-english-sketches-objects/images/Sketches/Objects/badges-and-patches/starskull3.jpg","OK","Ready."
"Objects","S T a R S K U L L3","objects","badges-and-patches","Sketches\objects\badges-and-patches\s-t-a-r-s-k-u-l-l3\index.html","https://ronenglish-archive.github.io/ron-english-sketches-objects/Sketches/objects/badges-and-patches/s-t-a-r-s-k-u-l-l3/index.html","1","0","https://ronenglish-archive.github.io/ron-english-sketches-objects/images/Sketches/Objects/badges-and-patches/starskull3.jpg","OK","Ready."
"Objects","S T a R S K U L L B a S K E T B a L L","objects","badges-and-patches","Sketches\objects\badges-and-patches\s-t-a-r-s-k-u-l-l-b-a-s-k-e-t-b-a-l-l\index.html","https://ronenglish-archive.github.io/ron-english-sketches-objects/Sketches/objects/badges-and-patches/s-t-a-r-s-k-u-l-l-b-a-s-k-e-t-b-a-l-l/index.html","1","0","https://ronenglish-archive.github.io/ron-english-sketches-objects/images/Sketches/Objects/badges-and-patches/starskullbasketball.jpg","OK","Ready."
"Objects","Starskull Patch","objects","badges-and-patches","Sketches\objects\badges-and-patches\starskull-patch\index.html","https://ronenglish-archive.github.io/ron-english-sketches-objects/Sketches/objects/badges-and-patches/starskull-patch/index.html","5","0","https://ronenglish-archive.github.io/ron-english-sketches-objects/images/Sketches/Objects/badges-and-patches/STARSKULLpatch.jpg","OK","Ready."
"Objects","S T a R S K U L L P a T C H","objects","badges-and-patches","Sketches\objects\badges-and-patches\s-t-a-r-s-k-u-l-l-p-a-t-c-h\index.html","https://ronenglish-archive.github.io/ron-english-sketches-objects/Sketches/objects/badges-and-patches/s-t-a-r-s-k-u-l-l-p-a-t-c-h/index.html","1","0","https://ronenglish-archive.github.io/ron-english-sketches-objects/images/Sketches/Objects/badges-and-patches/STARSKULLpatch.jpg","OK","Ready."
"Objects","S T a R S K U L L P a T C H2","objects","badges-and-patches","Sketches\objects\badges-and-patches\s-t-a-r-s-k-u-l-l-p-a-t-c-h2\index.html","https://ronenglish-archive.github.io/ron-english-sketches-objects/Sketches/objects/badges-and-patches/s-t-a-r-s-k-u-l-l-p-a-t-c-h2/index.html","1","0","https://ronenglish-archive.github.io/ron-english-sketches-objects/images/Sketches/Objects/badges-and-patches/STARSKULLpatch2.jpg","OK","Ready."
"Objects","S T a R S K U L L P a T C H4","objects","badges-and-patches","Sketches\objects\badges-and-patches\s-t-a-r-s-k-u-l-l-p-a-t-c-h4\index.html","https://ronenglish-archive.github.io/ron-english-sketches-objects/Sketches/objects/badges-and-patches/s-t-a-r-s-k-u-l-l-p-a-t-c-h4/index.html","1","0","https://ronenglish-archive.github.io/ron-english-sketches-objects/images/Sketches/Objects/badges-and-patches/STARSKULLpatch4.jpg","OK","Ready."
"Objects","S T a R S K U L L P a T T E R N2","objects","badges-and-patches","Sketches\objects\badges-and-patches\s-t-a-r-s-k-u-l-l-p-a-t-t-e-r-n2\index.html","https://ronenglish-archive.github.io/ron-english-sketches-objects/Sketches/objects/badges-and-patches/s-t-a-r-s-k-u-l-l-p-a-t-t-e-r-n2/index.html","1","0","https://ronenglish-archive.github.io/ron-english-sketches-objects/images/Sketches/Objects/badges-and-patches/starskullpattern2.jpg","OK","Ready."
"Objects","Travel Stickers","objects","badges-and-patches","Sketches\objects\badges-and-patches\travel-stickers\index.html","https://ronenglish-archive.github.io/ron-english-sketches-objects/Sketches/objects/badges-and-patches/travel-stickers/index.html","6","0","https://ronenglish-archive.github.io/ron-english-sketches-objects/images/Sketches/Objects/badges-and-patches/travel_stickers-01.jpg","OK","Ready."
"Objects","T R a V E L S T I C K E R S 01","objects","badges-and-patches","Sketches\objects\badges-and-patches\t-r-a-v-e-l-s-t-i-c-k-e-r-s-01\index.html","https://ronenglish-archive.github.io/ron-english-sketches-objects/Sketches/objects/badges-and-patches/t-r-a-v-e-l-s-t-i-c-k-e-r-s-01/index.html","1","0","https://ronenglish-archive.github.io/ron-english-sketches-objects/images/Sketches/Objects/badges-and-patches/travel_stickers-01.jpg","OK","Ready."
"Objects","T R a V E L S T I C K E R S 02","objects","badges-and-patches","Sketches\objects\badges-and-patches\t-r-a-v-e-l-s-t-i-c-k-e-r-s-02\index.html","https://ronenglish-archive.github.io/ron-english-sketches-objects/Sketches/objects/badges-and-patches/t-r-a-v-e-l-s-t-i-c-k-e-r-s-02/index.html","1","0","https://ronenglish-archive.github.io/ron-english-sketches-objects/images/Sketches/Objects/badges-and-patches/travel_stickers-02.jpg","OK","Ready."
"Objects","T R a V E L S T I C K E R S 03","objects","badges-and-patches","Sketches\objects\badges-and-patches\t-r-a-v-e-l-s-t-i-c-k-e-r-s-03\index.html","https://ronenglish-archive.github.io/ron-english-sketches-objects/Sketches/objects/badges-and-patches/t-r-a-v-e-l-s-t-i-c-k-e-r-s-03/index.html","1","0","https://ronenglish-archive.github.io/ron-english-sketches-objects/images/Sketches/Objects/badges-and-patches/travel_stickers-03.jpg","OK","Ready."
"Objects","T R a V E L S T I C K E R S 04","objects","badges-and-patches","Sketches\objects\badges-and-patches\t-r-a-v-e-l-s-t-i-c-k-e-r-s-04\index.html","https://ronenglish-archive.github.io/ron-english-sketches-objects/Sketches/objects/badges-and-patches/t-r-a-v-e-l-s-t-i-c-k-e-r-s-04/index.html","1","0","https://ronenglish-archive.github.io/ron-english-sketches-objects/images/Sketches/Objects/badges-and-patches/travel_stickers-04.jpg","OK","Ready."
"Objects","T R a V E L S T I C K E R S 05","objects","badges-and-patches","Sketches\objects\badges-and-patches\t-r-a-v-e-l-s-t-i-c-k-e-r-s-05\index.html","https://ronenglish-archive.github.io/ron-english-sketches-objects/Sketches/objects/badges-and-patches/t-r-a-v-e-l-s-t-i-c-k-e-r-s-05/index.html","1","0","https://ronenglish-archive.github.io/ron-english-sketches-objects/images/Sketches/Objects/badges-and-patches/travel_stickers-05.jpg","OK","Ready."
"Objects","T R a V E L S T I C K E R S 06","objects","badges-and-patches","Sketches\objects\badges-and-patches\t-r-a-v-e-l-s-t-i-c-k-e-r-s-06\index.html","https://ronenglish-archive.github.io/ron-english-sketches-objects/Sketches/objects/badges-and-patches/t-r-a-v-e-l-s-t-i-c-k-e-r-s-06/index.html","1","0","https://ronenglish-archive.github.io/ron-english-sketches-objects/images/Sketches/Objects/badges-and-patches/travel_stickers-06.jpg","OK","Ready."
"Objects","Wingsgrinscolor","objects","badges-and-patches","Sketches\objects\badges-and-patches\wingsgrinscolor\index.html","https://ronenglish-archive.github.io/ron-english-sketches-objects/Sketches/objects/badges-and-patches/wingsgrinscolor/index.html","1","0","https://ronenglish-archive.github.io/ron-english-sketches-objects/images/Sketches/Objects/badges-and-patches/wingsgrinscolor.jpg","OK","Ready."
"Objects","W I N G S G R I N S C O L O R","objects","badges-and-patches","Sketches\objects\badges-and-patches\w-i-n-g-s-g-r-i-n-s-c-o-l-o-r\index.html","https://ronenglish-archive.github.io/ron-english-sketches-objects/Sketches/objects/badges-and-patches/w-i-n-g-s-g-r-i-n-s-c-o-l-o-r/index.html","1","0","https://ronenglish-archive.github.io/ron-english-sketches-objects/images/Sketches/Objects/badges-and-patches/wingsgrinscolor.jpg","OK","Ready."
"Objects","Yinyangbrainpatch","objects","badges-and-patches","Sketches\objects\badges-and-patches\yinyangbrainpatch\index.html","https://ronenglish-archive.github.io/ron-english-sketches-objects/Sketches/objects/badges-and-patches/yinyangbrainpatch/index.html","1","0","https://ronenglish-archive.github.io/ron-english-sketches-objects/images/Sketches/Objects/badges-and-patches/yinyangbrainpatch.jpg","OK","Ready."
"Objects","Y I N Y a N G B R a I N P a T C H","objects","badges-and-patches","Sketches\objects\badges-and-patches\y-i-n-y-a-n-g-b-r-a-i-n-p-a-t-c-h\index.html","https://ronenglish-archive.github.io/ron-english-sketches-objects/Sketches/objects/badges-and-patches/y-i-n-y-a-n-g-b-r-a-i-n-p-a-t-c-h/index.html","1","0","https://ronenglish-archive.github.io/ron-english-sketches-objects/images/Sketches/Objects/badges-and-patches/yinyangbrainpatch.jpg","OK","Ready."
"Objects","McDonalds Model","objects","buildings-and-structures","Sketches\objects\buildings-and-structures\mcdonaldsmodeldrawing\index.html","https://ronenglish-archive.github.io/ron-english-sketches-objects/Sketches/objects/buildings-and-structures/mcdonaldsmodeldrawing/index.html","1","0","https://ronenglish-archive.github.io/ron-english-sketches-objects/images/Sketches/Objects/buildings-and-structures/mcdonaldsmodeldrawing.jpg","OK","Ready."
"Objects","M C D O N a L D S M O D E L D R a W I N G","objects","buildings-and-structures","Sketches\objects\buildings-and-structures\m-c-d-o-n-a-l-d-s-m-o-d-e-l-d-r-a-w-i-n-g\index.html","https://ronenglish-archive.github.io/ron-english-sketches-objects/Sketches/objects/buildings-and-structures/m-c-d-o-n-a-l-d-s-m-o-d-e-l-d-r-a-w-i-n-g/index.html","1","0","https://ronenglish-archive.github.io/ron-english-sketches-objects/images/Sketches/Objects/buildings-and-structures/mcdonaldsmodeldrawing.jpg","OK","Ready."
"Objects","Piggy Bank","objects","buildings-and-structures","Sketches\objects\buildings-and-structures\piggy-bank\index.html","https://ronenglish-archive.github.io/ron-english-sketches-objects/Sketches/objects/buildings-and-structures/piggy-bank/index.html","1","0","https://ronenglish-archive.github.io/ron-english-sketches-objects/images/Sketches/Objects/buildings-and-structures/piggy%20bank.jpg","OK","Ready."
"Objects","P I G G Y B a N K","objects","buildings-and-structures","Sketches\objects\buildings-and-structures\p-i-g-g-y-b-a-n-k\index.html","https://ronenglish-archive.github.io/ron-english-sketches-objects/Sketches/objects/buildings-and-structures/p-i-g-g-y-b-a-n-k/index.html","1","0","https://ronenglish-archive.github.io/ron-english-sketches-objects/images/Sketches/Objects/buildings-and-structures/piggy%20bank.jpg","OK","Ready."
"Objects","Toilet Building","objects","buildings-and-structures","Sketches\objects\buildings-and-structures\toilet-building\index.html","https://ronenglish-archive.github.io/ron-english-sketches-objects/Sketches/objects/buildings-and-structures/toilet-building/index.html","2","0","https://ronenglish-archive.github.io/ron-english-sketches-objects/images/Sketches/Objects/buildings-and-structures/toilet%20building%202.jpg","OK","Ready."
"Objects","T O I L E T B U I L D I N G","objects","buildings-and-structures","Sketches\objects\buildings-and-structures\t-o-i-l-e-t-b-u-i-l-d-i-n-g\index.html","https://ronenglish-archive.github.io/ron-english-sketches-objects/Sketches/objects/buildings-and-structures/t-o-i-l-e-t-b-u-i-l-d-i-n-g/index.html","1","0","https://ronenglish-archive.github.io/ron-english-sketches-objects/images/Sketches/Objects/buildings-and-structures/toilet%20building%202.jpg","OK","Ready."
"Objects","T O I L E T B U L D I N G","objects","buildings-and-structures","Sketches\objects\buildings-and-structures\t-o-i-l-e-t-b-u-l-d-i-n-g\index.html","https://ronenglish-archive.github.io/ron-english-sketches-objects/Sketches/objects/buildings-and-structures/t-o-i-l-e-t-b-u-l-d-i-n-g/index.html","1","0","https://ronenglish-archive.github.io/ron-english-sketches-objects/images/Sketches/Objects/buildings-and-structures/toilet%20bulding.jpg","OK","Ready."
"Objects","A R T a T T a C K F L a T.p D F","objects","containers-and-household-objects","Sketches\objects\containers-and-household-objects\a-r-t-a-t-t-a-c-k-f-l-a-t-p-d-f\index.html","https://ronenglish-archive.github.io/ron-english-sketches-objects/Sketches/objects/containers-and-household-objects/a-r-t-a-t-t-a-c-k-f-l-a-t-p-d-f/index.html","1","0","https://ronenglish-archive.github.io/ron-english-sketches-objects/images/Sketches/Objects/containers-and-household-objects/ArtAttackFLAT.pdf_1.jpg","OK","Ready."
"Objects","Beer","objects","containers-and-household-objects","Sketches\objects\containers-and-household-objects\beer\index.html","https://ronenglish-archive.github.io/ron-english-sketches-objects/Sketches/objects/containers-and-household-objects/beer/index.html","1","0","https://ronenglish-archive.github.io/ron-english-sketches-objects/images/Sketches/Objects/containers-and-household-objects/beer.jpg","OK","Ready."
"Objects","B E E R","objects","containers-and-household-objects","Sketches\objects\containers-and-household-objects\b-e-e-r\index.html","https://ronenglish-archive.github.io/ron-english-sketches-objects/Sketches/objects/containers-and-household-objects/b-e-e-r/index.html","1","0","https://ronenglish-archive.github.io/ron-english-sketches-objects/images/Sketches/Objects/containers-and-household-objects/beer.jpg","OK","Ready."
"Objects","Beer Glass Hand","objects","containers-and-household-objects","Sketches\objects\containers-and-household-objects\beer-glass-hand\index.html","https://ronenglish-archive.github.io/ron-english-sketches-objects/Sketches/objects/containers-and-household-objects/beer-glass-hand/index.html","1","0","https://ronenglish-archive.github.io/ron-english-sketches-objects/images/Sketches/Objects/containers-and-household-objects/beer%20glass%20hand.jpg","OK","Ready."
"Objects","B E E R G L a S S H a N D","objects","containers-and-household-objects","Sketches\objects\containers-and-household-objects\b-e-e-r-g-l-a-s-s-h-a-n-d\index.html","https://ronenglish-archive.github.io/ron-english-sketches-objects/Sketches/objects/containers-and-household-objects/b-e-e-r-g-l-a-s-s-h-a-n-d/index.html","1","0","https://ronenglish-archive.github.io/ron-english-sketches-objects/images/Sketches/Objects/containers-and-household-objects/beer%20glass%20hand.jpg","OK","Ready."
"Objects","B I G G E N I U S F L a T.p D F","objects","containers-and-household-objects","Sketches\objects\containers-and-household-objects\b-i-g-g-e-n-i-u-s-f-l-a-t-p-d-f\index.html","https://ronenglish-archive.github.io/ron-english-sketches-objects/Sketches/objects/containers-and-household-objects/b-i-g-g-e-n-i-u-s-f-l-a-t-p-d-f/index.html","1","0","https://ronenglish-archive.github.io/ron-english-sketches-objects/images/Sketches/Objects/containers-and-household-objects/BigGeniusFLAT.pdf_1.jpg","OK","Ready."
"Objects","B L U E F L U S H F L a T.p D F","objects","containers-and-household-objects","Sketches\objects\containers-and-household-objects\b-l-u-e-f-l-u-s-h-f-l-a-t-p-d-f\index.html","https://ronenglish-archive.github.io/ron-english-sketches-objects/Sketches/objects/containers-and-household-objects/b-l-u-e-f-l-u-s-h-f-l-a-t-p-d-f/index.html","1","0","https://ronenglish-archive.github.io/ron-english-sketches-objects/images/Sketches/Objects/containers-and-household-objects/BlueFlushFLAT.pdf_1.jpg","OK","Ready."
"Objects","B R a I N S T O R M F L a T.p D F","objects","containers-and-household-objects","Sketches\objects\containers-and-household-objects\b-r-a-i-n-s-t-o-r-m-f-l-a-t-p-d-f\index.html","https://ronenglish-archive.github.io/ron-english-sketches-objects/Sketches/objects/containers-and-household-objects/b-r-a-i-n-s-t-o-r-m-f-l-a-t-p-d-f/index.html","1","0","https://ronenglish-archive.github.io/ron-english-sketches-objects/images/Sketches/Objects/containers-and-household-objects/BrainStormFLAT.pdf_1.jpg","OK","Ready."
"Objects","Call Me","objects","containers-and-household-objects","Sketches\objects\containers-and-household-objects\call-me\index.html","https://ronenglish-archive.github.io/ron-english-sketches-objects/Sketches/objects/containers-and-household-objects/call-me/index.html","1","0","https://ronenglish-archive.github.io/ron-english-sketches-objects/images/Sketches/Objects/containers-and-household-objects/call%20me.jpg","OK","Ready."
"Objects","C a L L M E","objects","containers-and-household-objects","Sketches\objects\containers-and-household-objects\c-a-l-l-m-e\index.html","https://ronenglish-archive.github.io/ron-english-sketches-objects/Sketches/objects/containers-and-household-objects/c-a-l-l-m-e/index.html","1","0","https://ronenglish-archive.github.io/ron-english-sketches-objects/images/Sketches/Objects/containers-and-household-objects/call%20me.jpg","OK","Ready."
"Objects","Cigarettes","objects","containers-and-household-objects","Sketches\objects\containers-and-household-objects\cigarettes\index.html","https://ronenglish-archive.github.io/ron-english-sketches-objects/Sketches/objects/containers-and-household-objects/cigarettes/index.html","1","0","https://ronenglish-archive.github.io/ron-english-sketches-objects/images/Sketches/Objects/containers-and-household-objects/cigarettes.jpg","OK","Ready."
"Objects","C I G a R E T T E S","objects","containers-and-household-objects","Sketches\objects\containers-and-household-objects\c-i-g-a-r-e-t-t-e-s\index.html","https://ronenglish-archive.github.io/ron-english-sketches-objects/Sketches/objects/containers-and-household-objects/c-i-g-a-r-e-t-t-e-s/index.html","1","0","https://ronenglish-archive.github.io/ron-english-sketches-objects/images/Sketches/Objects/containers-and-household-objects/cigarettes.jpg","OK","Ready."
"Objects","C R I T I C P R O O F F L a T.p D F","objects","containers-and-household-objects","Sketches\objects\containers-and-household-objects\c-r-i-t-i-c-p-r-o-o-f-f-l-a-t-p-d-f\index.html","https://ronenglish-archive.github.io/ron-english-sketches-objects/Sketches/objects/containers-and-household-objects/c-r-i-t-i-c-p-r-o-o-f-f-l-a-t-p-d-f/index.html","1","0","https://ronenglish-archive.github.io/ron-english-sketches-objects/images/Sketches/Objects/containers-and-household-objects/CriticProofFLAT.pdf_1.jpg","OK","Ready."
"Objects","H a L F H O G F L a T.p D F","objects","containers-and-household-objects","Sketches\objects\containers-and-household-objects\h-a-l-f-h-o-g-f-l-a-t-p-d-f\index.html","https://ronenglish-archive.github.io/ron-english-sketches-objects/Sketches/objects/containers-and-household-objects/h-a-l-f-h-o-g-f-l-a-t-p-d-f/index.html","1","0","https://ronenglish-archive.github.io/ron-english-sketches-objects/images/Sketches/Objects/containers-and-household-objects/HalfHogFLAT.pdf_1.jpg","OK","Ready."
"Objects","H a P P Y Y E L L O W F L a T.p D F","objects","containers-and-household-objects","Sketches\objects\containers-and-household-objects\h-a-p-p-y-y-e-l-l-o-w-f-l-a-t-p-d-f\index.html","https://ronenglish-archive.github.io/ron-english-sketches-objects/Sketches/objects/containers-and-household-objects/h-a-p-p-y-y-e-l-l-o-w-f-l-a-t-p-d-f/index.html","1","0","https://ronenglish-archive.github.io/ron-english-sketches-objects/images/Sketches/Objects/containers-and-household-objects/HappyYellowFLAT.pdf_1.jpg","OK","Ready."
"Objects","Lamphands","objects","containers-and-household-objects","Sketches\objects\containers-and-household-objects\lamphands\index.html","https://ronenglish-archive.github.io/ron-english-sketches-objects/Sketches/objects/containers-and-household-objects/lamphands/index.html","2","0","https://ronenglish-archive.github.io/ron-english-sketches-objects/images/Sketches/Objects/containers-and-household-objects/lamphands-01.jpg","OK","Ready."
"Objects","L a M P H a N D S 01","objects","containers-and-household-objects","Sketches\objects\containers-and-household-objects\l-a-m-p-h-a-n-d-s-01\index.html","https://ronenglish-archive.github.io/ron-english-sketches-objects/Sketches/objects/containers-and-household-objects/l-a-m-p-h-a-n-d-s-01/index.html","1","0","https://ronenglish-archive.github.io/ron-english-sketches-objects/images/Sketches/Objects/containers-and-household-objects/lamphands-01.jpg","OK","Ready."
"Objects","L a M P H a N D S 02","objects","containers-and-household-objects","Sketches\objects\containers-and-household-objects\l-a-m-p-h-a-n-d-s-02\index.html","https://ronenglish-archive.github.io/ron-english-sketches-objects/Sketches/objects/containers-and-household-objects/l-a-m-p-h-a-n-d-s-02/index.html","1","0","https://ronenglish-archive.github.io/ron-english-sketches-objects/images/Sketches/Objects/containers-and-household-objects/lamphands-02.jpg","OK","Ready."
"Objects","Lemonboy 04","objects","containers-and-household-objects","Sketches\objects\containers-and-household-objects\lemonboy-04\index.html","https://ronenglish-archive.github.io/ron-english-sketches-objects/Sketches/objects/containers-and-household-objects/lemonboy-04/index.html","1","0","https://ronenglish-archive.github.io/ron-english-sketches-objects/images/Sketches/Objects/containers-and-household-objects/lemonboy-04.jpg","OK","Ready."
"Objects","L E M O N B O Y 04","objects","containers-and-household-objects","Sketches\objects\containers-and-household-objects\l-e-m-o-n-b-o-y-04\index.html","https://ronenglish-archive.github.io/ron-english-sketches-objects/Sketches/objects/containers-and-household-objects/l-e-m-o-n-b-o-y-04/index.html","1","0","https://ronenglish-archive.github.io/ron-english-sketches-objects/images/Sketches/Objects/containers-and-household-objects/lemonboy-04.jpg","OK","Ready."
"Objects","Lightning Bottle","objects","containers-and-household-objects","Sketches\objects\containers-and-household-objects\lightning-bottle\index.html","https://ronenglish-archive.github.io/ron-english-sketches-objects/Sketches/objects/containers-and-household-objects/lightning-bottle/index.html","3","0","https://ronenglish-archive.github.io/ron-english-sketches-objects/images/Sketches/Objects/containers-and-household-objects/lightning%20bottle%201.jpg","OK","Ready."
"Objects","L I G H T N I N G B O T T L E","objects","containers-and-household-objects","Sketches\objects\containers-and-household-objects\l-i-g-h-t-n-i-n-g-b-o-t-t-l-e\index.html","https://ronenglish-archive.github.io/ron-english-sketches-objects/Sketches/objects/containers-and-household-objects/l-i-g-h-t-n-i-n-g-b-o-t-t-l-e/index.html","3","0","https://ronenglish-archive.github.io/ron-english-sketches-objects/images/Sketches/Objects/containers-and-household-objects/lightning%20bottle%201.jpg","OK","Ready."
"Objects","Spray Paint","objects","containers-and-household-objects","Sketches\objects\containers-and-household-objects\spray-paint\index.html","https://ronenglish-archive.github.io/ron-english-sketches-objects/Sketches/objects/containers-and-household-objects/spray-paint/index.html","9","0","https://ronenglish-archive.github.io/ron-english-sketches-objects/images/Sketches/Objects/containers-and-household-objects/ArtAttackFLAT.pdf_1.jpg","OK","Ready."
"Objects","S P R a Y P a I N T","objects","containers-and-household-objects","Sketches\objects\containers-and-household-objects\s-p-r-a-y-p-a-i-n-t\index.html","https://ronenglish-archive.github.io/ron-english-sketches-objects/Sketches/objects/containers-and-household-objects/s-p-r-a-y-p-a-i-n-t/index.html","1","0","https://ronenglish-archive.github.io/ron-english-sketches-objects/images/Sketches/Objects/containers-and-household-objects/spraypaint.jpg","OK","Ready."
"Objects","S T U B B O R N R a I N B O W F L a T.p D F","objects","containers-and-household-objects","Sketches\objects\containers-and-household-objects\s-t-u-b-b-o-r-n-r-a-i-n-b-o-w-f-l-a-t-p-d-f\index.html","https://ronenglish-archive.github.io/ron-english-sketches-objects/Sketches/objects/containers-and-household-objects/s-t-u-b-b-o-r-n-r-a-i-n-b-o-w-f-l-a-t-p-d-f/index.html","1","0","https://ronenglish-archive.github.io/ron-english-sketches-objects/images/Sketches/Objects/containers-and-household-objects/StubbornRainbowFLAT.pdf_1.jpg","OK","Ready."
"Objects","Vape Pen Design","objects","containers-and-household-objects","Sketches\objects\containers-and-household-objects\vape-pen-design\index.html","https://ronenglish-archive.github.io/ron-english-sketches-objects/Sketches/objects/containers-and-household-objects/vape-pen-design/index.html","1","0","https://ronenglish-archive.github.io/ron-english-sketches-objects/images/Sketches/Objects/containers-and-household-objects/vape%20pen%20design.jpg","OK","Ready."
"Objects","V a P E P E N D E S I G N","objects","containers-and-household-objects","Sketches\objects\containers-and-household-objects\v-a-p-e-p-e-n-d-e-s-i-g-n\index.html","https://ronenglish-archive.github.io/ron-english-sketches-objects/Sketches/objects/containers-and-household-objects/v-a-p-e-p-e-n-d-e-s-i-g-n/index.html","1","0","https://ronenglish-archive.github.io/ron-english-sketches-objects/images/Sketches/Objects/containers-and-household-objects/vape%20pen%20design.jpg","OK","Ready."
"Objects","Weedbucksmug","objects","containers-and-household-objects","Sketches\objects\containers-and-household-objects\weedbucksmug\index.html","https://ronenglish-archive.github.io/ron-english-sketches-objects/Sketches/objects/containers-and-household-objects/weedbucksmug/index.html","1","0","https://ronenglish-archive.github.io/ron-english-sketches-objects/images/Sketches/Objects/containers-and-household-objects/weedbucksmug.jpg","OK","Ready."
"Objects","W E E D B U C K S M U G","objects","containers-and-household-objects","Sketches\objects\containers-and-household-objects\w-e-e-d-b-u-c-k-s-m-u-g\index.html","https://ronenglish-archive.github.io/ron-english-sketches-objects/Sketches/objects/containers-and-household-objects/w-e-e-d-b-u-c-k-s-m-u-g/index.html","1","0","https://ronenglish-archive.github.io/ron-english-sketches-objects/images/Sketches/Objects/containers-and-household-objects/weedbucksmug.jpg","OK","Ready."
"Objects","Weedicream","objects","containers-and-household-objects","Sketches\objects\containers-and-household-objects\weedicream\index.html","https://ronenglish-archive.github.io/ron-english-sketches-objects/Sketches/objects/containers-and-household-objects/weedicream/index.html","1","0","https://ronenglish-archive.github.io/ron-english-sketches-objects/images/Sketches/Objects/containers-and-household-objects/weedicream.jpg","OK","Ready."
"Objects","W E E D I C R E a M","objects","containers-and-household-objects","Sketches\objects\containers-and-household-objects\w-e-e-d-i-c-r-e-a-m\index.html","https://ronenglish-archive.github.io/ron-english-sketches-objects/Sketches/objects/containers-and-household-objects/w-e-e-d-i-c-r-e-a-m/index.html","1","0","https://ronenglish-archive.github.io/ron-english-sketches-objects/images/Sketches/Objects/containers-and-household-objects/weedicream.jpg","OK","Ready."
"Objects","Banana","objects","food-items","Sketches\objects\food-items\banana\index.html","https://ronenglish-archive.github.io/ron-english-sketches-objects/Sketches/objects/food-items/banana/index.html","1","0","https://ronenglish-archive.github.io/ron-english-sketches-objects/images/Sketches/Objects/food-items/banana.jpg","OK","Ready."
"Objects","B a N a N a","objects","food-items","Sketches\objects\food-items\b-a-n-a-n-a\index.html","https://ronenglish-archive.github.io/ron-english-sketches-objects/Sketches/objects/food-items/b-a-n-a-n-a/index.html","1","0","https://ronenglish-archive.github.io/ron-english-sketches-objects/images/Sketches/Objects/food-items/banana.jpg","OK","Ready."
"Objects","Banana Zipper","objects","food-items","Sketches\objects\food-items\banana-zipper\index.html","https://ronenglish-archive.github.io/ron-english-sketches-objects/Sketches/objects/food-items/banana-zipper/index.html","1","0","https://ronenglish-archive.github.io/ron-english-sketches-objects/images/Sketches/Objects/food-items/banana%20zipper.jpg","OK","Ready."
"Objects","B a N a N a Z I P P E R","objects","food-items","Sketches\objects\food-items\b-a-n-a-n-a-z-i-p-p-e-r\index.html","https://ronenglish-archive.github.io/ron-english-sketches-objects/Sketches/objects/food-items/b-a-n-a-n-a-z-i-p-p-e-r/index.html","1","0","https://ronenglish-archive.github.io/ron-english-sketches-objects/images/Sketches/Objects/food-items/banana%20zipper.jpg","OK","Ready."
"Objects","Banana Frame","objects","frames-and-display-objects","Sketches\objects\frames-and-display-objects\banana-frame\index.html","https://ronenglish-archive.github.io/ron-english-sketches-objects/Sketches/objects/frames-and-display-objects/banana-frame/index.html","1","0","https://ronenglish-archive.github.io/ron-english-sketches-objects/images/Sketches/Objects/frames-and-display-objects/banana_frame.jpg","OK","Ready."
"Objects","B a N a N a F R a M E","objects","frames-and-display-objects","Sketches\objects\frames-and-display-objects\b-a-n-a-n-a-f-r-a-m-e\index.html","https://ronenglish-archive.github.io/ron-english-sketches-objects/Sketches/objects/frames-and-display-objects/b-a-n-a-n-a-f-r-a-m-e/index.html","1","0","https://ronenglish-archive.github.io/ron-english-sketches-objects/images/Sketches/Objects/frames-and-display-objects/banana_frame.jpg","OK","Ready."
"Objects","Frame 1","objects","frames-and-display-objects","Sketches\objects\frames-and-display-objects\frame1\index.html","https://ronenglish-archive.github.io/ron-english-sketches-objects/Sketches/objects/frames-and-display-objects/frame1/index.html","1","0","https://ronenglish-archive.github.io/ron-english-sketches-objects/images/Sketches/Objects/frames-and-display-objects/frame1.jpg","OK","Ready."
"Objects","F R a M E1","objects","frames-and-display-objects","Sketches\objects\frames-and-display-objects\f-r-a-m-e1\index.html","https://ronenglish-archive.github.io/ron-english-sketches-objects/Sketches/objects/frames-and-display-objects/f-r-a-m-e1/index.html","1","0","https://ronenglish-archive.github.io/ron-english-sketches-objects/images/Sketches/Objects/frames-and-display-objects/frame1.jpg","OK","Ready."
"Objects","Frame Pattern","objects","frames-and-display-objects","Sketches\objects\frames-and-display-objects\frame-pattern\index.html","https://ronenglish-archive.github.io/ron-english-sketches-objects/Sketches/objects/frames-and-display-objects/frame-pattern/index.html","1","0","https://ronenglish-archive.github.io/ron-english-sketches-objects/images/Sketches/Objects/frames-and-display-objects/frame%20pattern.jpg","OK","Ready."
"Objects","F R a M E P a T T E R N","objects","frames-and-display-objects","Sketches\objects\frames-and-display-objects\f-r-a-m-e-p-a-t-t-e-r-n\index.html","https://ronenglish-archive.github.io/ron-english-sketches-objects/Sketches/objects/frames-and-display-objects/f-r-a-m-e-p-a-t-t-e-r-n/index.html","1","0","https://ronenglish-archive.github.io/ron-english-sketches-objects/images/Sketches/Objects/frames-and-display-objects/frame%20pattern.jpg","OK","Ready."
"Objects","Cow Chair","objects","furniture-fixtures-and-appliances","Sketches\objects\furniture-fixtures-and-appliances\cow-chair\index.html","https://ronenglish-archive.github.io/ron-english-sketches-objects/Sketches/objects/furniture-fixtures-and-appliances/cow-chair/index.html","2","0","https://ronenglish-archive.github.io/ron-english-sketches-objects/images/Sketches/Objects/furniture-fixtures-and-appliances/cowchairfront.jpg","OK","Ready."
"Objects","C O W C H a I R F R O N T","objects","furniture-fixtures-and-appliances","Sketches\objects\furniture-fixtures-and-appliances\c-o-w-c-h-a-i-r-f-r-o-n-t\index.html","https://ronenglish-archive.github.io/ron-english-sketches-objects/Sketches/objects/furniture-fixtures-and-appliances/c-o-w-c-h-a-i-r-f-r-o-n-t/index.html","1","0","https://ronenglish-archive.github.io/ron-english-sketches-objects/images/Sketches/Objects/furniture-fixtures-and-appliances/cowchairfront.jpg","OK","Ready."
"Objects","C O W C H a I R S I D E","objects","furniture-fixtures-and-appliances","Sketches\objects\furniture-fixtures-and-appliances\c-o-w-c-h-a-i-r-s-i-d-e\index.html","https://ronenglish-archive.github.io/ron-english-sketches-objects/Sketches/objects/furniture-fixtures-and-appliances/c-o-w-c-h-a-i-r-s-i-d-e/index.html","1","0","https://ronenglish-archive.github.io/ron-english-sketches-objects/images/Sketches/Objects/furniture-fixtures-and-appliances/cowchairside.jpg","OK","Ready."
"Objects","Dripping Fawcet","objects","furniture-fixtures-and-appliances","Sketches\objects\furniture-fixtures-and-appliances\dripping-fawcet\index.html","https://ronenglish-archive.github.io/ron-english-sketches-objects/Sketches/objects/furniture-fixtures-and-appliances/dripping-fawcet/index.html","1","0","https://ronenglish-archive.github.io/ron-english-sketches-objects/images/Sketches/Objects/furniture-fixtures-and-appliances/dripping%20fawcet.jpg","OK","Ready."
"Objects","D R I P P I N G F a W C E T","objects","furniture-fixtures-and-appliances","Sketches\objects\furniture-fixtures-and-appliances\d-r-i-p-p-i-n-g-f-a-w-c-e-t\index.html","https://ronenglish-archive.github.io/ron-english-sketches-objects/Sketches/objects/furniture-fixtures-and-appliances/d-r-i-p-p-i-n-g-f-a-w-c-e-t/index.html","1","0","https://ronenglish-archive.github.io/ron-english-sketches-objects/images/Sketches/Objects/furniture-fixtures-and-appliances/dripping%20fawcet.jpg","OK","Ready."
"Objects","D U D E B O X P L a T F O R M T V","objects","furniture-fixtures-and-appliances","Sketches\objects\furniture-fixtures-and-appliances\d-u-d-e-b-o-x-p-l-a-t-f-o-r-m-t-v\index.html","https://ronenglish-archive.github.io/ron-english-sketches-objects/Sketches/objects/furniture-fixtures-and-appliances/d-u-d-e-b-o-x-p-l-a-t-f-o-r-m-t-v/index.html","1","0","https://ronenglish-archive.github.io/ron-english-sketches-objects/images/Sketches/Objects/furniture-fixtures-and-appliances/dudebox%20platform%20tv%20head.jpg","OK","Ready."
"Objects","Electric Chair","objects","furniture-fixtures-and-appliances","Sketches\objects\furniture-fixtures-and-appliances\electric-chair\index.html","https://ronenglish-archive.github.io/ron-english-sketches-objects/Sketches/objects/furniture-fixtures-and-appliances/electric-chair/index.html","1","0","https://ronenglish-archive.github.io/ron-english-sketches-objects/images/Sketches/Objects/furniture-fixtures-and-appliances/electric%20chair.jpg","OK","Ready."
"Objects","E L E C T R I C C H a I R","objects","furniture-fixtures-and-appliances","Sketches\objects\furniture-fixtures-and-appliances\e-l-e-c-t-r-i-c-c-h-a-i-r\index.html","https://ronenglish-archive.github.io/ron-english-sketches-objects/Sketches/objects/furniture-fixtures-and-appliances/e-l-e-c-t-r-i-c-c-h-a-i-r/index.html","1","0","https://ronenglish-archive.github.io/ron-english-sketches-objects/images/Sketches/Objects/furniture-fixtures-and-appliances/electric%20chair.jpg","OK","Ready."
"Objects","Fireplace","objects","furniture-fixtures-and-appliances","Sketches\objects\furniture-fixtures-and-appliances\fireplace\index.html","https://ronenglish-archive.github.io/ron-english-sketches-objects/Sketches/objects/furniture-fixtures-and-appliances/fireplace/index.html","1","0","https://ronenglish-archive.github.io/ron-english-sketches-objects/images/Sketches/Objects/furniture-fixtures-and-appliances/fireplace.jpg","OK","Ready."
"Objects","F I R E P L a C E","objects","furniture-fixtures-and-appliances","Sketches\objects\furniture-fixtures-and-appliances\f-i-r-e-p-l-a-c-e\index.html","https://ronenglish-archive.github.io/ron-english-sketches-objects/Sketches/objects/furniture-fixtures-and-appliances/f-i-r-e-p-l-a-c-e/index.html","1","0","https://ronenglish-archive.github.io/ron-english-sketches-objects/images/Sketches/Objects/furniture-fixtures-and-appliances/fireplace.jpg","OK","Ready."
"Objects","Heartfan","objects","furniture-fixtures-and-appliances","Sketches\objects\furniture-fixtures-and-appliances\heartfan\index.html","https://ronenglish-archive.github.io/ron-english-sketches-objects/Sketches/objects/furniture-fixtures-and-appliances/heartfan/index.html","3","0","https://ronenglish-archive.github.io/ron-english-sketches-objects/images/Sketches/Objects/furniture-fixtures-and-appliances/heartfan-01.jpg","OK","Ready."
"Objects","H E a R T F a N 01","objects","furniture-fixtures-and-appliances","Sketches\objects\furniture-fixtures-and-appliances\h-e-a-r-t-f-a-n-01\index.html","https://ronenglish-archive.github.io/ron-english-sketches-objects/Sketches/objects/furniture-fixtures-and-appliances/h-e-a-r-t-f-a-n-01/index.html","1","0","https://ronenglish-archive.github.io/ron-english-sketches-objects/images/Sketches/Objects/furniture-fixtures-and-appliances/heartfan-01.jpg","OK","Ready."
"Objects","H E a R T F a N 02","objects","furniture-fixtures-and-appliances","Sketches\objects\furniture-fixtures-and-appliances\h-e-a-r-t-f-a-n-02\index.html","https://ronenglish-archive.github.io/ron-english-sketches-objects/Sketches/objects/furniture-fixtures-and-appliances/h-e-a-r-t-f-a-n-02/index.html","1","0","https://ronenglish-archive.github.io/ron-english-sketches-objects/images/Sketches/Objects/furniture-fixtures-and-appliances/heartfan-02.jpg","OK","Ready."
"Objects","H E a R T F a N 03","objects","furniture-fixtures-and-appliances","Sketches\objects\furniture-fixtures-and-appliances\h-e-a-r-t-f-a-n-03\index.html","https://ronenglish-archive.github.io/ron-english-sketches-objects/Sketches/objects/furniture-fixtures-and-appliances/h-e-a-r-t-f-a-n-03/index.html","1","0","https://ronenglish-archive.github.io/ron-english-sketches-objects/images/Sketches/Objects/furniture-fixtures-and-appliances/heartfan-03.jpg","OK","Ready."
"Objects","Monkey Crib","objects","furniture-fixtures-and-appliances","Sketches\objects\furniture-fixtures-and-appliances\monkey-crib\index.html","https://ronenglish-archive.github.io/ron-english-sketches-objects/Sketches/objects/furniture-fixtures-and-appliances/monkey-crib/index.html","2","0","https://ronenglish-archive.github.io/ron-english-sketches-objects/images/Sketches/Objects/furniture-fixtures-and-appliances/monkey%20crib.jpg","OK","Ready."
"Objects","M O N K E Y C R I B","objects","furniture-fixtures-and-appliances","Sketches\objects\furniture-fixtures-and-appliances\m-o-n-k-e-y-c-r-i-b\index.html","https://ronenglish-archive.github.io/ron-english-sketches-objects/Sketches/objects/furniture-fixtures-and-appliances/m-o-n-k-e-y-c-r-i-b/index.html","1","0","https://ronenglish-archive.github.io/ron-english-sketches-objects/images/Sketches/Objects/furniture-fixtures-and-appliances/monkey%20crib.jpg","OK","Ready."
"Objects","M O N K E Y C R I B N a T I V I T Y","objects","furniture-fixtures-and-appliances","Sketches\objects\furniture-fixtures-and-appliances\m-o-n-k-e-y-c-r-i-b-n-a-t-i-v-i-t-y\index.html","https://ronenglish-archive.github.io/ron-english-sketches-objects/Sketches/objects/furniture-fixtures-and-appliances/m-o-n-k-e-y-c-r-i-b-n-a-t-i-v-i-t-y/index.html","1","0","https://ronenglish-archive.github.io/ron-english-sketches-objects/images/Sketches/Objects/furniture-fixtures-and-appliances/monkey%20crib%20nativity.jpg","OK","Ready."
"Objects","P O T a T O R a B B B I T's C O U C H","objects","furniture-fixtures-and-appliances","Sketches\objects\furniture-fixtures-and-appliances\p-o-t-a-t-o-r-a-b-b-b-i-ts-c-o-u-c-h\index.html","https://ronenglish-archive.github.io/ron-english-sketches-objects/Sketches/objects/furniture-fixtures-and-appliances/p-o-t-a-t-o-r-a-b-b-b-i-ts-c-o-u-c-h/index.html","0","0","","REVIEW","No image references found."
"Objects","Potato's Couch","objects","furniture-fixtures-and-appliances","Sketches\objects\furniture-fixtures-and-appliances\potato-s-couch\index.html","https://ronenglish-archive.github.io/ron-english-sketches-objects/Sketches/objects/furniture-fixtures-and-appliances/potato-s-couch/index.html","0","0","","REVIEW","No image references found."
"Objects","P O T a T O's C O U C H","objects","furniture-fixtures-and-appliances","Sketches\objects\furniture-fixtures-and-appliances\p-o-t-a-t-os-c-o-u-c-h\index.html","https://ronenglish-archive.github.io/ron-english-sketches-objects/Sketches/objects/furniture-fixtures-and-appliances/p-o-t-a-t-os-c-o-u-c-h/index.html","0","0","","REVIEW","No image references found."
"Objects","Toilet","objects","furniture-fixtures-and-appliances","Sketches\objects\furniture-fixtures-and-appliances\toilet\index.html","https://ronenglish-archive.github.io/ron-english-sketches-objects/Sketches/objects/furniture-fixtures-and-appliances/toilet/index.html","5","0","https://ronenglish-archive.github.io/ron-english-sketches-objects/images/Sketches/Objects/furniture-fixtures-and-appliances/toilet%20(2).jpg","OK","Ready."
"Objects","T O I L E T","objects","furniture-fixtures-and-appliances","Sketches\objects\furniture-fixtures-and-appliances\t-o-i-l-e-t\index.html","https://ronenglish-archive.github.io/ron-english-sketches-objects/Sketches/objects/furniture-fixtures-and-appliances/t-o-i-l-e-t/index.html","3","0","https://ronenglish-archive.github.io/ron-english-sketches-objects/images/Sketches/Objects/furniture-fixtures-and-appliances/toilet%20(2).jpg","OK","Ready."
"Objects","T O I L E T P I P E","objects","furniture-fixtures-and-appliances","Sketches\objects\furniture-fixtures-and-appliances\t-o-i-l-e-t-p-i-p-e\index.html","https://ronenglish-archive.github.io/ron-english-sketches-objects/Sketches/objects/furniture-fixtures-and-appliances/t-o-i-l-e-t-p-i-p-e/index.html","2","0","https://ronenglish-archive.github.io/ron-english-sketches-objects/images/Sketches/Objects/furniture-fixtures-and-appliances/toilet_pipe%20png.jpg","OK","Ready."
"Objects","TV","objects","furniture-fixtures-and-appliances","Sketches\objects\furniture-fixtures-and-appliances\tv\index.html","https://ronenglish-archive.github.io/ron-english-sketches-objects/Sketches/objects/furniture-fixtures-and-appliances/tv/index.html","2","0","https://ronenglish-archive.github.io/ron-english-sketches-objects/images/Sketches/Objects/furniture-fixtures-and-appliances/dudebox%20platform%20tv%20head.jpg","OK","Ready."
"Objects","T V","objects","furniture-fixtures-and-appliances","Sketches\objects\furniture-fixtures-and-appliances\t-v\index.html","https://ronenglish-archive.github.io/ron-english-sketches-objects/Sketches/objects/furniture-fixtures-and-appliances/t-v/index.html","1","0","https://ronenglish-archive.github.io/ron-english-sketches-objects/images/Sketches/Objects/furniture-fixtures-and-appliances/tv.jpg","OK","Ready."
"Objects","Globe","objects","geography-maps-and-globes","Sketches\objects\geography-maps-and-globes\globe\index.html","https://ronenglish-archive.github.io/ron-english-sketches-objects/Sketches/objects/geography-maps-and-globes/globe/index.html","5","0","https://ronenglish-archive.github.io/ron-english-sketches-objects/images/Sketches/Objects/geography-maps-and-globes/globe%202.jpg","OK","Ready."
"Objects","Maps","objects","geography-maps-and-globes","Sketches\objects\geography-maps-and-globes\maps\index.html","https://ronenglish-archive.github.io/ron-english-sketches-objects/Sketches/objects/geography-maps-and-globes/maps/index.html","3","0","https://ronenglish-archive.github.io/ron-english-sketches-objects/images/Sketches/Objects/geography-maps-and-globes/map%20americas.jpg","OK","Ready."
"Objects","Light Bulb Grenade","objects","lighting-electricity-and-lamps","Sketches\objects\lighting-electricity-and-lamps\light-bulb-grenade\index.html","https://ronenglish-archive.github.io/ron-english-sketches-objects/Sketches/objects/lighting-electricity-and-lamps/light-bulb-grenade/index.html","1","0","https://ronenglish-archive.github.io/ron-english-sketches-objects/images/Sketches/Objects/lighting-electricity-and-lamps/light%20bulb%20grenade.jpg","OK","Ready."
"Objects","L I G H T B U L B G R E N a D E","objects","lighting-electricity-and-lamps","Sketches\objects\lighting-electricity-and-lamps\l-i-g-h-t-b-u-l-b-g-r-e-n-a-d-e\index.html","https://ronenglish-archive.github.io/ron-english-sketches-objects/Sketches/objects/lighting-electricity-and-lamps/l-i-g-h-t-b-u-l-b-g-r-e-n-a-d-e/index.html","1","0","https://ronenglish-archive.github.io/ron-english-sketches-objects/images/Sketches/Objects/lighting-electricity-and-lamps/light%20bulb%20grenade.jpg","OK","Ready."
"Objects","Light Bulb Octopus Plugs","objects","lighting-electricity-and-lamps","Sketches\objects\lighting-electricity-and-lamps\light-bulb-octopus-plugs\index.html","https://ronenglish-archive.github.io/ron-english-sketches-objects/Sketches/objects/lighting-electricity-and-lamps/light-bulb-octopus-plugs/index.html","1","0","https://ronenglish-archive.github.io/ron-english-sketches-objects/images/Sketches/Objects/lighting-electricity-and-lamps/light%20bulb%20octopus%20plugs%20rough%20sketch.jpg","OK","Ready."
"Objects","L I G H T B U L B O C T O P U S P L U G S","objects","lighting-electricity-and-lamps","Sketches\objects\lighting-electricity-and-lamps\l-i-g-h-t-b-u-l-b-o-c-t-o-p-u-s-p-l-u-g-s\index.html","https://ronenglish-archive.github.io/ron-english-sketches-objects/Sketches/objects/lighting-electricity-and-lamps/l-i-g-h-t-b-u-l-b-o-c-t-o-p-u-s-p-l-u-g-s/index.html","1","0","https://ronenglish-archive.github.io/ron-english-sketches-objects/images/Sketches/Objects/lighting-electricity-and-lamps/light%20bulb%20octopus%20plugs%20rough%20sketch.jpg","OK","Ready."
"Objects","Adark","objects","money-and-currency","Sketches\objects\money-and-currency\adark\index.html","https://ronenglish-archive.github.io/ron-english-sketches-objects/Sketches/objects/money-and-currency/adark/index.html","1","0","https://ronenglish-archive.github.io/ron-english-sketches-objects/images/Sketches/Objects/money-and-currency/adark.jpg","OK","Ready."
"Objects","A D a R K","objects","money-and-currency","Sketches\objects\money-and-currency\a-d-a-r-k\index.html","https://ronenglish-archive.github.io/ron-english-sketches-objects/Sketches/objects/money-and-currency/a-d-a-r-k/index.html","1","0","https://ronenglish-archive.github.io/ron-english-sketches-objects/images/Sketches/Objects/money-and-currency/adark.jpg","OK","Ready."
"Objects","Badlydrawnbucksm","objects","money-and-currency","Sketches\objects\money-and-currency\badlydrawnbucksm\index.html","https://ronenglish-archive.github.io/ron-english-sketches-objects/Sketches/objects/money-and-currency/badlydrawnbucksm/index.html","1","0","https://ronenglish-archive.github.io/ron-english-sketches-objects/images/Sketches/Objects/money-and-currency/badlydrawnbucksm.jpg","OK","Ready."
"Objects","B a D L Y D R a W N B U C K S M","objects","money-and-currency","Sketches\objects\money-and-currency\b-a-d-l-y-d-r-a-w-n-b-u-c-k-s-m\index.html","https://ronenglish-archive.github.io/ron-english-sketches-objects/Sketches/objects/money-and-currency/b-a-d-l-y-d-r-a-w-n-b-u-c-k-s-m/index.html","1","0","https://ronenglish-archive.github.io/ron-english-sketches-objects/images/Sketches/Objects/money-and-currency/badlydrawnbucksm.jpg","OK","Ready."
"Objects","Bear Bill","objects","money-and-currency","Sketches\objects\money-and-currency\bear-bill\index.html","https://ronenglish-archive.github.io/ron-english-sketches-objects/Sketches/objects/money-and-currency/bear-bill/index.html","1","0","https://ronenglish-archive.github.io/ron-english-sketches-objects/images/Sketches/Objects/money-and-currency/bear_bill.jpg","OK","Ready."
"Objects","B E a R B I L L","objects","money-and-currency","Sketches\objects\money-and-currency\b-e-a-r-b-i-l-l\index.html","https://ronenglish-archive.github.io/ron-english-sketches-objects/Sketches/objects/money-and-currency/b-e-a-r-b-i-l-l/index.html","1","0","https://ronenglish-archive.github.io/ron-english-sketches-objects/images/Sketches/Objects/money-and-currency/bear_bill.jpg","OK","Ready."
"Objects","Camoclowndollarback","objects","money-and-currency","Sketches\objects\money-and-currency\camoclowndollarback\index.html","https://ronenglish-archive.github.io/ron-english-sketches-objects/Sketches/objects/money-and-currency/camoclowndollarback/index.html","1","0","https://ronenglish-archive.github.io/ron-english-sketches-objects/images/Sketches/Objects/money-and-currency/camoclowndollarback%20copy.jpg","OK","Ready."
"Objects","C a M O C L O W N D O L L a R B a C K","objects","money-and-currency","Sketches\objects\money-and-currency\c-a-m-o-c-l-o-w-n-d-o-l-l-a-r-b-a-c-k\index.html","https://ronenglish-archive.github.io/ron-english-sketches-objects/Sketches/objects/money-and-currency/c-a-m-o-c-l-o-w-n-d-o-l-l-a-r-b-a-c-k/index.html","1","0","https://ronenglish-archive.github.io/ron-english-sketches-objects/images/Sketches/Objects/money-and-currency/camoclowndollarback%20copy.jpg","OK","Ready."
"Objects","Camoclowndollar Bill","objects","money-and-currency","Sketches\objects\money-and-currency\camoclowndollar-bill\index.html","https://ronenglish-archive.github.io/ron-english-sketches-objects/Sketches/objects/money-and-currency/camoclowndollar-bill/index.html","1","0","https://ronenglish-archive.github.io/ron-english-sketches-objects/images/Sketches/Objects/money-and-currency/camoclowndollar%20bill%20copy.jpg","OK","Ready."
"Objects","C a M O C L O W N D O L L a R B I L L","objects","money-and-currency","Sketches\objects\money-and-currency\c-a-m-o-c-l-o-w-n-d-o-l-l-a-r-b-i-l-l\index.html","https://ronenglish-archive.github.io/ron-english-sketches-objects/Sketches/objects/money-and-currency/c-a-m-o-c-l-o-w-n-d-o-l-l-a-r-b-i-l-l/index.html","1","0","https://ronenglish-archive.github.io/ron-english-sketches-objects/images/Sketches/Objects/money-and-currency/camoclowndollar%20bill%20copy.jpg","OK","Ready."
"Objects","Cashcowback","objects","money-and-currency","Sketches\objects\money-and-currency\cashcowback\index.html","https://ronenglish-archive.github.io/ron-english-sketches-objects/Sketches/objects/money-and-currency/cashcowback/index.html","1","0","https://ronenglish-archive.github.io/ron-english-sketches-objects/images/Sketches/Objects/money-and-currency/cashcowback%20copy.jpg","OK","Ready."
"Objects","C a S H C O W B a C K","objects","money-and-currency","Sketches\objects\money-and-currency\c-a-s-h-c-o-w-b-a-c-k\index.html","https://ronenglish-archive.github.io/ron-english-sketches-objects/Sketches/objects/money-and-currency/c-a-s-h-c-o-w-b-a-c-k/index.html","1","0","https://ronenglish-archive.github.io/ron-english-sketches-objects/images/Sketches/Objects/money-and-currency/cashcowback%20copy.jpg","OK","Ready."
"Objects","Cashcowsm","objects","money-and-currency","Sketches\objects\money-and-currency\cashcowsm\index.html","https://ronenglish-archive.github.io/ron-english-sketches-objects/Sketches/objects/money-and-currency/cashcowsm/index.html","1","0","https://ronenglish-archive.github.io/ron-english-sketches-objects/images/Sketches/Objects/money-and-currency/cashcowsm.jpg","OK","Ready."
"Objects","C a S H C O W S M","objects","money-and-currency","Sketches\objects\money-and-currency\c-a-s-h-c-o-w-s-m\index.html","https://ronenglish-archive.github.io/ron-english-sketches-objects/Sketches/objects/money-and-currency/c-a-s-h-c-o-w-s-m/index.html","1","0","https://ronenglish-archive.github.io/ron-english-sketches-objects/images/Sketches/Objects/money-and-currency/cashcowsm.jpg","OK","Ready."
"Objects","Cigarlighter","objects","money-and-currency","Sketches\objects\money-and-currency\cigarlighter\index.html","https://ronenglish-archive.github.io/ron-english-sketches-objects/Sketches/objects/money-and-currency/cigarlighter/index.html","3","0","https://ronenglish-archive.github.io/ron-english-sketches-objects/images/Sketches/Objects/money-and-currency/cigarlighter-01.jpg","OK","Ready."
"Objects","C I G a R L I G H T E R 01","objects","money-and-currency","Sketches\objects\money-and-currency\c-i-g-a-r-l-i-g-h-t-e-r-01\index.html","https://ronenglish-archive.github.io/ron-english-sketches-objects/Sketches/objects/money-and-currency/c-i-g-a-r-l-i-g-h-t-e-r-01/index.html","1","0","https://ronenglish-archive.github.io/ron-english-sketches-objects/images/Sketches/Objects/money-and-currency/cigarlighter-01.jpg","OK","Ready."
"Objects","C I G a R L I G H T E R 02","objects","money-and-currency","Sketches\objects\money-and-currency\c-i-g-a-r-l-i-g-h-t-e-r-02\index.html","https://ronenglish-archive.github.io/ron-english-sketches-objects/Sketches/objects/money-and-currency/c-i-g-a-r-l-i-g-h-t-e-r-02/index.html","1","0","https://ronenglish-archive.github.io/ron-english-sketches-objects/images/Sketches/Objects/money-and-currency/cigarlighter-02.jpg","OK","Ready."
"Objects","C I G a R L I G H T E R 03","objects","money-and-currency","Sketches\objects\money-and-currency\c-i-g-a-r-l-i-g-h-t-e-r-03\index.html","https://ronenglish-archive.github.io/ron-english-sketches-objects/Sketches/objects/money-and-currency/c-i-g-a-r-l-i-g-h-t-e-r-03/index.html","1","0","https://ronenglish-archive.github.io/ron-english-sketches-objects/images/Sketches/Objects/money-and-currency/cigarlighter-03.jpg","OK","Ready."
"Objects","Comicwashingtonbill","objects","money-and-currency","Sketches\objects\money-and-currency\comicwashingtonbill\index.html","https://ronenglish-archive.github.io/ron-english-sketches-objects/Sketches/objects/money-and-currency/comicwashingtonbill/index.html","1","0","https://ronenglish-archive.github.io/ron-english-sketches-objects/images/Sketches/Objects/money-and-currency/comicwashingtonbill%20copy.jpg","OK","Ready."
"Objects","C O M I C W a S H I N G T O N B I L L","objects","money-and-currency","Sketches\objects\money-and-currency\c-o-m-i-c-w-a-s-h-i-n-g-t-o-n-b-i-l-l\index.html","https://ronenglish-archive.github.io/ron-english-sketches-objects/Sketches/objects/money-and-currency/c-o-m-i-c-w-a-s-h-i-n-g-t-o-n-b-i-l-l/index.html","1","0","https://ronenglish-archive.github.io/ron-english-sketches-objects/images/Sketches/Objects/money-and-currency/comicwashingtonbill%20copy.jpg","OK","Ready."
"Objects","Delusionville Dollar","objects","money-and-currency","Sketches\objects\money-and-currency\delusionville-dollar\index.html","https://ronenglish-archive.github.io/ron-english-sketches-objects/Sketches/objects/money-and-currency/delusionville-dollar/index.html","2","0","https://ronenglish-archive.github.io/ron-english-sketches-objects/images/Sketches/Objects/money-and-currency/Delusionville%20Dollar%20outline%20-%20B%26W.jpg","OK","Ready."
"Objects","D E L U S I O N V I L L E D O L L a R","objects","money-and-currency","Sketches\objects\money-and-currency\d-e-l-u-s-i-o-n-v-i-l-l-e-d-o-l-l-a-r\index.html","https://ronenglish-archive.github.io/ron-english-sketches-objects/Sketches/objects/money-and-currency/d-e-l-u-s-i-o-n-v-i-l-l-e-d-o-l-l-a-r/index.html","2","0","https://ronenglish-archive.github.io/ron-english-sketches-objects/images/Sketches/Objects/money-and-currency/Delusionville%20Dollar%20outline%20-%20B%26W.jpg","OK","Ready."
"Objects","Delusionville Dollar2","objects","money-and-currency","Sketches\objects\money-and-currency\delusionville-dollar2\index.html","https://ronenglish-archive.github.io/ron-english-sketches-objects/Sketches/objects/money-and-currency/delusionville-dollar2/index.html","1","0","https://ronenglish-archive.github.io/ron-english-sketches-objects/images/Sketches/Objects/money-and-currency/delusionville%20dollar2.jpg","OK","Ready."
"Objects","D E L U S I O N V I L L E D O L L a R2","objects","money-and-currency","Sketches\objects\money-and-currency\d-e-l-u-s-i-o-n-v-i-l-l-e-d-o-l-l-a-r2\index.html","https://ronenglish-archive.github.io/ron-english-sketches-objects/Sketches/objects/money-and-currency/d-e-l-u-s-i-o-n-v-i-l-l-e-d-o-l-l-a-r2/index.html","1","0","https://ronenglish-archive.github.io/ron-english-sketches-objects/images/Sketches/Objects/money-and-currency/delusionville%20dollar2.jpg","OK","Ready."
"Objects","D E L U S I O N V I L L E M O N E Y","objects","money-and-currency","Sketches\objects\money-and-currency\d-e-l-u-s-i-o-n-v-i-l-l-e-m-o-n-e-y\index.html","https://ronenglish-archive.github.io/ron-english-sketches-objects/Sketches/objects/money-and-currency/d-e-l-u-s-i-o-n-v-i-l-l-e-m-o-n-e-y/index.html","1","0","https://ronenglish-archive.github.io/ron-english-sketches-objects/images/Sketches/Objects/money-and-currency/delusionville%20money%20B%26W.jpg","OK","Ready."
"Objects","Dividedstates","objects","money-and-currency","Sketches\objects\money-and-currency\dividedstates\index.html","https://ronenglish-archive.github.io/ron-english-sketches-objects/Sketches/objects/money-and-currency/dividedstates/index.html","1","0","https://ronenglish-archive.github.io/ron-english-sketches-objects/images/Sketches/Objects/money-and-currency/dividedstates%20copy.jpg","OK","Ready."
"Objects","D I V I D E D S T a T E S","objects","money-and-currency","Sketches\objects\money-and-currency\d-i-v-i-d-e-d-s-t-a-t-e-s\index.html","https://ronenglish-archive.github.io/ron-english-sketches-objects/Sketches/objects/money-and-currency/d-i-v-i-d-e-d-s-t-a-t-e-s/index.html","1","0","https://ronenglish-archive.github.io/ron-english-sketches-objects/images/Sketches/Objects/money-and-currency/dividedstates%20copy.jpg","OK","Ready."
"Objects","Dividedstatesback","objects","money-and-currency","Sketches\objects\money-and-currency\dividedstatesback\index.html","https://ronenglish-archive.github.io/ron-english-sketches-objects/Sketches/objects/money-and-currency/dividedstatesback/index.html","1","0","https://ronenglish-archive.github.io/ron-english-sketches-objects/images/Sketches/Objects/money-and-currency/dividedstatesback%20copy.jpg","OK","Ready."
"Objects","D I V I D E D S T a T E S B a C K","objects","money-and-currency","Sketches\objects\money-and-currency\d-i-v-i-d-e-d-s-t-a-t-e-s-b-a-c-k\index.html","https://ronenglish-archive.github.io/ron-english-sketches-objects/Sketches/objects/money-and-currency/d-i-v-i-d-e-d-s-t-a-t-e-s-b-a-c-k/index.html","1","0","https://ronenglish-archive.github.io/ron-english-sketches-objects/images/Sketches/Objects/money-and-currency/dividedstatesback%20copy.jpg","OK","Ready."
"Objects","Dividedstatessm","objects","money-and-currency","Sketches\objects\money-and-currency\dividedstatessm\index.html","https://ronenglish-archive.github.io/ron-english-sketches-objects/Sketches/objects/money-and-currency/dividedstatessm/index.html","1","0","https://ronenglish-archive.github.io/ron-english-sketches-objects/images/Sketches/Objects/money-and-currency/dividedstatessm.jpg","OK","Ready."
"Objects","D I V I D E D S T a T E S S M","objects","money-and-currency","Sketches\objects\money-and-currency\d-i-v-i-d-e-d-s-t-a-t-e-s-s-m\index.html","https://ronenglish-archive.github.io/ron-english-sketches-objects/Sketches/objects/money-and-currency/d-i-v-i-d-e-d-s-t-a-t-e-s-s-m/index.html","1","0","https://ronenglish-archive.github.io/ron-english-sketches-objects/images/Sketches/Objects/money-and-currency/dividedstatessm.jpg","OK","Ready."
"Objects","Dollar Sign Thorns","objects","money-and-currency","Sketches\objects\money-and-currency\dollar-sign-thorns\index.html","https://ronenglish-archive.github.io/ron-english-sketches-objects/Sketches/objects/money-and-currency/dollar-sign-thorns/index.html","1","0","https://ronenglish-archive.github.io/ron-english-sketches-objects/images/Sketches/Objects/money-and-currency/dollar%20sign%20thorns.jpg","OK","Ready."
"Objects","D O L L a R S I G N T H O R N S","objects","money-and-currency","Sketches\objects\money-and-currency\d-o-l-l-a-r-s-i-g-n-t-h-o-r-n-s\index.html","https://ronenglish-archive.github.io/ron-english-sketches-objects/Sketches/objects/money-and-currency/d-o-l-l-a-r-s-i-g-n-t-h-o-r-n-s/index.html","1","0","https://ronenglish-archive.github.io/ron-english-sketches-objects/images/Sketches/Objects/money-and-currency/dollar%20sign%20thorns.jpg","OK","Ready."
"Objects","Fat Uncle Sam 100","objects","money-and-currency","Sketches\objects\money-and-currency\fat-uncle-sam-100\index.html","https://ronenglish-archive.github.io/ron-english-sketches-objects/Sketches/objects/money-and-currency/fat-uncle-sam-100/index.html","1","0","https://ronenglish-archive.github.io/ron-english-sketches-objects/images/Sketches/Objects/money-and-currency/fatunclesam100%20copy.jpg","OK","Ready."
"Objects","F a T U N C L E S a M100","objects","money-and-currency","Sketches\objects\money-and-currency\f-a-t-u-n-c-l-e-s-a-m100\index.html","https://ronenglish-archive.github.io/ron-english-sketches-objects/Sketches/objects/money-and-currency/f-a-t-u-n-c-l-e-s-a-m100/index.html","1","0","https://ronenglish-archive.github.io/ron-english-sketches-objects/images/Sketches/Objects/money-and-currency/fatunclesam100%20copy.jpg","OK","Ready."
"Objects","LCCC Coin","objects","money-and-currency","Sketches\objects\money-and-currency\lccc-coin\index.html","https://ronenglish-archive.github.io/ron-english-sketches-objects/Sketches/objects/money-and-currency/lccc-coin/index.html","2","0","https://ronenglish-archive.github.io/ron-english-sketches-objects/images/Sketches/Objects/money-and-currency/LCCC_coin_back.R2.jpg","OK","Ready."
"Objects","L C C C C O I N","objects","money-and-currency","Sketches\objects\money-and-currency\l-c-c-c-c-o-i-n\index.html","https://ronenglish-archive.github.io/ron-english-sketches-objects/Sketches/objects/money-and-currency/l-c-c-c-c-o-i-n/index.html","2","0","https://ronenglish-archive.github.io/ron-english-sketches-objects/images/Sketches/Objects/money-and-currency/LCCC_coin_back.jpg","OK","Ready."
"Objects","L C C C C O I N B a C K.r2","objects","money-and-currency","Sketches\objects\money-and-currency\l-c-c-c-c-o-i-n-b-a-c-k-r2\index.html","https://ronenglish-archive.github.io/ron-english-sketches-objects/Sketches/objects/money-and-currency/l-c-c-c-c-o-i-n-b-a-c-k-r2/index.html","1","0","https://ronenglish-archive.github.io/ron-english-sketches-objects/images/Sketches/Objects/money-and-currency/LCCC_coin_back.R2.jpg","OK","Ready."
"Objects","L C C C C O I N F R O N T.r2","objects","money-and-currency","Sketches\objects\money-and-currency\l-c-c-c-c-o-i-n-f-r-o-n-t-r2\index.html","https://ronenglish-archive.github.io/ron-english-sketches-objects/Sketches/objects/money-and-currency/l-c-c-c-c-o-i-n-f-r-o-n-t-r2/index.html","1","0","https://ronenglish-archive.github.io/ron-english-sketches-objects/images/Sketches/Objects/money-and-currency/LCCC_coin_front.R2.jpg","OK","Ready."
"Objects","Money to Burn","objects","money-and-currency","Sketches\objects\money-and-currency\money-to-burn\index.html","https://ronenglish-archive.github.io/ron-english-sketches-objects/Sketches/objects/money-and-currency/money-to-burn/index.html","1","0","https://ronenglish-archive.github.io/ron-english-sketches-objects/images/Sketches/Objects/money-and-currency/money%20to%20burn.jpg","OK","Ready."
"Objects","M O N E Y T O B U R N","objects","money-and-currency","Sketches\objects\money-and-currency\m-o-n-e-y-t-o-b-u-r-n\index.html","https://ronenglish-archive.github.io/ron-english-sketches-objects/Sketches/objects/money-and-currency/m-o-n-e-y-t-o-b-u-r-n/index.html","1","0","https://ronenglish-archive.github.io/ron-english-sketches-objects/images/Sketches/Objects/money-and-currency/money%20to%20burn.jpg","OK","Ready."
"Objects","Mousemaskbill","objects","money-and-currency","Sketches\objects\money-and-currency\mousemaskbill\index.html","https://ronenglish-archive.github.io/ron-english-sketches-objects/Sketches/objects/money-and-currency/mousemaskbill/index.html","2","0","https://ronenglish-archive.github.io/ron-english-sketches-objects/images/Sketches/Objects/money-and-currency/mousemaskbill%20copy.jpg","OK","Ready."
"Objects","M O U S E M a S K B I L L","objects","money-and-currency","Sketches\objects\money-and-currency\m-o-u-s-e-m-a-s-k-b-i-l-l\index.html","https://ronenglish-archive.github.io/ron-english-sketches-objects/Sketches/objects/money-and-currency/m-o-u-s-e-m-a-s-k-b-i-l-l/index.html","1","0","https://ronenglish-archive.github.io/ron-english-sketches-objects/images/Sketches/Objects/money-and-currency/mousemaskbill%20copy.jpg","OK","Ready."
"Objects","M O U S E M a S K B I L L B a C K","objects","money-and-currency","Sketches\objects\money-and-currency\m-o-u-s-e-m-a-s-k-b-i-l-l-b-a-c-k\index.html","https://ronenglish-archive.github.io/ron-english-sketches-objects/Sketches/objects/money-and-currency/m-o-u-s-e-m-a-s-k-b-i-l-l-b-a-c-k/index.html","1","0","https://ronenglish-archive.github.io/ron-english-sketches-objects/images/Sketches/Objects/money-and-currency/mousemaskbill-back%20copy.jpg","OK","Ready."
"Objects","Obama Five Dollar Bill","objects","money-and-currency","Sketches\objects\money-and-currency\obama-five-dollar-bill\index.html","https://ronenglish-archive.github.io/ron-english-sketches-objects/Sketches/objects/money-and-currency/obama-five-dollar-bill/index.html","2","0","https://ronenglish-archive.github.io/ron-english-sketches-objects/images/Sketches/Objects/money-and-currency/obamafivedollarbill%20copy.jpg","OK","Ready."
"Objects","O B a M a F I V E D O L L a R B I L L","objects","money-and-currency","Sketches\objects\money-and-currency\o-b-a-m-a-f-i-v-e-d-o-l-l-a-r-b-i-l-l\index.html","https://ronenglish-archive.github.io/ron-english-sketches-objects/Sketches/objects/money-and-currency/o-b-a-m-a-f-i-v-e-d-o-l-l-a-r-b-i-l-l/index.html","1","0","https://ronenglish-archive.github.io/ron-english-sketches-objects/images/Sketches/Objects/money-and-currency/obamafivedollarbill%20copy.jpg","OK","Ready."
"Objects","O B a M a F I V E D O L L a R B I L L S M","objects","money-and-currency","Sketches\objects\money-and-currency\o-b-a-m-a-f-i-v-e-d-o-l-l-a-r-b-i-l-l-s-m\index.html","https://ronenglish-archive.github.io/ron-english-sketches-objects/Sketches/objects/money-and-currency/o-b-a-m-a-f-i-v-e-d-o-l-l-a-r-b-i-l-l-s-m/index.html","1","0","https://ronenglish-archive.github.io/ron-english-sketches-objects/images/Sketches/Objects/money-and-currency/obamafivedollarbillsm.jpg","OK","Ready."
"Objects","Psychedelicdollarbill","objects","money-and-currency","Sketches\objects\money-and-currency\psychedelicdollarbill\index.html","https://ronenglish-archive.github.io/ron-english-sketches-objects/Sketches/objects/money-and-currency/psychedelicdollarbill/index.html","1","0","https://ronenglish-archive.github.io/ron-english-sketches-objects/images/Sketches/Objects/money-and-currency/psychedelicdollarbill%20copy.jpg","OK","Ready."
"Objects","P S Y C H E D E L I C D O L L a R B I L L","objects","money-and-currency","Sketches\objects\money-and-currency\p-s-y-c-h-e-d-e-l-i-c-d-o-l-l-a-r-b-i-l-l\index.html","https://ronenglish-archive.github.io/ron-english-sketches-objects/Sketches/objects/money-and-currency/p-s-y-c-h-e-d-e-l-i-c-d-o-l-l-a-r-b-i-l-l/index.html","1","0","https://ronenglish-archive.github.io/ron-english-sketches-objects/images/Sketches/Objects/money-and-currency/psychedelicdollarbill%20copy.jpg","OK","Ready."
"Objects","P S Y C H E D E L I C D O L L a R B I L L S M","objects","money-and-currency","Sketches\objects\money-and-currency\p-s-y-c-h-e-d-e-l-i-c-d-o-l-l-a-r-b-i-l-l-s-m\index.html","https://ronenglish-archive.github.io/ron-english-sketches-objects/Sketches/objects/money-and-currency/p-s-y-c-h-e-d-e-l-i-c-d-o-l-l-a-r-b-i-l-l-s-m/index.html","1","0","https://ronenglish-archive.github.io/ron-english-sketches-objects/images/Sketches/Objects/money-and-currency/psychedelicdollarbillsm.jpg","OK","Ready."
"Objects","Righwing Dollar Seal","objects","money-and-currency","Sketches\objects\money-and-currency\righwing-dollar-seal\index.html","https://ronenglish-archive.github.io/ron-english-sketches-objects/Sketches/objects/money-and-currency/righwing-dollar-seal/index.html","1","0","https://ronenglish-archive.github.io/ron-english-sketches-objects/images/Sketches/Objects/money-and-currency/righwing_dollar_seal.jpg","OK","Ready."
"Objects","R I G H W I N G D O L L a R S E a L","objects","money-and-currency","Sketches\objects\money-and-currency\r-i-g-h-w-i-n-g-d-o-l-l-a-r-s-e-a-l\index.html","https://ronenglish-archive.github.io/ron-english-sketches-objects/Sketches/objects/money-and-currency/r-i-g-h-w-i-n-g-d-o-l-l-a-r-s-e-a-l/index.html","1","1","https://ronenglish-archive.github.io/ron-english-sketches-objects/images/Sketches/Objects/money-and-currency/righwing_dollar_seal.tif","REVIEW","Some local image references were not found."
"Objects","S a N T a B a C K","objects","money-and-currency","Sketches\objects\money-and-currency\s-a-n-t-a-b-a-c-k\index.html","https://ronenglish-archive.github.io/ron-english-sketches-objects/Sketches/objects/money-and-currency/s-a-n-t-a-b-a-c-k/index.html","1","0","https://ronenglish-archive.github.io/ron-english-sketches-objects/images/Sketches/Objects/money-and-currency/santaback%20copy.jpg","OK","Ready."
"Objects","Santa Christ Bill","objects","money-and-currency","Sketches\objects\money-and-currency\santa-christ-bill\index.html","https://ronenglish-archive.github.io/ron-english-sketches-objects/Sketches/objects/money-and-currency/santa-christ-bill/index.html","2","0","https://ronenglish-archive.github.io/ron-english-sketches-objects/images/Sketches/Objects/money-and-currency/santaback%20copy.jpg","OK","Ready."
"Objects","S a N T a C H R I S T B I L L","objects","money-and-currency","Sketches\objects\money-and-currency\s-a-n-t-a-c-h-r-i-s-t-b-i-l-l\index.html","https://ronenglish-archive.github.io/ron-english-sketches-objects/Sketches/objects/money-and-currency/s-a-n-t-a-c-h-r-i-s-t-b-i-l-l/index.html","1","0","https://ronenglish-archive.github.io/ron-english-sketches-objects/images/Sketches/Objects/money-and-currency/santachristbill%20copy.jpg","OK","Ready."
"Objects","Squachnotesm","objects","money-and-currency","Sketches\objects\money-and-currency\squachnotesm\index.html","https://ronenglish-archive.github.io/ron-english-sketches-objects/Sketches/objects/money-and-currency/squachnotesm/index.html","1","0","https://ronenglish-archive.github.io/ron-english-sketches-objects/images/Sketches/Objects/money-and-currency/squachnotesm.jpg","OK","Ready."
"Objects","S Q U a C H N O T E S M","objects","money-and-currency","Sketches\objects\money-and-currency\s-q-u-a-c-h-n-o-t-e-s-m\index.html","https://ronenglish-archive.github.io/ron-english-sketches-objects/Sketches/objects/money-and-currency/s-q-u-a-c-h-n-o-t-e-s-m/index.html","1","0","https://ronenglish-archive.github.io/ron-english-sketches-objects/images/Sketches/Objects/money-and-currency/squachnotesm.jpg","OK","Ready."
"Objects","Starskull2 Dollar Bill","objects","money-and-currency","Sketches\objects\money-and-currency\starskull2-dollar-bill\index.html","https://ronenglish-archive.github.io/ron-english-sketches-objects/Sketches/objects/money-and-currency/starskull2-dollar-bill/index.html","1","0","https://ronenglish-archive.github.io/ron-english-sketches-objects/images/Sketches/Objects/money-and-currency/starskull2%20dollar%20bill%20copy.jpg","OK","Ready."
"Objects","S T a R S K U L L2 D O L L a R B I L L","objects","money-and-currency","Sketches\objects\money-and-currency\s-t-a-r-s-k-u-l-l2-d-o-l-l-a-r-b-i-l-l\index.html","https://ronenglish-archive.github.io/ron-english-sketches-objects/Sketches/objects/money-and-currency/s-t-a-r-s-k-u-l-l2-d-o-l-l-a-r-b-i-l-l/index.html","1","0","https://ronenglish-archive.github.io/ron-english-sketches-objects/images/Sketches/Objects/money-and-currency/starskull2%20dollar%20bill%20copy.jpg","OK","Ready."
"Objects","Starskull2dollarbillsm","objects","money-and-currency","Sketches\objects\money-and-currency\starskull2dollarbillsm\index.html","https://ronenglish-archive.github.io/ron-english-sketches-objects/Sketches/objects/money-and-currency/starskull2dollarbillsm/index.html","1","0","https://ronenglish-archive.github.io/ron-english-sketches-objects/images/Sketches/Objects/money-and-currency/starskull2dollarbillsm.jpg","OK","Ready."
"Objects","S T a R S K U L L2d O L L a R B I L L S M","objects","money-and-currency","Sketches\objects\money-and-currency\s-t-a-r-s-k-u-l-l2d-o-l-l-a-r-b-i-l-l-s-m\index.html","https://ronenglish-archive.github.io/ron-english-sketches-objects/Sketches/objects/money-and-currency/s-t-a-r-s-k-u-l-l2d-o-l-l-a-r-b-i-l-l-s-m/index.html","1","0","https://ronenglish-archive.github.io/ron-english-sketches-objects/images/Sketches/Objects/money-and-currency/starskull2dollarbillsm.jpg","OK","Ready."
"Objects","Bulb Guitar","objects","musical-instruments-and-entertainment","Sketches\objects\musical-instruments-and-entertainment\bulb-guitar\index.html","https://ronenglish-archive.github.io/ron-english-sketches-objects/Sketches/objects/musical-instruments-and-entertainment/bulb-guitar/index.html","1","0","https://ronenglish-archive.github.io/ron-english-sketches-objects/images/Sketches/Objects/musical-instruments-and-entertainment/bulb%20guitar.jpg","OK","Ready."
"Objects","B U L B G U I T a R","objects","musical-instruments-and-entertainment","Sketches\objects\musical-instruments-and-entertainment\b-u-l-b-g-u-i-t-a-r\index.html","https://ronenglish-archive.github.io/ron-english-sketches-objects/Sketches/objects/musical-instruments-and-entertainment/b-u-l-b-g-u-i-t-a-r/index.html","1","0","https://ronenglish-archive.github.io/ron-english-sketches-objects/images/Sketches/Objects/musical-instruments-and-entertainment/bulb%20guitar.jpg","OK","Ready."
"Objects","Bulb Ukelele","objects","musical-instruments-and-entertainment","Sketches\objects\musical-instruments-and-entertainment\bulb-ukelele\index.html","https://ronenglish-archive.github.io/ron-english-sketches-objects/Sketches/objects/musical-instruments-and-entertainment/bulb-ukelele/index.html","1","0","https://ronenglish-archive.github.io/ron-english-sketches-objects/images/Sketches/Objects/musical-instruments-and-entertainment/bulb%20ukelele.jpg","OK","Ready."
"Objects","B U L B U K E L E L E","objects","musical-instruments-and-entertainment","Sketches\objects\musical-instruments-and-entertainment\b-u-l-b-u-k-e-l-e-l-e\index.html","https://ronenglish-archive.github.io/ron-english-sketches-objects/Sketches/objects/musical-instruments-and-entertainment/b-u-l-b-u-k-e-l-e-l-e/index.html","1","0","https://ronenglish-archive.github.io/ron-english-sketches-objects/images/Sketches/Objects/musical-instruments-and-entertainment/bulb%20ukelele.jpg","OK","Ready."
"Objects","Ear Guitar 01","objects","musical-instruments-and-entertainment","Sketches\objects\musical-instruments-and-entertainment\ear-guitar-01\index.html","https://ronenglish-archive.github.io/ron-english-sketches-objects/Sketches/objects/musical-instruments-and-entertainment/ear-guitar-01/index.html","1","0","https://ronenglish-archive.github.io/ron-english-sketches-objects/images/Sketches/Objects/musical-instruments-and-entertainment/ear_guitar-01.jpg","OK","Ready."
"Objects","E a R G U I T a R 01","objects","musical-instruments-and-entertainment","Sketches\objects\musical-instruments-and-entertainment\e-a-r-g-u-i-t-a-r-01\index.html","https://ronenglish-archive.github.io/ron-english-sketches-objects/Sketches/objects/musical-instruments-and-entertainment/e-a-r-g-u-i-t-a-r-01/index.html","1","0","https://ronenglish-archive.github.io/ron-english-sketches-objects/images/Sketches/Objects/musical-instruments-and-entertainment/ear_guitar-01.jpg","OK","Ready."
"Objects","Rabbbit Jukebox","objects","musical-instruments-and-entertainment","Sketches\objects\musical-instruments-and-entertainment\rabbbit-jukebox\index.html","https://ronenglish-archive.github.io/ron-english-sketches-objects/Sketches/objects/musical-instruments-and-entertainment/rabbbit-jukebox/index.html","2","0","https://ronenglish-archive.github.io/ron-english-sketches-objects/images/Sketches/Objects/musical-instruments-and-entertainment/rabbbits%20jukebox.jpg","OK","Ready."
"Objects","Rocket Microphone","objects","musical-instruments-and-entertainment","Sketches\objects\musical-instruments-and-entertainment\rocket-microphone\index.html","https://ronenglish-archive.github.io/ron-english-sketches-objects/Sketches/objects/musical-instruments-and-entertainment/rocket-microphone/index.html","1","0","https://ronenglish-archive.github.io/ron-english-sketches-objects/images/Sketches/Objects/musical-instruments-and-entertainment/rocket%20microphone.jpg","OK","Ready."
"Objects","R O C K E T M I C R O P H O N E","objects","musical-instruments-and-entertainment","Sketches\objects\musical-instruments-and-entertainment\r-o-c-k-e-t-m-i-c-r-o-p-h-o-n-e\index.html","https://ronenglish-archive.github.io/ron-english-sketches-objects/Sketches/objects/musical-instruments-and-entertainment/r-o-c-k-e-t-m-i-c-r-o-p-h-o-n-e/index.html","1","0","https://ronenglish-archive.github.io/ron-english-sketches-objects/images/Sketches/Objects/musical-instruments-and-entertainment/rocket%20microphone.jpg","OK","Ready."
"Objects","Skull Guitar","objects","musical-instruments-and-entertainment","Sketches\objects\musical-instruments-and-entertainment\skull-guitar\index.html","https://ronenglish-archive.github.io/ron-english-sketches-objects/Sketches/objects/musical-instruments-and-entertainment/skull-guitar/index.html","1","0","https://ronenglish-archive.github.io/ron-english-sketches-objects/images/Sketches/Objects/musical-instruments-and-entertainment/skull%20guitar.jpg","OK","Ready."
"Objects","S K U L L G U I T a R","objects","musical-instruments-and-entertainment","Sketches\objects\musical-instruments-and-entertainment\s-k-u-l-l-g-u-i-t-a-r\index.html","https://ronenglish-archive.github.io/ron-english-sketches-objects/Sketches/objects/musical-instruments-and-entertainment/s-k-u-l-l-g-u-i-t-a-r/index.html","1","0","https://ronenglish-archive.github.io/ron-english-sketches-objects/images/Sketches/Objects/musical-instruments-and-entertainment/skull%20guitar.jpg","OK","Ready."
"Objects","Trombone","objects","musical-instruments-and-entertainment","Sketches\objects\musical-instruments-and-entertainment\trombone\index.html","https://ronenglish-archive.github.io/ron-english-sketches-objects/Sketches/objects/musical-instruments-and-entertainment/trombone/index.html","1","0","https://ronenglish-archive.github.io/ron-english-sketches-objects/images/Sketches/Objects/musical-instruments-and-entertainment/trombone.jpg","OK","Ready."
"Objects","T R O M B O N E","objects","musical-instruments-and-entertainment","Sketches\objects\musical-instruments-and-entertainment\t-r-o-m-b-o-n-e\index.html","https://ronenglish-archive.github.io/ron-english-sketches-objects/Sketches/objects/musical-instruments-and-entertainment/t-r-o-m-b-o-n-e/index.html","1","0","https://ronenglish-archive.github.io/ron-english-sketches-objects/images/Sketches/Objects/musical-instruments-and-entertainment/trombone.jpg","OK","Ready."
"Objects","Trumpet Ears","objects","musical-instruments-and-entertainment","Sketches\objects\musical-instruments-and-entertainment\trumpet-ears\index.html","https://ronenglish-archive.github.io/ron-english-sketches-objects/Sketches/objects/musical-instruments-and-entertainment/trumpet-ears/index.html","1","0","https://ronenglish-archive.github.io/ron-english-sketches-objects/images/Sketches/Objects/musical-instruments-and-entertainment/trumpet%20ears.jpg","OK","Ready."
"Objects","T R U M P E T E a R S","objects","musical-instruments-and-entertainment","Sketches\objects\musical-instruments-and-entertainment\t-r-u-m-p-e-t-e-a-r-s\index.html","https://ronenglish-archive.github.io/ron-english-sketches-objects/Sketches/objects/musical-instruments-and-entertainment/t-r-u-m-p-e-t-e-a-r-s/index.html","1","0","https://ronenglish-archive.github.io/ron-english-sketches-objects/images/Sketches/Objects/musical-instruments-and-entertainment/trumpet%20ears.jpg","OK","Ready."
"Objects","Tubabulb","objects","musical-instruments-and-entertainment","Sketches\objects\musical-instruments-and-entertainment\tubabulb\index.html","https://ronenglish-archive.github.io/ron-english-sketches-objects/Sketches/objects/musical-instruments-and-entertainment/tubabulb/index.html","1","0","https://ronenglish-archive.github.io/ron-english-sketches-objects/images/Sketches/Objects/musical-instruments-and-entertainment/tubabulb.jpg","OK","Ready."
"Objects","T U B a B U L B","objects","musical-instruments-and-entertainment","Sketches\objects\musical-instruments-and-entertainment\t-u-b-a-b-u-l-b\index.html","https://ronenglish-archive.github.io/ron-english-sketches-objects/Sketches/objects/musical-instruments-and-entertainment/t-u-b-a-b-u-l-b/index.html","1","0","https://ronenglish-archive.github.io/ron-english-sketches-objects/images/Sketches/Objects/musical-instruments-and-entertainment/tubabulb.jpg","OK","Ready."
"Objects","Brick Tree","objects","outdoor-structures-and-landscape","Sketches\objects\outdoor-structures-and-landscape\brick-tree\index.html","https://ronenglish-archive.github.io/ron-english-sketches-objects/Sketches/objects/outdoor-structures-and-landscape/brick-tree/index.html","3","0","https://ronenglish-archive.github.io/ron-english-sketches-objects/images/Sketches/Objects/outdoor-structures-and-landscape/brick%20tree%201.jpg","OK","Ready."
"Objects","B R I C K T R E E","objects","outdoor-structures-and-landscape","Sketches\objects\outdoor-structures-and-landscape\b-r-i-c-k-t-r-e-e\index.html","https://ronenglish-archive.github.io/ron-english-sketches-objects/Sketches/objects/outdoor-structures-and-landscape/b-r-i-c-k-t-r-e-e/index.html","3","0","https://ronenglish-archive.github.io/ron-english-sketches-objects/images/Sketches/Objects/outdoor-structures-and-landscape/brick%20tree%201.jpg","OK","Ready."
"Objects","Cowgirl Fence","objects","outdoor-structures-and-landscape","Sketches\objects\outdoor-structures-and-landscape\cowgirl-fence\index.html","https://ronenglish-archive.github.io/ron-english-sketches-objects/Sketches/objects/outdoor-structures-and-landscape/cowgirl-fence/index.html","1","0","https://ronenglish-archive.github.io/ron-english-sketches-objects/images/Sketches/Objects/outdoor-structures-and-landscape/cowgirl%20fence.jpg","OK","Ready."
"Objects","C O W G I R L F E N C E","objects","outdoor-structures-and-landscape","Sketches\objects\outdoor-structures-and-landscape\c-o-w-g-i-r-l-f-e-n-c-e\index.html","https://ronenglish-archive.github.io/ron-english-sketches-objects/Sketches/objects/outdoor-structures-and-landscape/c-o-w-g-i-r-l-f-e-n-c-e/index.html","1","0","https://ronenglish-archive.github.io/ron-english-sketches-objects/images/Sketches/Objects/outdoor-structures-and-landscape/cowgirl%20fence.jpg","OK","Ready."
"Objects","Stop Tombstone","objects","outdoor-structures-and-landscape","Sketches\objects\outdoor-structures-and-landscape\stop-tombstone\index.html","https://ronenglish-archive.github.io/ron-english-sketches-objects/Sketches/objects/outdoor-structures-and-landscape/stop-tombstone/index.html","2","0","https://ronenglish-archive.github.io/ron-english-sketches-objects/images/Sketches/Objects/outdoor-structures-and-landscape/Stop%20Tombstone.jpg","OK","Ready."
"Objects","S T O P T O M B S T O N E","objects","outdoor-structures-and-landscape","Sketches\objects\outdoor-structures-and-landscape\s-t-o-p-t-o-m-b-s-t-o-n-e\index.html","https://ronenglish-archive.github.io/ron-english-sketches-objects/Sketches/objects/outdoor-structures-and-landscape/s-t-o-p-t-o-m-b-s-t-o-n-e/index.html","1","0","https://ronenglish-archive.github.io/ron-english-sketches-objects/images/Sketches/Objects/outdoor-structures-and-landscape/Stop%20Tombstone.jpg","OK","Ready."
"Objects","S T O P T O M B S T O N E D R a W I N G","objects","outdoor-structures-and-landscape","Sketches\objects\outdoor-structures-and-landscape\s-t-o-p-t-o-m-b-s-t-o-n-e-d-r-a-w-i-n-g\index.html","https://ronenglish-archive.github.io/ron-english-sketches-objects/Sketches/objects/outdoor-structures-and-landscape/s-t-o-p-t-o-m-b-s-t-o-n-e-d-r-a-w-i-n-g/index.html","1","0","https://ronenglish-archive.github.io/ron-english-sketches-objects/images/Sketches/Objects/outdoor-structures-and-landscape/stop%20tombstone%20drawing.jpg","OK","Ready."
"Objects","Tunnel","objects","outdoor-structures-and-landscape","Sketches\objects\outdoor-structures-and-landscape\tunnel\index.html","https://ronenglish-archive.github.io/ron-english-sketches-objects/Sketches/objects/outdoor-structures-and-landscape/tunnel/index.html","1","0","https://ronenglish-archive.github.io/ron-english-sketches-objects/images/Sketches/Objects/outdoor-structures-and-landscape/tunnel.jpg","OK","Ready."
"Objects","T U N N E L","objects","outdoor-structures-and-landscape","Sketches\objects\outdoor-structures-and-landscape\t-u-n-n-e-l\index.html","https://ronenglish-archive.github.io/ron-english-sketches-objects/Sketches/objects/outdoor-structures-and-landscape/t-u-n-n-e-l/index.html","1","0","https://ronenglish-archive.github.io/ron-english-sketches-objects/images/Sketches/Objects/outdoor-structures-and-landscape/tunnel.jpg","OK","Ready."
"Objects","Armymenbackgroundcolored","objects","patterns-symbols-and-icons","Sketches\objects\patterns-symbols-and-icons\armymenbackgroundcolored\index.html","https://ronenglish-archive.github.io/ron-english-sketches-objects/Sketches/objects/patterns-symbols-and-icons/armymenbackgroundcolored/index.html","1","1","https://ronenglish-archive.github.io/ron-english-sketches-objects/images/Sketches/Objects/patterns-symbols-and-icons/armymenbackgroundcolored.jpg","REVIEW","Some local image references were not found."
"Objects","A R M Y M E N B a C K G R O U N D C O L O R E D","objects","patterns-symbols-and-icons","Sketches\objects\patterns-symbols-and-icons\a-r-m-y-m-e-n-b-a-c-k-g-r-o-u-n-d-c-o-l-o-r-e-d\index.html","https://ronenglish-archive.github.io/ron-english-sketches-objects/Sketches/objects/patterns-symbols-and-icons/a-r-m-y-m-e-n-b-a-c-k-g-r-o-u-n-d-c-o-l-o-r-e-d/index.html","1","1","https://ronenglish-archive.github.io/ron-english-sketches-objects/images/Sketches/Objects/patterns-symbols-and-icons/armymenbackgroundcolored.jpg","REVIEW","Some local image references were not found."
"Objects","Backdrop","objects","patterns-symbols-and-icons","Sketches\objects\patterns-symbols-and-icons\backdrop\index.html","https://ronenglish-archive.github.io/ron-english-sketches-objects/Sketches/objects/patterns-symbols-and-icons/backdrop/index.html","4","0","https://ronenglish-archive.github.io/ron-english-sketches-objects/images/Sketches/Objects/patterns-symbols-and-icons/backdrop%20(1).jpg","OK","Ready."
"Objects","B a C K D R O P","objects","patterns-symbols-and-icons","Sketches\objects\patterns-symbols-and-icons\b-a-c-k-d-r-o-p\index.html","https://ronenglish-archive.github.io/ron-english-sketches-objects/Sketches/objects/patterns-symbols-and-icons/b-a-c-k-d-r-o-p/index.html","4","0","https://ronenglish-archive.github.io/ron-english-sketches-objects/images/Sketches/Objects/patterns-symbols-and-icons/backdrop%20(1).jpg","OK","Ready."
"Objects","Bape Camo Stencil 1024x1024","objects","patterns-symbols-and-icons","Sketches\objects\patterns-symbols-and-icons\bape-camo-stencil-1024x1024\index.html","https://ronenglish-archive.github.io/ron-english-sketches-objects/Sketches/objects/patterns-symbols-and-icons/bape-camo-stencil-1024x1024/index.html","1","0","https://ronenglish-archive.github.io/ron-english-sketches-objects/images/Sketches/Objects/patterns-symbols-and-icons/Bape_Camo_stencil_1024x1024.jpg","OK","Ready."
"Objects","B a P E C a M O S T E N C I L 1024x1024","objects","patterns-symbols-and-icons","Sketches\objects\patterns-symbols-and-icons\b-a-p-e-c-a-m-o-s-t-e-n-c-i-l-1024x1024\index.html","https://ronenglish-archive.github.io/ron-english-sketches-objects/Sketches/objects/patterns-symbols-and-icons/b-a-p-e-c-a-m-o-s-t-e-n-c-i-l-1024x1024/index.html","1","0","https://ronenglish-archive.github.io/ron-english-sketches-objects/images/Sketches/Objects/patterns-symbols-and-icons/Bape_Camo_stencil_1024x1024.jpg","OK","Ready."
"Objects","Brainbackdrop","objects","patterns-symbols-and-icons","Sketches\objects\patterns-symbols-and-icons\brainbackdrop\index.html","https://ronenglish-archive.github.io/ron-english-sketches-objects/Sketches/objects/patterns-symbols-and-icons/brainbackdrop/index.html","5","0","https://ronenglish-archive.github.io/ron-english-sketches-objects/images/Sketches/Objects/patterns-symbols-and-icons/brainbackdrop%20(1).jpg","OK","Ready."
"Objects","B R a I N B a C K D R O P","objects","patterns-symbols-and-icons","Sketches\objects\patterns-symbols-and-icons\b-r-a-i-n-b-a-c-k-d-r-o-p\index.html","https://ronenglish-archive.github.io/ron-english-sketches-objects/Sketches/objects/patterns-symbols-and-icons/b-r-a-i-n-b-a-c-k-d-r-o-p/index.html","5","0","https://ronenglish-archive.github.io/ron-english-sketches-objects/images/Sketches/Objects/patterns-symbols-and-icons/brainbackdrop%20(1).jpg","OK","Ready."
"Objects","Brainwave","objects","patterns-symbols-and-icons","Sketches\objects\patterns-symbols-and-icons\brainwave\index.html","https://ronenglish-archive.github.io/ron-english-sketches-objects/Sketches/objects/patterns-symbols-and-icons/brainwave/index.html","1","0","https://ronenglish-archive.github.io/ron-english-sketches-objects/images/Sketches/Objects/patterns-symbols-and-icons/brainwave.jpg","OK","Ready."
"Objects","B R a I N W a V E","objects","patterns-symbols-and-icons","Sketches\objects\patterns-symbols-and-icons\b-r-a-i-n-w-a-v-e\index.html","https://ronenglish-archive.github.io/ron-english-sketches-objects/Sketches/objects/patterns-symbols-and-icons/b-r-a-i-n-w-a-v-e/index.html","1","0","https://ronenglish-archive.github.io/ron-english-sketches-objects/images/Sketches/Objects/patterns-symbols-and-icons/brainwave.jpg","OK","Ready."
"Objects","Butteflyflower.pdf","objects","patterns-symbols-and-icons","Sketches\objects\patterns-symbols-and-icons\butteflyflower-pdf\index.html","https://ronenglish-archive.github.io/ron-english-sketches-objects/Sketches/objects/patterns-symbols-and-icons/butteflyflower-pdf/index.html","1","0","https://ronenglish-archive.github.io/ron-english-sketches-objects/images/Sketches/Objects/patterns-symbols-and-icons/butteflyflower.pdf_1.jpg","OK","Ready."
"Objects","B U T T E F L Y F L O W E R.p D F","objects","patterns-symbols-and-icons","Sketches\objects\patterns-symbols-and-icons\b-u-t-t-e-f-l-y-f-l-o-w-e-r-p-d-f\index.html","https://ronenglish-archive.github.io/ron-english-sketches-objects/Sketches/objects/patterns-symbols-and-icons/b-u-t-t-e-f-l-y-f-l-o-w-e-r-p-d-f/index.html","1","0","https://ronenglish-archive.github.io/ron-english-sketches-objects/images/Sketches/Objects/patterns-symbols-and-icons/butteflyflower.pdf_1.jpg","OK","Ready."
"Objects","Camo Army Men","objects","patterns-symbols-and-icons","Sketches\objects\patterns-symbols-and-icons\camo-army-men\index.html","https://ronenglish-archive.github.io/ron-english-sketches-objects/Sketches/objects/patterns-symbols-and-icons/camo-army-men/index.html","8","0","https://ronenglish-archive.github.io/ron-english-sketches-objects/images/Sketches/Objects/patterns-symbols-and-icons/camoarmymen6.pdf_1.jpg","OK","Ready."
"Objects","C a M O a R M Y M E N6.p D F","objects","patterns-symbols-and-icons","Sketches\objects\patterns-symbols-and-icons\c-a-m-o-a-r-m-y-m-e-n6-p-d-f\index.html","https://ronenglish-archive.github.io/ron-english-sketches-objects/Sketches/objects/patterns-symbols-and-icons/c-a-m-o-a-r-m-y-m-e-n6-p-d-f/index.html","1","0","https://ronenglish-archive.github.io/ron-english-sketches-objects/images/Sketches/Objects/patterns-symbols-and-icons/camoarmymen6.pdf_1.jpg","OK","Ready."
"Objects","C a M O a R M Y M E N7.p D F","objects","patterns-symbols-and-icons","Sketches\objects\patterns-symbols-and-icons\c-a-m-o-a-r-m-y-m-e-n7-p-d-f\index.html","https://ronenglish-archive.github.io/ron-english-sketches-objects/Sketches/objects/patterns-symbols-and-icons/c-a-m-o-a-r-m-y-m-e-n7-p-d-f/index.html","1","0","https://ronenglish-archive.github.io/ron-english-sketches-objects/images/Sketches/Objects/patterns-symbols-and-icons/camoarmymen7.pdf_1.jpg","OK","Ready."
"Objects","C a M O a R M Y M E N V E R S I O N1","objects","patterns-symbols-and-icons","Sketches\objects\patterns-symbols-and-icons\c-a-m-o-a-r-m-y-m-e-n-v-e-r-s-i-o-n1\index.html","https://ronenglish-archive.github.io/ron-english-sketches-objects/Sketches/objects/patterns-symbols-and-icons/c-a-m-o-a-r-m-y-m-e-n-v-e-r-s-i-o-n1/index.html","1","0","https://ronenglish-archive.github.io/ron-english-sketches-objects/images/Sketches/Objects/patterns-symbols-and-icons/camoarmymenversion1.jpg","OK","Ready."
"Objects","C a M O a R M Y M E N V E R S I O N3","objects","patterns-symbols-and-icons","Sketches\objects\patterns-symbols-and-icons\c-a-m-o-a-r-m-y-m-e-n-v-e-r-s-i-o-n3\index.html","https://ronenglish-archive.github.io/ron-english-sketches-objects/Sketches/objects/patterns-symbols-and-icons/c-a-m-o-a-r-m-y-m-e-n-v-e-r-s-i-o-n3/index.html","1","0","https://ronenglish-archive.github.io/ron-english-sketches-objects/images/Sketches/Objects/patterns-symbols-and-icons/camoarmymenversion3.jpg","OK","Ready."
"Objects","C a M O a R M Y M E N V E R S I O N4.p D F","objects","patterns-symbols-and-icons","Sketches\objects\patterns-symbols-and-icons\c-a-m-o-a-r-m-y-m-e-n-v-e-r-s-i-o-n4-p-d-f\index.html","https://ronenglish-archive.github.io/ron-english-sketches-objects/Sketches/objects/patterns-symbols-and-icons/c-a-m-o-a-r-m-y-m-e-n-v-e-r-s-i-o-n4-p-d-f/index.html","1","0","https://ronenglish-archive.github.io/ron-english-sketches-objects/images/Sketches/Objects/patterns-symbols-and-icons/camoarmymenversion4.pdf_1.jpg","OK","Ready."
"Objects","C a M O a R M Y M E N V E R S I O N5.p D F","objects","patterns-symbols-and-icons","Sketches\objects\patterns-symbols-and-icons\c-a-m-o-a-r-m-y-m-e-n-v-e-r-s-i-o-n5-p-d-f\index.html","https://ronenglish-archive.github.io/ron-english-sketches-objects/Sketches/objects/patterns-symbols-and-icons/c-a-m-o-a-r-m-y-m-e-n-v-e-r-s-i-o-n5-p-d-f/index.html","1","0","https://ronenglish-archive.github.io/ron-english-sketches-objects/images/Sketches/Objects/patterns-symbols-and-icons/camoarmymenversion5.pdf_1.jpg","OK","Ready."
"Objects","C a M O a R M Y M E N V E R S I O N6","objects","patterns-symbols-and-icons","Sketches\objects\patterns-symbols-and-icons\c-a-m-o-a-r-m-y-m-e-n-v-e-r-s-i-o-n6\index.html","https://ronenglish-archive.github.io/ron-english-sketches-objects/Sketches/objects/patterns-symbols-and-icons/c-a-m-o-a-r-m-y-m-e-n-v-e-r-s-i-o-n6/index.html","2","0","https://ronenglish-archive.github.io/ron-english-sketches-objects/images/Sketches/Objects/patterns-symbols-and-icons/camoarmymenversion6%20(2).jpg","OK","Ready."
"Objects","Camodot Pattern Alt Colorways","objects","patterns-symbols-and-icons","Sketches\objects\patterns-symbols-and-icons\camodot-pattern-alt-colorways\index.html","https://ronenglish-archive.github.io/ron-english-sketches-objects/Sketches/objects/patterns-symbols-and-icons/camodot-pattern-alt-colorways/index.html","1","0","https://ronenglish-archive.github.io/ron-english-sketches-objects/images/Sketches/Objects/patterns-symbols-and-icons/CAMODOT_PATTERN_ALT_COLORWAYS.jpg","OK","Ready."
"Objects","C a M O D O T P a T T E R N a L T C O L O R W a Y S","objects","patterns-symbols-and-icons","Sketches\objects\patterns-symbols-and-icons\c-a-m-o-d-o-t-p-a-t-t-e-r-n-a-l-t-c-o-l-o-r-w-a-y-s\index.html","https://ronenglish-archive.github.io/ron-english-sketches-objects/Sketches/objects/patterns-symbols-and-icons/c-a-m-o-d-o-t-p-a-t-t-e-r-n-a-l-t-c-o-l-o-r-w-a-y-s/index.html","1","0","https://ronenglish-archive.github.io/ron-english-sketches-objects/images/Sketches/Objects/patterns-symbols-and-icons/CAMODOT_PATTERN_ALT_COLORWAYS.jpg","OK","Ready."
"Objects","Camodot Pattern Alt Colorways.r3","objects","patterns-symbols-and-icons","Sketches\objects\patterns-symbols-and-icons\camodot-pattern-alt-colorways-r3\index.html","https://ronenglish-archive.github.io/ron-english-sketches-objects/Sketches/objects/patterns-symbols-and-icons/camodot-pattern-alt-colorways-r3/index.html","1","0","https://ronenglish-archive.github.io/ron-english-sketches-objects/images/Sketches/Objects/patterns-symbols-and-icons/CAMODOT_PATTERN_ALT_COLORWAYS.R3.jpg","OK","Ready."
"Objects","C a M O D O T P a T T E R N a L T C O L O R W a Y S.r3","objects","patterns-symbols-and-icons","Sketches\objects\patterns-symbols-and-icons\c-a-m-o-d-o-t-p-a-t-t-e-r-n-a-l-t-c-o-l-o-r-w-a-y-s-r3\index.html","https://ronenglish-archive.github.io/ron-english-sketches-objects/Sketches/objects/patterns-symbols-and-icons/c-a-m-o-d-o-t-p-a-t-t-e-r-n-a-l-t-c-o-l-o-r-w-a-y-s-r3/index.html","1","0","https://ronenglish-archive.github.io/ron-english-sketches-objects/images/Sketches/Objects/patterns-symbols-and-icons/CAMODOT_PATTERN_ALT_COLORWAYS.R3.jpg","OK","Ready."
"Objects","Camonew2.pdf","objects","patterns-symbols-and-icons","Sketches\objects\patterns-symbols-and-icons\camonew2-pdf\index.html","https://ronenglish-archive.github.io/ron-english-sketches-objects/Sketches/objects/patterns-symbols-and-icons/camonew2-pdf/index.html","1","0","https://ronenglish-archive.github.io/ron-english-sketches-objects/images/Sketches/Objects/patterns-symbols-and-icons/camonew2.pdf_1.jpg","OK","Ready."
"Objects","C a M O N E W2.p D F","objects","patterns-symbols-and-icons","Sketches\objects\patterns-symbols-and-icons\c-a-m-o-n-e-w2-p-d-f\index.html","https://ronenglish-archive.github.io/ron-english-sketches-objects/Sketches/objects/patterns-symbols-and-icons/c-a-m-o-n-e-w2-p-d-f/index.html","1","0","https://ronenglish-archive.github.io/ron-english-sketches-objects/images/Sketches/Objects/patterns-symbols-and-icons/camonew2.pdf_1.jpg","OK","Ready."
"Objects","Camonew4","objects","patterns-symbols-and-icons","Sketches\objects\patterns-symbols-and-icons\camonew4\index.html","https://ronenglish-archive.github.io/ron-english-sketches-objects/Sketches/objects/patterns-symbols-and-icons/camonew4/index.html","1","0","https://ronenglish-archive.github.io/ron-english-sketches-objects/images/Sketches/Objects/patterns-symbols-and-icons/camonew4.jpg","OK","Ready."
"Objects","C a M O N E W4","objects","patterns-symbols-and-icons","Sketches\objects\patterns-symbols-and-icons\c-a-m-o-n-e-w4\index.html","https://ronenglish-archive.github.io/ron-english-sketches-objects/Sketches/objects/patterns-symbols-and-icons/c-a-m-o-n-e-w4/index.html","1","0","https://ronenglish-archive.github.io/ron-english-sketches-objects/images/Sketches/Objects/patterns-symbols-and-icons/camonew4.jpg","OK","Ready."
"Objects","Camopattern.pdf","objects","patterns-symbols-and-icons","Sketches\objects\patterns-symbols-and-icons\camopattern-pdf\index.html","https://ronenglish-archive.github.io/ron-english-sketches-objects/Sketches/objects/patterns-symbols-and-icons/camopattern-pdf/index.html","1","0","https://ronenglish-archive.github.io/ron-english-sketches-objects/images/Sketches/Objects/patterns-symbols-and-icons/camopattern.pdf_1.jpg","OK","Ready."
"Objects","C a M O P a T T E R N.p D F","objects","patterns-symbols-and-icons","Sketches\objects\patterns-symbols-and-icons\c-a-m-o-p-a-t-t-e-r-n-p-d-f\index.html","https://ronenglish-archive.github.io/ron-english-sketches-objects/Sketches/objects/patterns-symbols-and-icons/c-a-m-o-p-a-t-t-e-r-n-p-d-f/index.html","1","0","https://ronenglish-archive.github.io/ron-english-sketches-objects/images/Sketches/Objects/patterns-symbols-and-icons/camopattern.pdf_1.jpg","OK","Ready."
"Objects","Coloringbook26","objects","patterns-symbols-and-icons","Sketches\objects\patterns-symbols-and-icons\coloringbook26\index.html","https://ronenglish-archive.github.io/ron-english-sketches-objects/Sketches/objects/patterns-symbols-and-icons/coloringbook26/index.html","1","0","https://ronenglish-archive.github.io/ron-english-sketches-objects/images/Sketches/Objects/patterns-symbols-and-icons/coloringbook26.jpg","OK","Ready."
"Objects","C O L O R I N G B O O K26","objects","patterns-symbols-and-icons","Sketches\objects\patterns-symbols-and-icons\c-o-l-o-r-i-n-g-b-o-o-k26\index.html","https://ronenglish-archive.github.io/ron-english-sketches-objects/Sketches/objects/patterns-symbols-and-icons/c-o-l-o-r-i-n-g-b-o-o-k26/index.html","1","0","https://ronenglish-archive.github.io/ron-english-sketches-objects/images/Sketches/Objects/patterns-symbols-and-icons/coloringbook26.jpg","OK","Ready."
"Objects","Coloringbook3","objects","patterns-symbols-and-icons","Sketches\objects\patterns-symbols-and-icons\coloringbook3\index.html","https://ronenglish-archive.github.io/ron-english-sketches-objects/Sketches/objects/patterns-symbols-and-icons/coloringbook3/index.html","1","0","https://ronenglish-archive.github.io/ron-english-sketches-objects/images/Sketches/Objects/patterns-symbols-and-icons/coloringbook3.jpg","OK","Ready."
"Objects","C O L O R I N G B O O K3","objects","patterns-symbols-and-icons","Sketches\objects\patterns-symbols-and-icons\c-o-l-o-r-i-n-g-b-o-o-k3\index.html","https://ronenglish-archive.github.io/ron-english-sketches-objects/Sketches/objects/patterns-symbols-and-icons/c-o-l-o-r-i-n-g-b-o-o-k3/index.html","1","0","https://ronenglish-archive.github.io/ron-english-sketches-objects/images/Sketches/Objects/patterns-symbols-and-icons/coloringbook3.jpg","OK","Ready."
"Objects","Comicbookcamobackground","objects","patterns-symbols-and-icons","Sketches\objects\patterns-symbols-and-icons\comicbookcamobackground\index.html","https://ronenglish-archive.github.io/ron-english-sketches-objects/Sketches/objects/patterns-symbols-and-icons/comicbookcamobackground/index.html","1","0","https://ronenglish-archive.github.io/ron-english-sketches-objects/images/Sketches/Objects/patterns-symbols-and-icons/comicbookcamobackground.jpg","OK","Ready."
"Objects","C O M I C B O O K C a M O B a C K G R O U N D","objects","patterns-symbols-and-icons","Sketches\objects\patterns-symbols-and-icons\c-o-m-i-c-b-o-o-k-c-a-m-o-b-a-c-k-g-r-o-u-n-d\index.html","https://ronenglish-archive.github.io/ron-english-sketches-objects/Sketches/objects/patterns-symbols-and-icons/c-o-m-i-c-b-o-o-k-c-a-m-o-b-a-c-k-g-r-o-u-n-d/index.html","1","0","https://ronenglish-archive.github.io/ron-english-sketches-objects/images/Sketches/Objects/patterns-symbols-and-icons/comicbookcamobackground.jpg","OK","Ready."
"Objects","Delusionville Camodot","objects","patterns-symbols-and-icons","Sketches\objects\patterns-symbols-and-icons\delusionville-camodot\index.html","https://ronenglish-archive.github.io/ron-english-sketches-objects/Sketches/objects/patterns-symbols-and-icons/delusionville-camodot/index.html","1","0","https://ronenglish-archive.github.io/ron-english-sketches-objects/images/Sketches/Objects/patterns-symbols-and-icons/Delusionville%2BCamodot.jpg","OK","Ready."
"Objects","D E L U S I O N V I L L E C a M O D O T","objects","patterns-symbols-and-icons","Sketches\objects\patterns-symbols-and-icons\d-e-l-u-s-i-o-n-v-i-l-l-e-c-a-m-o-d-o-t\index.html","https://ronenglish-archive.github.io/ron-english-sketches-objects/Sketches/objects/patterns-symbols-and-icons/d-e-l-u-s-i-o-n-v-i-l-l-e-c-a-m-o-d-o-t/index.html","1","0","https://ronenglish-archive.github.io/ron-english-sketches-objects/images/Sketches/Objects/patterns-symbols-and-icons/Delusionville%2BCamodot.jpg","OK","Ready."
"Objects","Delusionville Camodot Diamond","objects","patterns-symbols-and-icons","Sketches\objects\patterns-symbols-and-icons\delusionville-camodot-diamond\index.html","https://ronenglish-archive.github.io/ron-english-sketches-objects/Sketches/objects/patterns-symbols-and-icons/delusionville-camodot-diamond/index.html","1","0","https://ronenglish-archive.github.io/ron-english-sketches-objects/images/Sketches/Objects/patterns-symbols-and-icons/Delusionville%2BCamodot_Diamond.jpg","OK","Ready."
"Objects","D E L U S I O N V I L L E C a M O D O T D I a M O N D","objects","patterns-symbols-and-icons","Sketches\objects\patterns-symbols-and-icons\d-e-l-u-s-i-o-n-v-i-l-l-e-c-a-m-o-d-o-t-d-i-a-m-o-n-d\index.html","https://ronenglish-archive.github.io/ron-english-sketches-objects/Sketches/objects/patterns-symbols-and-icons/d-e-l-u-s-i-o-n-v-i-l-l-e-c-a-m-o-d-o-t-d-i-a-m-o-n-d/index.html","1","0","https://ronenglish-archive.github.io/ron-english-sketches-objects/images/Sketches/Objects/patterns-symbols-and-icons/Delusionville%2BCamodot_Diamond.jpg","OK","Ready."
"Objects","Delusionville Camodot High Resl","objects","patterns-symbols-and-icons","Sketches\objects\patterns-symbols-and-icons\delusionville-camodot-high-resl\index.html","https://ronenglish-archive.github.io/ron-english-sketches-objects/Sketches/objects/patterns-symbols-and-icons/delusionville-camodot-high-resl/index.html","1","1","https://ronenglish-archive.github.io/ron-english-sketches-objects/images/Sketches/Objects/patterns-symbols-and-icons/Delusionville%2BCamodot_HighResl.tif","REVIEW","Some local image references were not found."
"Objects","D E L U S I O N V I L L E C a M O D O T H I G H R E S L","objects","patterns-symbols-and-icons","Sketches\objects\patterns-symbols-and-icons\d-e-l-u-s-i-o-n-v-i-l-l-e-c-a-m-o-d-o-t-h-i-g-h-r-e-s-l\index.html","https://ronenglish-archive.github.io/ron-english-sketches-objects/Sketches/objects/patterns-symbols-and-icons/d-e-l-u-s-i-o-n-v-i-l-l-e-c-a-m-o-d-o-t-h-i-g-h-r-e-s-l/index.html","1","1","https://ronenglish-archive.github.io/ron-english-sketches-objects/images/Sketches/Objects/patterns-symbols-and-icons/Delusionville%2BCamodot_HighResl.tif","REVIEW","Some local image references were not found."
"Objects","Diamondskullsgreypattern.pdf","objects","patterns-symbols-and-icons","Sketches\objects\patterns-symbols-and-icons\diamondskullsgreypattern-pdf\index.html","https://ronenglish-archive.github.io/ron-english-sketches-objects/Sketches/objects/patterns-symbols-and-icons/diamondskullsgreypattern-pdf/index.html","1","0","https://ronenglish-archive.github.io/ron-english-sketches-objects/images/Sketches/Objects/patterns-symbols-and-icons/diamondskullsgreypattern.pdf_1.jpg","OK","Ready."
"Objects","D I a M O N D S K U L L S G R E Y P a T T E R N.p D F","objects","patterns-symbols-and-icons","Sketches\objects\patterns-symbols-and-icons\d-i-a-m-o-n-d-s-k-u-l-l-s-g-r-e-y-p-a-t-t-e-r-n-p-d-f\index.html","https://ronenglish-archive.github.io/ron-english-sketches-objects/Sketches/objects/patterns-symbols-and-icons/d-i-a-m-o-n-d-s-k-u-l-l-s-g-r-e-y-p-a-t-t-e-r-n-p-d-f/index.html","1","0","https://ronenglish-archive.github.io/ron-english-sketches-objects/images/Sketches/Objects/patterns-symbols-and-icons/diamondskullsgreypattern.pdf_1.jpg","OK","Ready."
"Objects","Dollar Bill Mm","objects","patterns-symbols-and-icons","Sketches\objects\patterns-symbols-and-icons\dollar-bill-mm\index.html","https://ronenglish-archive.github.io/ron-english-sketches-objects/Sketches/objects/patterns-symbols-and-icons/dollar-bill-mm/index.html","1","0","https://ronenglish-archive.github.io/ron-english-sketches-objects/images/Sketches/Objects/patterns-symbols-and-icons/DOLLAR%20BILL%20mm.jpg","OK","Ready."
"Objects","D O L L a R B I L L M M","objects","patterns-symbols-and-icons","Sketches\objects\patterns-symbols-and-icons\d-o-l-l-a-r-b-i-l-l-m-m\index.html","https://ronenglish-archive.github.io/ron-english-sketches-objects/Sketches/objects/patterns-symbols-and-icons/d-o-l-l-a-r-b-i-l-l-m-m/index.html","1","0","https://ronenglish-archive.github.io/ron-english-sketches-objects/images/Sketches/Objects/patterns-symbols-and-icons/DOLLAR%20BILL%20mm.jpg","OK","Ready."
"Objects","Emojipaisley.pdf","objects","patterns-symbols-and-icons","Sketches\objects\patterns-symbols-and-icons\emojipaisley-pdf\index.html","https://ronenglish-archive.github.io/ron-english-sketches-objects/Sketches/objects/patterns-symbols-and-icons/emojipaisley-pdf/index.html","1","0","https://ronenglish-archive.github.io/ron-english-sketches-objects/images/Sketches/Objects/patterns-symbols-and-icons/emojipaisley.pdf_1.jpg","OK","Ready."
"Objects","E M O J I P a I S L E Y.p D F","objects","patterns-symbols-and-icons","Sketches\objects\patterns-symbols-and-icons\e-m-o-j-i-p-a-i-s-l-e-y-p-d-f\index.html","https://ronenglish-archive.github.io/ron-english-sketches-objects/Sketches/objects/patterns-symbols-and-icons/e-m-o-j-i-p-a-i-s-l-e-y-p-d-f/index.html","1","0","https://ronenglish-archive.github.io/ron-english-sketches-objects/images/Sketches/Objects/patterns-symbols-and-icons/emojipaisley.pdf_1.jpg","OK","Ready."
"Objects","Family Iconpage Delusionville Book 01","objects","patterns-symbols-and-icons","Sketches\objects\patterns-symbols-and-icons\family-iconpage-delusionville-book-01\index.html","https://ronenglish-archive.github.io/ron-english-sketches-objects/Sketches/objects/patterns-symbols-and-icons/family-iconpage-delusionville-book-01/index.html","2","1","https://ronenglish-archive.github.io/ron-english-sketches-objects/images/Sketches/Objects/patterns-symbols-and-icons/family_iconpage_delusionville_book-01.jpg","REVIEW","Some local image references were not found."
"Objects","F a M I L Y I C O N P a G E D E L U S I O N V I L L E B O O K 01","objects","patterns-symbols-and-icons","Sketches\objects\patterns-symbols-and-icons\f-a-m-i-l-y-i-c-o-n-p-a-g-e-d-e-l-u-s-i-o-n-v-i-l-l-e-b-o-o-k-01\index.html","https://ronenglish-archive.github.io/ron-english-sketches-objects/Sketches/objects/patterns-symbols-and-icons/f-a-m-i-l-y-i-c-o-n-p-a-g-e-d-e-l-u-s-i-o-n-v-i-l-l-e-b-o-o-k-01/index.html","2","1","https://ronenglish-archive.github.io/ron-english-sketches-objects/images/Sketches/Objects/patterns-symbols-and-icons/family_iconpage_delusionville_book-01.jpg","REVIEW","Some local image references were not found."
"Objects","Fire Yin Yang","objects","patterns-symbols-and-icons","Sketches\objects\patterns-symbols-and-icons\fire-yin-yang\index.html","https://ronenglish-archive.github.io/ron-english-sketches-objects/Sketches/objects/patterns-symbols-and-icons/fire-yin-yang/index.html","1","0","https://ronenglish-archive.github.io/ron-english-sketches-objects/images/Sketches/Objects/patterns-symbols-and-icons/Fire%20Yin%20Yang%20B%26W.jpg","OK","Ready."
"Objects","F I R E Y I N Y a N G","objects","patterns-symbols-and-icons","Sketches\objects\patterns-symbols-and-icons\f-i-r-e-y-i-n-y-a-n-g\index.html","https://ronenglish-archive.github.io/ron-english-sketches-objects/Sketches/objects/patterns-symbols-and-icons/f-i-r-e-y-i-n-y-a-n-g/index.html","1","0","https://ronenglish-archive.github.io/ron-english-sketches-objects/images/Sketches/Objects/patterns-symbols-and-icons/Fire%20Yin%20Yang%20B%26W.jpg","OK","Ready."
"Objects","Flames","objects","patterns-symbols-and-icons","Sketches\objects\patterns-symbols-and-icons\flames\index.html","https://ronenglish-archive.github.io/ron-english-sketches-objects/Sketches/objects/patterns-symbols-and-icons/flames/index.html","1","0","https://ronenglish-archive.github.io/ron-english-sketches-objects/images/Sketches/Objects/patterns-symbols-and-icons/flames.jpg","OK","Ready."
"Objects","F L a M E S","objects","patterns-symbols-and-icons","Sketches\objects\patterns-symbols-and-icons\f-l-a-m-e-s\index.html","https://ronenglish-archive.github.io/ron-english-sketches-objects/Sketches/objects/patterns-symbols-and-icons/f-l-a-m-e-s/index.html","1","0","https://ronenglish-archive.github.io/ron-english-sketches-objects/images/Sketches/Objects/patterns-symbols-and-icons/flames.jpg","OK","Ready."
"Objects","Fur Pattern","objects","patterns-symbols-and-icons","Sketches\objects\patterns-symbols-and-icons\fur-pattern\index.html","https://ronenglish-archive.github.io/ron-english-sketches-objects/Sketches/objects/patterns-symbols-and-icons/fur-pattern/index.html","1","0","https://ronenglish-archive.github.io/ron-english-sketches-objects/images/Sketches/Objects/patterns-symbols-and-icons/fur%20pattern.jpg","OK","Ready."
"Objects","F U R P a T T E R N","objects","patterns-symbols-and-icons","Sketches\objects\patterns-symbols-and-icons\f-u-r-p-a-t-t-e-r-n\index.html","https://ronenglish-archive.github.io/ron-english-sketches-objects/Sketches/objects/patterns-symbols-and-icons/f-u-r-p-a-t-t-e-r-n/index.html","1","0","https://ronenglish-archive.github.io/ron-english-sketches-objects/images/Sketches/Objects/patterns-symbols-and-icons/fur%20pattern.jpg","OK","Ready."
"Objects","Img136","objects","patterns-symbols-and-icons","Sketches\objects\patterns-symbols-and-icons\img136\index.html","https://ronenglish-archive.github.io/ron-english-sketches-objects/Sketches/objects/patterns-symbols-and-icons/img136/index.html","1","0","https://ronenglish-archive.github.io/ron-english-sketches-objects/images/Sketches/Objects/patterns-symbols-and-icons/img136%20(2).jpg","OK","Ready."
"Objects","I M G136","objects","patterns-symbols-and-icons","Sketches\objects\patterns-symbols-and-icons\i-m-g136\index.html","https://ronenglish-archive.github.io/ron-english-sketches-objects/Sketches/objects/patterns-symbols-and-icons/i-m-g136/index.html","1","0","https://ronenglish-archive.github.io/ron-english-sketches-objects/images/Sketches/Objects/patterns-symbols-and-icons/img136%20(2).jpg","OK","Ready."
"Objects","Img214","objects","patterns-symbols-and-icons","Sketches\objects\patterns-symbols-and-icons\img214\index.html","https://ronenglish-archive.github.io/ron-english-sketches-objects/Sketches/objects/patterns-symbols-and-icons/img214/index.html","1","0","https://ronenglish-archive.github.io/ron-english-sketches-objects/images/Sketches/Objects/patterns-symbols-and-icons/img214%20(2).jpg","OK","Ready."
"Objects","I M G214","objects","patterns-symbols-and-icons","Sketches\objects\patterns-symbols-and-icons\i-m-g214\index.html","https://ronenglish-archive.github.io/ron-english-sketches-objects/Sketches/objects/patterns-symbols-and-icons/i-m-g214/index.html","1","0","https://ronenglish-archive.github.io/ron-english-sketches-objects/images/Sketches/Objects/patterns-symbols-and-icons/img214%20(2).jpg","OK","Ready."
"Objects","Img215","objects","patterns-symbols-and-icons","Sketches\objects\patterns-symbols-and-icons\img215\index.html","https://ronenglish-archive.github.io/ron-english-sketches-objects/Sketches/objects/patterns-symbols-and-icons/img215/index.html","1","0","https://ronenglish-archive.github.io/ron-english-sketches-objects/images/Sketches/Objects/patterns-symbols-and-icons/img215%20(2).jpg","OK","Ready."
"Objects","I M G215","objects","patterns-symbols-and-icons","Sketches\objects\patterns-symbols-and-icons\i-m-g215\index.html","https://ronenglish-archive.github.io/ron-english-sketches-objects/Sketches/objects/patterns-symbols-and-icons/i-m-g215/index.html","1","0","https://ronenglish-archive.github.io/ron-english-sketches-objects/images/Sketches/Objects/patterns-symbols-and-icons/img215%20(2).jpg","OK","Ready."
"Objects","Img742","objects","patterns-symbols-and-icons","Sketches\objects\patterns-symbols-and-icons\img742\index.html","https://ronenglish-archive.github.io/ron-english-sketches-objects/Sketches/objects/patterns-symbols-and-icons/img742/index.html","1","0","https://ronenglish-archive.github.io/ron-english-sketches-objects/images/Sketches/Objects/patterns-symbols-and-icons/img742.jpg","OK","Ready."
"Objects","I M G742","objects","patterns-symbols-and-icons","Sketches\objects\patterns-symbols-and-icons\i-m-g742\index.html","https://ronenglish-archive.github.io/ron-english-sketches-objects/Sketches/objects/patterns-symbols-and-icons/i-m-g742/index.html","1","0","https://ronenglish-archive.github.io/ron-english-sketches-objects/images/Sketches/Objects/patterns-symbols-and-icons/img742.jpg","OK","Ready."
"Objects","Img743","objects","patterns-symbols-and-icons","Sketches\objects\patterns-symbols-and-icons\img743\index.html","https://ronenglish-archive.github.io/ron-english-sketches-objects/Sketches/objects/patterns-symbols-and-icons/img743/index.html","1","0","https://ronenglish-archive.github.io/ron-english-sketches-objects/images/Sketches/Objects/patterns-symbols-and-icons/img743.jpg","OK","Ready."
"Objects","I M G743","objects","patterns-symbols-and-icons","Sketches\objects\patterns-symbols-and-icons\i-m-g743\index.html","https://ronenglish-archive.github.io/ron-english-sketches-objects/Sketches/objects/patterns-symbols-and-icons/i-m-g743/index.html","1","0","https://ronenglish-archive.github.io/ron-english-sketches-objects/images/Sketches/Objects/patterns-symbols-and-icons/img743.jpg","OK","Ready."
"Objects","Lightning Circle","objects","patterns-symbols-and-icons","Sketches\objects\patterns-symbols-and-icons\lightning-circle\index.html","https://ronenglish-archive.github.io/ron-english-sketches-objects/Sketches/objects/patterns-symbols-and-icons/lightning-circle/index.html","2","0","https://ronenglish-archive.github.io/ron-english-sketches-objects/images/Sketches/Objects/patterns-symbols-and-icons/lightning%20circle%20(2).jpg","OK","Ready."
"Objects","L I G H T N I N G C I R C L E","objects","patterns-symbols-and-icons","Sketches\objects\patterns-symbols-and-icons\l-i-g-h-t-n-i-n-g-c-i-r-c-l-e\index.html","https://ronenglish-archive.github.io/ron-english-sketches-objects/Sketches/objects/patterns-symbols-and-icons/l-i-g-h-t-n-i-n-g-c-i-r-c-l-e/index.html","2","0","https://ronenglish-archive.github.io/ron-english-sketches-objects/images/Sketches/Objects/patterns-symbols-and-icons/lightning%20circle%20(2).jpg","OK","Ready."
"Objects","Line Camo Large 2 Pattern","objects","patterns-symbols-and-icons","Sketches\objects\patterns-symbols-and-icons\line-camo-large-2-pattern\index.html","https://ronenglish-archive.github.io/ron-english-sketches-objects/Sketches/objects/patterns-symbols-and-icons/line-camo-large-2-pattern/index.html","1","0","https://ronenglish-archive.github.io/ron-english-sketches-objects/images/Sketches/Objects/patterns-symbols-and-icons/line%20camo%20large%202%20pattern.jpg","OK","Ready."
"Objects","L I N E C a M O L a R G E 2 P a T T E R N","objects","patterns-symbols-and-icons","Sketches\objects\patterns-symbols-and-icons\l-i-n-e-c-a-m-o-l-a-r-g-e-2-p-a-t-t-e-r-n\index.html","https://ronenglish-archive.github.io/ron-english-sketches-objects/Sketches/objects/patterns-symbols-and-icons/l-i-n-e-c-a-m-o-l-a-r-g-e-2-p-a-t-t-e-r-n/index.html","1","0","https://ronenglish-archive.github.io/ron-english-sketches-objects/images/Sketches/Objects/patterns-symbols-and-icons/line%20camo%20large%202%20pattern.jpg","OK","Ready."
"Objects","Line Camo Sparse","objects","patterns-symbols-and-icons","Sketches\objects\patterns-symbols-and-icons\line-camo-sparse\index.html","https://ronenglish-archive.github.io/ron-english-sketches-objects/Sketches/objects/patterns-symbols-and-icons/line-camo-sparse/index.html","1","0","https://ronenglish-archive.github.io/ron-english-sketches-objects/images/Sketches/Objects/patterns-symbols-and-icons/line%20camo%20sparse.jpg","OK","Ready."
"Objects","L I N E C a M O S P a R S E","objects","patterns-symbols-and-icons","Sketches\objects\patterns-symbols-and-icons\l-i-n-e-c-a-m-o-s-p-a-r-s-e\index.html","https://ronenglish-archive.github.io/ron-english-sketches-objects/Sketches/objects/patterns-symbols-and-icons/l-i-n-e-c-a-m-o-s-p-a-r-s-e/index.html","1","0","https://ronenglish-archive.github.io/ron-english-sketches-objects/images/Sketches/Objects/patterns-symbols-and-icons/line%20camo%20sparse.jpg","OK","Ready."
"Objects","Line Drawing Camo Pattern","objects","patterns-symbols-and-icons","Sketches\objects\patterns-symbols-and-icons\line-drawing-camo-pattern\index.html","https://ronenglish-archive.github.io/ron-english-sketches-objects/Sketches/objects/patterns-symbols-and-icons/line-drawing-camo-pattern/index.html","2","0","https://ronenglish-archive.github.io/ron-english-sketches-objects/images/Sketches/Objects/patterns-symbols-and-icons/line%20drawing%20camo%20pattern%201.jpg","OK","Ready."
"Objects","L I N E D R a W I N G C a M O P a T T E R N","objects","patterns-symbols-and-icons","Sketches\objects\patterns-symbols-and-icons\l-i-n-e-d-r-a-w-i-n-g-c-a-m-o-p-a-t-t-e-r-n\index.html","https://ronenglish-archive.github.io/ron-english-sketches-objects/Sketches/objects/patterns-symbols-and-icons/l-i-n-e-d-r-a-w-i-n-g-c-a-m-o-p-a-t-t-e-r-n/index.html","2","0","https://ronenglish-archive.github.io/ron-english-sketches-objects/images/Sketches/Objects/patterns-symbols-and-icons/line%20drawing%20camo%20pattern%201.jpg","OK","Ready."
"Objects","Mandala Design","objects","patterns-symbols-and-icons","Sketches\objects\patterns-symbols-and-icons\mandala-design\index.html","https://ronenglish-archive.github.io/ron-english-sketches-objects/Sketches/objects/patterns-symbols-and-icons/mandala-design/index.html","1","0","https://ronenglish-archive.github.io/ron-english-sketches-objects/images/Sketches/Objects/patterns-symbols-and-icons/mandala-design.jpg","OK","Ready."
"Objects","M a N D a L a D E S I G N","objects","patterns-symbols-and-icons","Sketches\objects\patterns-symbols-and-icons\m-a-n-d-a-l-a-d-e-s-i-g-n\index.html","https://ronenglish-archive.github.io/ron-english-sketches-objects/Sketches/objects/patterns-symbols-and-icons/m-a-n-d-a-l-a-d-e-s-i-g-n/index.html","1","0","https://ronenglish-archive.github.io/ron-english-sketches-objects/images/Sketches/Objects/patterns-symbols-and-icons/mandala-design.jpg","OK","Ready."
"Objects","Marijuana Star","objects","patterns-symbols-and-icons","Sketches\objects\patterns-symbols-and-icons\marijuana-star\index.html","https://ronenglish-archive.github.io/ron-english-sketches-objects/Sketches/objects/patterns-symbols-and-icons/marijuana-star/index.html","1","0","https://ronenglish-archive.github.io/ron-english-sketches-objects/images/Sketches/Objects/patterns-symbols-and-icons/marijuana%20star.jpg","OK","Ready."
"Objects","M a R I J U a N a S T a R","objects","patterns-symbols-and-icons","Sketches\objects\patterns-symbols-and-icons\m-a-r-i-j-u-a-n-a-s-t-a-r\index.html","https://ronenglish-archive.github.io/ron-english-sketches-objects/Sketches/objects/patterns-symbols-and-icons/m-a-r-i-j-u-a-n-a-s-t-a-r/index.html","1","0","https://ronenglish-archive.github.io/ron-english-sketches-objects/images/Sketches/Objects/patterns-symbols-and-icons/marijuana%20star.jpg","OK","Ready."
"Objects","Mess Graffiti","objects","patterns-symbols-and-icons","Sketches\objects\patterns-symbols-and-icons\mess-graffiti\index.html","https://ronenglish-archive.github.io/ron-english-sketches-objects/Sketches/objects/patterns-symbols-and-icons/mess-graffiti/index.html","1","0","https://ronenglish-archive.github.io/ron-english-sketches-objects/images/Sketches/Objects/patterns-symbols-and-icons/mess%20graffiti.jpg","OK","Ready."
"Objects","M E S S G R a F F I T I","objects","patterns-symbols-and-icons","Sketches\objects\patterns-symbols-and-icons\m-e-s-s-g-r-a-f-f-i-t-i\index.html","https://ronenglish-archive.github.io/ron-english-sketches-objects/Sketches/objects/patterns-symbols-and-icons/m-e-s-s-g-r-a-f-f-i-t-i/index.html","1","0","https://ronenglish-archive.github.io/ron-english-sketches-objects/images/Sketches/Objects/patterns-symbols-and-icons/mess%20graffiti.jpg","OK","Ready."
"Objects","Mickey Hands","objects","patterns-symbols-and-icons","Sketches\objects\patterns-symbols-and-icons\mickey-hands\index.html","https://ronenglish-archive.github.io/ron-english-sketches-objects/Sketches/objects/patterns-symbols-and-icons/mickey-hands/index.html","2","0","https://ronenglish-archive.github.io/ron-english-sketches-objects/images/Sketches/Objects/patterns-symbols-and-icons/Mickey%20Hands%20B%26W.jpg","OK","Ready."
"Objects","M I C K E Y H a N D S","objects","patterns-symbols-and-icons","Sketches\objects\patterns-symbols-and-icons\m-i-c-k-e-y-h-a-n-d-s\index.html","https://ronenglish-archive.github.io/ron-english-sketches-objects/Sketches/objects/patterns-symbols-and-icons/m-i-c-k-e-y-h-a-n-d-s/index.html","2","0","https://ronenglish-archive.github.io/ron-english-sketches-objects/images/Sketches/Objects/patterns-symbols-and-icons/Mickey%20Hands%20B%26W.jpg","OK","Ready."
"Objects","Mickey Hands Pattern","objects","patterns-symbols-and-icons","Sketches\objects\patterns-symbols-and-icons\mickey-hands-pattern\index.html","https://ronenglish-archive.github.io/ron-english-sketches-objects/Sketches/objects/patterns-symbols-and-icons/mickey-hands-pattern/index.html","1","0","https://ronenglish-archive.github.io/ron-english-sketches-objects/images/Sketches/Objects/patterns-symbols-and-icons/mickey%20hands%20pattern.jpg","OK","Ready."
"Objects","M I C K E Y H a N D S P a T T E R N","objects","patterns-symbols-and-icons","Sketches\objects\patterns-symbols-and-icons\m-i-c-k-e-y-h-a-n-d-s-p-a-t-t-e-r-n\index.html","https://ronenglish-archive.github.io/ron-english-sketches-objects/Sketches/objects/patterns-symbols-and-icons/m-i-c-k-e-y-h-a-n-d-s-p-a-t-t-e-r-n/index.html","1","0","https://ronenglish-archive.github.io/ron-english-sketches-objects/images/Sketches/Objects/patterns-symbols-and-icons/mickey%20hands%20pattern.jpg","OK","Ready."
"Objects","Newbackdrop1","objects","patterns-symbols-and-icons","Sketches\objects\patterns-symbols-and-icons\newbackdrop1\index.html","https://ronenglish-archive.github.io/ron-english-sketches-objects/Sketches/objects/patterns-symbols-and-icons/newbackdrop1/index.html","1","0","https://ronenglish-archive.github.io/ron-english-sketches-objects/images/Sketches/Objects/patterns-symbols-and-icons/newbackdrop1.jpg","OK","Ready."
"Objects","N E W B a C K D R O P1","objects","patterns-symbols-and-icons","Sketches\objects\patterns-symbols-and-icons\n-e-w-b-a-c-k-d-r-o-p1\index.html","https://ronenglish-archive.github.io/ron-english-sketches-objects/Sketches/objects/patterns-symbols-and-icons/n-e-w-b-a-c-k-d-r-o-p1/index.html","1","0","https://ronenglish-archive.github.io/ron-english-sketches-objects/images/Sketches/Objects/patterns-symbols-and-icons/newbackdrop1.jpg","OK","Ready."
"Objects","Newcamo.pdf","objects","patterns-symbols-and-icons","Sketches\objects\patterns-symbols-and-icons\newcamo-pdf\index.html","https://ronenglish-archive.github.io/ron-english-sketches-objects/Sketches/objects/patterns-symbols-and-icons/newcamo-pdf/index.html","1","0","https://ronenglish-archive.github.io/ron-english-sketches-objects/images/Sketches/Objects/patterns-symbols-and-icons/Newcamo.pdf_1.jpg","OK","Ready."
"Objects","N E W C a M O.p D F","objects","patterns-symbols-and-icons","Sketches\objects\patterns-symbols-and-icons\n-e-w-c-a-m-o-p-d-f\index.html","https://ronenglish-archive.github.io/ron-english-sketches-objects/Sketches/objects/patterns-symbols-and-icons/n-e-w-c-a-m-o-p-d-f/index.html","1","0","https://ronenglish-archive.github.io/ron-english-sketches-objects/images/Sketches/Objects/patterns-symbols-and-icons/Newcamo.pdf_1.jpg","OK","Ready."
"Objects","Newskullplaid","objects","patterns-symbols-and-icons","Sketches\objects\patterns-symbols-and-icons\newskullplaid\index.html","https://ronenglish-archive.github.io/ron-english-sketches-objects/Sketches/objects/patterns-symbols-and-icons/newskullplaid/index.html","1","0","https://ronenglish-archive.github.io/ron-english-sketches-objects/images/Sketches/Objects/patterns-symbols-and-icons/newskullplaid.jpg","OK","Ready."
"Objects","N E W S K U L L P L a I D","objects","patterns-symbols-and-icons","Sketches\objects\patterns-symbols-and-icons\n-e-w-s-k-u-l-l-p-l-a-i-d\index.html","https://ronenglish-archive.github.io/ron-english-sketches-objects/Sketches/objects/patterns-symbols-and-icons/n-e-w-s-k-u-l-l-p-l-a-i-d/index.html","1","0","https://ronenglish-archive.github.io/ron-english-sketches-objects/images/Sketches/Objects/patterns-symbols-and-icons/newskullplaid.jpg","OK","Ready."
"Objects","Newskullplaid Sm","objects","patterns-symbols-and-icons","Sketches\objects\patterns-symbols-and-icons\newskullplaid-sm\index.html","https://ronenglish-archive.github.io/ron-english-sketches-objects/Sketches/objects/patterns-symbols-and-icons/newskullplaid-sm/index.html","1","0","https://ronenglish-archive.github.io/ron-english-sketches-objects/images/Sketches/Objects/patterns-symbols-and-icons/newskullplaid%20sm.jpg","OK","Ready."
"Objects","N E W S K U L L P L a I D S M","objects","patterns-symbols-and-icons","Sketches\objects\patterns-symbols-and-icons\n-e-w-s-k-u-l-l-p-l-a-i-d-s-m\index.html","https://ronenglish-archive.github.io/ron-english-sketches-objects/Sketches/objects/patterns-symbols-and-icons/n-e-w-s-k-u-l-l-p-l-a-i-d-s-m/index.html","1","0","https://ronenglish-archive.github.io/ron-english-sketches-objects/images/Sketches/Objects/patterns-symbols-and-icons/newskullplaid%20sm.jpg","OK","Ready."
"Objects","Paisleypattern1.pdf","objects","patterns-symbols-and-icons","Sketches\objects\patterns-symbols-and-icons\paisleypattern1-pdf\index.html","https://ronenglish-archive.github.io/ron-english-sketches-objects/Sketches/objects/patterns-symbols-and-icons/paisleypattern1-pdf/index.html","1","0","https://ronenglish-archive.github.io/ron-english-sketches-objects/images/Sketches/Objects/patterns-symbols-and-icons/paisleypattern1.pdf_1.jpg","OK","Ready."
"Objects","P a I S L E Y P a T T E R N1.p D F","objects","patterns-symbols-and-icons","Sketches\objects\patterns-symbols-and-icons\p-a-i-s-l-e-y-p-a-t-t-e-r-n1-p-d-f\index.html","https://ronenglish-archive.github.io/ron-english-sketches-objects/Sketches/objects/patterns-symbols-and-icons/p-a-i-s-l-e-y-p-a-t-t-e-r-n1-p-d-f/index.html","1","0","https://ronenglish-archive.github.io/ron-english-sketches-objects/images/Sketches/Objects/patterns-symbols-and-icons/paisleypattern1.pdf_1.jpg","OK","Ready."
"Objects","Paisleypattern2.pdf","objects","patterns-symbols-and-icons","Sketches\objects\patterns-symbols-and-icons\paisleypattern2-pdf\index.html","https://ronenglish-archive.github.io/ron-english-sketches-objects/Sketches/objects/patterns-symbols-and-icons/paisleypattern2-pdf/index.html","1","0","https://ronenglish-archive.github.io/ron-english-sketches-objects/images/Sketches/Objects/patterns-symbols-and-icons/paisleypattern2.pdf_1.jpg","OK","Ready."
"Objects","P a I S L E Y P a T T E R N2.p D F","objects","patterns-symbols-and-icons","Sketches\objects\patterns-symbols-and-icons\p-a-i-s-l-e-y-p-a-t-t-e-r-n2-p-d-f\index.html","https://ronenglish-archive.github.io/ron-english-sketches-objects/Sketches/objects/patterns-symbols-and-icons/p-a-i-s-l-e-y-p-a-t-t-e-r-n2-p-d-f/index.html","1","0","https://ronenglish-archive.github.io/ron-english-sketches-objects/images/Sketches/Objects/patterns-symbols-and-icons/paisleypattern2.pdf_1.jpg","OK","Ready."
"Objects","Paisleypatternemoji","objects","patterns-symbols-and-icons","Sketches\objects\patterns-symbols-and-icons\paisleypatternemoji\index.html","https://ronenglish-archive.github.io/ron-english-sketches-objects/Sketches/objects/patterns-symbols-and-icons/paisleypatternemoji/index.html","1","0","https://ronenglish-archive.github.io/ron-english-sketches-objects/images/Sketches/Objects/patterns-symbols-and-icons/paisleypatternemoji.jpg","OK","Ready."
"Objects","P a I S L E Y P a T T E R N E M O J I","objects","patterns-symbols-and-icons","Sketches\objects\patterns-symbols-and-icons\p-a-i-s-l-e-y-p-a-t-t-e-r-n-e-m-o-j-i\index.html","https://ronenglish-archive.github.io/ron-english-sketches-objects/Sketches/objects/patterns-symbols-and-icons/p-a-i-s-l-e-y-p-a-t-t-e-r-n-e-m-o-j-i/index.html","1","0","https://ronenglish-archive.github.io/ron-english-sketches-objects/images/Sketches/Objects/patterns-symbols-and-icons/paisleypatternemoji.jpg","OK","Ready."
"Objects","Paisleypatternemoji FLAT","objects","patterns-symbols-and-icons","Sketches\objects\patterns-symbols-and-icons\paisleypatternemoji-flat\index.html","https://ronenglish-archive.github.io/ron-english-sketches-objects/Sketches/objects/patterns-symbols-and-icons/paisleypatternemoji-flat/index.html","1","0","https://ronenglish-archive.github.io/ron-english-sketches-objects/images/Sketches/Objects/patterns-symbols-and-icons/paisleypatternemojiFLAT.jpg","OK","Ready."
"Objects","P a I S L E Y P a T T E R N E M O J I F L a T","objects","patterns-symbols-and-icons","Sketches\objects\patterns-symbols-and-icons\p-a-i-s-l-e-y-p-a-t-t-e-r-n-e-m-o-j-i-f-l-a-t\index.html","https://ronenglish-archive.github.io/ron-english-sketches-objects/Sketches/objects/patterns-symbols-and-icons/p-a-i-s-l-e-y-p-a-t-t-e-r-n-e-m-o-j-i-f-l-a-t/index.html","1","0","https://ronenglish-archive.github.io/ron-english-sketches-objects/images/Sketches/Objects/patterns-symbols-and-icons/paisleypatternemojiFLAT.jpg","OK","Ready."
"Objects","Paisleypatternemoji.pdf","objects","patterns-symbols-and-icons","Sketches\objects\patterns-symbols-and-icons\paisleypatternemoji-pdf\index.html","https://ronenglish-archive.github.io/ron-english-sketches-objects/Sketches/objects/patterns-symbols-and-icons/paisleypatternemoji-pdf/index.html","1","0","https://ronenglish-archive.github.io/ron-english-sketches-objects/images/Sketches/Objects/patterns-symbols-and-icons/paisleypatternemoji.pdf_1.jpg","OK","Ready."
"Objects","P a I S L E Y P a T T E R N E M O J I.p D F","objects","patterns-symbols-and-icons","Sketches\objects\patterns-symbols-and-icons\p-a-i-s-l-e-y-p-a-t-t-e-r-n-e-m-o-j-i-p-d-f\index.html","https://ronenglish-archive.github.io/ron-english-sketches-objects/Sketches/objects/patterns-symbols-and-icons/p-a-i-s-l-e-y-p-a-t-t-e-r-n-e-m-o-j-i-p-d-f/index.html","1","0","https://ronenglish-archive.github.io/ron-english-sketches-objects/images/Sketches/Objects/patterns-symbols-and-icons/paisleypatternemoji.pdf_1.jpg","OK","Ready."
"Objects","Paisleypatternrabbbit","objects","patterns-symbols-and-icons","Sketches\objects\patterns-symbols-and-icons\paisleypatternrabbbit\index.html","https://ronenglish-archive.github.io/ron-english-sketches-objects/Sketches/objects/patterns-symbols-and-icons/paisleypatternrabbbit/index.html","1","0","https://ronenglish-archive.github.io/ron-english-sketches-objects/images/Sketches/Objects/patterns-symbols-and-icons/paisleypatternrabbbit.jpg","OK","Ready."
"Objects","P a I S L E Y P a T T E R N R a B B B I T","objects","patterns-symbols-and-icons","Sketches\objects\patterns-symbols-and-icons\p-a-i-s-l-e-y-p-a-t-t-e-r-n-r-a-b-b-b-i-t\index.html","https://ronenglish-archive.github.io/ron-english-sketches-objects/Sketches/objects/patterns-symbols-and-icons/p-a-i-s-l-e-y-p-a-t-t-e-r-n-r-a-b-b-b-i-t/index.html","1","0","https://ronenglish-archive.github.io/ron-english-sketches-objects/images/Sketches/Objects/patterns-symbols-and-icons/paisleypatternrabbbit.jpg","OK","Ready."
"Objects","Paisleypatternrabbbit FLAT","objects","patterns-symbols-and-icons","Sketches\objects\patterns-symbols-and-icons\paisleypatternrabbbit-flat\index.html","https://ronenglish-archive.github.io/ron-english-sketches-objects/Sketches/objects/patterns-symbols-and-icons/paisleypatternrabbbit-flat/index.html","1","0","https://ronenglish-archive.github.io/ron-english-sketches-objects/images/Sketches/Objects/patterns-symbols-and-icons/paisleypatternrabbbitFLAT.jpg","OK","Ready."
"Objects","P a I S L E Y P a T T E R N R a B B B I T F L a T","objects","patterns-symbols-and-icons","Sketches\objects\patterns-symbols-and-icons\p-a-i-s-l-e-y-p-a-t-t-e-r-n-r-a-b-b-b-i-t-f-l-a-t\index.html","https://ronenglish-archive.github.io/ron-english-sketches-objects/Sketches/objects/patterns-symbols-and-icons/p-a-i-s-l-e-y-p-a-t-t-e-r-n-r-a-b-b-b-i-t-f-l-a-t/index.html","1","0","https://ronenglish-archive.github.io/ron-english-sketches-objects/images/Sketches/Objects/patterns-symbols-and-icons/paisleypatternrabbbitFLAT.jpg","OK","Ready."
"Objects","Paisleypatternrabbbit.pdf","objects","patterns-symbols-and-icons","Sketches\objects\patterns-symbols-and-icons\paisleypatternrabbbit-pdf\index.html","https://ronenglish-archive.github.io/ron-english-sketches-objects/Sketches/objects/patterns-symbols-and-icons/paisleypatternrabbbit-pdf/index.html","1","0","https://ronenglish-archive.github.io/ron-english-sketches-objects/images/Sketches/Objects/patterns-symbols-and-icons/paisleypatternrabbbit.pdf_1.jpg","OK","Ready."
"Objects","P a I S L E Y P a T T E R N R a B B B I T.p D F","objects","patterns-symbols-and-icons","Sketches\objects\patterns-symbols-and-icons\p-a-i-s-l-e-y-p-a-t-t-e-r-n-r-a-b-b-b-i-t-p-d-f\index.html","https://ronenglish-archive.github.io/ron-english-sketches-objects/Sketches/objects/patterns-symbols-and-icons/p-a-i-s-l-e-y-p-a-t-t-e-r-n-r-a-b-b-b-i-t-p-d-f/index.html","1","0","https://ronenglish-archive.github.io/ron-english-sketches-objects/images/Sketches/Objects/patterns-symbols-and-icons/paisleypatternrabbbit.pdf_1.jpg","OK","Ready."
"Objects","Paisleypatternskulls1.pdf","objects","patterns-symbols-and-icons","Sketches\objects\patterns-symbols-and-icons\paisleypatternskulls1-pdf\index.html","https://ronenglish-archive.github.io/ron-english-sketches-objects/Sketches/objects/patterns-symbols-and-icons/paisleypatternskulls1-pdf/index.html","1","0","https://ronenglish-archive.github.io/ron-english-sketches-objects/images/Sketches/Objects/patterns-symbols-and-icons/paisleypatternskulls1.pdf_1.jpg","OK","Ready."
"Objects","P a I S L E Y P a T T E R N S K U L L S1.p D F","objects","patterns-symbols-and-icons","Sketches\objects\patterns-symbols-and-icons\p-a-i-s-l-e-y-p-a-t-t-e-r-n-s-k-u-l-l-s1-p-d-f\index.html","https://ronenglish-archive.github.io/ron-english-sketches-objects/Sketches/objects/patterns-symbols-and-icons/p-a-i-s-l-e-y-p-a-t-t-e-r-n-s-k-u-l-l-s1-p-d-f/index.html","1","0","https://ronenglish-archive.github.io/ron-english-sketches-objects/images/Sketches/Objects/patterns-symbols-and-icons/paisleypatternskulls1.pdf_1.jpg","OK","Ready."
"Objects","Paisleypatternskulls FLAT","objects","patterns-symbols-and-icons","Sketches\objects\patterns-symbols-and-icons\paisleypatternskulls-flat\index.html","https://ronenglish-archive.github.io/ron-english-sketches-objects/Sketches/objects/patterns-symbols-and-icons/paisleypatternskulls-flat/index.html","1","0","https://ronenglish-archive.github.io/ron-english-sketches-objects/images/Sketches/Objects/patterns-symbols-and-icons/paisleypatternskullsFLAT.jpg","OK","Ready."
"Objects","P a I S L E Y P a T T E R N S K U L L S F L a T","objects","patterns-symbols-and-icons","Sketches\objects\patterns-symbols-and-icons\p-a-i-s-l-e-y-p-a-t-t-e-r-n-s-k-u-l-l-s-f-l-a-t\index.html","https://ronenglish-archive.github.io/ron-english-sketches-objects/Sketches/objects/patterns-symbols-and-icons/p-a-i-s-l-e-y-p-a-t-t-e-r-n-s-k-u-l-l-s-f-l-a-t/index.html","1","0","https://ronenglish-archive.github.io/ron-english-sketches-objects/images/Sketches/Objects/patterns-symbols-and-icons/paisleypatternskullsFLAT.jpg","OK","Ready."
"Objects","Paisleysmile","objects","patterns-symbols-and-icons","Sketches\objects\patterns-symbols-and-icons\paisleysmile\index.html","https://ronenglish-archive.github.io/ron-english-sketches-objects/Sketches/objects/patterns-symbols-and-icons/paisleysmile/index.html","1","0","https://ronenglish-archive.github.io/ron-english-sketches-objects/images/Sketches/Objects/patterns-symbols-and-icons/paisleysmile.jpg","OK","Ready."
"Objects","P a I S L E Y S M I L E","objects","patterns-symbols-and-icons","Sketches\objects\patterns-symbols-and-icons\p-a-i-s-l-e-y-s-m-i-l-e\index.html","https://ronenglish-archive.github.io/ron-english-sketches-objects/Sketches/objects/patterns-symbols-and-icons/p-a-i-s-l-e-y-s-m-i-l-e/index.html","1","0","https://ronenglish-archive.github.io/ron-english-sketches-objects/images/Sketches/Objects/patterns-symbols-and-icons/paisleysmile.jpg","OK","Ready."
"Objects","Paisleysmileyflat","objects","patterns-symbols-and-icons","Sketches\objects\patterns-symbols-and-icons\paisleysmileyflat\index.html","https://ronenglish-archive.github.io/ron-english-sketches-objects/Sketches/objects/patterns-symbols-and-icons/paisleysmileyflat/index.html","1","0","https://ronenglish-archive.github.io/ron-english-sketches-objects/images/Sketches/Objects/patterns-symbols-and-icons/paisleysmileyflat.jpg","OK","Ready."
"Objects","P a I S L E Y S M I L E Y F L a T","objects","patterns-symbols-and-icons","Sketches\objects\patterns-symbols-and-icons\p-a-i-s-l-e-y-s-m-i-l-e-y-f-l-a-t\index.html","https://ronenglish-archive.github.io/ron-english-sketches-objects/Sketches/objects/patterns-symbols-and-icons/p-a-i-s-l-e-y-s-m-i-l-e-y-f-l-a-t/index.html","1","0","https://ronenglish-archive.github.io/ron-english-sketches-objects/images/Sketches/Objects/patterns-symbols-and-icons/paisleysmileyflat.jpg","OK","Ready."
"Objects","Paisleysmileyflat.pdf","objects","patterns-symbols-and-icons","Sketches\objects\patterns-symbols-and-icons\paisleysmileyflat-pdf\index.html","https://ronenglish-archive.github.io/ron-english-sketches-objects/Sketches/objects/patterns-symbols-and-icons/paisleysmileyflat-pdf/index.html","1","0","https://ronenglish-archive.github.io/ron-english-sketches-objects/images/Sketches/Objects/patterns-symbols-and-icons/paisleysmileyflat.pdf_1.jpg","OK","Ready."
"Objects","P a I S L E Y S M I L E Y F L a T.p D F","objects","patterns-symbols-and-icons","Sketches\objects\patterns-symbols-and-icons\p-a-i-s-l-e-y-s-m-i-l-e-y-f-l-a-t-p-d-f\index.html","https://ronenglish-archive.github.io/ron-english-sketches-objects/Sketches/objects/patterns-symbols-and-icons/p-a-i-s-l-e-y-s-m-i-l-e-y-f-l-a-t-p-d-f/index.html","1","0","https://ronenglish-archive.github.io/ron-english-sketches-objects/images/Sketches/Objects/patterns-symbols-and-icons/paisleysmileyflat.pdf_1.jpg","OK","Ready."
"Objects","Pattern","objects","patterns-symbols-and-icons","Sketches\objects\patterns-symbols-and-icons\pattern\index.html","https://ronenglish-archive.github.io/ron-english-sketches-objects/Sketches/objects/patterns-symbols-and-icons/pattern/index.html","1","0","https://ronenglish-archive.github.io/ron-english-sketches-objects/images/Sketches/Objects/patterns-symbols-and-icons/PATTERN.jpg","OK","Ready."
"Objects","P a T T E R N","objects","patterns-symbols-and-icons","Sketches\objects\patterns-symbols-and-icons\p-a-t-t-e-r-n\index.html","https://ronenglish-archive.github.io/ron-english-sketches-objects/Sketches/objects/patterns-symbols-and-icons/p-a-t-t-e-r-n/index.html","1","0","https://ronenglish-archive.github.io/ron-english-sketches-objects/images/Sketches/Objects/patterns-symbols-and-icons/PATTERN.jpg","OK","Ready."
"Objects","Pattern2","objects","patterns-symbols-and-icons","Sketches\objects\patterns-symbols-and-icons\pattern2\index.html","https://ronenglish-archive.github.io/ron-english-sketches-objects/Sketches/objects/patterns-symbols-and-icons/pattern2/index.html","1","0","https://ronenglish-archive.github.io/ron-english-sketches-objects/images/Sketches/Objects/patterns-symbols-and-icons/PATTERN2.jpg","OK","Ready."
"Objects","P a T T E R N2","objects","patterns-symbols-and-icons","Sketches\objects\patterns-symbols-and-icons\p-a-t-t-e-r-n2\index.html","https://ronenglish-archive.github.io/ron-english-sketches-objects/Sketches/objects/patterns-symbols-and-icons/p-a-t-t-e-r-n2/index.html","1","0","https://ronenglish-archive.github.io/ron-english-sketches-objects/images/Sketches/Objects/patterns-symbols-and-icons/PATTERN2.jpg","OK","Ready."
"Objects","Plaidpattern1 1small","objects","patterns-symbols-and-icons","Sketches\objects\patterns-symbols-and-icons\plaidpattern1-1small\index.html","https://ronenglish-archive.github.io/ron-english-sketches-objects/Sketches/objects/patterns-symbols-and-icons/plaidpattern1-1small/index.html","1","0","https://ronenglish-archive.github.io/ron-english-sketches-objects/images/Sketches/Objects/patterns-symbols-and-icons/plaidpattern1-1small.jpg","OK","Ready."
"Objects","P L a I D P a T T E R N1 1s M a L L","objects","patterns-symbols-and-icons","Sketches\objects\patterns-symbols-and-icons\p-l-a-i-d-p-a-t-t-e-r-n1-1s-m-a-l-l\index.html","https://ronenglish-archive.github.io/ron-english-sketches-objects/Sketches/objects/patterns-symbols-and-icons/p-l-a-i-d-p-a-t-t-e-r-n1-1s-m-a-l-l/index.html","1","0","https://ronenglish-archive.github.io/ron-english-sketches-objects/images/Sketches/Objects/patterns-symbols-and-icons/plaidpattern1-1small.jpg","OK","Ready."
"Objects","Plaidpattern1 2small","objects","patterns-symbols-and-icons","Sketches\objects\patterns-symbols-and-icons\plaidpattern1-2small\index.html","https://ronenglish-archive.github.io/ron-english-sketches-objects/Sketches/objects/patterns-symbols-and-icons/plaidpattern1-2small/index.html","1","0","https://ronenglish-archive.github.io/ron-english-sketches-objects/images/Sketches/Objects/patterns-symbols-and-icons/plaidpattern1-2small.jpg","OK","Ready."
"Objects","P L a I D P a T T E R N1 2s M a L L","objects","patterns-symbols-and-icons","Sketches\objects\patterns-symbols-and-icons\p-l-a-i-d-p-a-t-t-e-r-n1-2s-m-a-l-l\index.html","https://ronenglish-archive.github.io/ron-english-sketches-objects/Sketches/objects/patterns-symbols-and-icons/p-l-a-i-d-p-a-t-t-e-r-n1-2s-m-a-l-l/index.html","1","0","https://ronenglish-archive.github.io/ron-english-sketches-objects/images/Sketches/Objects/patterns-symbols-and-icons/plaidpattern1-2small.jpg","OK","Ready."
"Objects","Plaidpattern1 3small","objects","patterns-symbols-and-icons","Sketches\objects\patterns-symbols-and-icons\plaidpattern1-3small\index.html","https://ronenglish-archive.github.io/ron-english-sketches-objects/Sketches/objects/patterns-symbols-and-icons/plaidpattern1-3small/index.html","1","0","https://ronenglish-archive.github.io/ron-english-sketches-objects/images/Sketches/Objects/patterns-symbols-and-icons/plaidpattern1-3small.jpg","OK","Ready."
"Objects","P L a I D P a T T E R N1 3s M a L L","objects","patterns-symbols-and-icons","Sketches\objects\patterns-symbols-and-icons\p-l-a-i-d-p-a-t-t-e-r-n1-3s-m-a-l-l\index.html","https://ronenglish-archive.github.io/ron-english-sketches-objects/Sketches/objects/patterns-symbols-and-icons/p-l-a-i-d-p-a-t-t-e-r-n1-3s-m-a-l-l/index.html","1","0","https://ronenglish-archive.github.io/ron-english-sketches-objects/images/Sketches/Objects/patterns-symbols-and-icons/plaidpattern1-3small.jpg","OK","Ready."
"Objects","Plaidpattern1 4small","objects","patterns-symbols-and-icons","Sketches\objects\patterns-symbols-and-icons\plaidpattern1-4small\index.html","https://ronenglish-archive.github.io/ron-english-sketches-objects/Sketches/objects/patterns-symbols-and-icons/plaidpattern1-4small/index.html","1","0","https://ronenglish-archive.github.io/ron-english-sketches-objects/images/Sketches/Objects/patterns-symbols-and-icons/plaidpattern1-4small.jpg","OK","Ready."
"Objects","P L a I D P a T T E R N1 4s M a L L","objects","patterns-symbols-and-icons","Sketches\objects\patterns-symbols-and-icons\p-l-a-i-d-p-a-t-t-e-r-n1-4s-m-a-l-l\index.html","https://ronenglish-archive.github.io/ron-english-sketches-objects/Sketches/objects/patterns-symbols-and-icons/p-l-a-i-d-p-a-t-t-e-r-n1-4s-m-a-l-l/index.html","1","0","https://ronenglish-archive.github.io/ron-english-sketches-objects/images/Sketches/Objects/patterns-symbols-and-icons/plaidpattern1-4small.jpg","OK","Ready."
"Objects","Plaidpattern1 5small","objects","patterns-symbols-and-icons","Sketches\objects\patterns-symbols-and-icons\plaidpattern1-5small\index.html","https://ronenglish-archive.github.io/ron-english-sketches-objects/Sketches/objects/patterns-symbols-and-icons/plaidpattern1-5small/index.html","1","0","https://ronenglish-archive.github.io/ron-english-sketches-objects/images/Sketches/Objects/patterns-symbols-and-icons/plaidpattern1-5small.jpg","OK","Ready."
"Objects","P L a I D P a T T E R N1 5s M a L L","objects","patterns-symbols-and-icons","Sketches\objects\patterns-symbols-and-icons\p-l-a-i-d-p-a-t-t-e-r-n1-5s-m-a-l-l\index.html","https://ronenglish-archive.github.io/ron-english-sketches-objects/Sketches/objects/patterns-symbols-and-icons/p-l-a-i-d-p-a-t-t-e-r-n1-5s-m-a-l-l/index.html","1","0","https://ronenglish-archive.github.io/ron-english-sketches-objects/images/Sketches/Objects/patterns-symbols-and-icons/plaidpattern1-5small.jpg","OK","Ready."
"Objects","Plaidpattern1 6small","objects","patterns-symbols-and-icons","Sketches\objects\patterns-symbols-and-icons\plaidpattern1-6small\index.html","https://ronenglish-archive.github.io/ron-english-sketches-objects/Sketches/objects/patterns-symbols-and-icons/plaidpattern1-6small/index.html","1","0","https://ronenglish-archive.github.io/ron-english-sketches-objects/images/Sketches/Objects/patterns-symbols-and-icons/plaidpattern1-6small.jpg","OK","Ready."
"Objects","P L a I D P a T T E R N1 6s M a L L","objects","patterns-symbols-and-icons","Sketches\objects\patterns-symbols-and-icons\p-l-a-i-d-p-a-t-t-e-r-n1-6s-m-a-l-l\index.html","https://ronenglish-archive.github.io/ron-english-sketches-objects/Sketches/objects/patterns-symbols-and-icons/p-l-a-i-d-p-a-t-t-e-r-n1-6s-m-a-l-l/index.html","1","0","https://ronenglish-archive.github.io/ron-english-sketches-objects/images/Sketches/Objects/patterns-symbols-and-icons/plaidpattern1-6small.jpg","OK","Ready."
"Objects","Poster","objects","patterns-symbols-and-icons","Sketches\objects\patterns-symbols-and-icons\poster\index.html","https://ronenglish-archive.github.io/ron-english-sketches-objects/Sketches/objects/patterns-symbols-and-icons/poster/index.html","1","0","https://ronenglish-archive.github.io/ron-english-sketches-objects/images/Sketches/Objects/patterns-symbols-and-icons/poster_front.jpg","OK","Ready."
"Objects","P O S T E R","objects","patterns-symbols-and-icons","Sketches\objects\patterns-symbols-and-icons\p-o-s-t-e-r\index.html","https://ronenglish-archive.github.io/ron-english-sketches-objects/Sketches/objects/patterns-symbols-and-icons/p-o-s-t-e-r/index.html","1","0","https://ronenglish-archive.github.io/ron-english-sketches-objects/images/Sketches/Objects/patterns-symbols-and-icons/poster_front.jpg","OK","Ready."
"Objects","Redbackgroundbrainplaid.pdf","objects","patterns-symbols-and-icons","Sketches\objects\patterns-symbols-and-icons\redbackgroundbrainplaid-pdf\index.html","https://ronenglish-archive.github.io/ron-english-sketches-objects/Sketches/objects/patterns-symbols-and-icons/redbackgroundbrainplaid-pdf/index.html","1","0","https://ronenglish-archive.github.io/ron-english-sketches-objects/images/Sketches/Objects/patterns-symbols-and-icons/redbackgroundbrainplaid.pdf_1.jpg","OK","Ready."
"Objects","R E D B a C K G R O U N D B R a I N P L a I D.p D F","objects","patterns-symbols-and-icons","Sketches\objects\patterns-symbols-and-icons\r-e-d-b-a-c-k-g-r-o-u-n-d-b-r-a-i-n-p-l-a-i-d-p-d-f\index.html","https://ronenglish-archive.github.io/ron-english-sketches-objects/Sketches/objects/patterns-symbols-and-icons/r-e-d-b-a-c-k-g-r-o-u-n-d-b-r-a-i-n-p-l-a-i-d-p-d-f/index.html","1","0","https://ronenglish-archive.github.io/ron-english-sketches-objects/images/Sketches/Objects/patterns-symbols-and-icons/redbackgroundbrainplaid.pdf_1.jpg","OK","Ready."
"Objects","Skullmandala","objects","patterns-symbols-and-icons","Sketches\objects\patterns-symbols-and-icons\skullmandala\index.html","https://ronenglish-archive.github.io/ron-english-sketches-objects/Sketches/objects/patterns-symbols-and-icons/skullmandala/index.html","1","0","https://ronenglish-archive.github.io/ron-english-sketches-objects/images/Sketches/Objects/patterns-symbols-and-icons/skullmandala.jpg","OK","Ready."
"Objects","S K U L L M a N D a L a","objects","patterns-symbols-and-icons","Sketches\objects\patterns-symbols-and-icons\s-k-u-l-l-m-a-n-d-a-l-a\index.html","https://ronenglish-archive.github.io/ron-english-sketches-objects/Sketches/objects/patterns-symbols-and-icons/s-k-u-l-l-m-a-n-d-a-l-a/index.html","1","0","https://ronenglish-archive.github.io/ron-english-sketches-objects/images/Sketches/Objects/patterns-symbols-and-icons/skullmandala.jpg","OK","Ready."
"Objects","Smileypaisley.pdf","objects","patterns-symbols-and-icons","Sketches\objects\patterns-symbols-and-icons\smileypaisley-pdf\index.html","https://ronenglish-archive.github.io/ron-english-sketches-objects/Sketches/objects/patterns-symbols-and-icons/smileypaisley-pdf/index.html","1","0","https://ronenglish-archive.github.io/ron-english-sketches-objects/images/Sketches/Objects/patterns-symbols-and-icons/smileypaisley.pdf_1.jpg","OK","Ready."
"Objects","S M I L E Y P a I S L E Y.p D F","objects","patterns-symbols-and-icons","Sketches\objects\patterns-symbols-and-icons\s-m-i-l-e-y-p-a-i-s-l-e-y-p-d-f\index.html","https://ronenglish-archive.github.io/ron-english-sketches-objects/Sketches/objects/patterns-symbols-and-icons/s-m-i-l-e-y-p-a-i-s-l-e-y-p-d-f/index.html","1","0","https://ronenglish-archive.github.io/ron-english-sketches-objects/images/Sketches/Objects/patterns-symbols-and-icons/smileypaisley.pdf_1.jpg","OK","Ready."
"Objects","Splash1.pdf","objects","patterns-symbols-and-icons","Sketches\objects\patterns-symbols-and-icons\splash1-pdf\index.html","https://ronenglish-archive.github.io/ron-english-sketches-objects/Sketches/objects/patterns-symbols-and-icons/splash1-pdf/index.html","1","0","https://ronenglish-archive.github.io/ron-english-sketches-objects/images/Sketches/Objects/patterns-symbols-and-icons/splash1.pdf_1.jpg","OK","Ready."
"Objects","S P L a S H1.p D F","objects","patterns-symbols-and-icons","Sketches\objects\patterns-symbols-and-icons\s-p-l-a-s-h1-p-d-f\index.html","https://ronenglish-archive.github.io/ron-english-sketches-objects/Sketches/objects/patterns-symbols-and-icons/s-p-l-a-s-h1-p-d-f/index.html","1","0","https://ronenglish-archive.github.io/ron-english-sketches-objects/images/Sketches/Objects/patterns-symbols-and-icons/splash1.pdf_1.jpg","OK","Ready."
"Objects","Sun","objects","patterns-symbols-and-icons","Sketches\objects\patterns-symbols-and-icons\sun\index.html","https://ronenglish-archive.github.io/ron-english-sketches-objects/Sketches/objects/patterns-symbols-and-icons/sun/index.html","2","0","https://ronenglish-archive.github.io/ron-english-sketches-objects/images/Sketches/Objects/patterns-symbols-and-icons/sun%202.jpg","OK","Ready."
"Objects","S U N","objects","patterns-symbols-and-icons","Sketches\objects\patterns-symbols-and-icons\s-u-n\index.html","https://ronenglish-archive.github.io/ron-english-sketches-objects/Sketches/objects/patterns-symbols-and-icons/s-u-n/index.html","2","0","https://ronenglish-archive.github.io/ron-english-sketches-objects/images/Sketches/Objects/patterns-symbols-and-icons/sun%202.jpg","OK","Ready."
"Objects","Swirly Pattern","objects","patterns-symbols-and-icons","Sketches\objects\patterns-symbols-and-icons\swirly-pattern\index.html","https://ronenglish-archive.github.io/ron-english-sketches-objects/Sketches/objects/patterns-symbols-and-icons/swirly-pattern/index.html","2","0","https://ronenglish-archive.github.io/ron-english-sketches-objects/images/Sketches/Objects/patterns-symbols-and-icons/swirly%20pattern%20png.jpg","OK","Ready."
"Objects","S W I R L Y P a T T E R N","objects","patterns-symbols-and-icons","Sketches\objects\patterns-symbols-and-icons\s-w-i-r-l-y-p-a-t-t-e-r-n\index.html","https://ronenglish-archive.github.io/ron-english-sketches-objects/Sketches/objects/patterns-symbols-and-icons/s-w-i-r-l-y-p-a-t-t-e-r-n/index.html","2","0","https://ronenglish-archive.github.io/ron-english-sketches-objects/images/Sketches/Objects/patterns-symbols-and-icons/swirly%20pattern%20png.jpg","OK","Ready."
"Objects","Trump Hair","objects","patterns-symbols-and-icons","Sketches\objects\patterns-symbols-and-icons\trump-hair\index.html","https://ronenglish-archive.github.io/ron-english-sketches-objects/Sketches/objects/patterns-symbols-and-icons/trump-hair/index.html","1","0","https://ronenglish-archive.github.io/ron-english-sketches-objects/images/Sketches/Objects/patterns-symbols-and-icons/trump%20hair%202.jpg","OK","Ready."
"Objects","T R U M P H a I R","objects","patterns-symbols-and-icons","Sketches\objects\patterns-symbols-and-icons\t-r-u-m-p-h-a-i-r\index.html","https://ronenglish-archive.github.io/ron-english-sketches-objects/Sketches/objects/patterns-symbols-and-icons/t-r-u-m-p-h-a-i-r/index.html","1","0","https://ronenglish-archive.github.io/ron-english-sketches-objects/images/Sketches/Objects/patterns-symbols-and-icons/trump%20hair%202.jpg","OK","Ready."
"Objects","Wingsgrinscolor","objects","patterns-symbols-and-icons","Sketches\objects\patterns-symbols-and-icons\wingsgrinscolor\index.html","https://ronenglish-archive.github.io/ron-english-sketches-objects/Sketches/objects/patterns-symbols-and-icons/wingsgrinscolor/index.html","1","0","https://ronenglish-archive.github.io/ron-english-sketches-objects/images/Sketches/Objects/patterns-symbols-and-icons/wingsgrinscolor.jpg","OK","Ready."
"Objects","W I N G S G R I N S C O L O R","objects","patterns-symbols-and-icons","Sketches\objects\patterns-symbols-and-icons\w-i-n-g-s-g-r-i-n-s-c-o-l-o-r\index.html","https://ronenglish-archive.github.io/ron-english-sketches-objects/Sketches/objects/patterns-symbols-and-icons/w-i-n-g-s-g-r-i-n-s-c-o-l-o-r/index.html","1","0","https://ronenglish-archive.github.io/ron-english-sketches-objects/images/Sketches/Objects/patterns-symbols-and-icons/wingsgrinscolor.jpg","OK","Ready."
"Objects","Wingyangdesign","objects","patterns-symbols-and-icons","Sketches\objects\patterns-symbols-and-icons\wingyangdesign\index.html","https://ronenglish-archive.github.io/ron-english-sketches-objects/Sketches/objects/patterns-symbols-and-icons/wingyangdesign/index.html","1","0","https://ronenglish-archive.github.io/ron-english-sketches-objects/images/Sketches/Objects/patterns-symbols-and-icons/wingyangdesign.jpg","OK","Ready."
"Objects","W I N G Y a N G D E S I G N","objects","patterns-symbols-and-icons","Sketches\objects\patterns-symbols-and-icons\w-i-n-g-y-a-n-g-d-e-s-i-g-n\index.html","https://ronenglish-archive.github.io/ron-english-sketches-objects/Sketches/objects/patterns-symbols-and-icons/w-i-n-g-y-a-n-g-d-e-s-i-g-n/index.html","1","0","https://ronenglish-archive.github.io/ron-english-sketches-objects/images/Sketches/Objects/patterns-symbols-and-icons/wingyangdesign.jpg","OK","Ready."
"Objects","Wingyangshirt.pdf","objects","patterns-symbols-and-icons","Sketches\objects\patterns-symbols-and-icons\wingyangshirt-pdf\index.html","https://ronenglish-archive.github.io/ron-english-sketches-objects/Sketches/objects/patterns-symbols-and-icons/wingyangshirt-pdf/index.html","1","0","https://ronenglish-archive.github.io/ron-english-sketches-objects/images/Sketches/Objects/patterns-symbols-and-icons/wingyangshirt.pdf_1.jpg","OK","Ready."
"Objects","W I N G Y a N G S H I R T.p D F","objects","patterns-symbols-and-icons","Sketches\objects\patterns-symbols-and-icons\w-i-n-g-y-a-n-g-s-h-i-r-t-p-d-f\index.html","https://ronenglish-archive.github.io/ron-english-sketches-objects/Sketches/objects/patterns-symbols-and-icons/w-i-n-g-y-a-n-g-s-h-i-r-t-p-d-f/index.html","1","0","https://ronenglish-archive.github.io/ron-english-sketches-objects/images/Sketches/Objects/patterns-symbols-and-icons/wingyangshirt.pdf_1.jpg","OK","Ready."
"Objects","Baseball Glove","objects","sports-games-and-recreation","Sketches\objects\sports-games-and-recreation\baseball-glove\index.html","https://ronenglish-archive.github.io/ron-english-sketches-objects/Sketches/objects/sports-games-and-recreation/baseball-glove/index.html","2","0","https://ronenglish-archive.github.io/ron-english-sketches-objects/images/Sketches/Objects/sports-games-and-recreation/baseball%20glove%20.jpg","OK","Ready."
"Objects","B a S E B a L L G L O V E","objects","sports-games-and-recreation","Sketches\objects\sports-games-and-recreation\b-a-s-e-b-a-l-l-g-l-o-v-e\index.html","https://ronenglish-archive.github.io/ron-english-sketches-objects/Sketches/objects/sports-games-and-recreation/b-a-s-e-b-a-l-l-g-l-o-v-e/index.html","2","0","https://ronenglish-archive.github.io/ron-english-sketches-objects/images/Sketches/Objects/sports-games-and-recreation/baseball%20glove%20.jpg","OK","Ready."
"Objects","Football","objects","sports-games-and-recreation","Sketches\objects\sports-games-and-recreation\football\index.html","https://ronenglish-archive.github.io/ron-english-sketches-objects/Sketches/objects/sports-games-and-recreation/football/index.html","1","0","https://ronenglish-archive.github.io/ron-english-sketches-objects/images/Sketches/Objects/sports-games-and-recreation/img323.jpg","OK","Ready."
"Objects","I M G323","objects","sports-games-and-recreation","Sketches\objects\sports-games-and-recreation\i-m-g323\index.html","https://ronenglish-archive.github.io/ron-english-sketches-objects/Sketches/objects/sports-games-and-recreation/i-m-g323/index.html","1","0","https://ronenglish-archive.github.io/ron-english-sketches-objects/images/Sketches/Objects/sports-games-and-recreation/img323.jpg","OK","Ready."
"Objects","Monopolly Bord","objects","sports-games-and-recreation","Sketches\objects\sports-games-and-recreation\monopolly-bord\index.html","https://ronenglish-archive.github.io/ron-english-sketches-objects/Sketches/objects/sports-games-and-recreation/monopolly-bord/index.html","1","0","https://ronenglish-archive.github.io/ron-english-sketches-objects/images/Sketches/Objects/sports-games-and-recreation/monopolly%20bord.jpg","OK","Ready."
"Objects","M O N O P O L L Y B O R D","objects","sports-games-and-recreation","Sketches\objects\sports-games-and-recreation\m-o-n-o-p-o-l-l-y-b-o-r-d\index.html","https://ronenglish-archive.github.io/ron-english-sketches-objects/Sketches/objects/sports-games-and-recreation/m-o-n-o-p-o-l-l-y-b-o-r-d/index.html","1","0","https://ronenglish-archive.github.io/ron-english-sketches-objects/images/Sketches/Objects/sports-games-and-recreation/monopolly%20bord.jpg","OK","Ready."
"Objects","Pool Sharks","objects","sports-games-and-recreation","Sketches\objects\sports-games-and-recreation\pool-sharks\index.html","https://ronenglish-archive.github.io/ron-english-sketches-objects/Sketches/objects/sports-games-and-recreation/pool-sharks/index.html","1","0","https://ronenglish-archive.github.io/ron-english-sketches-objects/images/Sketches/Objects/sports-games-and-recreation/pool%20sharks.jpg","OK","Ready."
"Objects","P O O L S H a R K S","objects","sports-games-and-recreation","Sketches\objects\sports-games-and-recreation\p-o-o-l-s-h-a-r-k-s\index.html","https://ronenglish-archive.github.io/ron-english-sketches-objects/Sketches/objects/sports-games-and-recreation/p-o-o-l-s-h-a-r-k-s/index.html","1","0","https://ronenglish-archive.github.io/ron-english-sketches-objects/images/Sketches/Objects/sports-games-and-recreation/pool%20sharks.jpg","OK","Ready."
"Objects","Rubiks Sphere Cube 01","objects","sports-games-and-recreation","Sketches\objects\sports-games-and-recreation\rubiks-sphere-cube-01\index.html","https://ronenglish-archive.github.io/ron-english-sketches-objects/Sketches/objects/sports-games-and-recreation/rubiks-sphere-cube-01/index.html","1","0","https://ronenglish-archive.github.io/ron-english-sketches-objects/images/Sketches/Objects/sports-games-and-recreation/rubiks_sphere_cube-01%20(1).jpg","OK","Ready."
"Objects","R U B I K S S P H E R E C U B E 01","objects","sports-games-and-recreation","Sketches\objects\sports-games-and-recreation\r-u-b-i-k-s-s-p-h-e-r-e-c-u-b-e-01\index.html","https://ronenglish-archive.github.io/ron-english-sketches-objects/Sketches/objects/sports-games-and-recreation/r-u-b-i-k-s-s-p-h-e-r-e-c-u-b-e-01/index.html","1","0","https://ronenglish-archive.github.io/ron-english-sketches-objects/images/Sketches/Objects/sports-games-and-recreation/rubiks_sphere_cube-01%20(1).jpg","OK","Ready."
"Objects","Sphere Cube","objects","sports-games-and-recreation","Sketches\objects\sports-games-and-recreation\sphere-cube\index.html","https://ronenglish-archive.github.io/ron-english-sketches-objects/Sketches/objects/sports-games-and-recreation/sphere-cube/index.html","1","0","https://ronenglish-archive.github.io/ron-english-sketches-objects/images/Sketches/Objects/sports-games-and-recreation/sphere_cube%20png.jpg","OK","Ready."
"Objects","S P H E R E C U B E","objects","sports-games-and-recreation","Sketches\objects\sports-games-and-recreation\s-p-h-e-r-e-c-u-b-e\index.html","https://ronenglish-archive.github.io/ron-english-sketches-objects/Sketches/objects/sports-games-and-recreation/s-p-h-e-r-e-c-u-b-e/index.html","1","0","https://ronenglish-archive.github.io/ron-english-sketches-objects/images/Sketches/Objects/sports-games-and-recreation/sphere_cube%20png.jpg","OK","Ready."
"Objects","Wrench","objects","tools-and-hardware","Sketches\objects\tools-and-hardware\wrench\index.html","https://ronenglish-archive.github.io/ron-english-sketches-objects/Sketches/objects/tools-and-hardware/wrench/index.html","2","0","https://ronenglish-archive.github.io/ron-english-sketches-objects/images/Sketches/Objects/tools-and-hardware/wrench.jpg","OK","Ready."
"Objects","W R E N C H","objects","tools-and-hardware","Sketches\objects\tools-and-hardware\w-r-e-n-c-h\index.html","https://ronenglish-archive.github.io/ron-english-sketches-objects/Sketches/objects/tools-and-hardware/w-r-e-n-c-h/index.html","1","0","https://ronenglish-archive.github.io/ron-english-sketches-objects/images/Sketches/Objects/tools-and-hardware/wrench.jpg","OK","Ready."
"Objects","W R E N C H 01","objects","tools-and-hardware","Sketches\objects\tools-and-hardware\w-r-e-n-c-h-01\index.html","https://ronenglish-archive.github.io/ron-english-sketches-objects/Sketches/objects/tools-and-hardware/w-r-e-n-c-h-01/index.html","1","0","https://ronenglish-archive.github.io/ron-english-sketches-objects/images/Sketches/Objects/tools-and-hardware/wrench-01.jpg","OK","Ready."
"Objects","Ben Bang Car","objects","transportation","Sketches\objects\transportation\ben-bang-car\index.html","https://ronenglish-archive.github.io/ron-english-sketches-objects/Sketches/objects/transportation/ben-bang-car/index.html","4","0","https://ronenglish-archive.github.io/ron-english-sketches-objects/images/Sketches/Objects/transportation/banger%20car%20bottom.jpg","OK","Ready."
"Objects","Bulb Unicycle","objects","transportation","Sketches\objects\transportation\bulb-unicycle\index.html","https://ronenglish-archive.github.io/ron-english-sketches-objects/Sketches/objects/transportation/bulb-unicycle/index.html","1","0","https://ronenglish-archive.github.io/ron-english-sketches-objects/images/Sketches/Objects/transportation/bulb%20unicycle.jpg","OK","Ready."
"Objects","Hotrod Shopping Cart","objects","transportation","Sketches\objects\transportation\hotrod-shopping-cart\index.html","https://ronenglish-archive.github.io/ron-english-sketches-objects/Sketches/objects/transportation/hotrod-shopping-cart/index.html","1","0","https://ronenglish-archive.github.io/ron-english-sketches-objects/images/Sketches/Objects/transportation/hotrod%20shopping%20cart.jpg","OK","Ready."
"Objects","Jaguar Car","objects","transportation","Sketches\objects\transportation\jaguar-car\index.html","https://ronenglish-archive.github.io/ron-english-sketches-objects/Sketches/objects/transportation/jaguar-car/index.html","2","0","https://ronenglish-archive.github.io/ron-english-sketches-objects/images/Sketches/Objects/transportation/jaguar%20car.jpg","OK","Ready."
"Objects","Moth Ship","objects","transportation","Sketches\objects\transportation\moth-ship\index.html","https://ronenglish-archive.github.io/ron-english-sketches-objects/Sketches/objects/transportation/moth-ship/index.html","6","0","https://ronenglish-archive.github.io/ron-english-sketches-objects/images/Sketches/Objects/transportation/Mothship%20ORIGINAL%20COLOR%201.jpg","OK","Ready."
"Objects","Plane","objects","transportation","Sketches\objects\transportation\plane\index.html","https://ronenglish-archive.github.io/ron-english-sketches-objects/Sketches/objects/transportation/plane/index.html","4","0","https://ronenglish-archive.github.io/ron-english-sketches-objects/images/Sketches/Objects/transportation/mousemask%20murphy%20in%20plane%20back%20raw%20file%20copy.jpg","OK","Ready."
"Objects","Plane Smoke Pattern","objects","transportation","Sketches\objects\transportation\plane-smoke-pattern\index.html","https://ronenglish-archive.github.io/ron-english-sketches-objects/Sketches/objects/transportation/plane-smoke-pattern/index.html","1","0","https://ronenglish-archive.github.io/ron-english-sketches-objects/images/Sketches/Objects/transportation/plane%20smoke%20pattern.jpg","OK","Ready."
"Objects","Wolf Mobile","objects","transportation","Sketches\objects\transportation\wolf-mobile\index.html","https://ronenglish-archive.github.io/ron-english-sketches-objects/Sketches/objects/transportation/wolf-mobile/index.html","3","0","https://ronenglish-archive.github.io/ron-english-sketches-objects/images/Sketches/Objects/transportation/Wolf%20Mobile%20ORIGINAL.jpg","OK","Ready."
"Objects","Fire Hydrant Urinal Walk the Dog","objects","urban-objects-and-street-fixtures","Sketches\objects\urban-objects-and-street-fixtures\fire-hydrant-urinal-walk-the-dog\index.html","https://ronenglish-archive.github.io/ron-english-sketches-objects/Sketches/objects/urban-objects-and-street-fixtures/fire-hydrant-urinal-walk-the-dog/index.html","1","0","https://ronenglish-archive.github.io/ron-english-sketches-objects/images/Sketches/Objects/urban-objects-and-street-fixtures/fire%20hydrant%20urinal%20walk%20the%20dog.jpg","OK","Ready."
"Objects","Newcastle Fire Hydrant","objects","urban-objects-and-street-fixtures","Sketches\objects\urban-objects-and-street-fixtures\newcastle-fire-hydrant\index.html","https://ronenglish-archive.github.io/ron-english-sketches-objects/Sketches/objects/urban-objects-and-street-fixtures/newcastle-fire-hydrant/index.html","1","0","https://ronenglish-archive.github.io/ron-english-sketches-objects/images/Sketches/Objects/urban-objects-and-street-fixtures/newcastle%20fire%20hydrant.jpg","OK","Ready."
"Objects","Toilet Basketball Net","objects","urban-objects-and-street-fixtures","Sketches\objects\urban-objects-and-street-fixtures\toilet-basketball-net\index.html","https://ronenglish-archive.github.io/ron-english-sketches-objects/Sketches/objects/urban-objects-and-street-fixtures/toilet-basketball-net/index.html","1","0","https://ronenglish-archive.github.io/ron-english-sketches-objects/images/Sketches/Objects/urban-objects-and-street-fixtures/toilet%20basketball%20net.jpg","OK","Ready."
"Objects","6 B O B a F E T T R I F L E","objects","weaponry-bombs-and-explosives","Sketches\objects\weaponry-bombs-and-explosives\6-b-o-b-a-f-e-t-t-r-i-f-l-e\index.html","https://ronenglish-archive.github.io/ron-english-sketches-objects/Sketches/objects/weaponry-bombs-and-explosives/6-b-o-b-a-f-e-t-t-r-i-f-l-e/index.html","1","0","https://ronenglish-archive.github.io/ron-english-sketches-objects/images/Sketches/Objects/weaponry-bombs-and-explosives/6%20Boba%20Fett%20rifle%20png.jpg","OK","Ready."
"Objects","Apple Sword","objects","weaponry-bombs-and-explosives","Sketches\objects\weaponry-bombs-and-explosives\apple-sword\index.html","https://ronenglish-archive.github.io/ron-english-sketches-objects/Sketches/objects/weaponry-bombs-and-explosives/apple-sword/index.html","3","1","https://ronenglish-archive.github.io/ron-english-sketches-objects/images/Sketches/Objects/weaponry-bombs-and-explosives/apple%20sword.jpg","REVIEW","Some local image references were not found."
"Objects","Baby Pin Gun","objects","weaponry-bombs-and-explosives","Sketches\objects\weaponry-bombs-and-explosives\baby-pin-gun\index.html","https://ronenglish-archive.github.io/ron-english-sketches-objects/Sketches/objects/weaponry-bombs-and-explosives/baby-pin-gun/index.html","1","0","https://ronenglish-archive.github.io/ron-english-sketches-objects/images/Sketches/Objects/weaponry-bombs-and-explosives/baby%20pin%20gun.jpg","OK","Ready."
"Objects","Banana Sword","objects","weaponry-bombs-and-explosives","Sketches\objects\weaponry-bombs-and-explosives\banana-sword\index.html","https://ronenglish-archive.github.io/ron-english-sketches-objects/Sketches/objects/weaponry-bombs-and-explosives/banana-sword/index.html","1","0","https://ronenglish-archive.github.io/ron-english-sketches-objects/images/Sketches/Objects/weaponry-bombs-and-explosives/banana%20sword.jpg","OK","Ready."
"Objects","B a N a N a S W O R D","objects","weaponry-bombs-and-explosives","Sketches\objects\weaponry-bombs-and-explosives\b-a-n-a-n-a-s-w-o-r-d\index.html","https://ronenglish-archive.github.io/ron-english-sketches-objects/Sketches/objects/weaponry-bombs-and-explosives/b-a-n-a-n-a-s-w-o-r-d/index.html","1","0","https://ronenglish-archive.github.io/ron-english-sketches-objects/images/Sketches/Objects/weaponry-bombs-and-explosives/banana%20sword.jpg","OK","Ready."
"Objects","Blunderbuss Bulb","objects","weaponry-bombs-and-explosives","Sketches\objects\weaponry-bombs-and-explosives\blunderbuss-bulb\index.html","https://ronenglish-archive.github.io/ron-english-sketches-objects/Sketches/objects/weaponry-bombs-and-explosives/blunderbuss-bulb/index.html","2","0","https://ronenglish-archive.github.io/ron-english-sketches-objects/images/Sketches/Objects/weaponry-bombs-and-explosives/blunderbuss%20bulb%20png.jpg","OK","Ready."
"Objects","B L U N D E R B U S S B U L B","objects","weaponry-bombs-and-explosives","Sketches\objects\weaponry-bombs-and-explosives\b-l-u-n-d-e-r-b-u-s-s-b-u-l-b\index.html","https://ronenglish-archive.github.io/ron-english-sketches-objects/Sketches/objects/weaponry-bombs-and-explosives/b-l-u-n-d-e-r-b-u-s-s-b-u-l-b/index.html","2","0","https://ronenglish-archive.github.io/ron-english-sketches-objects/images/Sketches/Objects/weaponry-bombs-and-explosives/blunderbuss%20bulb%20png.jpg","OK","Ready."
"Objects","Boba Fett Rifle","objects","weaponry-bombs-and-explosives","Sketches\objects\weaponry-bombs-and-explosives\boba-fett-rifle\index.html","https://ronenglish-archive.github.io/ron-english-sketches-objects/Sketches/objects/weaponry-bombs-and-explosives/boba-fett-rifle/index.html","2","0","https://ronenglish-archive.github.io/ron-english-sketches-objects/images/Sketches/Objects/weaponry-bombs-and-explosives/6%20Boba%20Fett%20rifle%20png.jpg","OK","Ready."
"Objects","B O B a F E T T R I F L E","objects","weaponry-bombs-and-explosives","Sketches\objects\weaponry-bombs-and-explosives\b-o-b-a-f-e-t-t-r-i-f-l-e\index.html","https://ronenglish-archive.github.io/ron-english-sketches-objects/Sketches/objects/weaponry-bombs-and-explosives/b-o-b-a-f-e-t-t-r-i-f-l-e/index.html","1","0","https://ronenglish-archive.github.io/ron-english-sketches-objects/images/Sketches/Objects/weaponry-bombs-and-explosives/Boba%20Fett%20rifle.jpg","OK","Ready."
"Objects","Bow and Arrow","objects","weaponry-bombs-and-explosives","Sketches\objects\weaponry-bombs-and-explosives\bow-and-arrow\index.html","https://ronenglish-archive.github.io/ron-english-sketches-objects/Sketches/objects/weaponry-bombs-and-explosives/bow-and-arrow/index.html","1","0","https://ronenglish-archive.github.io/ron-english-sketches-objects/images/Sketches/Objects/weaponry-bombs-and-explosives/bow%20and%20arrow.jpg","OK","Ready."
"Objects","B O W a N D a R R O W","objects","weaponry-bombs-and-explosives","Sketches\objects\weaponry-bombs-and-explosives\b-o-w-a-n-d-a-r-r-o-w\index.html","https://ronenglish-archive.github.io/ron-english-sketches-objects/Sketches/objects/weaponry-bombs-and-explosives/b-o-w-a-n-d-a-r-r-o-w/index.html","1","0","https://ronenglish-archive.github.io/ron-english-sketches-objects/images/Sketches/Objects/weaponry-bombs-and-explosives/bow%20and%20arrow.jpg","OK","Ready."
"Objects","Brass Riffle","objects","weaponry-bombs-and-explosives","Sketches\objects\weaponry-bombs-and-explosives\brass-riffle\index.html","https://ronenglish-archive.github.io/ron-english-sketches-objects/Sketches/objects/weaponry-bombs-and-explosives/brass-riffle/index.html","1","0","https://ronenglish-archive.github.io/ron-english-sketches-objects/images/Sketches/Objects/weaponry-bombs-and-explosives/brass%20riffle%20png.jpg","OK","Ready."
"Objects","B R a S S R I F F L E","objects","weaponry-bombs-and-explosives","Sketches\objects\weaponry-bombs-and-explosives\b-r-a-s-s-r-i-f-f-l-e\index.html","https://ronenglish-archive.github.io/ron-english-sketches-objects/Sketches/objects/weaponry-bombs-and-explosives/b-r-a-s-s-r-i-f-f-l-e/index.html","1","0","https://ronenglish-archive.github.io/ron-english-sketches-objects/images/Sketches/Objects/weaponry-bombs-and-explosives/brass%20riffle%20png.jpg","OK","Ready."
"Objects","Brass Rifle","objects","weaponry-bombs-and-explosives","Sketches\objects\weaponry-bombs-and-explosives\brass-rifle\index.html","https://ronenglish-archive.github.io/ron-english-sketches-objects/Sketches/objects/weaponry-bombs-and-explosives/brass-rifle/index.html","1","0","https://ronenglish-archive.github.io/ron-english-sketches-objects/images/Sketches/Objects/weaponry-bombs-and-explosives/brass%20rifle.jpg","OK","Ready."
"Objects","B R a S S R I F L E","objects","weaponry-bombs-and-explosives","Sketches\objects\weaponry-bombs-and-explosives\b-r-a-s-s-r-i-f-l-e\index.html","https://ronenglish-archive.github.io/ron-english-sketches-objects/Sketches/objects/weaponry-bombs-and-explosives/b-r-a-s-s-r-i-f-l-e/index.html","1","0","https://ronenglish-archive.github.io/ron-english-sketches-objects/images/Sketches/Objects/weaponry-bombs-and-explosives/brass%20rifle.jpg","OK","Ready."
"Objects","Bulb Machine Gun","objects","weaponry-bombs-and-explosives","Sketches\objects\weaponry-bombs-and-explosives\bulb-machine-gun\index.html","https://ronenglish-archive.github.io/ron-english-sketches-objects/Sketches/objects/weaponry-bombs-and-explosives/bulb-machine-gun/index.html","1","0","https://ronenglish-archive.github.io/ron-english-sketches-objects/images/Sketches/Objects/weaponry-bombs-and-explosives/bulb%20machine%20gun.jpg","OK","Ready."
"Objects","B U L B M a C H I N E G U N","objects","weaponry-bombs-and-explosives","Sketches\objects\weaponry-bombs-and-explosives\b-u-l-b-m-a-c-h-i-n-e-g-u-n\index.html","https://ronenglish-archive.github.io/ron-english-sketches-objects/Sketches/objects/weaponry-bombs-and-explosives/b-u-l-b-m-a-c-h-i-n-e-g-u-n/index.html","1","0","https://ronenglish-archive.github.io/ron-english-sketches-objects/images/Sketches/Objects/weaponry-bombs-and-explosives/bulb%20machine%20gun.jpg","OK","Ready."
"Objects","Bunnny Sword","objects","weaponry-bombs-and-explosives","Sketches\objects\weaponry-bombs-and-explosives\bunnny-sword\index.html","https://ronenglish-archive.github.io/ron-english-sketches-objects/Sketches/objects/weaponry-bombs-and-explosives/bunnny-sword/index.html","2","0","https://ronenglish-archive.github.io/ron-english-sketches-objects/images/Sketches/Objects/weaponry-bombs-and-explosives/bunnny%20sword%20png.jpg","OK","Ready."
"Objects","B U N N N Y S W O R D","objects","weaponry-bombs-and-explosives","Sketches\objects\weaponry-bombs-and-explosives\b-u-n-n-n-y-s-w-o-r-d\index.html","https://ronenglish-archive.github.io/ron-english-sketches-objects/Sketches/objects/weaponry-bombs-and-explosives/b-u-n-n-n-y-s-w-o-r-d/index.html","2","0","https://ronenglish-archive.github.io/ron-english-sketches-objects/images/Sketches/Objects/weaponry-bombs-and-explosives/bunnny%20sword%20png.jpg","OK","Ready."
"Objects","Butterfly Sword","objects","weaponry-bombs-and-explosives","Sketches\objects\weaponry-bombs-and-explosives\butterfly-sword\index.html","https://ronenglish-archive.github.io/ron-english-sketches-objects/Sketches/objects/weaponry-bombs-and-explosives/butterfly-sword/index.html","1","0","https://ronenglish-archive.github.io/ron-english-sketches-objects/images/Sketches/Objects/weaponry-bombs-and-explosives/butterfly%20sword%20png.jpg","OK","Ready."
"Objects","B U T T E R F L Y S W O R D","objects","weaponry-bombs-and-explosives","Sketches\objects\weaponry-bombs-and-explosives\b-u-t-t-e-r-f-l-y-s-w-o-r-d\index.html","https://ronenglish-archive.github.io/ron-english-sketches-objects/Sketches/objects/weaponry-bombs-and-explosives/b-u-t-t-e-r-f-l-y-s-w-o-r-d/index.html","1","0","https://ronenglish-archive.github.io/ron-english-sketches-objects/images/Sketches/Objects/weaponry-bombs-and-explosives/butterfly%20sword%20png.jpg","OK","Ready."
"Objects","Cannon","objects","weaponry-bombs-and-explosives","Sketches\objects\weaponry-bombs-and-explosives\cannon\index.html","https://ronenglish-archive.github.io/ron-english-sketches-objects/Sketches/objects/weaponry-bombs-and-explosives/cannon/index.html","1","0","https://ronenglish-archive.github.io/ron-english-sketches-objects/images/Sketches/Objects/weaponry-bombs-and-explosives/cannon.jpg","OK","Ready."
"Objects","C a N N O N","objects","weaponry-bombs-and-explosives","Sketches\objects\weaponry-bombs-and-explosives\c-a-n-n-o-n\index.html","https://ronenglish-archive.github.io/ron-english-sketches-objects/Sketches/objects/weaponry-bombs-and-explosives/c-a-n-n-o-n/index.html","1","0","https://ronenglish-archive.github.io/ron-english-sketches-objects/images/Sketches/Objects/weaponry-bombs-and-explosives/cannon.jpg","OK","Ready."
"Objects","Fork Rifle","objects","weaponry-bombs-and-explosives","Sketches\objects\weaponry-bombs-and-explosives\fork-rifle\index.html","https://ronenglish-archive.github.io/ron-english-sketches-objects/Sketches/objects/weaponry-bombs-and-explosives/fork-rifle/index.html","1","0","https://ronenglish-archive.github.io/ron-english-sketches-objects/images/Sketches/Objects/weaponry-bombs-and-explosives/fork%20rifle.jpg","OK","Ready."
"Objects","F O R K R I F L E","objects","weaponry-bombs-and-explosives","Sketches\objects\weaponry-bombs-and-explosives\f-o-r-k-r-i-f-l-e\index.html","https://ronenglish-archive.github.io/ron-english-sketches-objects/Sketches/objects/weaponry-bombs-and-explosives/f-o-r-k-r-i-f-l-e/index.html","1","0","https://ronenglish-archive.github.io/ron-english-sketches-objects/images/Sketches/Objects/weaponry-bombs-and-explosives/fork%20rifle.jpg","OK","Ready."
"Objects","Fork Rifle2","objects","weaponry-bombs-and-explosives","Sketches\objects\weaponry-bombs-and-explosives\fork-rifle2\index.html","https://ronenglish-archive.github.io/ron-english-sketches-objects/Sketches/objects/weaponry-bombs-and-explosives/fork-rifle2/index.html","1","0","https://ronenglish-archive.github.io/ron-english-sketches-objects/images/Sketches/Objects/weaponry-bombs-and-explosives/fork%20rifle2.jpg","OK","Ready."
"Objects","F O R K R I F L E2","objects","weaponry-bombs-and-explosives","Sketches\objects\weaponry-bombs-and-explosives\f-o-r-k-r-i-f-l-e2\index.html","https://ronenglish-archive.github.io/ron-english-sketches-objects/Sketches/objects/weaponry-bombs-and-explosives/f-o-r-k-r-i-f-l-e2/index.html","1","0","https://ronenglish-archive.github.io/ron-english-sketches-objects/images/Sketches/Objects/weaponry-bombs-and-explosives/fork%20rifle2.jpg","OK","Ready."
"Objects","Guitar Gun","objects","weaponry-bombs-and-explosives","Sketches\objects\weaponry-bombs-and-explosives\guitar-gun\index.html","https://ronenglish-archive.github.io/ron-english-sketches-objects/Sketches/objects/weaponry-bombs-and-explosives/guitar-gun/index.html","1","0","https://ronenglish-archive.github.io/ron-english-sketches-objects/images/Sketches/Objects/weaponry-bombs-and-explosives/guitar%20gun.jpg","OK","Ready."
"Objects","G U I T a R G U N","objects","weaponry-bombs-and-explosives","Sketches\objects\weaponry-bombs-and-explosives\g-u-i-t-a-r-g-u-n\index.html","https://ronenglish-archive.github.io/ron-english-sketches-objects/Sketches/objects/weaponry-bombs-and-explosives/g-u-i-t-a-r-g-u-n/index.html","1","0","https://ronenglish-archive.github.io/ron-english-sketches-objects/images/Sketches/Objects/weaponry-bombs-and-explosives/guitar%20gun.jpg","OK","Ready."
"Objects","Guitar Sword","objects","weaponry-bombs-and-explosives","Sketches\objects\weaponry-bombs-and-explosives\guitar-sword\index.html","https://ronenglish-archive.github.io/ron-english-sketches-objects/Sketches/objects/weaponry-bombs-and-explosives/guitar-sword/index.html","2","0","https://ronenglish-archive.github.io/ron-english-sketches-objects/images/Sketches/Objects/weaponry-bombs-and-explosives/guitar%20sword%20copy.jpg","OK","Ready."
"Objects","G U I T a R S W O R D","objects","weaponry-bombs-and-explosives","Sketches\objects\weaponry-bombs-and-explosives\g-u-i-t-a-r-s-w-o-r-d\index.html","https://ronenglish-archive.github.io/ron-english-sketches-objects/Sketches/objects/weaponry-bombs-and-explosives/g-u-i-t-a-r-s-w-o-r-d/index.html","2","0","https://ronenglish-archive.github.io/ron-english-sketches-objects/images/Sketches/Objects/weaponry-bombs-and-explosives/guitar%20sword%20copy.jpg","OK","Ready."
"Objects","Guitar Tank This Machine Thrills Fascists","objects","weaponry-bombs-and-explosives","Sketches\objects\weaponry-bombs-and-explosives\guitar-tank-this-machine-thrills-fascists\index.html","https://ronenglish-archive.github.io/ron-english-sketches-objects/Sketches/objects/weaponry-bombs-and-explosives/guitar-tank-this-machine-thrills-fascists/index.html","1","0","https://ronenglish-archive.github.io/ron-english-sketches-objects/images/Sketches/Objects/weaponry-bombs-and-explosives/guitar%20tank%20-%20this%20machine%20thrills%20fascists.jpg","OK","Ready."
"Objects","G U I T a R T a N K T H I S M a C H I N E T H R I L L S F a S C I S T S","objects","weaponry-bombs-and-explosives","Sketches\objects\weaponry-bombs-and-explosives\g-u-i-t-a-r-t-a-n-k-t-h-i-s-m-a-c-h-i-n-e-t-h-r-i-l-l-s-f-a-s-c-i-s-t-s\index.html","https://ronenglish-archive.github.io/ron-english-sketches-objects/Sketches/objects/weaponry-bombs-and-explosives/g-u-i-t-a-r-t-a-n-k-t-h-i-s-m-a-c-h-i-n-e-t-h-r-i-l-l-s-f-a-s-c-i-s-t-s/index.html","1","0","https://ronenglish-archive.github.io/ron-english-sketches-objects/images/Sketches/Objects/weaponry-bombs-and-explosives/guitar%20tank%20-%20this%20machine%20thrills%20fascists.jpg","OK","Ready."
"Objects","Gun and Hand","objects","weaponry-bombs-and-explosives","Sketches\objects\weaponry-bombs-and-explosives\gun-and-hand\index.html","https://ronenglish-archive.github.io/ron-english-sketches-objects/Sketches/objects/weaponry-bombs-and-explosives/gun-and-hand/index.html","1","0","https://ronenglish-archive.github.io/ron-english-sketches-objects/images/Sketches/Objects/weaponry-bombs-and-explosives/gun%20and%20hand.jpg","OK","Ready."
"Objects","G U N a N D H a N D","objects","weaponry-bombs-and-explosives","Sketches\objects\weaponry-bombs-and-explosives\g-u-n-a-n-d-h-a-n-d\index.html","https://ronenglish-archive.github.io/ron-english-sketches-objects/Sketches/objects/weaponry-bombs-and-explosives/g-u-n-a-n-d-h-a-n-d/index.html","1","0","https://ronenglish-archive.github.io/ron-english-sketches-objects/images/Sketches/Objects/weaponry-bombs-and-explosives/gun%20and%20hand.jpg","OK","Ready."
"Objects","Hammer Tools Gun","objects","weaponry-bombs-and-explosives","Sketches\objects\weaponry-bombs-and-explosives\hammer-tools-gun\index.html","https://ronenglish-archive.github.io/ron-english-sketches-objects/Sketches/objects/weaponry-bombs-and-explosives/hammer-tools-gun/index.html","2","0","https://ronenglish-archive.github.io/ron-english-sketches-objects/images/Sketches/Objects/weaponry-bombs-and-explosives/hammer%20tools%20gun%20png.jpg","OK","Ready."
"Objects","H a M M E R T O O L S G U N","objects","weaponry-bombs-and-explosives","Sketches\objects\weaponry-bombs-and-explosives\h-a-m-m-e-r-t-o-o-l-s-g-u-n\index.html","https://ronenglish-archive.github.io/ron-english-sketches-objects/Sketches/objects/weaponry-bombs-and-explosives/h-a-m-m-e-r-t-o-o-l-s-g-u-n/index.html","2","0","https://ronenglish-archive.github.io/ron-english-sketches-objects/images/Sketches/Objects/weaponry-bombs-and-explosives/hammer%20tools%20gun%20png.jpg","OK","Ready."
"Objects","Hand Gun Trigger","objects","weaponry-bombs-and-explosives","Sketches\objects\weaponry-bombs-and-explosives\hand-gun-trigger\index.html","https://ronenglish-archive.github.io/ron-english-sketches-objects/Sketches/objects/weaponry-bombs-and-explosives/hand-gun-trigger/index.html","1","0","https://ronenglish-archive.github.io/ron-english-sketches-objects/images/Sketches/Objects/weaponry-bombs-and-explosives/hand%20gun%20trigger.jpg","OK","Ready."
"Objects","H a N D G U N T R I G G E R","objects","weaponry-bombs-and-explosives","Sketches\objects\weaponry-bombs-and-explosives\h-a-n-d-g-u-n-t-r-i-g-g-e-r\index.html","https://ronenglish-archive.github.io/ron-english-sketches-objects/Sketches/objects/weaponry-bombs-and-explosives/h-a-n-d-g-u-n-t-r-i-g-g-e-r/index.html","1","0","https://ronenglish-archive.github.io/ron-english-sketches-objects/images/Sketches/Objects/weaponry-bombs-and-explosives/hand%20gun%20trigger.jpg","OK","Ready."
"Objects","Hand Pistol","objects","weaponry-bombs-and-explosives","Sketches\objects\weaponry-bombs-and-explosives\hand-pistol\index.html","https://ronenglish-archive.github.io/ron-english-sketches-objects/Sketches/objects/weaponry-bombs-and-explosives/hand-pistol/index.html","1","0","https://ronenglish-archive.github.io/ron-english-sketches-objects/images/Sketches/Objects/weaponry-bombs-and-explosives/hand%20pistol.jpg","OK","Ready."
"Objects","H a N D P I S T O L","objects","weaponry-bombs-and-explosives","Sketches\objects\weaponry-bombs-and-explosives\h-a-n-d-p-i-s-t-o-l\index.html","https://ronenglish-archive.github.io/ron-english-sketches-objects/Sketches/objects/weaponry-bombs-and-explosives/h-a-n-d-p-i-s-t-o-l/index.html","1","0","https://ronenglish-archive.github.io/ron-english-sketches-objects/images/Sketches/Objects/weaponry-bombs-and-explosives/hand%20pistol.jpg","OK","Ready."
"Objects","Heart Bomb","objects","weaponry-bombs-and-explosives","Sketches\objects\weaponry-bombs-and-explosives\heart-bomb\index.html","https://ronenglish-archive.github.io/ron-english-sketches-objects/Sketches/objects/weaponry-bombs-and-explosives/heart-bomb/index.html","1","0","https://ronenglish-archive.github.io/ron-english-sketches-objects/images/Sketches/Objects/weaponry-bombs-and-explosives/heart%20bomb.jpg","OK","Ready."
"Objects","H E a R T B O M B","objects","weaponry-bombs-and-explosives","Sketches\objects\weaponry-bombs-and-explosives\h-e-a-r-t-b-o-m-b\index.html","https://ronenglish-archive.github.io/ron-english-sketches-objects/Sketches/objects/weaponry-bombs-and-explosives/h-e-a-r-t-b-o-m-b/index.html","1","0","https://ronenglish-archive.github.io/ron-english-sketches-objects/images/Sketches/Objects/weaponry-bombs-and-explosives/heart%20bomb.jpg","OK","Ready."
"Objects","Hypodermic Rifle","objects","weaponry-bombs-and-explosives","Sketches\objects\weaponry-bombs-and-explosives\hypodermic-rifle\index.html","https://ronenglish-archive.github.io/ron-english-sketches-objects/Sketches/objects/weaponry-bombs-and-explosives/hypodermic-rifle/index.html","2","0","https://ronenglish-archive.github.io/ron-english-sketches-objects/images/Sketches/Objects/weaponry-bombs-and-explosives/hypodermic%20rifle%20raw%20file%20png.jpg","OK","Ready."
"Objects","H Y P O D E R M I C R I F L E","objects","weaponry-bombs-and-explosives","Sketches\objects\weaponry-bombs-and-explosives\h-y-p-o-d-e-r-m-i-c-r-i-f-l-e\index.html","https://ronenglish-archive.github.io/ron-english-sketches-objects/Sketches/objects/weaponry-bombs-and-explosives/h-y-p-o-d-e-r-m-i-c-r-i-f-l-e/index.html","2","0","https://ronenglish-archive.github.io/ron-english-sketches-objects/images/Sketches/Objects/weaponry-bombs-and-explosives/hypodermic%20rifle%20raw%20file%20png.jpg","OK","Ready."
"Objects","Img0093","objects","weaponry-bombs-and-explosives","Sketches\objects\weaponry-bombs-and-explosives\img0093\index.html","https://ronenglish-archive.github.io/ron-english-sketches-objects/Sketches/objects/weaponry-bombs-and-explosives/img0093/index.html","1","0","https://ronenglish-archive.github.io/ron-english-sketches-objects/images/Sketches/Objects/weaponry-bombs-and-explosives/img0093.jpg","OK","Ready."
"Objects","I M G0093","objects","weaponry-bombs-and-explosives","Sketches\objects\weaponry-bombs-and-explosives\i-m-g0093\index.html","https://ronenglish-archive.github.io/ron-english-sketches-objects/Sketches/objects/weaponry-bombs-and-explosives/i-m-g0093/index.html","1","0","https://ronenglish-archive.github.io/ron-english-sketches-objects/images/Sketches/Objects/weaponry-bombs-and-explosives/img0093.jpg","OK","Ready."
"Objects","Love Bomb","objects","weaponry-bombs-and-explosives","Sketches\objects\weaponry-bombs-and-explosives\love-bomb\index.html","https://ronenglish-archive.github.io/ron-english-sketches-objects/Sketches/objects/weaponry-bombs-and-explosives/love-bomb/index.html","1","0","https://ronenglish-archive.github.io/ron-english-sketches-objects/images/Sketches/Objects/weaponry-bombs-and-explosives/love%20bomb%20(3).jpg","OK","Ready."
"Objects","L O V E B O M B","objects","weaponry-bombs-and-explosives","Sketches\objects\weaponry-bombs-and-explosives\l-o-v-e-b-o-m-b\index.html","https://ronenglish-archive.github.io/ron-english-sketches-objects/Sketches/objects/weaponry-bombs-and-explosives/l-o-v-e-b-o-m-b/index.html","1","0","https://ronenglish-archive.github.io/ron-english-sketches-objects/images/Sketches/Objects/weaponry-bombs-and-explosives/love%20bomb%20(3).jpg","OK","Ready."
"Objects","Machine Guitar","objects","weaponry-bombs-and-explosives","Sketches\objects\weaponry-bombs-and-explosives\machine-guitar\index.html","https://ronenglish-archive.github.io/ron-english-sketches-objects/Sketches/objects/weaponry-bombs-and-explosives/machine-guitar/index.html","1","0","https://ronenglish-archive.github.io/ron-english-sketches-objects/images/Sketches/Objects/weaponry-bombs-and-explosives/machine%20guitar.jpg","OK","Ready."
"Objects","M a C H I N E G U I T a R","objects","weaponry-bombs-and-explosives","Sketches\objects\weaponry-bombs-and-explosives\m-a-c-h-i-n-e-g-u-i-t-a-r\index.html","https://ronenglish-archive.github.io/ron-english-sketches-objects/Sketches/objects/weaponry-bombs-and-explosives/m-a-c-h-i-n-e-g-u-i-t-a-r/index.html","1","0","https://ronenglish-archive.github.io/ron-english-sketches-objects/images/Sketches/Objects/weaponry-bombs-and-explosives/machine%20guitar.jpg","OK","Ready."
"Objects","MC 2014 Gun","objects","weaponry-bombs-and-explosives","Sketches\objects\weaponry-bombs-and-explosives\mc-2014-gun\index.html","https://ronenglish-archive.github.io/ron-english-sketches-objects/Sketches/objects/weaponry-bombs-and-explosives/mc-2014-gun/index.html","1","0","https://ronenglish-archive.github.io/ron-english-sketches-objects/images/Sketches/Objects/weaponry-bombs-and-explosives/mc%202014%20gun.jpg","OK","Ready."
"Objects","M C 2014 G U N","objects","weaponry-bombs-and-explosives","Sketches\objects\weaponry-bombs-and-explosives\m-c-2014-g-u-n\index.html","https://ronenglish-archive.github.io/ron-english-sketches-objects/Sketches/objects/weaponry-bombs-and-explosives/m-c-2014-g-u-n/index.html","1","0","https://ronenglish-archive.github.io/ron-english-sketches-objects/images/Sketches/Objects/weaponry-bombs-and-explosives/mc%202014%20gun.jpg","OK","Ready."
"Objects","Mcdonaldsarches","objects","weaponry-bombs-and-explosives","Sketches\objects\weaponry-bombs-and-explosives\mcdonaldsarches\index.html","https://ronenglish-archive.github.io/ron-english-sketches-objects/Sketches/objects/weaponry-bombs-and-explosives/mcdonaldsarches/index.html","1","0","https://ronenglish-archive.github.io/ron-english-sketches-objects/images/Sketches/Objects/weaponry-bombs-and-explosives/mcdonaldsarches.jpg","OK","Ready."
"Objects","M C D O N a L D S a R C H E S","objects","weaponry-bombs-and-explosives","Sketches\objects\weaponry-bombs-and-explosives\m-c-d-o-n-a-l-d-s-a-r-c-h-e-s\index.html","https://ronenglish-archive.github.io/ron-english-sketches-objects/Sketches/objects/weaponry-bombs-and-explosives/m-c-d-o-n-a-l-d-s-a-r-c-h-e-s/index.html","1","0","https://ronenglish-archive.github.io/ron-english-sketches-objects/images/Sketches/Objects/weaponry-bombs-and-explosives/mcdonaldsarches.jpg","OK","Ready."
"Objects","Monarch Sword","objects","weaponry-bombs-and-explosives","Sketches\objects\weaponry-bombs-and-explosives\monarch-sword\index.html","https://ronenglish-archive.github.io/ron-english-sketches-objects/Sketches/objects/weaponry-bombs-and-explosives/monarch-sword/index.html","1","0","https://ronenglish-archive.github.io/ron-english-sketches-objects/images/Sketches/Objects/weaponry-bombs-and-explosives/monarch_sword.jpg","OK","Ready."
"Objects","M O N a R C H S W O R D","objects","weaponry-bombs-and-explosives","Sketches\objects\weaponry-bombs-and-explosives\m-o-n-a-r-c-h-s-w-o-r-d\index.html","https://ronenglish-archive.github.io/ron-english-sketches-objects/Sketches/objects/weaponry-bombs-and-explosives/m-o-n-a-r-c-h-s-w-o-r-d/index.html","1","0","https://ronenglish-archive.github.io/ron-english-sketches-objects/images/Sketches/Objects/weaponry-bombs-and-explosives/monarch_sword.jpg","OK","Ready."
"Objects","Pacifier Gun","objects","weaponry-bombs-and-explosives","Sketches\objects\weaponry-bombs-and-explosives\pacifier-gun\index.html","https://ronenglish-archive.github.io/ron-english-sketches-objects/Sketches/objects/weaponry-bombs-and-explosives/pacifier-gun/index.html","1","0","https://ronenglish-archive.github.io/ron-english-sketches-objects/images/Sketches/Objects/weaponry-bombs-and-explosives/pacifier%20gun.jpg","OK","Ready."
"Objects","P a C I F I E R G U N","objects","weaponry-bombs-and-explosives","Sketches\objects\weaponry-bombs-and-explosives\p-a-c-i-f-i-e-r-g-u-n\index.html","https://ronenglish-archive.github.io/ron-english-sketches-objects/Sketches/objects/weaponry-bombs-and-explosives/p-a-c-i-f-i-e-r-g-u-n/index.html","1","0","https://ronenglish-archive.github.io/ron-english-sketches-objects/images/Sketches/Objects/weaponry-bombs-and-explosives/pacifier%20gun.jpg","OK","Ready."
"Objects","Paint Bomb","objects","weaponry-bombs-and-explosives","Sketches\objects\weaponry-bombs-and-explosives\paint-bomb\index.html","https://ronenglish-archive.github.io/ron-english-sketches-objects/Sketches/objects/weaponry-bombs-and-explosives/paint-bomb/index.html","1","0","https://ronenglish-archive.github.io/ron-english-sketches-objects/images/Sketches/Objects/weaponry-bombs-and-explosives/paint%20bomb.jpg","OK","Ready."
"Objects","P a I N T B O M B","objects","weaponry-bombs-and-explosives","Sketches\objects\weaponry-bombs-and-explosives\p-a-i-n-t-b-o-m-b\index.html","https://ronenglish-archive.github.io/ron-english-sketches-objects/Sketches/objects/weaponry-bombs-and-explosives/p-a-i-n-t-b-o-m-b/index.html","1","0","https://ronenglish-archive.github.io/ron-english-sketches-objects/images/Sketches/Objects/weaponry-bombs-and-explosives/paint%20bomb.jpg","OK","Ready."
"Objects","Piano Gun","objects","weaponry-bombs-and-explosives","Sketches\objects\weaponry-bombs-and-explosives\piano-gun\index.html","https://ronenglish-archive.github.io/ron-english-sketches-objects/Sketches/objects/weaponry-bombs-and-explosives/piano-gun/index.html","1","0","https://ronenglish-archive.github.io/ron-english-sketches-objects/images/Sketches/Objects/weaponry-bombs-and-explosives/piano%20gun.jpg","OK","Ready."
"Objects","P I a N O G U N","objects","weaponry-bombs-and-explosives","Sketches\objects\weaponry-bombs-and-explosives\p-i-a-n-o-g-u-n\index.html","https://ronenglish-archive.github.io/ron-english-sketches-objects/Sketches/objects/weaponry-bombs-and-explosives/p-i-a-n-o-g-u-n/index.html","1","0","https://ronenglish-archive.github.io/ron-english-sketches-objects/images/Sketches/Objects/weaponry-bombs-and-explosives/piano%20gun.jpg","OK","Ready."
"Objects","Revolver Car","objects","weaponry-bombs-and-explosives","Sketches\objects\weaponry-bombs-and-explosives\revolver-car\index.html","https://ronenglish-archive.github.io/ron-english-sketches-objects/Sketches/objects/weaponry-bombs-and-explosives/revolver-car/index.html","1","0","https://ronenglish-archive.github.io/ron-english-sketches-objects/images/Sketches/Objects/weaponry-bombs-and-explosives/revolver_car%20png.jpg","OK","Ready."
"Objects","R E V O L V E R C a R","objects","weaponry-bombs-and-explosives","Sketches\objects\weaponry-bombs-and-explosives\r-e-v-o-l-v-e-r-c-a-r\index.html","https://ronenglish-archive.github.io/ron-english-sketches-objects/Sketches/objects/weaponry-bombs-and-explosives/r-e-v-o-l-v-e-r-c-a-r/index.html","1","0","https://ronenglish-archive.github.io/ron-english-sketches-objects/images/Sketches/Objects/weaponry-bombs-and-explosives/revolver_car%20png.jpg","OK","Ready."
"Objects","Revolver Car.r2 01","objects","weaponry-bombs-and-explosives","Sketches\objects\weaponry-bombs-and-explosives\revolver-car-r2-01\index.html","https://ronenglish-archive.github.io/ron-english-sketches-objects/Sketches/objects/weaponry-bombs-and-explosives/revolver-car-r2-01/index.html","1","0","https://ronenglish-archive.github.io/ron-english-sketches-objects/images/Sketches/Objects/weaponry-bombs-and-explosives/revolver_car.R2-01.jpg","OK","Ready."
"Objects","R E V O L V E R C a R.r2 01","objects","weaponry-bombs-and-explosives","Sketches\objects\weaponry-bombs-and-explosives\r-e-v-o-l-v-e-r-c-a-r-r2-01\index.html","https://ronenglish-archive.github.io/ron-english-sketches-objects/Sketches/objects/weaponry-bombs-and-explosives/r-e-v-o-l-v-e-r-c-a-r-r2-01/index.html","1","0","https://ronenglish-archive.github.io/ron-english-sketches-objects/images/Sketches/Objects/weaponry-bombs-and-explosives/revolver_car.R2-01.jpg","OK","Ready."
"Objects","Revolver Heart","objects","weaponry-bombs-and-explosives","Sketches\objects\weaponry-bombs-and-explosives\revolver-heart\index.html","https://ronenglish-archive.github.io/ron-english-sketches-objects/Sketches/objects/weaponry-bombs-and-explosives/revolver-heart/index.html","1","0","https://ronenglish-archive.github.io/ron-english-sketches-objects/images/Sketches/Objects/weaponry-bombs-and-explosives/revolver%20heart.jpg","OK","Ready."
"Objects","R E V O L V E R H E a R T","objects","weaponry-bombs-and-explosives","Sketches\objects\weaponry-bombs-and-explosives\r-e-v-o-l-v-e-r-h-e-a-r-t\index.html","https://ronenglish-archive.github.io/ron-english-sketches-objects/Sketches/objects/weaponry-bombs-and-explosives/r-e-v-o-l-v-e-r-h-e-a-r-t/index.html","1","0","https://ronenglish-archive.github.io/ron-english-sketches-objects/images/Sketches/Objects/weaponry-bombs-and-explosives/revolver%20heart.jpg","OK","Ready."
"Objects","Rockey Pistol","objects","weaponry-bombs-and-explosives","Sketches\objects\weaponry-bombs-and-explosives\rockey-pistol\index.html","https://ronenglish-archive.github.io/ron-english-sketches-objects/Sketches/objects/weaponry-bombs-and-explosives/rockey-pistol/index.html","2","0","https://ronenglish-archive.github.io/ron-english-sketches-objects/images/Sketches/Objects/weaponry-bombs-and-explosives/rockey%20pistol%20png.jpg","OK","Ready."
"Objects","R O C K E Y P I S T O L","objects","weaponry-bombs-and-explosives","Sketches\objects\weaponry-bombs-and-explosives\r-o-c-k-e-y-p-i-s-t-o-l\index.html","https://ronenglish-archive.github.io/ron-english-sketches-objects/Sketches/objects/weaponry-bombs-and-explosives/r-o-c-k-e-y-p-i-s-t-o-l/index.html","2","0","https://ronenglish-archive.github.io/ron-english-sketches-objects/images/Sketches/Objects/weaponry-bombs-and-explosives/rockey%20pistol%20png.jpg","OK","Ready."
"Objects","Rockey Pistol Without Trigger","objects","weaponry-bombs-and-explosives","Sketches\objects\weaponry-bombs-and-explosives\rockey-pistol-without-trigger\index.html","https://ronenglish-archive.github.io/ron-english-sketches-objects/Sketches/objects/weaponry-bombs-and-explosives/rockey-pistol-without-trigger/index.html","1","0","https://ronenglish-archive.github.io/ron-english-sketches-objects/images/Sketches/Objects/weaponry-bombs-and-explosives/rockey%20pistol%20without%20trigger%20png.jpg","OK","Ready."
"Objects","R O C K E Y P I S T O L W I T H O U T T R I G G E R","objects","weaponry-bombs-and-explosives","Sketches\objects\weaponry-bombs-and-explosives\r-o-c-k-e-y-p-i-s-t-o-l-w-i-t-h-o-u-t-t-r-i-g-g-e-r\index.html","https://ronenglish-archive.github.io/ron-english-sketches-objects/Sketches/objects/weaponry-bombs-and-explosives/r-o-c-k-e-y-p-i-s-t-o-l-w-i-t-h-o-u-t-t-r-i-g-g-e-r/index.html","1","0","https://ronenglish-archive.github.io/ron-english-sketches-objects/images/Sketches/Objects/weaponry-bombs-and-explosives/rockey%20pistol%20without%20trigger%20png.jpg","OK","Ready."
"Objects","Snake Sword","objects","weaponry-bombs-and-explosives","Sketches\objects\weaponry-bombs-and-explosives\snake-sword\index.html","https://ronenglish-archive.github.io/ron-english-sketches-objects/Sketches/objects/weaponry-bombs-and-explosives/snake-sword/index.html","1","0","https://ronenglish-archive.github.io/ron-english-sketches-objects/images/Sketches/Objects/weaponry-bombs-and-explosives/snake%20sword.jpg","OK","Ready."
"Objects","S N a K E S W O R D","objects","weaponry-bombs-and-explosives","Sketches\objects\weaponry-bombs-and-explosives\s-n-a-k-e-s-w-o-r-d\index.html","https://ronenglish-archive.github.io/ron-english-sketches-objects/Sketches/objects/weaponry-bombs-and-explosives/s-n-a-k-e-s-w-o-r-d/index.html","1","0","https://ronenglish-archive.github.io/ron-english-sketches-objects/images/Sketches/Objects/weaponry-bombs-and-explosives/snake%20sword.jpg","OK","Ready."
"Objects","Starskull Sword","objects","weaponry-bombs-and-explosives","Sketches\objects\weaponry-bombs-and-explosives\starskull-sword\index.html","https://ronenglish-archive.github.io/ron-english-sketches-objects/Sketches/objects/weaponry-bombs-and-explosives/starskull-sword/index.html","1","0","https://ronenglish-archive.github.io/ron-english-sketches-objects/images/Sketches/Objects/weaponry-bombs-and-explosives/starskull%20sword.jpg","OK","Ready."
"Objects","S T a R S K U L L S W O R D","objects","weaponry-bombs-and-explosives","Sketches\objects\weaponry-bombs-and-explosives\s-t-a-r-s-k-u-l-l-s-w-o-r-d\index.html","https://ronenglish-archive.github.io/ron-english-sketches-objects/Sketches/objects/weaponry-bombs-and-explosives/s-t-a-r-s-k-u-l-l-s-w-o-r-d/index.html","1","0","https://ronenglish-archive.github.io/ron-english-sketches-objects/images/Sketches/Objects/weaponry-bombs-and-explosives/starskull%20sword.jpg","OK","Ready."
"Objects","Sword","objects","weaponry-bombs-and-explosives","Sketches\objects\weaponry-bombs-and-explosives\sword\index.html","https://ronenglish-archive.github.io/ron-english-sketches-objects/Sketches/objects/weaponry-bombs-and-explosives/sword/index.html","7","0","https://ronenglish-archive.github.io/ron-english-sketches-objects/images/Sketches/Objects/weaponry-bombs-and-explosives/sword%201.jpg","OK","Ready."
"Objects","S W O R D","objects","weaponry-bombs-and-explosives","Sketches\objects\weaponry-bombs-and-explosives\s-w-o-r-d\index.html","https://ronenglish-archive.github.io/ron-english-sketches-objects/Sketches/objects/weaponry-bombs-and-explosives/s-w-o-r-d/index.html","7","0","https://ronenglish-archive.github.io/ron-english-sketches-objects/images/Sketches/Objects/weaponry-bombs-and-explosives/sword%201.jpg","OK","Ready."
"Objects","Alien Brain Crown Hat","objects","hats","Sketches\objects\wearables-and-accessories\hats\alien-brain-crown-hat\index.html","https://ronenglish-archive.github.io/ron-english-sketches-objects/Sketches/objects/wearables-and-accessories/hats/alien-brain-crown-hat/index.html","2","0","https://ronenglish-archive.github.io/ron-english-sketches-objects/images/Sketches/Objects/wearables-and-accessories/hats/alien%20brain%20crown%20hat%20png.jpg","OK","Ready."
"Objects","A L I E N B R a I N C R O W N H a T","objects","hats","Sketches\objects\wearables-and-accessories\hats\a-l-i-e-n-b-r-a-i-n-c-r-o-w-n-h-a-t\index.html","https://ronenglish-archive.github.io/ron-english-sketches-objects/Sketches/objects/wearables-and-accessories/hats/a-l-i-e-n-b-r-a-i-n-c-r-o-w-n-h-a-t/index.html","2","0","https://ronenglish-archive.github.io/ron-english-sketches-objects/images/Sketches/Objects/wearables-and-accessories/hats/alien%20brain%20crown%20hat%20png.jpg","OK","Ready."
"Objects","Alien Bug Eye Hat","objects","hats","Sketches\objects\wearables-and-accessories\hats\alien-bug-eye-hat\index.html","https://ronenglish-archive.github.io/ron-english-sketches-objects/Sketches/objects/wearables-and-accessories/hats/alien-bug-eye-hat/index.html","1","0","https://ronenglish-archive.github.io/ron-english-sketches-objects/images/Sketches/Objects/wearables-and-accessories/hats/alien%20bug%20eye%20hat.jpg","OK","Ready."
"Objects","A L I E N B U G E Y E H a T","objects","hats","Sketches\objects\wearables-and-accessories\hats\a-l-i-e-n-b-u-g-e-y-e-h-a-t\index.html","https://ronenglish-archive.github.io/ron-english-sketches-objects/Sketches/objects/wearables-and-accessories/hats/a-l-i-e-n-b-u-g-e-y-e-h-a-t/index.html","1","0","https://ronenglish-archive.github.io/ron-english-sketches-objects/images/Sketches/Objects/wearables-and-accessories/hats/alien%20bug%20eye%20hat.jpg","OK","Ready."
"Objects","Alien Bug Hat","objects","hats","Sketches\objects\wearables-and-accessories\hats\alien-bug-hat\index.html","https://ronenglish-archive.github.io/ron-english-sketches-objects/Sketches/objects/wearables-and-accessories/hats/alien-bug-hat/index.html","1","0","https://ronenglish-archive.github.io/ron-english-sketches-objects/images/Sketches/Objects/wearables-and-accessories/hats/alien%20bug%20hat.jpg","OK","Ready."
"Objects","A L I E N B U G H a T","objects","hats","Sketches\objects\wearables-and-accessories\hats\a-l-i-e-n-b-u-g-h-a-t\index.html","https://ronenglish-archive.github.io/ron-english-sketches-objects/Sketches/objects/wearables-and-accessories/hats/a-l-i-e-n-b-u-g-h-a-t/index.html","1","0","https://ronenglish-archive.github.io/ron-english-sketches-objects/images/Sketches/Objects/wearables-and-accessories/hats/alien%20bug%20hat.jpg","OK","Ready."
"Objects","Alien Bulb Ear Hat","objects","hats","Sketches\objects\wearables-and-accessories\hats\alien-bulb-ear-hat\index.html","https://ronenglish-archive.github.io/ron-english-sketches-objects/Sketches/objects/wearables-and-accessories/hats/alien-bulb-ear-hat/index.html","3","1","https://ronenglish-archive.github.io/ron-english-sketches-objects/images/Sketches/Objects/wearables-and-accessories/hats/alien%20bulb%20ear%20hat%201.jpg","REVIEW","Some local image references were not found."
"Objects","A L I E N B U L B E a R H a T","objects","hats","Sketches\objects\wearables-and-accessories\hats\a-l-i-e-n-b-u-l-b-e-a-r-h-a-t\index.html","https://ronenglish-archive.github.io/ron-english-sketches-objects/Sketches/objects/wearables-and-accessories/hats/a-l-i-e-n-b-u-l-b-e-a-r-h-a-t/index.html","3","1","https://ronenglish-archive.github.io/ron-english-sketches-objects/images/Sketches/Objects/wearables-and-accessories/hats/alien%20bulb%20ear%20hat%201.jpg","REVIEW","Some local image references were not found."
"Objects","Alien Captain Winged Hat","objects","hats","Sketches\objects\wearables-and-accessories\hats\alien-captain-winged-hat\index.html","https://ronenglish-archive.github.io/ron-english-sketches-objects/Sketches/objects/wearables-and-accessories/hats/alien-captain-winged-hat/index.html","1","0","https://ronenglish-archive.github.io/ron-english-sketches-objects/images/Sketches/Objects/wearables-and-accessories/hats/alien%20captain%20winged%20hat.jpg","OK","Ready."
"Objects","A L I E N C a P T a I N W I N G E D H a T","objects","hats","Sketches\objects\wearables-and-accessories\hats\a-l-i-e-n-c-a-p-t-a-i-n-w-i-n-g-e-d-h-a-t\index.html","https://ronenglish-archive.github.io/ron-english-sketches-objects/Sketches/objects/wearables-and-accessories/hats/a-l-i-e-n-c-a-p-t-a-i-n-w-i-n-g-e-d-h-a-t/index.html","1","0","https://ronenglish-archive.github.io/ron-english-sketches-objects/images/Sketches/Objects/wearables-and-accessories/hats/alien%20captain%20winged%20hat.jpg","OK","Ready."
"Objects","Alien Cat Hat","objects","hats","Sketches\objects\wearables-and-accessories\hats\alien-cat-hat\index.html","https://ronenglish-archive.github.io/ron-english-sketches-objects/Sketches/objects/wearables-and-accessories/hats/alien-cat-hat/index.html","1","0","https://ronenglish-archive.github.io/ron-english-sketches-objects/images/Sketches/Objects/wearables-and-accessories/hats/alien%20cat%20hat%202.jpg","OK","Ready."
"Objects","A L I E N C a T H a T","objects","hats","Sketches\objects\wearables-and-accessories\hats\a-l-i-e-n-c-a-t-h-a-t\index.html","https://ronenglish-archive.github.io/ron-english-sketches-objects/Sketches/objects/wearables-and-accessories/hats/a-l-i-e-n-c-a-t-h-a-t/index.html","1","0","https://ronenglish-archive.github.io/ron-english-sketches-objects/images/Sketches/Objects/wearables-and-accessories/hats/alien%20cat%20hat%202.jpg","OK","Ready."
"Objects","Alien Crown","objects","hats","Sketches\objects\wearables-and-accessories\hats\alien-crown\index.html","https://ronenglish-archive.github.io/ron-english-sketches-objects/Sketches/objects/wearables-and-accessories/hats/alien-crown/index.html","2","0","https://ronenglish-archive.github.io/ron-english-sketches-objects/images/Sketches/Objects/wearables-and-accessories/hats/alien%20crown%201%20png.jpg","OK","Ready."
"Objects","A L I E N C R O W N","objects","hats","Sketches\objects\wearables-and-accessories\hats\a-l-i-e-n-c-r-o-w-n\index.html","https://ronenglish-archive.github.io/ron-english-sketches-objects/Sketches/objects/wearables-and-accessories/hats/a-l-i-e-n-c-r-o-w-n/index.html","2","0","https://ronenglish-archive.github.io/ron-english-sketches-objects/images/Sketches/Objects/wearables-and-accessories/hats/alien%20crown%201%20png.jpg","OK","Ready."
"Objects","Alien Ear Glob Hat","objects","hats","Sketches\objects\wearables-and-accessories\hats\alien-ear-glob-hat\index.html","https://ronenglish-archive.github.io/ron-english-sketches-objects/Sketches/objects/wearables-and-accessories/hats/alien-ear-glob-hat/index.html","1","0","https://ronenglish-archive.github.io/ron-english-sketches-objects/images/Sketches/Objects/wearables-and-accessories/hats/alien%20ear%20glob%20hat.jpg","OK","Ready."
"Objects","A L I E N E a R G L O B H a T","objects","hats","Sketches\objects\wearables-and-accessories\hats\a-l-i-e-n-e-a-r-g-l-o-b-h-a-t\index.html","https://ronenglish-archive.github.io/ron-english-sketches-objects/Sketches/objects/wearables-and-accessories/hats/a-l-i-e-n-e-a-r-g-l-o-b-h-a-t/index.html","1","0","https://ronenglish-archive.github.io/ron-english-sketches-objects/images/Sketches/Objects/wearables-and-accessories/hats/alien%20ear%20glob%20hat.jpg","OK","Ready."
"Objects","Alien Eye Bulb Crown Hat","objects","hats","Sketches\objects\wearables-and-accessories\hats\alien-eye-bulb-crown-hat\index.html","https://ronenglish-archive.github.io/ron-english-sketches-objects/Sketches/objects/wearables-and-accessories/hats/alien-eye-bulb-crown-hat/index.html","2","0","https://ronenglish-archive.github.io/ron-english-sketches-objects/images/Sketches/Objects/wearables-and-accessories/hats/alien%20eye%20bulb%20crown%20hat%20png.jpg","OK","Ready."
"Objects","A L I E N E Y E B U L B C R O W N H a T","objects","hats","Sketches\objects\wearables-and-accessories\hats\a-l-i-e-n-e-y-e-b-u-l-b-c-r-o-w-n-h-a-t\index.html","https://ronenglish-archive.github.io/ron-english-sketches-objects/Sketches/objects/wearables-and-accessories/hats/a-l-i-e-n-e-y-e-b-u-l-b-c-r-o-w-n-h-a-t/index.html","2","0","https://ronenglish-archive.github.io/ron-english-sketches-objects/images/Sketches/Objects/wearables-and-accessories/hats/alien%20eye%20bulb%20crown%20hat%20png.jpg","OK","Ready."
"Objects","Alien Eye Hat","objects","hats","Sketches\objects\wearables-and-accessories\hats\alien-eye-hat\index.html","https://ronenglish-archive.github.io/ron-english-sketches-objects/Sketches/objects/wearables-and-accessories/hats/alien-eye-hat/index.html","1","0","https://ronenglish-archive.github.io/ron-english-sketches-objects/images/Sketches/Objects/wearables-and-accessories/hats/alien%20eye%20hat%202.jpg","OK","Ready."
"Objects","A L I E N E Y E H a T","objects","hats","Sketches\objects\wearables-and-accessories\hats\a-l-i-e-n-e-y-e-h-a-t\index.html","https://ronenglish-archive.github.io/ron-english-sketches-objects/Sketches/objects/wearables-and-accessories/hats/a-l-i-e-n-e-y-e-h-a-t/index.html","1","0","https://ronenglish-archive.github.io/ron-english-sketches-objects/images/Sketches/Objects/wearables-and-accessories/hats/alien%20eye%20hat%202.jpg","OK","Ready."
"Objects","Alien Eyes Hat","objects","hats","Sketches\objects\wearables-and-accessories\hats\alien-eyes-hat\index.html","https://ronenglish-archive.github.io/ron-english-sketches-objects/Sketches/objects/wearables-and-accessories/hats/alien-eyes-hat/index.html","2","0","https://ronenglish-archive.github.io/ron-english-sketches-objects/images/Sketches/Objects/wearables-and-accessories/hats/alien%20eyes%20hat%20png.jpg","OK","Ready."
"Objects","A L I E N E Y E S H a T","objects","hats","Sketches\objects\wearables-and-accessories\hats\a-l-i-e-n-e-y-e-s-h-a-t\index.html","https://ronenglish-archive.github.io/ron-english-sketches-objects/Sketches/objects/wearables-and-accessories/hats/a-l-i-e-n-e-y-e-s-h-a-t/index.html","2","0","https://ronenglish-archive.github.io/ron-english-sketches-objects/images/Sketches/Objects/wearables-and-accessories/hats/alien%20eyes%20hat%20png.jpg","OK","Ready."
"Objects","Alien Fighter Jet Hat","objects","hats","Sketches\objects\wearables-and-accessories\hats\alien-fighter-jet-hat\index.html","https://ronenglish-archive.github.io/ron-english-sketches-objects/Sketches/objects/wearables-and-accessories/hats/alien-fighter-jet-hat/index.html","4","0","https://ronenglish-archive.github.io/ron-english-sketches-objects/images/Sketches/Objects/wearables-and-accessories/hats/alien%20fighter%20jet%20hat%202%20png.jpg","OK","Ready."
"Objects","A L I E N F I G H T E R J E T H a T","objects","hats","Sketches\objects\wearables-and-accessories\hats\a-l-i-e-n-f-i-g-h-t-e-r-j-e-t-h-a-t\index.html","https://ronenglish-archive.github.io/ron-english-sketches-objects/Sketches/objects/wearables-and-accessories/hats/a-l-i-e-n-f-i-g-h-t-e-r-j-e-t-h-a-t/index.html","4","0","https://ronenglish-archive.github.io/ron-english-sketches-objects/images/Sketches/Objects/wearables-and-accessories/hats/alien%20fighter%20jet%20hat%202%20png.jpg","OK","Ready."
"Objects","Alien Helmet","objects","hats","Sketches\objects\wearables-and-accessories\hats\alien-helmet\index.html","https://ronenglish-archive.github.io/ron-english-sketches-objects/Sketches/objects/wearables-and-accessories/hats/alien-helmet/index.html","1","0","https://ronenglish-archive.github.io/ron-english-sketches-objects/images/Sketches/Objects/wearables-and-accessories/hats/alien%20helmet.jpg","OK","Ready."
"Objects","A L I E N H E L M E T","objects","hats","Sketches\objects\wearables-and-accessories\hats\a-l-i-e-n-h-e-l-m-e-t\index.html","https://ronenglish-archive.github.io/ron-english-sketches-objects/Sketches/objects/wearables-and-accessories/hats/a-l-i-e-n-h-e-l-m-e-t/index.html","1","0","https://ronenglish-archive.github.io/ron-english-sketches-objects/images/Sketches/Objects/wearables-and-accessories/hats/alien%20helmet.jpg","OK","Ready."
"Objects","Alien Horn Hat","objects","hats","Sketches\objects\wearables-and-accessories\hats\alien-horn-hat\index.html","https://ronenglish-archive.github.io/ron-english-sketches-objects/Sketches/objects/wearables-and-accessories/hats/alien-horn-hat/index.html","4","1","https://ronenglish-archive.github.io/ron-english-sketches-objects/images/Sketches/Objects/wearables-and-accessories/hats/alien%20horn%20hat%201.jpg","REVIEW","Some local image references were not found."
"Objects","A L I E N H O R N H a T","objects","hats","Sketches\objects\wearables-and-accessories\hats\a-l-i-e-n-h-o-r-n-h-a-t\index.html","https://ronenglish-archive.github.io/ron-english-sketches-objects/Sketches/objects/wearables-and-accessories/hats/a-l-i-e-n-h-o-r-n-h-a-t/index.html","4","1","https://ronenglish-archive.github.io/ron-english-sketches-objects/images/Sketches/Objects/wearables-and-accessories/hats/alien%20horn%20hat%201.jpg","REVIEW","Some local image references were not found."
"Objects","Alien Junior Spinner Hat","objects","hats","Sketches\objects\wearables-and-accessories\hats\alien-junior-spinner-hat\index.html","https://ronenglish-archive.github.io/ron-english-sketches-objects/Sketches/objects/wearables-and-accessories/hats/alien-junior-spinner-hat/index.html","1","0","https://ronenglish-archive.github.io/ron-english-sketches-objects/images/Sketches/Objects/wearables-and-accessories/hats/alien%20junior%20spinner%20hat.jpg","OK","Ready."
"Objects","A L I E N J U N I O R S P I N N E R H a T","objects","hats","Sketches\objects\wearables-and-accessories\hats\a-l-i-e-n-j-u-n-i-o-r-s-p-i-n-n-e-r-h-a-t\index.html","https://ronenglish-archive.github.io/ron-english-sketches-objects/Sketches/objects/wearables-and-accessories/hats/a-l-i-e-n-j-u-n-i-o-r-s-p-i-n-n-e-r-h-a-t/index.html","1","0","https://ronenglish-archive.github.io/ron-english-sketches-objects/images/Sketches/Objects/wearables-and-accessories/hats/alien%20junior%20spinner%20hat.jpg","OK","Ready."
"Objects","Alien Kitty Hat","objects","hats","Sketches\objects\wearables-and-accessories\hats\alien-kitty-hat\index.html","https://ronenglish-archive.github.io/ron-english-sketches-objects/Sketches/objects/wearables-and-accessories/hats/alien-kitty-hat/index.html","3","1","https://ronenglish-archive.github.io/ron-english-sketches-objects/images/Sketches/Objects/wearables-and-accessories/hats/alien%20kitty%20hat.jpg","REVIEW","Some local image references were not found."
"Objects","A L I E N K I T T Y H a T","objects","hats","Sketches\objects\wearables-and-accessories\hats\a-l-i-e-n-k-i-t-t-y-h-a-t\index.html","https://ronenglish-archive.github.io/ron-english-sketches-objects/Sketches/objects/wearables-and-accessories/hats/a-l-i-e-n-k-i-t-t-y-h-a-t/index.html","3","1","https://ronenglish-archive.github.io/ron-english-sketches-objects/images/Sketches/Objects/wearables-and-accessories/hats/alien%20kitty%20hat.jpg","REVIEW","Some local image references were not found."
"Objects","Alien Mouse Crown","objects","hats","Sketches\objects\wearables-and-accessories\hats\alien-mouse-crown\index.html","https://ronenglish-archive.github.io/ron-english-sketches-objects/Sketches/objects/wearables-and-accessories/hats/alien-mouse-crown/index.html","1","0","https://ronenglish-archive.github.io/ron-english-sketches-objects/images/Sketches/Objects/wearables-and-accessories/hats/Alien%20Mouse%20Crown.jpg","OK","Ready."
"Objects","A L I E N M O U S E C R O W N","objects","hats","Sketches\objects\wearables-and-accessories\hats\a-l-i-e-n-m-o-u-s-e-c-r-o-w-n\index.html","https://ronenglish-archive.github.io/ron-english-sketches-objects/Sketches/objects/wearables-and-accessories/hats/a-l-i-e-n-m-o-u-s-e-c-r-o-w-n/index.html","1","0","https://ronenglish-archive.github.io/ron-english-sketches-objects/images/Sketches/Objects/wearables-and-accessories/hats/Alien%20Mouse%20Crown.jpg","OK","Ready."
"Objects","Alien Quack Crown","objects","hats","Sketches\objects\wearables-and-accessories\hats\alien-quack-crown\index.html","https://ronenglish-archive.github.io/ron-english-sketches-objects/Sketches/objects/wearables-and-accessories/hats/alien-quack-crown/index.html","2","0","https://ronenglish-archive.github.io/ron-english-sketches-objects/images/Sketches/Objects/wearables-and-accessories/hats/alien%20quack%20crown%20png.jpg","OK","Ready."
"Objects","A L I E N Q U a C K C R O W N","objects","hats","Sketches\objects\wearables-and-accessories\hats\a-l-i-e-n-q-u-a-c-k-c-r-o-w-n\index.html","https://ronenglish-archive.github.io/ron-english-sketches-objects/Sketches/objects/wearables-and-accessories/hats/a-l-i-e-n-q-u-a-c-k-c-r-o-w-n/index.html","2","0","https://ronenglish-archive.github.io/ron-english-sketches-objects/images/Sketches/Objects/wearables-and-accessories/hats/alien%20quack%20crown%20png.jpg","OK","Ready."
"Objects","Alien Saturn Ring Hat","objects","hats","Sketches\objects\wearables-and-accessories\hats\alien-saturn-ring-hat\index.html","https://ronenglish-archive.github.io/ron-english-sketches-objects/Sketches/objects/wearables-and-accessories/hats/alien-saturn-ring-hat/index.html","1","0","https://ronenglish-archive.github.io/ron-english-sketches-objects/images/Sketches/Objects/wearables-and-accessories/hats/alien%20saturn%20ring%20hat.jpg","OK","Ready."
"Objects","A L I E N S a T U R N R I N G H a T","objects","hats","Sketches\objects\wearables-and-accessories\hats\a-l-i-e-n-s-a-t-u-r-n-r-i-n-g-h-a-t\index.html","https://ronenglish-archive.github.io/ron-english-sketches-objects/Sketches/objects/wearables-and-accessories/hats/a-l-i-e-n-s-a-t-u-r-n-r-i-n-g-h-a-t/index.html","1","0","https://ronenglish-archive.github.io/ron-english-sketches-objects/images/Sketches/Objects/wearables-and-accessories/hats/alien%20saturn%20ring%20hat.jpg","OK","Ready."
"Objects","Alien Slo Mo Saucer Hat","objects","hats","Sketches\objects\wearables-and-accessories\hats\alien-slo-mo-saucer-hat\index.html","https://ronenglish-archive.github.io/ron-english-sketches-objects/Sketches/objects/wearables-and-accessories/hats/alien-slo-mo-saucer-hat/index.html","1","0","https://ronenglish-archive.github.io/ron-english-sketches-objects/images/Sketches/Objects/wearables-and-accessories/hats/alien%20slo%20mo%20saucer%20hat.jpg","OK","Ready."
"Objects","A L I E N S L O M O S a U C E R H a T","objects","hats","Sketches\objects\wearables-and-accessories\hats\a-l-i-e-n-s-l-o-m-o-s-a-u-c-e-r-h-a-t\index.html","https://ronenglish-archive.github.io/ron-english-sketches-objects/Sketches/objects/wearables-and-accessories/hats/a-l-i-e-n-s-l-o-m-o-s-a-u-c-e-r-h-a-t/index.html","1","0","https://ronenglish-archive.github.io/ron-english-sketches-objects/images/Sketches/Objects/wearables-and-accessories/hats/alien%20slo%20mo%20saucer%20hat.jpg","OK","Ready."
"Objects","Alien Three Eye Hat","objects","hats","Sketches\objects\wearables-and-accessories\hats\alien-three-eye-hat\index.html","https://ronenglish-archive.github.io/ron-english-sketches-objects/Sketches/objects/wearables-and-accessories/hats/alien-three-eye-hat/index.html","1","0","https://ronenglish-archive.github.io/ron-english-sketches-objects/images/Sketches/Objects/wearables-and-accessories/hats/alien%20three-eye%20hat.jpg","OK","Ready."
"Objects","A L I E N T H R E E E Y E H a T","objects","hats","Sketches\objects\wearables-and-accessories\hats\a-l-i-e-n-t-h-r-e-e-e-y-e-h-a-t\index.html","https://ronenglish-archive.github.io/ron-english-sketches-objects/Sketches/objects/wearables-and-accessories/hats/a-l-i-e-n-t-h-r-e-e-e-y-e-h-a-t/index.html","1","0","https://ronenglish-archive.github.io/ron-english-sketches-objects/images/Sketches/Objects/wearables-and-accessories/hats/alien%20three-eye%20hat.jpg","OK","Ready."
"Objects","Alien Trooper Mask","objects","hats","Sketches\objects\wearables-and-accessories\hats\alien-trooper-mask\index.html","https://ronenglish-archive.github.io/ron-english-sketches-objects/Sketches/objects/wearables-and-accessories/hats/alien-trooper-mask/index.html","1","0","https://ronenglish-archive.github.io/ron-english-sketches-objects/images/Sketches/Objects/wearables-and-accessories/hats/alien%20trooper%20mask.jpg","OK","Ready."
"Objects","A L I E N T R O O P E R M a S K","objects","hats","Sketches\objects\wearables-and-accessories\hats\a-l-i-e-n-t-r-o-o-p-e-r-m-a-s-k\index.html","https://ronenglish-archive.github.io/ron-english-sketches-objects/Sketches/objects/wearables-and-accessories/hats/a-l-i-e-n-t-r-o-o-p-e-r-m-a-s-k/index.html","1","0","https://ronenglish-archive.github.io/ron-english-sketches-objects/images/Sketches/Objects/wearables-and-accessories/hats/alien%20trooper%20mask.jpg","OK","Ready."
"Objects","Alien Viking Hat","objects","hats","Sketches\objects\wearables-and-accessories\hats\alien-viking-hat\index.html","https://ronenglish-archive.github.io/ron-english-sketches-objects/Sketches/objects/wearables-and-accessories/hats/alien-viking-hat/index.html","1","0","https://ronenglish-archive.github.io/ron-english-sketches-objects/images/Sketches/Objects/wearables-and-accessories/hats/alien%20viking%20hat.jpg","OK","Ready."
"Objects","A L I E N V I K I N G H a T","objects","hats","Sketches\objects\wearables-and-accessories\hats\a-l-i-e-n-v-i-k-i-n-g-h-a-t\index.html","https://ronenglish-archive.github.io/ron-english-sketches-objects/Sketches/objects/wearables-and-accessories/hats/a-l-i-e-n-v-i-k-i-n-g-h-a-t/index.html","1","0","https://ronenglish-archive.github.io/ron-english-sketches-objects/images/Sketches/Objects/wearables-and-accessories/hats/alien%20viking%20hat.jpg","OK","Ready."
"Objects","Alien Warhol Hat","objects","hats","Sketches\objects\wearables-and-accessories\hats\alien-warhol-hat\index.html","https://ronenglish-archive.github.io/ron-english-sketches-objects/Sketches/objects/wearables-and-accessories/hats/alien-warhol-hat/index.html","1","0","https://ronenglish-archive.github.io/ron-english-sketches-objects/images/Sketches/Objects/wearables-and-accessories/hats/alien%20warhol%20hat.jpg","OK","Ready."
"Objects","A L I E N W a R H O L H a T","objects","hats","Sketches\objects\wearables-and-accessories\hats\a-l-i-e-n-w-a-r-h-o-l-h-a-t\index.html","https://ronenglish-archive.github.io/ron-english-sketches-objects/Sketches/objects/wearables-and-accessories/hats/a-l-i-e-n-w-a-r-h-o-l-h-a-t/index.html","1","0","https://ronenglish-archive.github.io/ron-english-sketches-objects/images/Sketches/Objects/wearables-and-accessories/hats/alien%20warhol%20hat.jpg","OK","Ready."
"Objects","Army Hat","objects","hats","Sketches\objects\wearables-and-accessories\hats\army-hat\index.html","https://ronenglish-archive.github.io/ron-english-sketches-objects/Sketches/objects/wearables-and-accessories/hats/army-hat/index.html","1","0","https://ronenglish-archive.github.io/ron-english-sketches-objects/images/Sketches/Objects/wearables-and-accessories/hats/army%20hat.jpg","OK","Ready."
"Objects","A R M Y H a T","objects","hats","Sketches\objects\wearables-and-accessories\hats\a-r-m-y-h-a-t\index.html","https://ronenglish-archive.github.io/ron-english-sketches-objects/Sketches/objects/wearables-and-accessories/hats/a-r-m-y-h-a-t/index.html","1","0","https://ronenglish-archive.github.io/ron-english-sketches-objects/images/Sketches/Objects/wearables-and-accessories/hats/army%20hat.jpg","OK","Ready."
"Objects","Army Helmet","objects","hats","Sketches\objects\wearables-and-accessories\hats\army-helmet\index.html","https://ronenglish-archive.github.io/ron-english-sketches-objects/Sketches/objects/wearables-and-accessories/hats/army-helmet/index.html","1","0","https://ronenglish-archive.github.io/ron-english-sketches-objects/images/Sketches/Objects/wearables-and-accessories/hats/army%20helmet%202.jpg","OK","Ready."
"Objects","A R M Y H E L M E T","objects","hats","Sketches\objects\wearables-and-accessories\hats\a-r-m-y-h-e-l-m-e-t\index.html","https://ronenglish-archive.github.io/ron-english-sketches-objects/Sketches/objects/wearables-and-accessories/hats/a-r-m-y-h-e-l-m-e-t/index.html","1","0","https://ronenglish-archive.github.io/ron-english-sketches-objects/images/Sketches/Objects/wearables-and-accessories/hats/army%20helmet%202.jpg","OK","Ready."
"Objects","Biggie Crown","objects","hats","Sketches\objects\wearables-and-accessories\hats\biggie-crown\index.html","https://ronenglish-archive.github.io/ron-english-sketches-objects/Sketches/objects/wearables-and-accessories/hats/biggie-crown/index.html","1","0","https://ronenglish-archive.github.io/ron-english-sketches-objects/images/Sketches/Objects/wearables-and-accessories/hats/biggie%20crown.jpg","OK","Ready."
"Objects","B I G G I E C R O W N","objects","hats","Sketches\objects\wearables-and-accessories\hats\b-i-g-g-i-e-c-r-o-w-n\index.html","https://ronenglish-archive.github.io/ron-english-sketches-objects/Sketches/objects/wearables-and-accessories/hats/b-i-g-g-i-e-c-r-o-w-n/index.html","1","0","https://ronenglish-archive.github.io/ron-english-sketches-objects/images/Sketches/Objects/wearables-and-accessories/hats/biggie%20crown.jpg","OK","Ready."
"Objects","Bird Hat","objects","hats","Sketches\objects\wearables-and-accessories\hats\bird-hat\index.html","https://ronenglish-archive.github.io/ron-english-sketches-objects/Sketches/objects/wearables-and-accessories/hats/bird-hat/index.html","1","0","https://ronenglish-archive.github.io/ron-english-sketches-objects/images/Sketches/Objects/wearables-and-accessories/hats/bird%20hat.jpg","OK","Ready."
"Objects","B I R D H a T","objects","hats","Sketches\objects\wearables-and-accessories\hats\b-i-r-d-h-a-t\index.html","https://ronenglish-archive.github.io/ron-english-sketches-objects/Sketches/objects/wearables-and-accessories/hats/b-i-r-d-h-a-t/index.html","1","0","https://ronenglish-archive.github.io/ron-english-sketches-objects/images/Sketches/Objects/wearables-and-accessories/hats/bird%20hat.jpg","OK","Ready."
"Objects","Boob Brain","objects","hats","Sketches\objects\wearables-and-accessories\hats\boob-brain\index.html","https://ronenglish-archive.github.io/ron-english-sketches-objects/Sketches/objects/wearables-and-accessories/hats/boob-brain/index.html","1","0","https://ronenglish-archive.github.io/ron-english-sketches-objects/images/Sketches/Objects/wearables-and-accessories/hats/boob_brain.jpg","OK","Ready."
"Objects","B O O B B R a I N","objects","hats","Sketches\objects\wearables-and-accessories\hats\b-o-o-b-b-r-a-i-n\index.html","https://ronenglish-archive.github.io/ron-english-sketches-objects/Sketches/objects/wearables-and-accessories/hats/b-o-o-b-b-r-a-i-n/index.html","1","0","https://ronenglish-archive.github.io/ron-english-sketches-objects/images/Sketches/Objects/wearables-and-accessories/hats/boob_brain.jpg","OK","Ready."
"Objects","Brain Grin Alien Hat","objects","hats","Sketches\objects\wearables-and-accessories\hats\brain-grin-alien-hat\index.html","https://ronenglish-archive.github.io/ron-english-sketches-objects/Sketches/objects/wearables-and-accessories/hats/brain-grin-alien-hat/index.html","4","1","https://ronenglish-archive.github.io/ron-english-sketches-objects/images/Sketches/Objects/wearables-and-accessories/hats/brain%20grin%20alien%20hat%20%20.png","REVIEW","Some local image references were not found."
"Objects","B R a I N G R I N a L I E N H a T","objects","hats","Sketches\objects\wearables-and-accessories\hats\b-r-a-i-n-g-r-i-n-a-l-i-e-n-h-a-t\index.html","https://ronenglish-archive.github.io/ron-english-sketches-objects/Sketches/objects/wearables-and-accessories/hats/b-r-a-i-n-g-r-i-n-a-l-i-e-n-h-a-t/index.html","4","1","https://ronenglish-archive.github.io/ron-english-sketches-objects/images/Sketches/Objects/wearables-and-accessories/hats/brain%20grin%20alien%20hat%20%20.png","REVIEW","Some local image references were not found."
"Objects","Bulb Hat","objects","hats","Sketches\objects\wearables-and-accessories\hats\bulb-hat\index.html","https://ronenglish-archive.github.io/ron-english-sketches-objects/Sketches/objects/wearables-and-accessories/hats/bulb-hat/index.html","1","0","https://ronenglish-archive.github.io/ron-english-sketches-objects/images/Sketches/Objects/wearables-and-accessories/hats/bulb%20hat%201.jpg","OK","Ready."
"Objects","B U L B H a T","objects","hats","Sketches\objects\wearables-and-accessories\hats\b-u-l-b-h-a-t\index.html","https://ronenglish-archive.github.io/ron-english-sketches-objects/Sketches/objects/wearables-and-accessories/hats/b-u-l-b-h-a-t/index.html","1","0","https://ronenglish-archive.github.io/ron-english-sketches-objects/images/Sketches/Objects/wearables-and-accessories/hats/bulb%20hat%201.jpg","OK","Ready."
"Objects","Burro Hat","objects","hats","Sketches\objects\wearables-and-accessories\hats\burro-hat\index.html","https://ronenglish-archive.github.io/ron-english-sketches-objects/Sketches/objects/wearables-and-accessories/hats/burro-hat/index.html","1","0","https://ronenglish-archive.github.io/ron-english-sketches-objects/images/Sketches/Objects/wearables-and-accessories/hats/burro%20hat.jpg","OK","Ready."
"Objects","B U R R O H a T","objects","hats","Sketches\objects\wearables-and-accessories\hats\b-u-r-r-o-h-a-t\index.html","https://ronenglish-archive.github.io/ron-english-sketches-objects/Sketches/objects/wearables-and-accessories/hats/b-u-r-r-o-h-a-t/index.html","1","0","https://ronenglish-archive.github.io/ron-english-sketches-objects/images/Sketches/Objects/wearables-and-accessories/hats/burro%20hat.jpg","OK","Ready."
"Objects","Capital Crown","objects","hats","Sketches\objects\wearables-and-accessories\hats\capital-crown\index.html","https://ronenglish-archive.github.io/ron-english-sketches-objects/Sketches/objects/wearables-and-accessories/hats/capital-crown/index.html","1","0","https://ronenglish-archive.github.io/ron-english-sketches-objects/images/Sketches/Objects/wearables-and-accessories/hats/Capital%20Crown%20-%20B%26W.jpg","OK","Ready."
"Objects","C a P I T a L C R O W N","objects","hats","Sketches\objects\wearables-and-accessories\hats\c-a-p-i-t-a-l-c-r-o-w-n\index.html","https://ronenglish-archive.github.io/ron-english-sketches-objects/Sketches/objects/wearables-and-accessories/hats/c-a-p-i-t-a-l-c-r-o-w-n/index.html","1","0","https://ronenglish-archive.github.io/ron-english-sketches-objects/images/Sketches/Objects/wearables-and-accessories/hats/Capital%20Crown%20-%20B%26W.jpg","OK","Ready."
"Objects","Carousel Hat","objects","hats","Sketches\objects\wearables-and-accessories\hats\carousel-hat\index.html","https://ronenglish-archive.github.io/ron-english-sketches-objects/Sketches/objects/wearables-and-accessories/hats/carousel-hat/index.html","1","0","https://ronenglish-archive.github.io/ron-english-sketches-objects/images/Sketches/Objects/wearables-and-accessories/hats/carousel%20hat.jpg","OK","Ready."
"Objects","C a R O U S E L H a T","objects","hats","Sketches\objects\wearables-and-accessories\hats\c-a-r-o-u-s-e-l-h-a-t\index.html","https://ronenglish-archive.github.io/ron-english-sketches-objects/Sketches/objects/wearables-and-accessories/hats/c-a-r-o-u-s-e-l-h-a-t/index.html","1","0","https://ronenglish-archive.github.io/ron-english-sketches-objects/images/Sketches/Objects/wearables-and-accessories/hats/carousel%20hat.jpg","OK","Ready."
"Objects","Cop Hat","objects","hats","Sketches\objects\wearables-and-accessories\hats\cop-hat\index.html","https://ronenglish-archive.github.io/ron-english-sketches-objects/Sketches/objects/wearables-and-accessories/hats/cop-hat/index.html","1","0","https://ronenglish-archive.github.io/ron-english-sketches-objects/images/Sketches/Objects/wearables-and-accessories/hats/cop%20hat%202.jpg","OK","Ready."
"Objects","C O P H a T","objects","hats","Sketches\objects\wearables-and-accessories\hats\c-o-p-h-a-t\index.html","https://ronenglish-archive.github.io/ron-english-sketches-objects/Sketches/objects/wearables-and-accessories/hats/c-o-p-h-a-t/index.html","1","0","https://ronenglish-archive.github.io/ron-english-sketches-objects/images/Sketches/Objects/wearables-and-accessories/hats/cop%20hat%202.jpg","OK","Ready."
"Objects","Crown","objects","hats","Sketches\objects\wearables-and-accessories\hats\crown\index.html","https://ronenglish-archive.github.io/ron-english-sketches-objects/Sketches/objects/wearables-and-accessories/hats/crown/index.html","2","0","https://ronenglish-archive.github.io/ron-english-sketches-objects/images/Sketches/Objects/wearables-and-accessories/hats/crown%202.jpg","OK","Ready."
"Objects","C R O W N","objects","hats","Sketches\objects\wearables-and-accessories\hats\c-r-o-w-n\index.html","https://ronenglish-archive.github.io/ron-english-sketches-objects/Sketches/objects/wearables-and-accessories/hats/c-r-o-w-n/index.html","2","0","https://ronenglish-archive.github.io/ron-english-sketches-objects/images/Sketches/Objects/wearables-and-accessories/hats/crown%202.jpg","OK","Ready."
"Objects","Devil Hat","objects","hats","Sketches\objects\wearables-and-accessories\hats\devil-hat\index.html","https://ronenglish-archive.github.io/ron-english-sketches-objects/Sketches/objects/wearables-and-accessories/hats/devil-hat/index.html","1","0","https://ronenglish-archive.github.io/ron-english-sketches-objects/images/Sketches/Objects/wearables-and-accessories/hats/devil%20hat.jpg","OK","Ready."
"Objects","D E V I L H a T","objects","hats","Sketches\objects\wearables-and-accessories\hats\d-e-v-i-l-h-a-t\index.html","https://ronenglish-archive.github.io/ron-english-sketches-objects/Sketches/objects/wearables-and-accessories/hats/d-e-v-i-l-h-a-t/index.html","1","0","https://ronenglish-archive.github.io/ron-english-sketches-objects/images/Sketches/Objects/wearables-and-accessories/hats/devil%20hat.jpg","OK","Ready."
"Objects","Grin Hat","objects","hats","Sketches\objects\wearables-and-accessories\hats\grin-hat\index.html","https://ronenglish-archive.github.io/ron-english-sketches-objects/Sketches/objects/wearables-and-accessories/hats/grin-hat/index.html","1","0","https://ronenglish-archive.github.io/ron-english-sketches-objects/images/Sketches/Objects/wearables-and-accessories/hats/grin%20hat.jpg","OK","Ready."
"Objects","G R I N H a T","objects","hats","Sketches\objects\wearables-and-accessories\hats\g-r-i-n-h-a-t\index.html","https://ronenglish-archive.github.io/ron-english-sketches-objects/Sketches/objects/wearables-and-accessories/hats/g-r-i-n-h-a-t/index.html","1","0","https://ronenglish-archive.github.io/ron-english-sketches-objects/images/Sketches/Objects/wearables-and-accessories/hats/grin%20hat.jpg","OK","Ready."
"Objects","Happyhat 2","objects","hats","Sketches\objects\wearables-and-accessories\hats\happyhat-2\index.html","https://ronenglish-archive.github.io/ron-english-sketches-objects/Sketches/objects/wearables-and-accessories/hats/happyhat-2/index.html","1","0","https://ronenglish-archive.github.io/ron-english-sketches-objects/images/Sketches/Objects/wearables-and-accessories/hats/happyhat-2.jpg","OK","Ready."
"Objects","H a P P Y H a T 2","objects","hats","Sketches\objects\wearables-and-accessories\hats\h-a-p-p-y-h-a-t-2\index.html","https://ronenglish-archive.github.io/ron-english-sketches-objects/Sketches/objects/wearables-and-accessories/hats/h-a-p-p-y-h-a-t-2/index.html","1","0","https://ronenglish-archive.github.io/ron-english-sketches-objects/images/Sketches/Objects/wearables-and-accessories/hats/happyhat-2.jpg","OK","Ready."
"Objects","Hat","objects","hats","Sketches\objects\wearables-and-accessories\hats\hat\index.html","https://ronenglish-archive.github.io/ron-english-sketches-objects/Sketches/objects/wearables-and-accessories/hats/hat/index.html","1","0","https://ronenglish-archive.github.io/ron-english-sketches-objects/images/Sketches/Objects/wearables-and-accessories/hats/hat%203.jpg","OK","Ready."
"Objects","H a T","objects","hats","Sketches\objects\wearables-and-accessories\hats\h-a-t\index.html","https://ronenglish-archive.github.io/ron-english-sketches-objects/Sketches/objects/wearables-and-accessories/hats/h-a-t/index.html","1","0","https://ronenglish-archive.github.io/ron-english-sketches-objects/images/Sketches/Objects/wearables-and-accessories/hats/hat%203.jpg","OK","Ready."
"Objects","Helmet","objects","hats","Sketches\objects\wearables-and-accessories\hats\helmet\index.html","https://ronenglish-archive.github.io/ron-english-sketches-objects/Sketches/objects/wearables-and-accessories/hats/helmet/index.html","4","0","https://ronenglish-archive.github.io/ron-english-sketches-objects/images/Sketches/Objects/wearables-and-accessories/hats/helmet%201%20png.jpg","OK","Ready."
"Objects","H E L M E T","objects","hats","Sketches\objects\wearables-and-accessories\hats\h-e-l-m-e-t\index.html","https://ronenglish-archive.github.io/ron-english-sketches-objects/Sketches/objects/wearables-and-accessories/hats/h-e-l-m-e-t/index.html","2","0","https://ronenglish-archive.github.io/ron-english-sketches-objects/images/Sketches/Objects/wearables-and-accessories/hats/helmet%201%20png.jpg","OK","Ready."
"Objects","H E L M E T.1","objects","hats","Sketches\objects\wearables-and-accessories\hats\h-e-l-m-e-t-1\index.html","https://ronenglish-archive.github.io/ron-english-sketches-objects/Sketches/objects/wearables-and-accessories/hats/h-e-l-m-e-t-1/index.html","1","0","https://ronenglish-archive.github.io/ron-english-sketches-objects/images/Sketches/Objects/wearables-and-accessories/hats/helmet.1.jpg","OK","Ready."
"Objects","H E L M E T.2","objects","hats","Sketches\objects\wearables-and-accessories\hats\h-e-l-m-e-t-2\index.html","https://ronenglish-archive.github.io/ron-english-sketches-objects/Sketches/objects/wearables-and-accessories/hats/h-e-l-m-e-t-2/index.html","1","0","https://ronenglish-archive.github.io/ron-english-sketches-objects/images/Sketches/Objects/wearables-and-accessories/hats/helmet.2.jpg","OK","Ready."
"Objects","Helmet PNG","objects","hats","Sketches\objects\wearables-and-accessories\hats\helmet-png\index.html","https://ronenglish-archive.github.io/ron-english-sketches-objects/Sketches/objects/wearables-and-accessories/hats/helmet-png/index.html","1","0","https://ronenglish-archive.github.io/ron-english-sketches-objects/images/Sketches/Objects/wearables-and-accessories/hats/helmet%20png%20(1).jpg","OK","Ready."
"Objects","H E L M E T P N G","objects","hats","Sketches\objects\wearables-and-accessories\hats\h-e-l-m-e-t-p-n-g\index.html","https://ronenglish-archive.github.io/ron-english-sketches-objects/Sketches/objects/wearables-and-accessories/hats/h-e-l-m-e-t-p-n-g/index.html","1","0","https://ronenglish-archive.github.io/ron-english-sketches-objects/images/Sketches/Objects/wearables-and-accessories/hats/helmet%20png%20(1).jpg","OK","Ready."
"Objects","Kitty","objects","hats","Sketches\objects\wearables-and-accessories\hats\kitty\index.html","https://ronenglish-archive.github.io/ron-english-sketches-objects/Sketches/objects/wearables-and-accessories/hats/kitty/index.html","1","0","https://ronenglish-archive.github.io/ron-english-sketches-objects/images/Sketches/Objects/wearables-and-accessories/hats/kitty%20sketch.jpg","OK","Ready."
"Objects","K I T T Y","objects","hats","Sketches\objects\wearables-and-accessories\hats\k-i-t-t-y\index.html","https://ronenglish-archive.github.io/ron-english-sketches-objects/Sketches/objects/wearables-and-accessories/hats/k-i-t-t-y/index.html","1","0","https://ronenglish-archive.github.io/ron-english-sketches-objects/images/Sketches/Objects/wearables-and-accessories/hats/kitty%20sketch.jpg","OK","Ready."
"Objects","Liberty Crown","objects","hats","Sketches\objects\wearables-and-accessories\hats\liberty-crown\index.html","https://ronenglish-archive.github.io/ron-english-sketches-objects/Sketches/objects/wearables-and-accessories/hats/liberty-crown/index.html","1","0","https://ronenglish-archive.github.io/ron-english-sketches-objects/images/Sketches/Objects/wearables-and-accessories/hats/liberty%20crown.jpg","OK","Ready."
"Objects","L I B E R T Y C R O W N","objects","hats","Sketches\objects\wearables-and-accessories\hats\l-i-b-e-r-t-y-c-r-o-w-n\index.html","https://ronenglish-archive.github.io/ron-english-sketches-objects/Sketches/objects/wearables-and-accessories/hats/l-i-b-e-r-t-y-c-r-o-w-n/index.html","1","0","https://ronenglish-archive.github.io/ron-english-sketches-objects/images/Sketches/Objects/wearables-and-accessories/hats/liberty%20crown.jpg","OK","Ready."
"Objects","Martian Alien","objects","hats","Sketches\objects\wearables-and-accessories\hats\martian-alien\index.html","https://ronenglish-archive.github.io/ron-english-sketches-objects/Sketches/objects/wearables-and-accessories/hats/martian-alien/index.html","1","0","https://ronenglish-archive.github.io/ron-english-sketches-objects/images/Sketches/Objects/wearables-and-accessories/hats/martian%20alien.jpg","OK","Ready."
"Objects","M a R T I a N a L I E N","objects","hats","Sketches\objects\wearables-and-accessories\hats\m-a-r-t-i-a-n-a-l-i-e-n\index.html","https://ronenglish-archive.github.io/ron-english-sketches-objects/Sketches/objects/wearables-and-accessories/hats/m-a-r-t-i-a-n-a-l-i-e-n/index.html","1","0","https://ronenglish-archive.github.io/ron-english-sketches-objects/images/Sketches/Objects/wearables-and-accessories/hats/martian%20alien.jpg","OK","Ready."
"Objects","Monster Hat","objects","hats","Sketches\objects\wearables-and-accessories\hats\monster-hat\index.html","https://ronenglish-archive.github.io/ron-english-sketches-objects/Sketches/objects/wearables-and-accessories/hats/monster-hat/index.html","3","1","https://ronenglish-archive.github.io/ron-english-sketches-objects/images/Sketches/Objects/wearables-and-accessories/hats/monster%20hat%202.jpg","REVIEW","Some local image references were not found."
"Objects","M O N S T E R H a T","objects","hats","Sketches\objects\wearables-and-accessories\hats\m-o-n-s-t-e-r-h-a-t\index.html","https://ronenglish-archive.github.io/ron-english-sketches-objects/Sketches/objects/wearables-and-accessories/hats/m-o-n-s-t-e-r-h-a-t/index.html","3","1","https://ronenglish-archive.github.io/ron-english-sketches-objects/images/Sketches/Objects/wearables-and-accessories/hats/monster%20hat%202.jpg","REVIEW","Some local image references were not found."
"Objects","M O N S T E R H a T 2 a","objects","hats","Sketches\objects\wearables-and-accessories\hats\m-o-n-s-t-e-r-h-a-t-2-a\index.html","https://ronenglish-archive.github.io/ron-english-sketches-objects/Sketches/objects/wearables-and-accessories/hats/m-o-n-s-t-e-r-h-a-t-2-a/index.html","1","0","https://ronenglish-archive.github.io/ron-english-sketches-objects/images/Sketches/Objects/wearables-and-accessories/hats/monster%20hat%202%20A.jpg","OK","Ready."
"Objects","Monster Hat 2b","objects","hats","Sketches\objects\wearables-and-accessories\hats\monster-hat-2b\index.html","https://ronenglish-archive.github.io/ron-english-sketches-objects/Sketches/objects/wearables-and-accessories/hats/monster-hat-2b/index.html","1","0","https://ronenglish-archive.github.io/ron-english-sketches-objects/images/Sketches/Objects/wearables-and-accessories/hats/monster%20hat%202B.jpg","OK","Ready."
"Objects","M O N S T E R H a T 2b","objects","hats","Sketches\objects\wearables-and-accessories\hats\m-o-n-s-t-e-r-h-a-t-2b\index.html","https://ronenglish-archive.github.io/ron-english-sketches-objects/Sketches/objects/wearables-and-accessories/hats/m-o-n-s-t-e-r-h-a-t-2b/index.html","1","0","https://ronenglish-archive.github.io/ron-english-sketches-objects/images/Sketches/Objects/wearables-and-accessories/hats/monster%20hat%202B.jpg","OK","Ready."
"Objects","Monster Hat A","objects","hats","Sketches\objects\wearables-and-accessories\hats\monster-hat-a\index.html","https://ronenglish-archive.github.io/ron-english-sketches-objects/Sketches/objects/wearables-and-accessories/hats/monster-hat-a/index.html","2","0","https://ronenglish-archive.github.io/ron-english-sketches-objects/images/Sketches/Objects/wearables-and-accessories/hats/monster%20hat%202%20A.jpg","OK","Ready."
"Objects","M O N S T E R H a T a","objects","hats","Sketches\objects\wearables-and-accessories\hats\m-o-n-s-t-e-r-h-a-t-a\index.html","https://ronenglish-archive.github.io/ron-english-sketches-objects/Sketches/objects/wearables-and-accessories/hats/m-o-n-s-t-e-r-h-a-t-a/index.html","1","0","https://ronenglish-archive.github.io/ron-english-sketches-objects/images/Sketches/Objects/wearables-and-accessories/hats/monster%20hat%20A.jpg","OK","Ready."
"Objects","Monster Hat B","objects","hats","Sketches\objects\wearables-and-accessories\hats\monster-hat-b\index.html","https://ronenglish-archive.github.io/ron-english-sketches-objects/Sketches/objects/wearables-and-accessories/hats/monster-hat-b/index.html","1","0","https://ronenglish-archive.github.io/ron-english-sketches-objects/images/Sketches/Objects/wearables-and-accessories/hats/monster%20hat%20B.jpg","OK","Ready."
"Objects","M O N S T E R H a T B","objects","hats","Sketches\objects\wearables-and-accessories\hats\m-o-n-s-t-e-r-h-a-t-b\index.html","https://ronenglish-archive.github.io/ron-english-sketches-objects/Sketches/objects/wearables-and-accessories/hats/m-o-n-s-t-e-r-h-a-t-b/index.html","1","0","https://ronenglish-archive.github.io/ron-english-sketches-objects/images/Sketches/Objects/wearables-and-accessories/hats/monster%20hat%20B.jpg","OK","Ready."
"Objects","Mouse Saturn","objects","hats","Sketches\objects\wearables-and-accessories\hats\mouse-saturn\index.html","https://ronenglish-archive.github.io/ron-english-sketches-objects/Sketches/objects/wearables-and-accessories/hats/mouse-saturn/index.html","1","0","https://ronenglish-archive.github.io/ron-english-sketches-objects/images/Sketches/Objects/wearables-and-accessories/hats/mouse%20saturn.jpg","OK","Ready."
"Objects","M O U S E S a T U R N","objects","hats","Sketches\objects\wearables-and-accessories\hats\m-o-u-s-e-s-a-t-u-r-n\index.html","https://ronenglish-archive.github.io/ron-english-sketches-objects/Sketches/objects/wearables-and-accessories/hats/m-o-u-s-e-s-a-t-u-r-n/index.html","1","0","https://ronenglish-archive.github.io/ron-english-sketches-objects/images/Sketches/Objects/wearables-and-accessories/hats/mouse%20saturn.jpg","OK","Ready."
"Objects","Nurse Hat","objects","hats","Sketches\objects\wearables-and-accessories\hats\nurse-hat\index.html","https://ronenglish-archive.github.io/ron-english-sketches-objects/Sketches/objects/wearables-and-accessories/hats/nurse-hat/index.html","1","0","https://ronenglish-archive.github.io/ron-english-sketches-objects/images/Sketches/Objects/wearables-and-accessories/hats/nurse%20hat.jpg","OK","Ready."
"Objects","N U R S E H a T","objects","hats","Sketches\objects\wearables-and-accessories\hats\n-u-r-s-e-h-a-t\index.html","https://ronenglish-archive.github.io/ron-english-sketches-objects/Sketches/objects/wearables-and-accessories/hats/n-u-r-s-e-h-a-t/index.html","1","0","https://ronenglish-archive.github.io/ron-english-sketches-objects/images/Sketches/Objects/wearables-and-accessories/hats/nurse%20hat.jpg","OK","Ready."
"Objects","Orion Hat","objects","hats","Sketches\objects\wearables-and-accessories\hats\orion-hat\index.html","https://ronenglish-archive.github.io/ron-english-sketches-objects/Sketches/objects/wearables-and-accessories/hats/orion-hat/index.html","1","0","https://ronenglish-archive.github.io/ron-english-sketches-objects/images/Sketches/Objects/wearables-and-accessories/hats/orion%20hat.jpg","OK","Ready."
"Objects","O R I O N H a T","objects","hats","Sketches\objects\wearables-and-accessories\hats\o-r-i-o-n-h-a-t\index.html","https://ronenglish-archive.github.io/ron-english-sketches-objects/Sketches/objects/wearables-and-accessories/hats/o-r-i-o-n-h-a-t/index.html","1","0","https://ronenglish-archive.github.io/ron-english-sketches-objects/images/Sketches/Objects/wearables-and-accessories/hats/orion%20hat.jpg","OK","Ready."
"Objects","Raccoon Hat","objects","hats","Sketches\objects\wearables-and-accessories\hats\raccoon-hat\index.html","https://ronenglish-archive.github.io/ron-english-sketches-objects/Sketches/objects/wearables-and-accessories/hats/raccoon-hat/index.html","1","0","https://ronenglish-archive.github.io/ron-english-sketches-objects/images/Sketches/Objects/wearables-and-accessories/hats/raccoon%20hat.jpg","OK","Ready."
"Objects","R a C C O O N H a T","objects","hats","Sketches\objects\wearables-and-accessories\hats\r-a-c-c-o-o-n-h-a-t\index.html","https://ronenglish-archive.github.io/ron-english-sketches-objects/Sketches/objects/wearables-and-accessories/hats/r-a-c-c-o-o-n-h-a-t/index.html","1","0","https://ronenglish-archive.github.io/ron-english-sketches-objects/images/Sketches/Objects/wearables-and-accessories/hats/raccoon%20hat.jpg","OK","Ready."
"Objects","Scan227","objects","hats","Sketches\objects\wearables-and-accessories\hats\scan227\index.html","https://ronenglish-archive.github.io/ron-english-sketches-objects/Sketches/objects/wearables-and-accessories/hats/scan227/index.html","1","0","https://ronenglish-archive.github.io/ron-english-sketches-objects/images/Sketches/Objects/wearables-and-accessories/hats/scan227.jpg","OK","Ready."
"Objects","S C a N227","objects","hats","Sketches\objects\wearables-and-accessories\hats\s-c-a-n227\index.html","https://ronenglish-archive.github.io/ron-english-sketches-objects/Sketches/objects/wearables-and-accessories/hats/s-c-a-n227/index.html","1","0","https://ronenglish-archive.github.io/ron-english-sketches-objects/images/Sketches/Objects/wearables-and-accessories/hats/scan227.jpg","OK","Ready."
"Objects","Scrapard Hat","objects","hats","Sketches\objects\wearables-and-accessories\hats\scrapard-hat\index.html","https://ronenglish-archive.github.io/ron-english-sketches-objects/Sketches/objects/wearables-and-accessories/hats/scrapard-hat/index.html","1","0","https://ronenglish-archive.github.io/ron-english-sketches-objects/images/Sketches/Objects/wearables-and-accessories/hats/scrapard%20hat.jpg","OK","Ready."
"Objects","S C R a P a R D H a T","objects","hats","Sketches\objects\wearables-and-accessories\hats\s-c-r-a-p-a-r-d-h-a-t\index.html","https://ronenglish-archive.github.io/ron-english-sketches-objects/Sketches/objects/wearables-and-accessories/hats/s-c-r-a-p-a-r-d-h-a-t/index.html","1","0","https://ronenglish-archive.github.io/ron-english-sketches-objects/images/Sketches/Objects/wearables-and-accessories/hats/scrapard%20hat.jpg","OK","Ready."
"Objects","Shriner Hat","objects","hats","Sketches\objects\wearables-and-accessories\hats\shriner-hat\index.html","https://ronenglish-archive.github.io/ron-english-sketches-objects/Sketches/objects/wearables-and-accessories/hats/shriner-hat/index.html","1","0","https://ronenglish-archive.github.io/ron-english-sketches-objects/images/Sketches/Objects/wearables-and-accessories/hats/shriner%20hat.jpg","OK","Ready."
"Objects","S H R I N E R H a T","objects","hats","Sketches\objects\wearables-and-accessories\hats\s-h-r-i-n-e-r-h-a-t\index.html","https://ronenglish-archive.github.io/ron-english-sketches-objects/Sketches/objects/wearables-and-accessories/hats/s-h-r-i-n-e-r-h-a-t/index.html","1","0","https://ronenglish-archive.github.io/ron-english-sketches-objects/images/Sketches/Objects/wearables-and-accessories/hats/shriner%20hat.jpg","OK","Ready."
"Objects","Skull Helmet","objects","hats","Sketches\objects\wearables-and-accessories\hats\skull-helmet\index.html","https://ronenglish-archive.github.io/ron-english-sketches-objects/Sketches/objects/wearables-and-accessories/hats/skull-helmet/index.html","1","0","https://ronenglish-archive.github.io/ron-english-sketches-objects/images/Sketches/Objects/wearables-and-accessories/hats/skull%20helmet.jpg","OK","Ready."
"Objects","S K U L L H E L M E T","objects","hats","Sketches\objects\wearables-and-accessories\hats\s-k-u-l-l-h-e-l-m-e-t\index.html","https://ronenglish-archive.github.io/ron-english-sketches-objects/Sketches/objects/wearables-and-accessories/hats/s-k-u-l-l-h-e-l-m-e-t/index.html","1","0","https://ronenglish-archive.github.io/ron-english-sketches-objects/images/Sketches/Objects/wearables-and-accessories/hats/skull%20helmet.jpg","OK","Ready."
"Objects","Snailien Hat","objects","hats","Sketches\objects\wearables-and-accessories\hats\snailien-hat\index.html","https://ronenglish-archive.github.io/ron-english-sketches-objects/Sketches/objects/wearables-and-accessories/hats/snailien-hat/index.html","1","0","https://ronenglish-archive.github.io/ron-english-sketches-objects/images/Sketches/Objects/wearables-and-accessories/hats/snailien%20hat.jpg","OK","Ready."
"Objects","S N a I L I E N H a T","objects","hats","Sketches\objects\wearables-and-accessories\hats\s-n-a-i-l-i-e-n-h-a-t\index.html","https://ronenglish-archive.github.io/ron-english-sketches-objects/Sketches/objects/wearables-and-accessories/hats/s-n-a-i-l-i-e-n-h-a-t/index.html","1","0","https://ronenglish-archive.github.io/ron-english-sketches-objects/images/Sketches/Objects/wearables-and-accessories/hats/snailien%20hat.jpg","OK","Ready."
"Objects","Spinner Hat","objects","hats","Sketches\objects\wearables-and-accessories\hats\spinner-hat\index.html","https://ronenglish-archive.github.io/ron-english-sketches-objects/Sketches/objects/wearables-and-accessories/hats/spinner-hat/index.html","1","0","https://ronenglish-archive.github.io/ron-english-sketches-objects/images/Sketches/Objects/wearables-and-accessories/hats/spinner%20hat.jpg","OK","Ready."
"Objects","S P I N N E R H a T","objects","hats","Sketches\objects\wearables-and-accessories\hats\s-p-i-n-n-e-r-h-a-t\index.html","https://ronenglish-archive.github.io/ron-english-sketches-objects/Sketches/objects/wearables-and-accessories/hats/s-p-i-n-n-e-r-h-a-t/index.html","1","0","https://ronenglish-archive.github.io/ron-english-sketches-objects/images/Sketches/Objects/wearables-and-accessories/hats/spinner%20hat.jpg","OK","Ready."
"Objects","Team Popaganda Helmet","objects","hats","Sketches\objects\wearables-and-accessories\hats\team-popaganda-helmet\index.html","https://ronenglish-archive.github.io/ron-english-sketches-objects/Sketches/objects/wearables-and-accessories/hats/team-popaganda-helmet/index.html","1","0","https://ronenglish-archive.github.io/ron-english-sketches-objects/images/Sketches/Objects/wearables-and-accessories/hats/Team%20Popaganda%20Helmet.jpg","OK","Ready."
"Objects","T E a M P O P a G a N D a H E L M E T","objects","hats","Sketches\objects\wearables-and-accessories\hats\t-e-a-m-p-o-p-a-g-a-n-d-a-h-e-l-m-e-t\index.html","https://ronenglish-archive.github.io/ron-english-sketches-objects/Sketches/objects/wearables-and-accessories/hats/t-e-a-m-p-o-p-a-g-a-n-d-a-h-e-l-m-e-t/index.html","1","0","https://ronenglish-archive.github.io/ron-english-sketches-objects/images/Sketches/Objects/wearables-and-accessories/hats/Team%20Popaganda%20Helmet.jpg","OK","Ready."
"Objects","Team Pop Helmet","objects","hats","Sketches\objects\wearables-and-accessories\hats\team-pop-helmet\index.html","https://ronenglish-archive.github.io/ron-english-sketches-objects/Sketches/objects/wearables-and-accessories/hats/team-pop-helmet/index.html","1","0","https://ronenglish-archive.github.io/ron-english-sketches-objects/images/Sketches/Objects/wearables-and-accessories/hats/team%20pop%20helmet.jpg","OK","Ready."
"Objects","T E a M P O P H E L M E T","objects","hats","Sketches\objects\wearables-and-accessories\hats\t-e-a-m-p-o-p-h-e-l-m-e-t\index.html","https://ronenglish-archive.github.io/ron-english-sketches-objects/Sketches/objects/wearables-and-accessories/hats/t-e-a-m-p-o-p-h-e-l-m-e-t/index.html","1","0","https://ronenglish-archive.github.io/ron-english-sketches-objects/images/Sketches/Objects/wearables-and-accessories/hats/team%20pop%20helmet.jpg","OK","Ready."
"Objects","Tiara","objects","hats","Sketches\objects\wearables-and-accessories\hats\tiara\index.html","https://ronenglish-archive.github.io/ron-english-sketches-objects/Sketches/objects/wearables-and-accessories/hats/tiara/index.html","4","0","https://ronenglish-archive.github.io/ron-english-sketches-objects/images/Sketches/Objects/wearables-and-accessories/hats/tiara%201%20png.jpg","OK","Ready."
"Objects","T I a R a","objects","hats","Sketches\objects\wearables-and-accessories\hats\t-i-a-r-a\index.html","https://ronenglish-archive.github.io/ron-english-sketches-objects/Sketches/objects/wearables-and-accessories/hats/t-i-a-r-a/index.html","4","0","https://ronenglish-archive.github.io/ron-english-sketches-objects/images/Sketches/Objects/wearables-and-accessories/hats/tiara%201%20png.jpg","OK","Ready."
"Objects","Unicorn Crown","objects","hats","Sketches\objects\wearables-and-accessories\hats\unicorn-crown\index.html","https://ronenglish-archive.github.io/ron-english-sketches-objects/Sketches/objects/wearables-and-accessories/hats/unicorn-crown/index.html","2","0","https://ronenglish-archive.github.io/ron-english-sketches-objects/images/Sketches/Objects/wearables-and-accessories/hats/Unicorn%20crown%20-%20B%26W.jpg","OK","Ready."
"Objects","U N I C O R N C R O W N","objects","hats","Sketches\objects\wearables-and-accessories\hats\u-n-i-c-o-r-n-c-r-o-w-n\index.html","https://ronenglish-archive.github.io/ron-english-sketches-objects/Sketches/objects/wearables-and-accessories/hats/u-n-i-c-o-r-n-c-r-o-w-n/index.html","2","0","https://ronenglish-archive.github.io/ron-english-sketches-objects/images/Sketches/Objects/wearables-and-accessories/hats/Unicorn%20crown%20-%20B%26W.jpg","OK","Ready."
"Objects","44 Pendant","objects","jewelry-and-accessories","Sketches\objects\wearables-and-accessories\jewelry-and-accessories\44-pendant\index.html","https://ronenglish-archive.github.io/ron-english-sketches-objects/Sketches/objects/wearables-and-accessories/jewelry-and-accessories/44-pendant/index.html","1","0","https://ronenglish-archive.github.io/ron-english-sketches-objects/images/Sketches/Objects/wearables-and-accessories/jewelry%20and%20accessories/44%20pendant%20original.jpg","OK","Ready."
"Objects","44 P E N D a N T","objects","jewelry-and-accessories","Sketches\objects\wearables-and-accessories\jewelry-and-accessories\44-p-e-n-d-a-n-t\index.html","https://ronenglish-archive.github.io/ron-english-sketches-objects/Sketches/objects/wearables-and-accessories/jewelry-and-accessories/44-p-e-n-d-a-n-t/index.html","1","0","https://ronenglish-archive.github.io/ron-english-sketches-objects/images/Sketches/Objects/wearables-and-accessories/jewelry%20and%20accessories/44%20pendant%20original.jpg","OK","Ready."
"Objects","Double Ear","objects","jewelry-and-accessories","Sketches\objects\wearables-and-accessories\jewelry-and-accessories\double-ear\index.html","https://ronenglish-archive.github.io/ron-english-sketches-objects/Sketches/objects/wearables-and-accessories/jewelry-and-accessories/double-ear/index.html","2","0","https://ronenglish-archive.github.io/ron-english-sketches-objects/images/Sketches/Objects/wearables-and-accessories/jewelry%20and%20accessories/double%20ear%20original.jpg","OK","Ready."
"Objects","D O U B L E E a R","objects","jewelry-and-accessories","Sketches\objects\wearables-and-accessories\jewelry-and-accessories\d-o-u-b-l-e-e-a-r\index.html","https://ronenglish-archive.github.io/ron-english-sketches-objects/Sketches/objects/wearables-and-accessories/jewelry-and-accessories/d-o-u-b-l-e-e-a-r/index.html","2","0","https://ronenglish-archive.github.io/ron-english-sketches-objects/images/Sketches/Objects/wearables-and-accessories/jewelry%20and%20accessories/double%20ear%20original.jpg","OK","Ready."
"Objects","Double Ear Phone Earring","objects","jewelry-and-accessories","Sketches\objects\wearables-and-accessories\jewelry-and-accessories\double-ear-phone-earring\index.html","https://ronenglish-archive.github.io/ron-english-sketches-objects/Sketches/objects/wearables-and-accessories/jewelry-and-accessories/double-ear-phone-earring/index.html","2","0","https://ronenglish-archive.github.io/ron-english-sketches-objects/images/Sketches/Objects/wearables-and-accessories/jewelry%20and%20accessories/double%20ear%20phone%20earring%20original.jpg","OK","Ready."
"Objects","D O U B L E E a R P H O N E E a R R I N G","objects","jewelry-and-accessories","Sketches\objects\wearables-and-accessories\jewelry-and-accessories\d-o-u-b-l-e-e-a-r-p-h-o-n-e-e-a-r-r-i-n-g\index.html","https://ronenglish-archive.github.io/ron-english-sketches-objects/Sketches/objects/wearables-and-accessories/jewelry-and-accessories/d-o-u-b-l-e-e-a-r-p-h-o-n-e-e-a-r-r-i-n-g/index.html","2","0","https://ronenglish-archive.github.io/ron-english-sketches-objects/images/Sketches/Objects/wearables-and-accessories/jewelry%20and%20accessories/double%20ear%20phone%20earring%20original.jpg","OK","Ready."
"Objects","Ear Bell Earring","objects","jewelry-and-accessories","Sketches\objects\wearables-and-accessories\jewelry-and-accessories\ear-bell-earring\index.html","https://ronenglish-archive.github.io/ron-english-sketches-objects/Sketches/objects/wearables-and-accessories/jewelry-and-accessories/ear-bell-earring/index.html","2","0","https://ronenglish-archive.github.io/ron-english-sketches-objects/images/Sketches/Objects/wearables-and-accessories/jewelry%20and%20accessories/ear%20bell%20earring%20original.jpg","OK","Ready."
"Objects","E a R B E L L E a R R I N G","objects","jewelry-and-accessories","Sketches\objects\wearables-and-accessories\jewelry-and-accessories\e-a-r-b-e-l-l-e-a-r-r-i-n-g\index.html","https://ronenglish-archive.github.io/ron-english-sketches-objects/Sketches/objects/wearables-and-accessories/jewelry-and-accessories/e-a-r-b-e-l-l-e-a-r-r-i-n-g/index.html","2","0","https://ronenglish-archive.github.io/ron-english-sketches-objects/images/Sketches/Objects/wearables-and-accessories/jewelry%20and%20accessories/ear%20bell%20earring%20original.jpg","OK","Ready."
"Objects","Earphone Ear","objects","jewelry-and-accessories","Sketches\objects\wearables-and-accessories\jewelry-and-accessories\earphone-ear\index.html","https://ronenglish-archive.github.io/ron-english-sketches-objects/Sketches/objects/wearables-and-accessories/jewelry-and-accessories/earphone-ear/index.html","2","0","https://ronenglish-archive.github.io/ron-english-sketches-objects/images/Sketches/Objects/wearables-and-accessories/jewelry%20and%20accessories/earphone%20ear%20original.jpg","OK","Ready."
"Objects","E a R P H O N E E a R","objects","jewelry-and-accessories","Sketches\objects\wearables-and-accessories\jewelry-and-accessories\e-a-r-p-h-o-n-e-e-a-r\index.html","https://ronenglish-archive.github.io/ron-english-sketches-objects/Sketches/objects/wearables-and-accessories/jewelry-and-accessories/e-a-r-p-h-o-n-e-e-a-r/index.html","2","0","https://ronenglish-archive.github.io/ron-english-sketches-objects/images/Sketches/Objects/wearables-and-accessories/jewelry%20and%20accessories/earphone%20ear%20original.jpg","OK","Ready."
"Objects","Earring Ear","objects","jewelry-and-accessories","Sketches\objects\wearables-and-accessories\jewelry-and-accessories\earring-ear\index.html","https://ronenglish-archive.github.io/ron-english-sketches-objects/Sketches/objects/wearables-and-accessories/jewelry-and-accessories/earring-ear/index.html","2","0","https://ronenglish-archive.github.io/ron-english-sketches-objects/images/Sketches/Objects/wearables-and-accessories/jewelry%20and%20accessories/earring%20ear%20original.jpg","OK","Ready."
"Objects","E a R R I N G E a R","objects","jewelry-and-accessories","Sketches\objects\wearables-and-accessories\jewelry-and-accessories\e-a-r-r-i-n-g-e-a-r\index.html","https://ronenglish-archive.github.io/ron-english-sketches-objects/Sketches/objects/wearables-and-accessories/jewelry-and-accessories/e-a-r-r-i-n-g-e-a-r/index.html","2","0","https://ronenglish-archive.github.io/ron-english-sketches-objects/images/Sketches/Objects/wearables-and-accessories/jewelry%20and%20accessories/earring%20ear%20original.jpg","OK","Ready."
"Objects","Ear Sunglasses","objects","jewelry-and-accessories","Sketches\objects\wearables-and-accessories\jewelry-and-accessories\ear-sunglasses\index.html","https://ronenglish-archive.github.io/ron-english-sketches-objects/Sketches/objects/wearables-and-accessories/jewelry-and-accessories/ear-sunglasses/index.html","1","0","https://ronenglish-archive.github.io/ron-english-sketches-objects/images/Sketches/Objects/wearables-and-accessories/jewelry%20and%20accessories/ear%20sunglasses.jpg","OK","Ready."
"Objects","E a R S U N G L a S S E S","objects","jewelry-and-accessories","Sketches\objects\wearables-and-accessories\jewelry-and-accessories\e-a-r-s-u-n-g-l-a-s-s-e-s\index.html","https://ronenglish-archive.github.io/ron-english-sketches-objects/Sketches/objects/wearables-and-accessories/jewelry-and-accessories/e-a-r-s-u-n-g-l-a-s-s-e-s/index.html","1","0","https://ronenglish-archive.github.io/ron-english-sketches-objects/images/Sketches/Objects/wearables-and-accessories/jewelry%20and%20accessories/ear%20sunglasses.jpg","OK","Ready."
"Objects","Glasses","objects","jewelry-and-accessories","Sketches\objects\wearables-and-accessories\jewelry-and-accessories\glasses\index.html","https://ronenglish-archive.github.io/ron-english-sketches-objects/Sketches/objects/wearables-and-accessories/jewelry-and-accessories/glasses/index.html","2","0","https://ronenglish-archive.github.io/ron-english-sketches-objects/images/Sketches/Objects/wearables-and-accessories/jewelry%20and%20accessories/glasses%202.jpg","OK","Ready."
"Objects","G L a S S E S","objects","jewelry-and-accessories","Sketches\objects\wearables-and-accessories\jewelry-and-accessories\g-l-a-s-s-e-s\index.html","https://ronenglish-archive.github.io/ron-english-sketches-objects/Sketches/objects/wearables-and-accessories/jewelry-and-accessories/g-l-a-s-s-e-s/index.html","2","0","https://ronenglish-archive.github.io/ron-english-sketches-objects/images/Sketches/Objects/wearables-and-accessories/jewelry%20and%20accessories/glasses%202.jpg","OK","Ready."
"Objects","Grinnie Earring","objects","jewelry-and-accessories","Sketches\objects\wearables-and-accessories\jewelry-and-accessories\grinnie-earring\index.html","https://ronenglish-archive.github.io/ron-english-sketches-objects/Sketches/objects/wearables-and-accessories/jewelry-and-accessories/grinnie-earring/index.html","2","0","https://ronenglish-archive.github.io/ron-english-sketches-objects/images/Sketches/Objects/wearables-and-accessories/jewelry%20and%20accessories/grinnie%20earring%20original.jpg","OK","Ready."
"Objects","G R I N N I E E a R R I N G","objects","jewelry-and-accessories","Sketches\objects\wearables-and-accessories\jewelry-and-accessories\g-r-i-n-n-i-e-e-a-r-r-i-n-g\index.html","https://ronenglish-archive.github.io/ron-english-sketches-objects/Sketches/objects/wearables-and-accessories/jewelry-and-accessories/g-r-i-n-n-i-e-e-a-r-r-i-n-g/index.html","2","0","https://ronenglish-archive.github.io/ron-english-sketches-objects/images/Sketches/Objects/wearables-and-accessories/jewelry%20and%20accessories/grinnie%20earring%20original.jpg","OK","Ready."
"Objects","Handcuffs for Fat Uncle Sam","objects","jewelry-and-accessories","Sketches\objects\wearables-and-accessories\jewelry-and-accessories\handcuffs-for-fat-uncle-sam\index.html","https://ronenglish-archive.github.io/ron-english-sketches-objects/Sketches/objects/wearables-and-accessories/jewelry-and-accessories/handcuffs-for-fat-uncle-sam/index.html","1","0","https://ronenglish-archive.github.io/ron-english-sketches-objects/images/Sketches/Objects/wearables-and-accessories/jewelry%20and%20accessories/handcuffs%20for%20fat%20uncle%20sam%20original.jpg","OK","Ready."
"Objects","H a N D C U F F S F O R F a T U N C L E S a M","objects","jewelry-and-accessories","Sketches\objects\wearables-and-accessories\jewelry-and-accessories\h-a-n-d-c-u-f-f-s-f-o-r-f-a-t-u-n-c-l-e-s-a-m\index.html","https://ronenglish-archive.github.io/ron-english-sketches-objects/Sketches/objects/wearables-and-accessories/jewelry-and-accessories/h-a-n-d-c-u-f-f-s-f-o-r-f-a-t-u-n-c-l-e-s-a-m/index.html","1","0","https://ronenglish-archive.github.io/ron-english-sketches-objects/images/Sketches/Objects/wearables-and-accessories/jewelry%20and%20accessories/handcuffs%20for%20fat%20uncle%20sam%20original.jpg","OK","Ready."
"Objects","Hope","objects","jewelry-and-accessories","Sketches\objects\wearables-and-accessories\jewelry-and-accessories\hope\index.html","https://ronenglish-archive.github.io/ron-english-sketches-objects/Sketches/objects/wearables-and-accessories/jewelry-and-accessories/hope/index.html","1","0","https://ronenglish-archive.github.io/ron-english-sketches-objects/images/Sketches/Objects/wearables-and-accessories/jewelry%20and%20accessories/hope.jpg","OK","Ready."
"Objects","H O P E","objects","jewelry-and-accessories","Sketches\objects\wearables-and-accessories\jewelry-and-accessories\h-o-p-e\index.html","https://ronenglish-archive.github.io/ron-english-sketches-objects/Sketches/objects/wearables-and-accessories/jewelry-and-accessories/h-o-p-e/index.html","1","0","https://ronenglish-archive.github.io/ron-english-sketches-objects/images/Sketches/Objects/wearables-and-accessories/jewelry%20and%20accessories/hope.jpg","OK","Ready."
"Objects","Lady Salamander Earring","objects","jewelry-and-accessories","Sketches\objects\wearables-and-accessories\jewelry-and-accessories\lady-salamander-earring\index.html","https://ronenglish-archive.github.io/ron-english-sketches-objects/Sketches/objects/wearables-and-accessories/jewelry-and-accessories/lady-salamander-earring/index.html","2","0","https://ronenglish-archive.github.io/ron-english-sketches-objects/images/Sketches/Objects/wearables-and-accessories/jewelry%20and%20accessories/lady%20salamander%20earring%20original.jpg","OK","Ready."
"Objects","L a D Y S a L a M a N D E R E a R R I N G","objects","jewelry-and-accessories","Sketches\objects\wearables-and-accessories\jewelry-and-accessories\l-a-d-y-s-a-l-a-m-a-n-d-e-r-e-a-r-r-i-n-g\index.html","https://ronenglish-archive.github.io/ron-english-sketches-objects/Sketches/objects/wearables-and-accessories/jewelry-and-accessories/l-a-d-y-s-a-l-a-m-a-n-d-e-r-e-a-r-r-i-n-g/index.html","2","0","https://ronenglish-archive.github.io/ron-english-sketches-objects/images/Sketches/Objects/wearables-and-accessories/jewelry%20and%20accessories/lady%20salamander%20earring%20original.jpg","OK","Ready."
"Objects","Obama Bling1","objects","jewelry-and-accessories","Sketches\objects\wearables-and-accessories\jewelry-and-accessories\obama-bling1\index.html","https://ronenglish-archive.github.io/ron-english-sketches-objects/Sketches/objects/wearables-and-accessories/jewelry-and-accessories/obama-bling1/index.html","1","0","https://ronenglish-archive.github.io/ron-english-sketches-objects/images/Sketches/Objects/wearables-and-accessories/jewelry%20and%20accessories/ObamaBling1%20(2).jpg","OK","Ready."
"Objects","O B a M a B L I N G1","objects","jewelry-and-accessories","Sketches\objects\wearables-and-accessories\jewelry-and-accessories\o-b-a-m-a-b-l-i-n-g1\index.html","https://ronenglish-archive.github.io/ron-english-sketches-objects/Sketches/objects/wearables-and-accessories/jewelry-and-accessories/o-b-a-m-a-b-l-i-n-g1/index.html","1","0","https://ronenglish-archive.github.io/ron-english-sketches-objects/images/Sketches/Objects/wearables-and-accessories/jewelry%20and%20accessories/ObamaBling1%20(2).jpg","OK","Ready."
"Objects","Obama Bling2 Keys","objects","jewelry-and-accessories","Sketches\objects\wearables-and-accessories\jewelry-and-accessories\obama-bling2-keys\index.html","https://ronenglish-archive.github.io/ron-english-sketches-objects/Sketches/objects/wearables-and-accessories/jewelry-and-accessories/obama-bling2-keys/index.html","1","0","https://ronenglish-archive.github.io/ron-english-sketches-objects/images/Sketches/Objects/wearables-and-accessories/jewelry%20and%20accessories/ObamaBling2%20keys.jpg","OK","Ready."
"Objects","O B a M a B L I N G2 K E Y S","objects","jewelry-and-accessories","Sketches\objects\wearables-and-accessories\jewelry-and-accessories\o-b-a-m-a-b-l-i-n-g2-k-e-y-s\index.html","https://ronenglish-archive.github.io/ron-english-sketches-objects/Sketches/objects/wearables-and-accessories/jewelry-and-accessories/o-b-a-m-a-b-l-i-n-g2-k-e-y-s/index.html","1","0","https://ronenglish-archive.github.io/ron-english-sketches-objects/images/Sketches/Objects/wearables-and-accessories/jewelry%20and%20accessories/ObamaBling2%20keys.jpg","OK","Ready."
"Objects","Obama Time Button","objects","jewelry-and-accessories","Sketches\objects\wearables-and-accessories\jewelry-and-accessories\obama-time-button\index.html","https://ronenglish-archive.github.io/ron-english-sketches-objects/Sketches/objects/wearables-and-accessories/jewelry-and-accessories/obama-time-button/index.html","1","0","https://ronenglish-archive.github.io/ron-english-sketches-objects/images/Sketches/Objects/wearables-and-accessories/jewelry%20and%20accessories/obama%20time%20button%20original.jpg","OK","Ready."
"Objects","O B a M a T I M E B U T T O N","objects","jewelry-and-accessories","Sketches\objects\wearables-and-accessories\jewelry-and-accessories\o-b-a-m-a-t-i-m-e-b-u-t-t-o-n\index.html","https://ronenglish-archive.github.io/ron-english-sketches-objects/Sketches/objects/wearables-and-accessories/jewelry-and-accessories/o-b-a-m-a-t-i-m-e-b-u-t-t-o-n/index.html","1","0","https://ronenglish-archive.github.io/ron-english-sketches-objects/images/Sketches/Objects/wearables-and-accessories/jewelry%20and%20accessories/obama%20time%20button%20original.jpg","OK","Ready."
"Objects","Orion Earring","objects","jewelry-and-accessories","Sketches\objects\wearables-and-accessories\jewelry-and-accessories\orion-earring\index.html","https://ronenglish-archive.github.io/ron-english-sketches-objects/Sketches/objects/wearables-and-accessories/jewelry-and-accessories/orion-earring/index.html","2","0","https://ronenglish-archive.github.io/ron-english-sketches-objects/images/Sketches/Objects/wearables-and-accessories/jewelry%20and%20accessories/orion%20earring%20original.jpg","OK","Ready."
"Objects","O R I O N E a R R I N G","objects","jewelry-and-accessories","Sketches\objects\wearables-and-accessories\jewelry-and-accessories\o-r-i-o-n-e-a-r-r-i-n-g\index.html","https://ronenglish-archive.github.io/ron-english-sketches-objects/Sketches/objects/wearables-and-accessories/jewelry-and-accessories/o-r-i-o-n-e-a-r-r-i-n-g/index.html","2","0","https://ronenglish-archive.github.io/ron-english-sketches-objects/images/Sketches/Objects/wearables-and-accessories/jewelry%20and%20accessories/orion%20earring%20original.jpg","OK","Ready."
"Objects","Peace Power Necklace","objects","jewelry-and-accessories","Sketches\objects\wearables-and-accessories\jewelry-and-accessories\peace-power-necklace\index.html","https://ronenglish-archive.github.io/ron-english-sketches-objects/Sketches/objects/wearables-and-accessories/jewelry-and-accessories/peace-power-necklace/index.html","1","0","https://ronenglish-archive.github.io/ron-english-sketches-objects/images/Sketches/Objects/wearables-and-accessories/jewelry%20and%20accessories/peace%20power%20necklace%20original.jpg","OK","Ready."
"Objects","P E a C E P O W E R N E C K L a C E","objects","jewelry-and-accessories","Sketches\objects\wearables-and-accessories\jewelry-and-accessories\p-e-a-c-e-p-o-w-e-r-n-e-c-k-l-a-c-e\index.html","https://ronenglish-archive.github.io/ron-english-sketches-objects/Sketches/objects/wearables-and-accessories/jewelry-and-accessories/p-e-a-c-e-p-o-w-e-r-n-e-c-k-l-a-c-e/index.html","1","0","https://ronenglish-archive.github.io/ron-english-sketches-objects/images/Sketches/Objects/wearables-and-accessories/jewelry%20and%20accessories/peace%20power%20necklace%20original.jpg","OK","Ready."
"Objects","Pear Earring","objects","jewelry-and-accessories","Sketches\objects\wearables-and-accessories\jewelry-and-accessories\pear-earring\index.html","https://ronenglish-archive.github.io/ron-english-sketches-objects/Sketches/objects/wearables-and-accessories/jewelry-and-accessories/pear-earring/index.html","2","0","https://ronenglish-archive.github.io/ron-english-sketches-objects/images/Sketches/Objects/wearables-and-accessories/jewelry%20and%20accessories/pear%20earring%20original.jpg","OK","Ready."
"Objects","P E a R E a R R I N G","objects","jewelry-and-accessories","Sketches\objects\wearables-and-accessories\jewelry-and-accessories\p-e-a-r-e-a-r-r-i-n-g\index.html","https://ronenglish-archive.github.io/ron-english-sketches-objects/Sketches/objects/wearables-and-accessories/jewelry-and-accessories/p-e-a-r-e-a-r-r-i-n-g/index.html","2","0","https://ronenglish-archive.github.io/ron-english-sketches-objects/images/Sketches/Objects/wearables-and-accessories/jewelry%20and%20accessories/pear%20earring%20original.jpg","OK","Ready."
"Objects","Squirrel Squirt Goggles","objects","jewelry-and-accessories","Sketches\objects\wearables-and-accessories\jewelry-and-accessories\squirrel-squirt-goggles\index.html","https://ronenglish-archive.github.io/ron-english-sketches-objects/Sketches/objects/wearables-and-accessories/jewelry-and-accessories/squirrel-squirt-goggles/index.html","3","0","https://ronenglish-archive.github.io/ron-english-sketches-objects/images/Sketches/Objects/wearables-and-accessories/jewelry%20and%20accessories/Squirrel%20Squirt%20Goggles%201%20ORIGINAL.jpg","OK","Ready."
"Objects","S Q U I R R E L S Q U I R T G O G G L E S","objects","jewelry-and-accessories","Sketches\objects\wearables-and-accessories\jewelry-and-accessories\s-q-u-i-r-r-e-l-s-q-u-i-r-t-g-o-g-g-l-e-s\index.html","https://ronenglish-archive.github.io/ron-english-sketches-objects/Sketches/objects/wearables-and-accessories/jewelry-and-accessories/s-q-u-i-r-r-e-l-s-q-u-i-r-t-g-o-g-g-l-e-s/index.html","3","0","https://ronenglish-archive.github.io/ron-english-sketches-objects/images/Sketches/Objects/wearables-and-accessories/jewelry%20and%20accessories/Squirrel%20Squirt%20Goggles%201%20ORIGINAL.jpg","OK","Ready."
"Objects","Star Pendant","objects","jewelry-and-accessories","Sketches\objects\wearables-and-accessories\jewelry-and-accessories\star-pendant\index.html","https://ronenglish-archive.github.io/ron-english-sketches-objects/Sketches/objects/wearables-and-accessories/jewelry-and-accessories/star-pendant/index.html","1","0","https://ronenglish-archive.github.io/ron-english-sketches-objects/images/Sketches/Objects/wearables-and-accessories/jewelry%20and%20accessories/star%20pendant%20original.jpg","OK","Ready."
"Objects","S T a R P E N D a N T","objects","jewelry-and-accessories","Sketches\objects\wearables-and-accessories\jewelry-and-accessories\s-t-a-r-p-e-n-d-a-n-t\index.html","https://ronenglish-archive.github.io/ron-english-sketches-objects/Sketches/objects/wearables-and-accessories/jewelry-and-accessories/s-t-a-r-p-e-n-d-a-n-t/index.html","1","0","https://ronenglish-archive.github.io/ron-english-sketches-objects/images/Sketches/Objects/wearables-and-accessories/jewelry%20and%20accessories/star%20pendant%20original.jpg","OK","Ready."
"Objects","Star Skull Cane","objects","jewelry-and-accessories","Sketches\objects\wearables-and-accessories\jewelry-and-accessories\star-skull-cane\index.html","https://ronenglish-archive.github.io/ron-english-sketches-objects/Sketches/objects/wearables-and-accessories/jewelry-and-accessories/star-skull-cane/index.html","1","0","https://ronenglish-archive.github.io/ron-english-sketches-objects/images/Sketches/Objects/wearables-and-accessories/jewelry%20and%20accessories/star%20skull%20cane.jpg","OK","Ready."
"Objects","S T a R S K U L L C a N E","objects","jewelry-and-accessories","Sketches\objects\wearables-and-accessories\jewelry-and-accessories\s-t-a-r-s-k-u-l-l-c-a-n-e\index.html","https://ronenglish-archive.github.io/ron-english-sketches-objects/Sketches/objects/wearables-and-accessories/jewelry-and-accessories/s-t-a-r-s-k-u-l-l-c-a-n-e/index.html","1","0","https://ronenglish-archive.github.io/ron-english-sketches-objects/images/Sketches/Objects/wearables-and-accessories/jewelry%20and%20accessories/star%20skull%20cane.jpg","OK","Ready."
"Objects","Starskull Earring","objects","jewelry-and-accessories","Sketches\objects\wearables-and-accessories\jewelry-and-accessories\starskull-earring\index.html","https://ronenglish-archive.github.io/ron-english-sketches-objects/Sketches/objects/wearables-and-accessories/jewelry-and-accessories/starskull-earring/index.html","2","0","https://ronenglish-archive.github.io/ron-english-sketches-objects/images/Sketches/Objects/wearables-and-accessories/jewelry%20and%20accessories/starskull%20earring%20original.jpg","OK","Ready."
"Objects","S T a R S K U L L E a R R I N G","objects","jewelry-and-accessories","Sketches\objects\wearables-and-accessories\jewelry-and-accessories\s-t-a-r-s-k-u-l-l-e-a-r-r-i-n-g\index.html","https://ronenglish-archive.github.io/ron-english-sketches-objects/Sketches/objects/wearables-and-accessories/jewelry-and-accessories/s-t-a-r-s-k-u-l-l-e-a-r-r-i-n-g/index.html","2","0","https://ronenglish-archive.github.io/ron-english-sketches-objects/images/Sketches/Objects/wearables-and-accessories/jewelry%20and%20accessories/starskull%20earring%20original.jpg","OK","Ready."
"Objects","Unity Button","objects","jewelry-and-accessories","Sketches\objects\wearables-and-accessories\jewelry-and-accessories\unity-button\index.html","https://ronenglish-archive.github.io/ron-english-sketches-objects/Sketches/objects/wearables-and-accessories/jewelry-and-accessories/unity-button/index.html","1","0","https://ronenglish-archive.github.io/ron-english-sketches-objects/images/Sketches/Objects/wearables-and-accessories/jewelry%20and%20accessories/unity%20button%20original.jpg","OK","Ready."
"Objects","U N I T Y B U T T O N","objects","jewelry-and-accessories","Sketches\objects\wearables-and-accessories\jewelry-and-accessories\u-n-i-t-y-b-u-t-t-o-n\index.html","https://ronenglish-archive.github.io/ron-english-sketches-objects/Sketches/objects/wearables-and-accessories/jewelry-and-accessories/u-n-i-t-y-b-u-t-t-o-n/index.html","1","0","https://ronenglish-archive.github.io/ron-english-sketches-objects/images/Sketches/Objects/wearables-and-accessories/jewelry%20and%20accessories/unity%20button%20original.jpg","OK","Ready."
"Objects","Cowshoesketch","objects","shoes","Sketches\objects\wearables-and-accessories\shoes\cowshoesketch\index.html","https://ronenglish-archive.github.io/ron-english-sketches-objects/Sketches/objects/wearables-and-accessories/shoes/cowshoesketch/index.html","1","0","https://ronenglish-archive.github.io/ron-english-sketches-objects/images/Sketches/Objects/wearables-and-accessories/shoes/cowshoesketch.jpg","OK","Ready."
"Objects","C O W S H O E S K E T C H","objects","shoes","Sketches\objects\wearables-and-accessories\shoes\c-o-w-s-h-o-e-s-k-e-t-c-h\index.html","https://ronenglish-archive.github.io/ron-english-sketches-objects/Sketches/objects/wearables-and-accessories/shoes/c-o-w-s-h-o-e-s-k-e-t-c-h/index.html","1","0","https://ronenglish-archive.github.io/ron-english-sketches-objects/images/Sketches/Objects/wearables-and-accessories/shoes/cowshoesketch.jpg","OK","Ready."
"Objects","Pink Boot","objects","shoes","Sketches\objects\wearables-and-accessories\shoes\pinkboot\index.html","https://ronenglish-archive.github.io/ron-english-sketches-objects/Sketches/objects/wearables-and-accessories/shoes/pinkboot/index.html","6","0","https://ronenglish-archive.github.io/ron-english-sketches-objects/images/Sketches/Objects/wearables-and-accessories/shoes/pinkboot-02.jpg","OK","Ready."
"Objects","P I N K B O O T 02","objects","shoes","Sketches\objects\wearables-and-accessories\shoes\p-i-n-k-b-o-o-t-02\index.html","https://ronenglish-archive.github.io/ron-english-sketches-objects/Sketches/objects/wearables-and-accessories/shoes/p-i-n-k-b-o-o-t-02/index.html","1","0","https://ronenglish-archive.github.io/ron-english-sketches-objects/images/Sketches/Objects/wearables-and-accessories/shoes/pinkboot-02.jpg","OK","Ready."
"Objects","P I N K B O O T 03","objects","shoes","Sketches\objects\wearables-and-accessories\shoes\p-i-n-k-b-o-o-t-03\index.html","https://ronenglish-archive.github.io/ron-english-sketches-objects/Sketches/objects/wearables-and-accessories/shoes/p-i-n-k-b-o-o-t-03/index.html","1","0","https://ronenglish-archive.github.io/ron-english-sketches-objects/images/Sketches/Objects/wearables-and-accessories/shoes/pinkboot-03.jpg","OK","Ready."
"Objects","P I N K B O O T 04","objects","shoes","Sketches\objects\wearables-and-accessories\shoes\p-i-n-k-b-o-o-t-04\index.html","https://ronenglish-archive.github.io/ron-english-sketches-objects/Sketches/objects/wearables-and-accessories/shoes/p-i-n-k-b-o-o-t-04/index.html","1","0","https://ronenglish-archive.github.io/ron-english-sketches-objects/images/Sketches/Objects/wearables-and-accessories/shoes/pinkboot-04.jpg","OK","Ready."
"Objects","P I N K B O O T 05","objects","shoes","Sketches\objects\wearables-and-accessories\shoes\p-i-n-k-b-o-o-t-05\index.html","https://ronenglish-archive.github.io/ron-english-sketches-objects/Sketches/objects/wearables-and-accessories/shoes/p-i-n-k-b-o-o-t-05/index.html","1","0","https://ronenglish-archive.github.io/ron-english-sketches-objects/images/Sketches/Objects/wearables-and-accessories/shoes/pinkboot-05.jpg","OK","Ready."
"Objects","P I N K B O O T 06","objects","shoes","Sketches\objects\wearables-and-accessories\shoes\p-i-n-k-b-o-o-t-06\index.html","https://ronenglish-archive.github.io/ron-english-sketches-objects/Sketches/objects/wearables-and-accessories/shoes/p-i-n-k-b-o-o-t-06/index.html","1","0","https://ronenglish-archive.github.io/ron-english-sketches-objects/images/Sketches/Objects/wearables-and-accessories/shoes/pinkboot-06.jpg","OK","Ready."
"Objects","P I N K B O O T 07","objects","shoes","Sketches\objects\wearables-and-accessories\shoes\p-i-n-k-b-o-o-t-07\index.html","https://ronenglish-archive.github.io/ron-english-sketches-objects/Sketches/objects/wearables-and-accessories/shoes/p-i-n-k-b-o-o-t-07/index.html","1","0","https://ronenglish-archive.github.io/ron-english-sketches-objects/images/Sketches/Objects/wearables-and-accessories/shoes/pinkboot-07.jpg","OK","Ready."
"Objects","Racecar Shoe","objects","shoes","Sketches\objects\wearables-and-accessories\shoes\racecar-shoe\index.html","https://ronenglish-archive.github.io/ron-english-sketches-objects/Sketches/objects/wearables-and-accessories/shoes/racecar-shoe/index.html","3","2","https://ronenglish-archive.github.io/ron-english-sketches-objects/images/Sketches/Objects/wearables-and-accessories/shoes/racecar%20shoe%20png.png","REVIEW","Some local image references were not found."
"Objects","R a C E C a R S H O E","objects","shoes","Sketches\objects\wearables-and-accessories\shoes\r-a-c-e-c-a-r-s-h-o-e\index.html","https://ronenglish-archive.github.io/ron-english-sketches-objects/Sketches/objects/wearables-and-accessories/shoes/r-a-c-e-c-a-r-s-h-o-e/index.html","3","2","https://ronenglish-archive.github.io/ron-english-sketches-objects/images/Sketches/Objects/wearables-and-accessories/shoes/racecar%20shoe%20png.png","REVIEW","Some local image references were not found."
"Objects","Revolver Chamber Sneaker","objects","shoes","Sketches\objects\wearables-and-accessories\shoes\revolver-chamber-sneaker\index.html","https://ronenglish-archive.github.io/ron-english-sketches-objects/Sketches/objects/wearables-and-accessories/shoes/revolver-chamber-sneaker/index.html","2","0","https://ronenglish-archive.github.io/ron-english-sketches-objects/images/Sketches/Objects/wearables-and-accessories/shoes/revolver_chamber_sneaker%202.jpg","OK","Ready."
"Objects","R E V O L V E R C H a M B E R S N E a K E R","objects","shoes","Sketches\objects\wearables-and-accessories\shoes\r-e-v-o-l-v-e-r-c-h-a-m-b-e-r-s-n-e-a-k-e-r\index.html","https://ronenglish-archive.github.io/ron-english-sketches-objects/Sketches/objects/wearables-and-accessories/shoes/r-e-v-o-l-v-e-r-c-h-a-m-b-e-r-s-n-e-a-k-e-r/index.html","2","0","https://ronenglish-archive.github.io/ron-english-sketches-objects/images/Sketches/Objects/wearables-and-accessories/shoes/revolver_chamber_sneaker%202.jpg","OK","Ready."
"Objects","Revolver Trigger Sneaker","objects","shoes","Sketches\objects\wearables-and-accessories\shoes\revolver-trigger-sneaker\index.html","https://ronenglish-archive.github.io/ron-english-sketches-objects/Sketches/objects/wearables-and-accessories/shoes/revolver-trigger-sneaker/index.html","2","0","https://ronenglish-archive.github.io/ron-english-sketches-objects/images/Sketches/Objects/wearables-and-accessories/shoes/revolver_trigger_sneaker%202.jpg","OK","Ready."
"Objects","R E V O L V E R T R I G G E R S N E a K E R","objects","shoes","Sketches\objects\wearables-and-accessories\shoes\r-e-v-o-l-v-e-r-t-r-i-g-g-e-r-s-n-e-a-k-e-r\index.html","https://ronenglish-archive.github.io/ron-english-sketches-objects/Sketches/objects/wearables-and-accessories/shoes/r-e-v-o-l-v-e-r-t-r-i-g-g-e-r-s-n-e-a-k-e-r/index.html","2","0","https://ronenglish-archive.github.io/ron-english-sketches-objects/images/Sketches/Objects/wearables-and-accessories/shoes/revolver_trigger_sneaker%202.jpg","OK","Ready."
"Objects","Shoe","objects","shoes","Sketches\objects\wearables-and-accessories\shoes\shoe\index.html","https://ronenglish-archive.github.io/ron-english-sketches-objects/Sketches/objects/wearables-and-accessories/shoes/shoe/index.html","0","0","","REVIEW","No image references found."
"Objects","S H O E","objects","shoes","Sketches\objects\wearables-and-accessories\shoes\s-h-o-e\index.html","https://ronenglish-archive.github.io/ron-english-sketches-objects/Sketches/objects/wearables-and-accessories/shoes/s-h-o-e/index.html","0","0","","REVIEW","No image references found."
"Pop Culture","David Warhol","celebrity-characters","andy-warhol","Sketches\celebrity-characters\andy-warhol\david-warhol\index.html","https://ronenglish-archive.github.io/ron-english-sketches-pop-culture/Sketches/celebrity-characters/andy-warhol/david-warhol/index.html","16","0","https://ronenglish-archive.github.io/ron-english-sketches-pop-culture/images/Sketches/celebrity-characters/Andy%20Warhol/David%20Warhol%201.jpg","OK","Ready."
"Pop Culture","Pop Tot Baby Warhol","celebrity-characters","andy-warhol","Sketches\celebrity-characters\andy-warhol\pop-tot-baby-warhol\index.html","https://ronenglish-archive.github.io/ron-english-sketches-pop-culture/Sketches/celebrity-characters/andy-warhol/pop-tot-baby-warhol/index.html","20","0","https://ronenglish-archive.github.io/ron-english-sketches-pop-culture/images/Sketches/celebrity-characters/Andy%20Warhol/Pop%20Tot%20Baby%20Warhol%20back%20ORIGINAL.jpg","OK","Ready."
"Pop Culture","Young Andy","celebrity-characters","andy-warhol","Sketches\celebrity-characters\andy-warhol\young-andy\index.html","https://ronenglish-archive.github.io/ron-english-sketches-pop-culture/Sketches/celebrity-characters/andy-warhol/young-andy/index.html","27","0","https://ronenglish-archive.github.io/ron-english-sketches-pop-culture/images/Sketches/celebrity-characters/Andy%20Warhol/Young%20Andy%201%20original.jpg","OK","Ready."
"Pop Culture","Dudebox Bear","celebrity-characters","dudebox","Sketches\celebrity-characters\dudebox\dudebox-bear\index.html","https://ronenglish-archive.github.io/ron-english-sketches-pop-culture/Sketches/celebrity-characters/dudebox/dudebox-bear/index.html","4","0","https://ronenglish-archive.github.io/ron-english-sketches-pop-culture/images/Sketches/celebrity-characters/Dudebox/Dudebox%20Bear%20front%20ORIGINAL.jpg","OK","Ready."
"Pop Culture","Dudebox Otto Manic Star Skull","celebrity-characters","dudebox","Sketches\celebrity-characters\dudebox\dudebox-otto-manic-star-skull\index.html","https://ronenglish-archive.github.io/ron-english-sketches-pop-culture/Sketches/celebrity-characters/dudebox/dudebox-otto-manic-star-skull/index.html","4","0","https://ronenglish-archive.github.io/ron-english-sketches-pop-culture/images/Sketches/celebrity-characters/Dudebox/Dudebox%20Otto%20Manic%20Star%20Skull%20front%20ORIGINAL.jpg","OK","Ready."
"Pop Culture","Flava Flav","celebrity-characters","celebrity-characters","Sketches\celebrity-characters\flava\index.html","https://ronenglish-archive.github.io/ron-english-sketches-pop-culture/Sketches/celebrity-characters/flava/index.html","3","0","https://ronenglish-archive.github.io/ron-english-sketches-pop-culture/images/Sketches/celebrity-characters/Flava%20Flav/Flava%20Fav%20ORIGINAL.jpg","OK","Ready."
"Pop Culture","Fat Pebbles","celebrity-characters","celebrity-characters","Sketches\celebrity-characters\flintstones\index.html","https://ronenglish-archive.github.io/ron-english-sketches-pop-culture/Sketches/celebrity-characters/flintstones/index.html","3","0","https://ronenglish-archive.github.io/ron-english-sketches-pop-culture/images/Sketches/celebrity-characters/Flintstones/Fat%20Pebbles%20ORIGINAL.jpg","OK","Ready."
"Pop Culture","Huckleberry Hound","celebrity-characters","celebrity-characters","Sketches\celebrity-characters\huckelberry\index.html","https://ronenglish-archive.github.io/ron-english-sketches-pop-culture/Sketches/celebrity-characters/huckelberry/index.html","1","0","https://ronenglish-archive.github.io/ron-english-sketches-pop-culture/images/Sketches/celebrity-characters/Huckleberry%20Hound/huckelberry%20hound.jpg","OK","Ready."
"Pop Culture","Tweetie Bird","celebrity-characters","celebrity-characters","Sketches\celebrity-characters\looney-tunes\index.html","https://ronenglish-archive.github.io/ron-english-sketches-pop-culture/Sketches/celebrity-characters/looney-tunes/index.html","1","0","https://ronenglish-archive.github.io/ron-english-sketches-pop-culture/images/Sketches/celebrity-characters/Looney%20Tunes/Tweetie%20Bird.png","OK","Ready."
"Pop Culture","Mad Magazine Alfred","celebrity-characters","celebrity-characters","Sketches\celebrity-characters\mad-magazine\index.html","https://ronenglish-archive.github.io/ron-english-sketches-pop-culture/Sketches/celebrity-characters/mad-magazine/index.html","2","0","https://ronenglish-archive.github.io/ron-english-sketches-pop-culture/images/Sketches/celebrity-characters/Mad%20Magazine/Mad%20Magazine%20Alfred.jpg","OK","Ready."
"Pop Culture","Marilyn Mickeys","celebrity-characters","celebrity-characters","Sketches\celebrity-characters\marilyn\index.html","https://ronenglish-archive.github.io/ron-english-sketches-pop-culture/Sketches/celebrity-characters/marilyn/index.html","6","0","https://ronenglish-archive.github.io/ron-english-sketches-pop-culture/images/Sketches/celebrity-characters/Marilyn%20Monroe/Marilyn%20Mickeys%20pose%201%20ORIGINAL.JPG","OK","Ready."
"Pop Culture","Salt of the Girth","celebrity-characters","celebrity-characters","Sketches\celebrity-characters\morton\index.html","https://ronenglish-archive.github.io/ron-english-sketches-pop-culture/Sketches/celebrity-characters/morton/index.html","5","0","https://ronenglish-archive.github.io/ron-english-sketches-pop-culture/images/Sketches/celebrity-characters/Morton%20Salt%20Girl/Salt%20of%20the%20Girth%20ORIGINAL.jpg","OK","Ready."
"Pop Culture","Mr. Numb Nut","celebrity-characters","numb-nuts","Sketches\celebrity-characters\numb-nuts\mr-numb-nut\index.html","https://ronenglish-archive.github.io/ron-english-sketches-pop-culture/Sketches/celebrity-characters/numb-nuts/mr-numb-nut/index.html","3","0","https://ronenglish-archive.github.io/ron-english-sketches-pop-culture/images/Sketches/celebrity-characters/Numb%20Nuts%20Family/Mr%20Numb%20Nut%20ORIGINAL.jpg","OK","Ready."
"Pop Culture","Mrs. Numb Nut","celebrity-characters","numb-nuts","Sketches\celebrity-characters\numb-nuts\mrs-numb-nut\index.html","https://ronenglish-archive.github.io/ron-english-sketches-pop-culture/Sketches/celebrity-characters/numb-nuts/mrs-numb-nut/index.html","3","0","https://ronenglish-archive.github.io/ron-english-sketches-pop-culture/images/Sketches/celebrity-characters/Numb%20Nuts%20Family/Mrs%20Numb%20Nut%20ORIGINAL.jpg","OK","Ready."
"Pop Culture","Charlie and Snoopy","celebrity-characters","peanuts","Sketches\celebrity-characters\peanuts\charlie-and-snoopy\index.html","https://ronenglish-archive.github.io/ron-english-sketches-pop-culture/Sketches/celebrity-characters/peanuts/charlie-and-snoopy/index.html","1","0","https://ronenglish-archive.github.io/ron-english-sketches-pop-culture/images/Sketches/celebrity-characters/Peanuts/Charlie%20and%20Snoopy%20ORIGINAL.jpg","OK","Ready."
"Pop Culture","Charlie Brown","celebrity-characters","peanuts","Sketches\celebrity-characters\peanuts\charlie-brown\index.html","https://ronenglish-archive.github.io/ron-english-sketches-pop-culture/Sketches/celebrity-characters/peanuts/charlie-brown/index.html","2","0","https://ronenglish-archive.github.io/ron-english-sketches-pop-culture/images/Sketches/celebrity-characters/Peanuts/Yawining%20Charlie%20ORIGINAL.jpg","OK","Ready."
"Pop Culture","Lucy with Salamander Hair","celebrity-characters","peanuts","Sketches\celebrity-characters\peanuts\lucy-with-salamander-hair\index.html","https://ronenglish-archive.github.io/ron-english-sketches-pop-culture/Sketches/celebrity-characters/peanuts/lucy-with-salamander-hair/index.html","4","0","https://ronenglish-archive.github.io/ron-english-sketches-pop-culture/images/Sketches/celebrity-characters/Peanuts/Lucy%20with%20Salamander%20Hair%20front%20ORIGINAL.jpg","OK","Ready."
"Pop Culture","Old Charlie","celebrity-characters","peanuts","Sketches\celebrity-characters\peanuts\old-charlie\index.html","https://ronenglish-archive.github.io/ron-english-sketches-pop-culture/Sketches/celebrity-characters/peanuts/old-charlie/index.html","2","0","https://ronenglish-archive.github.io/ron-english-sketches-pop-culture/images/Sketches/celebrity-characters/Peanuts/Old%20Charlie%20front%20ORIGINAL.jpg","OK","Ready."
"Pop Culture","Snoopy in Plane","celebrity-characters","peanuts","Sketches\celebrity-characters\peanuts\snoopy-in-plane\index.html","https://ronenglish-archive.github.io/ron-english-sketches-pop-culture/Sketches/celebrity-characters/peanuts/snoopy-in-plane/index.html","1","0","https://ronenglish-archive.github.io/ron-english-sketches-pop-culture/images/Sketches/celebrity-characters/Peanuts/Snoopy%20in%20plane%20ORIGINAL.jpg","OK","Ready."
"Pop Culture","Woodstock with Snoopy Tits","celebrity-characters","peanuts","Sketches\celebrity-characters\peanuts\woodstock-with-snoopy-tits\index.html","https://ronenglish-archive.github.io/ron-english-sketches-pop-culture/Sketches/celebrity-characters/peanuts/woodstock-with-snoopy-tits/index.html","5","0","https://ronenglish-archive.github.io/ron-english-sketches-pop-culture/images/Sketches/celebrity-characters/Peanuts/Woodstock%20with%20Snoopy%20Tits%20front%20ORIGINAL.jpg","OK","Ready."
"Pop Culture","PeeWee Herman","celebrity-characters","celebrity-characters","Sketches\celebrity-characters\peewee\index.html","https://ronenglish-archive.github.io/ron-english-sketches-pop-culture/Sketches/celebrity-characters/peewee/index.html","2","0","https://ronenglish-archive.github.io/ron-english-sketches-pop-culture/images/Sketches/celebrity-characters/PeeWee%20Herman/Pewee%20herman%20head%20original.jpg","OK","Ready."
"Pop Culture","Bitcoin TV Pepe","celebrity-characters","pepe","Sketches\celebrity-characters\pepe\bitcoin-tv-pepe\index.html","https://ronenglish-archive.github.io/ron-english-sketches-pop-culture/Sketches/celebrity-characters/pepe/bitcoin-tv-pepe/index.html","4","0","https://ronenglish-archive.github.io/ron-english-sketches-pop-culture/images/Sketches/celebrity-characters/Pepe%20the%20Frog/Bitcoin%20TV%20Pepe%20ORIGINAL.jpg","OK","Ready."
"Pop Culture","Cathy Cowgirl Holding Pepe Head","celebrity-characters","pepe","Sketches\celebrity-characters\pepe\cathy-cowgirl-holding-pepe-head\index.html","https://ronenglish-archive.github.io/ron-english-sketches-pop-culture/Sketches/celebrity-characters/pepe/cathy-cowgirl-holding-pepe-head/index.html","1","0","https://ronenglish-archive.github.io/ron-english-sketches-pop-culture/images/Sketches/celebrity-characters/Pepe%20the%20Frog/Cathy%20Cowgirl%20Holding%20Pepe%20Head%20COLOR.jpg","OK","Ready."
"Pop Culture","Mad Happy Pepe","celebrity-characters","pepe","Sketches\celebrity-characters\pepe\mad-happy-pepe\index.html","https://ronenglish-archive.github.io/ron-english-sketches-pop-culture/Sketches/celebrity-characters/pepe/mad-happy-pepe/index.html","4","0","https://ronenglish-archive.github.io/ron-english-sketches-pop-culture/images/Sketches/celebrity-characters/Pepe%20the%20Frog/Mad%20Happy%20Pepe%20B%26W%20ORIGINAL.jpeg","OK","Ready."
"Pop Culture","Pepe Aqua Ape","celebrity-characters","pepe","Sketches\celebrity-characters\pepe\pepe-aqua-ape\index.html","https://ronenglish-archive.github.io/ron-english-sketches-pop-culture/Sketches/celebrity-characters/pepe/pepe-aqua-ape/index.html","1","0","https://ronenglish-archive.github.io/ron-english-sketches-pop-culture/images/Sketches/celebrity-characters/Pepe%20the%20Frog/Pepe%20Aqua%20Ape%20ORIGINAL.jpeg","OK","Ready."
"Pop Culture","Pepe Beavis & Butthead","celebrity-characters","pepe","Sketches\celebrity-characters\pepe\pepe-beavis-and-butthead\index.html","https://ronenglish-archive.github.io/ron-english-sketches-pop-culture/Sketches/celebrity-characters/pepe/pepe-beavis-and-butthead/index.html","2","0","https://ronenglish-archive.github.io/ron-english-sketches-pop-culture/images/Sketches/celebrity-characters/Pepe%20the%20Frog/Pepe%20Beavis%20%26%20Butthead%20ORIGINAL.jpg","OK","Ready."
"Pop Culture","Pepe Bikini","celebrity-characters","pepe","Sketches\celebrity-characters\pepe\pepe-bikini\index.html","https://ronenglish-archive.github.io/ron-english-sketches-pop-culture/Sketches/celebrity-characters/pepe/pepe-bikini/index.html","2","0","https://ronenglish-archive.github.io/ron-english-sketches-pop-culture/images/Sketches/celebrity-characters/Pepe%20the%20Frog/Pepe%20Bikini%20ORIGINAL.jpeg","OK","Ready."
"Pop Culture","Pepe Bot","celebrity-characters","pepe","Sketches\celebrity-characters\pepe\pepe-bot\index.html","https://ronenglish-archive.github.io/ron-english-sketches-pop-culture/Sketches/celebrity-characters/pepe/pepe-bot/index.html","2","0","https://ronenglish-archive.github.io/ron-english-sketches-pop-culture/images/Sketches/celebrity-characters/Pepe%20the%20Frog/Pepe%20Bot%20ORIGINAL.jpeg","OK","Ready."
"Pop Culture","Pepe Brain","celebrity-characters","pepe","Sketches\celebrity-characters\pepe\pepe-brain\index.html","https://ronenglish-archive.github.io/ron-english-sketches-pop-culture/Sketches/celebrity-characters/pepe/pepe-brain/index.html","5","0","https://ronenglish-archive.github.io/ron-english-sketches-pop-culture/images/Sketches/celebrity-characters/Pepe%20the%20Frog/Pepe%20Brain%20ORIGINAL.jpg","OK","Ready."
"Pop Culture","Pepe Fred Flintstone","celebrity-characters","pepe","Sketches\celebrity-characters\pepe\pepe-fred-flintstone\index.html","https://ronenglish-archive.github.io/ron-english-sketches-pop-culture/Sketches/celebrity-characters/pepe/pepe-fred-flintstone/index.html","2","0","https://ronenglish-archive.github.io/ron-english-sketches-pop-culture/images/Sketches/celebrity-characters/Pepe%20the%20Frog/Pepe%20Fred%20Flintstone%20ORIGINAL.jpg","OK","Ready."
"Pop Culture","Pepe Grin","celebrity-characters","pepe","Sketches\celebrity-characters\pepe\pepe-grin\index.html","https://ronenglish-archive.github.io/ron-english-sketches-pop-culture/Sketches/celebrity-characters/pepe/pepe-grin/index.html","3","0","https://ronenglish-archive.github.io/ron-english-sketches-pop-culture/images/Sketches/celebrity-characters/Pepe%20the%20Frog/Pepe%20Grin%20ORIGINAL.jpeg","OK","Ready."
"Pop Culture","Pepe Homer","celebrity-characters","pepe","Sketches\celebrity-characters\pepe\pepe-homer\index.html","https://ronenglish-archive.github.io/ron-english-sketches-pop-culture/Sketches/celebrity-characters/pepe/pepe-homer/index.html","3","0","https://ronenglish-archive.github.io/ron-english-sketches-pop-culture/images/Sketches/celebrity-characters/Pepe%20the%20Frog/Pepe%20Homer%20ORIGINAL.jpg","OK","Ready."
"Pop Culture","Pepe Homer Butt","celebrity-characters","pepe","Sketches\celebrity-characters\pepe\pepe-homer-butt\index.html","https://ronenglish-archive.github.io/ron-english-sketches-pop-culture/Sketches/celebrity-characters/pepe/pepe-homer-butt/index.html","3","0","https://ronenglish-archive.github.io/ron-english-sketches-pop-culture/images/Sketches/celebrity-characters/Pepe%20the%20Frog/Pepe%20Homer%20Butt%20ORIGINAL.jpg","OK","Ready."
"Pop Culture","Pepe Le Pew","celebrity-characters","pepe","Sketches\celebrity-characters\pepe\pepe-le-pew\index.html","https://ronenglish-archive.github.io/ron-english-sketches-pop-culture/Sketches/celebrity-characters/pepe/pepe-le-pew/index.html","1","0","https://ronenglish-archive.github.io/ron-english-sketches-pop-culture/images/Sketches/celebrity-characters/Pepe%20the%20Frog/Pepe%20Le%20Pew%20ORIGINAL.jpeg","OK","Ready."
"Pop Culture","Pepe Mickey","celebrity-characters","pepe","Sketches\celebrity-characters\pepe\pepe-mickey\index.html","https://ronenglish-archive.github.io/ron-english-sketches-pop-culture/Sketches/celebrity-characters/pepe/pepe-mickey/index.html","3","0","https://ronenglish-archive.github.io/ron-english-sketches-pop-culture/images/Sketches/celebrity-characters/Pepe%20the%20Frog/Pepe%20Mickey%20ORIGINAL.jpg","OK","Ready."
"Pop Culture","Pepe Patrick","celebrity-characters","pepe","Sketches\celebrity-characters\pepe\pepe-patrick\index.html","https://ronenglish-archive.github.io/ron-english-sketches-pop-culture/Sketches/celebrity-characters/pepe/pepe-patrick/index.html","1","0","https://ronenglish-archive.github.io/ron-english-sketches-pop-culture/images/Sketches/celebrity-characters/Pepe%20the%20Frog/Pepe%20Patrick%20ORIGINAL.jpeg","OK","Ready."
"Pop Culture","Pepe Popeye","celebrity-characters","pepe","Sketches\celebrity-characters\pepe\pepe-popeye\index.html","https://ronenglish-archive.github.io/ron-english-sketches-pop-culture/Sketches/celebrity-characters/pepe/pepe-popeye/index.html","1","0","https://ronenglish-archive.github.io/ron-english-sketches-pop-culture/images/Sketches/celebrity-characters/Pepe%20the%20Frog/Pepe%20Popeye%20ORIGINAL.jpg","OK","Ready."
"Pop Culture","Pepe Snapper","celebrity-characters","pepe","Sketches\celebrity-characters\pepe\pepe-snapper\index.html","https://ronenglish-archive.github.io/ron-english-sketches-pop-culture/Sketches/celebrity-characters/pepe/pepe-snapper/index.html","2","0","https://ronenglish-archive.github.io/ron-english-sketches-pop-culture/images/Sketches/celebrity-characters/Pepe%20the%20Frog/Pepe%20Snapper%20ORIGINAL.jpg","OK","Ready."
"Pop Culture","Pepe Squarepants","celebrity-characters","pepe","Sketches\celebrity-characters\pepe\pepe-squarepants\index.html","https://ronenglish-archive.github.io/ron-english-sketches-pop-culture/Sketches/celebrity-characters/pepe/pepe-squarepants/index.html","1","0","https://ronenglish-archive.github.io/ron-english-sketches-pop-culture/images/Sketches/celebrity-characters/Pepe%20the%20Frog/Pepe%20Squarepants%20ORIGINAL.png","OK","Ready."
"Pop Culture","Pepe Squidward","celebrity-characters","pepe","Sketches\celebrity-characters\pepe\pepe-squidward\index.html","https://ronenglish-archive.github.io/ron-english-sketches-pop-culture/Sketches/celebrity-characters/pepe/pepe-squidward/index.html","2","0","https://ronenglish-archive.github.io/ron-english-sketches-pop-culture/images/Sketches/celebrity-characters/Pepe%20the%20Frog/Pepe%20Squidward%20ORIGINAL.jpg","OK","Ready."
"Pop Culture","Pepe Tweetie Bird","celebrity-characters","pepe","Sketches\celebrity-characters\pepe\pepe-tweetie-bird\index.html","https://ronenglish-archive.github.io/ron-english-sketches-pop-culture/Sketches/celebrity-characters/pepe/pepe-tweetie-bird/index.html","3","0","https://ronenglish-archive.github.io/ron-english-sketches-pop-culture/images/Sketches/celebrity-characters/Pepe%20the%20Frog/Pepe%20Tweetie%20Bird%20ORIGINAL.jpg","OK","Ready."
"Pop Culture","Pepita","celebrity-characters","pepe","Sketches\celebrity-characters\pepe\pepita\index.html","https://ronenglish-archive.github.io/ron-english-sketches-pop-culture/Sketches/celebrity-characters/pepe/pepita/index.html","3","0","https://ronenglish-archive.github.io/ron-english-sketches-pop-culture/images/Sketches/celebrity-characters/Pepe%20the%20Frog/Pepita%20ORIGINAL.jpeg","OK","Ready."
"Pop Culture","The Pepe in the Hat","celebrity-characters","pepe","Sketches\celebrity-characters\pepe\the-pepe-in-the-hat\index.html","https://ronenglish-archive.github.io/ron-english-sketches-pop-culture/Sketches/celebrity-characters/pepe/the-pepe-in-the-hat/index.html","6","0","https://ronenglish-archive.github.io/ron-english-sketches-pop-culture/images/Sketches/celebrity-characters/Pepe%20the%20Frog/The%20Pepe%20in%20the%20Hat%20ORIGINAL.jpg","OK","Ready."
"Pop Culture","Bernie Underdog","celebrity-characters","politicians","Sketches\celebrity-characters\politicians\bernie-underdog\index.html","https://ronenglish-archive.github.io/ron-english-sketches-pop-culture/Sketches/celebrity-characters/politicians/bernie-underdog/index.html","1","0","https://ronenglish-archive.github.io/ron-english-sketches-pop-culture/images/Sketches/celebrity-characters/Politicians/Bernie%20Underdog%20ORIGINAL.jpg","OK","Ready."
"Pop Culture","Double Washington","celebrity-characters","politicians","Sketches\celebrity-characters\politicians\double-washington\index.html","https://ronenglish-archive.github.io/ron-english-sketches-pop-culture/Sketches/celebrity-characters/politicians/double-washington/index.html","3","0","https://ronenglish-archive.github.io/ron-english-sketches-pop-culture/images/Sketches/celebrity-characters/Politicians/Double%20Washington%20ORIGINAL.jpg","OK","Ready."
"Pop Culture","Humpty Trumpty","celebrity-characters","politicians","Sketches\celebrity-characters\politicians\humpty-trumpty\index.html","https://ronenglish-archive.github.io/ron-english-sketches-pop-culture/Sketches/celebrity-characters/politicians/humpty-trumpty/index.html","2","0","https://ronenglish-archive.github.io/ron-english-sketches-pop-culture/images/Sketches/celebrity-characters/Politicians/Humpty%20Trumpty%20%20ORIGINAL%202.jpg","OK","Ready."
"Pop Culture","Trump Duck Face","celebrity-characters","politicians","Sketches\celebrity-characters\politicians\trump-duck-face\index.html","https://ronenglish-archive.github.io/ron-english-sketches-pop-culture/Sketches/celebrity-characters/politicians/trump-duck-face/index.html","3","0","https://ronenglish-archive.github.io/ron-english-sketches-pop-culture/images/Sketches/celebrity-characters/Politicians/Trump%20Duck%20Face%20ORIGINAL.jpg","OK","Ready."
"Pop Culture","Trump Richie Rich","celebrity-characters","politicians","Sketches\celebrity-characters\politicians\trump-richie-rich\index.html","https://ronenglish-archive.github.io/ron-english-sketches-pop-culture/Sketches/celebrity-characters/politicians/trump-richie-rich/index.html","2","0","https://ronenglish-archive.github.io/ron-english-sketches-pop-culture/images/Sketches/celebrity-characters/Politicians/Trump%20Richie%20Rich%20ORIGINAL.jpg","OK","Ready."
"Pop Culture","Trumpty Dumpty","celebrity-characters","politicians","Sketches\celebrity-characters\politicians\trumpty-dumpty\index.html","https://ronenglish-archive.github.io/ron-english-sketches-pop-culture/Sketches/celebrity-characters/politicians/trumpty-dumpty/index.html","1","0","https://ronenglish-archive.github.io/ron-english-sketches-pop-culture/images/Sketches/celebrity-characters/Politicians/Trumpty%20Dumpty%20ORIGINAL.jpg","OK","Ready."
"Pop Culture","Popbutt","celebrity-characters","celebrity-characters","Sketches\celebrity-characters\popeye\index.html","https://ronenglish-archive.github.io/ron-english-sketches-pop-culture/Sketches/celebrity-characters/popeye/index.html","3","0","https://ronenglish-archive.github.io/ron-english-sketches-pop-culture/images/Sketches/celebrity-characters/Popeye%20Family/Popbutt%20ORIGINAL.jpg","OK","Ready."
"Pop Culture","Cookie Monster","celebrity-characters","celebrity-characters","Sketches\celebrity-characters\sesame-street\index.html","https://ronenglish-archive.github.io/ron-english-sketches-pop-culture/Sketches/celebrity-characters/sesame-street/index.html","4","0","https://ronenglish-archive.github.io/ron-english-sketches-pop-culture/images/Sketches/celebrity-characters/Sesame%20Street/Cookie%20Monster%20ORIGINAL.png","OK","Ready."
"Pop Culture","Bart","celebrity-characters","simpsons","Sketches\celebrity-characters\simpsons\bart\index.html","https://ronenglish-archive.github.io/ron-english-sketches-pop-culture/Sketches/celebrity-characters/simpsons/bart/index.html","14","0","https://ronenglish-archive.github.io/ron-english-sketches-pop-culture/images/Sketches/celebrity-characters/Simpsons/Bart%20front%20ORIGINAL.jpg","OK","Ready."
"Pop Culture","Fat Bart","celebrity-characters","simpsons","Sketches\celebrity-characters\simpsons\fat-bart\index.html","https://ronenglish-archive.github.io/ron-english-sketches-pop-culture/Sketches/celebrity-characters/simpsons/fat-bart/index.html","3","0","https://ronenglish-archive.github.io/ron-english-sketches-pop-culture/images/Sketches/celebrity-characters/Simpsons/Fat%20Bart%20ORIGINAL.jpg","OK","Ready."
"Pop Culture","Lisa Simpson","celebrity-characters","simpsons","Sketches\celebrity-characters\simpsons\lisa-simpson\index.html","https://ronenglish-archive.github.io/ron-english-sketches-pop-culture/Sketches/celebrity-characters/simpsons/lisa-simpson/index.html","15","0","https://ronenglish-archive.github.io/ron-english-sketches-pop-culture/images/Sketches/celebrity-characters/Simpsons/Lisa%20Simpson%20front%20ORIGINAL.jpg","OK","Ready."
"Pop Culture","Stratus Simpson","celebrity-characters","simpsons","Sketches\celebrity-characters\simpsons\stratus-simpson\index.html","https://ronenglish-archive.github.io/ron-english-sketches-pop-culture/Sketches/celebrity-characters/simpsons/stratus-simpson/index.html","3","0","https://ronenglish-archive.github.io/ron-english-sketches-pop-culture/images/Sketches/celebrity-characters/Simpsons/Stratus%20Sipson%20ORIGINAL.jpg","OK","Ready."
"Pop Culture","South Park Last Supper Butters","celebrity-characters","south-park","Sketches\celebrity-characters\south-park\south-park-last-supper-butters\index.html","https://ronenglish-archive.github.io/ron-english-sketches-pop-culture/Sketches/celebrity-characters/south-park/south-park-last-supper-butters/index.html","1","0","https://ronenglish-archive.github.io/ron-english-sketches-pop-culture/images/Sketches/celebrity-characters/South%20Park/South%20Park%20Last%20Supper%20Butters%20ORIGINAL.jpg","OK","Ready."
"Pop Culture","South Park Last Supper Cartman","celebrity-characters","south-park","Sketches\celebrity-characters\south-park\south-park-last-supper-cartman\index.html","https://ronenglish-archive.github.io/ron-english-sketches-pop-culture/Sketches/celebrity-characters/south-park/south-park-last-supper-cartman/index.html","1","0","https://ronenglish-archive.github.io/ron-english-sketches-pop-culture/images/Sketches/celebrity-characters/South%20Park/South%20Park%20Last%20Supper%20Cartman%20ORIGINAL.jpg","OK","Ready."
"Pop Culture","South Park Last Supper Chef","celebrity-characters","south-park","Sketches\celebrity-characters\south-park\south-park-last-supper-chef\index.html","https://ronenglish-archive.github.io/ron-english-sketches-pop-culture/Sketches/celebrity-characters/south-park/south-park-last-supper-chef/index.html","1","0","https://ronenglish-archive.github.io/ron-english-sketches-pop-culture/images/Sketches/celebrity-characters/South%20Park/South%20Park%20Last%20Supper%20Chef%20ORIGINAL.jpg","OK","Ready."
"Pop Culture","South Park Last Supper Cop","celebrity-characters","south-park","Sketches\celebrity-characters\south-park\south-park-last-supper-cop\index.html","https://ronenglish-archive.github.io/ron-english-sketches-pop-culture/Sketches/celebrity-characters/south-park/south-park-last-supper-cop/index.html","1","0","https://ronenglish-archive.github.io/ron-english-sketches-pop-culture/images/Sketches/celebrity-characters/South%20Park/South%20Park%20Last%20Supper%20Cop%20ORIGINAL.jpg","OK","Ready."
"Pop Culture","South Park Last Supper Counselor","celebrity-characters","south-park","Sketches\celebrity-characters\south-park\south-park-last-supper-counselor\index.html","https://ronenglish-archive.github.io/ron-english-sketches-pop-culture/Sketches/celebrity-characters/south-park/south-park-last-supper-counselor/index.html","1","0","https://ronenglish-archive.github.io/ron-english-sketches-pop-culture/images/Sketches/celebrity-characters/South%20Park/South%20Park%20Last%20Supper%20Counselor%20ORIGINAL.jpg","OK","Ready."
"Pop Culture","South Park Last Supper Father","celebrity-characters","south-park","Sketches\celebrity-characters\south-park\south-park-last-supper-father\index.html","https://ronenglish-archive.github.io/ron-english-sketches-pop-culture/Sketches/celebrity-characters/south-park/south-park-last-supper-father/index.html","1","0","https://ronenglish-archive.github.io/ron-english-sketches-pop-culture/images/Sketches/celebrity-characters/South%20Park/South%20Park%20Last%20Supper%20Father%20ORIGINAL.jpg","OK","Ready."
"Pop Culture","South Park Last Supper Jesus","celebrity-characters","south-park","Sketches\celebrity-characters\south-park\south-park-last-supper-jesus\index.html","https://ronenglish-archive.github.io/ron-english-sketches-pop-culture/Sketches/celebrity-characters/south-park/south-park-last-supper-jesus/index.html","1","0","https://ronenglish-archive.github.io/ron-english-sketches-pop-culture/images/Sketches/celebrity-characters/South%20Park/South%20Park%20Last%20Supper%20Jesus%20ORIGINAL.jpg","OK","Ready."
"Pop Culture","South Park Last Supper Kenny","celebrity-characters","south-park","Sketches\celebrity-characters\south-park\south-park-last-supper-kenny\index.html","https://ronenglish-archive.github.io/ron-english-sketches-pop-culture/Sketches/celebrity-characters/south-park/south-park-last-supper-kenny/index.html","1","0","https://ronenglish-archive.github.io/ron-english-sketches-pop-culture/images/Sketches/celebrity-characters/South%20Park/South%20Park%20Last%20Supper%20Kenny%20ORIGINAL.jpg","OK","Ready."
"Pop Culture","South Park Last Supper Kyle","celebrity-characters","south-park","Sketches\celebrity-characters\south-park\south-park-last-supper-kyle\index.html","https://ronenglish-archive.github.io/ron-english-sketches-pop-culture/Sketches/celebrity-characters/south-park/south-park-last-supper-kyle/index.html","1","0","https://ronenglish-archive.github.io/ron-english-sketches-pop-culture/images/Sketches/celebrity-characters/South%20Park/South%20Park%20Last%20Supper%20Kyle%20ORIGINAL.jpg","OK","Ready."
"Pop Culture","South Park Last Supper Mr Garrison","celebrity-characters","south-park","Sketches\celebrity-characters\south-park\south-park-last-supper-mr-garrison\index.html","https://ronenglish-archive.github.io/ron-english-sketches-pop-culture/Sketches/celebrity-characters/south-park/south-park-last-supper-mr-garrison/index.html","1","0","https://ronenglish-archive.github.io/ron-english-sketches-pop-culture/images/Sketches/celebrity-characters/South%20Park/South%20Park%20Last%20Supper%20Mr%20Garrison%20ORIGINAL.jpg","OK","Ready."
"Pop Culture","South Park Last Supper Stan","celebrity-characters","south-park","Sketches\celebrity-characters\south-park\south-park-last-supper-stan\index.html","https://ronenglish-archive.github.io/ron-english-sketches-pop-culture/Sketches/celebrity-characters/south-park/south-park-last-supper-stan/index.html","1","0","https://ronenglish-archive.github.io/ron-english-sketches-pop-culture/images/Sketches/celebrity-characters/South%20Park/South%20Park%20Last%20Supper%20Stan%20ORIGINAL.jpg","OK","Ready."
"Pop Culture","South Park Last Supper Timmy","celebrity-characters","south-park","Sketches\celebrity-characters\south-park\south-park-last-supper-timmy\index.html","https://ronenglish-archive.github.io/ron-english-sketches-pop-culture/Sketches/celebrity-characters/south-park/south-park-last-supper-timmy/index.html","1","0","https://ronenglish-archive.github.io/ron-english-sketches-pop-culture/images/Sketches/celebrity-characters/South%20Park/South%20Park%20Last%20Supper%20Timmy%20ORIGINAL.jpg","OK","Ready."
"Pop Culture","South Park Satan","celebrity-characters","south-park","Sketches\celebrity-characters\south-park\south-park-satan\index.html","https://ronenglish-archive.github.io/ron-english-sketches-pop-culture/Sketches/celebrity-characters/south-park/south-park-satan/index.html","1","0","https://ronenglish-archive.github.io/ron-english-sketches-pop-culture/images/Sketches/celebrity-characters/South%20Park/South%20Park%20Satan%20ORIGINAL.jpg","OK","Ready."
"Pop Culture","Female Patrick","celebrity-characters","spongebob-family","Sketches\celebrity-characters\spongebob-family\female-patrick\index.html","https://ronenglish-archive.github.io/ron-english-sketches-pop-culture/Sketches/celebrity-characters/spongebob-family/female-patrick/index.html","4","0","https://ronenglish-archive.github.io/ron-english-sketches-pop-culture/images/Sketches/celebrity-characters/Spongebob%20Family/Female%20Patrick%20ORIGINAL.jpg","OK","Ready."
"Pop Culture","Frankenbob","celebrity-characters","spongebob-family","Sketches\celebrity-characters\spongebob-family\frankenbob\index.html","https://ronenglish-archive.github.io/ron-english-sketches-pop-culture/Sketches/celebrity-characters/spongebob-family/frankenbob/index.html","4","0","https://ronenglish-archive.github.io/ron-english-sketches-pop-culture/images/Sketches/celebrity-characters/Spongebob%20Family/Frankenbob%20ORIGINAL.jpg","OK","Ready."
"Pop Culture","Lady Patrick Mummy","celebrity-characters","spongebob-family","Sketches\celebrity-characters\spongebob-family\lady-patrick-mummy\index.html","https://ronenglish-archive.github.io/ron-english-sketches-pop-culture/Sketches/celebrity-characters/spongebob-family/lady-patrick-mummy/index.html","4","0","https://ronenglish-archive.github.io/ron-english-sketches-pop-culture/images/Sketches/celebrity-characters/Spongebob%20Family/Lady%20Patrick%20Mummy%20ORIGINAL.jpg","OK","Ready."
"Pop Culture","Old Patrick","celebrity-characters","spongebob-family","Sketches\celebrity-characters\spongebob-family\old-patrick\index.html","https://ronenglish-archive.github.io/ron-english-sketches-pop-culture/Sketches/celebrity-characters/spongebob-family/old-patrick/index.html","8","0","https://ronenglish-archive.github.io/ron-english-sketches-pop-culture/images/Sketches/celebrity-characters/Spongebob%20Family/Old%20Patrick%20ORIGINAL.jpg","OK","Ready."
"Pop Culture","Old Spongebob","celebrity-characters","spongebob-family","Sketches\celebrity-characters\spongebob-family\old-spongebob\index.html","https://ronenglish-archive.github.io/ron-english-sketches-pop-culture/Sketches/celebrity-characters/spongebob-family/old-spongebob/index.html","12","0","https://ronenglish-archive.github.io/ron-english-sketches-pop-culture/images/Sketches/celebrity-characters/Spongebob%20Family/Old%20Spongebob%20ORIGINAL.jpg","OK","Ready."
"Pop Culture","Patrick Bride of Frankenstein","celebrity-characters","spongebob-family","Sketches\celebrity-characters\spongebob-family\patrick-bride-of-frankenstein\index.html","https://ronenglish-archive.github.io/ron-english-sketches-pop-culture/Sketches/celebrity-characters/spongebob-family/patrick-bride-of-frankenstein/index.html","3","0","https://ronenglish-archive.github.io/ron-english-sketches-pop-culture/images/Sketches/celebrity-characters/Spongebob%20Family/Patrick%20Bride%20of%20Frankenstein%20ORIGINAL.jpg","OK","Ready."
"Pop Culture","Patrick X","celebrity-characters","spongebob-family","Sketches\celebrity-characters\spongebob-family\patrick-x\index.html","https://ronenglish-archive.github.io/ron-english-sketches-pop-culture/Sketches/celebrity-characters/spongebob-family/patrick-x/index.html","3","0","https://ronenglish-archive.github.io/ron-english-sketches-pop-culture/images/Sketches/celebrity-characters/Spongebob%20Family/Patrick%20X%20Position%20ORIGINAL.jpg","OK","Ready."
"Pop Culture","Spongebob Happy","celebrity-characters","spongebob-family","Sketches\celebrity-characters\spongebob-family\spongebob-happy\index.html","https://ronenglish-archive.github.io/ron-english-sketches-pop-culture/Sketches/celebrity-characters/spongebob-family/spongebob-happy/index.html","4","0","https://ronenglish-archive.github.io/ron-english-sketches-pop-culture/images/Sketches/celebrity-characters/Spongebob%20Family/Spongebob%20Happy%20ORIGINAL.jpg","OK","Ready."
"Pop Culture","Spongebob Squirrel","celebrity-characters","spongebob-family","Sketches\celebrity-characters\spongebob-family\spongebob-squirrel\index.html","https://ronenglish-archive.github.io/ron-english-sketches-pop-culture/Sketches/celebrity-characters/spongebob-family/spongebob-squirrel/index.html","3","0","https://ronenglish-archive.github.io/ron-english-sketches-pop-culture/images/Sketches/celebrity-characters/Spongebob%20Family/Spongebob%20Squirrel%20ORIGINAL.jpg","OK","Ready."
"Pop Culture","Spongebob Tongue","celebrity-characters","spongebob-family","Sketches\celebrity-characters\spongebob-family\spongebob-tongue\index.html","https://ronenglish-archive.github.io/ron-english-sketches-pop-culture/Sketches/celebrity-characters/spongebob-family/spongebob-tongue/index.html","3","0","https://ronenglish-archive.github.io/ron-english-sketches-pop-culture/images/Sketches/celebrity-characters/Spongebob%20Family/Spongebob%20Tongue%20ORIGINAL.jpg","OK","Ready."
"Pop Culture","Squilvia Mummy","celebrity-characters","spongebob-family","Sketches\celebrity-characters\spongebob-family\squilvia-mummy\index.html","https://ronenglish-archive.github.io/ron-english-sketches-pop-culture/Sketches/celebrity-characters/spongebob-family/squilvia-mummy/index.html","4","0","https://ronenglish-archive.github.io/ron-english-sketches-pop-culture/images/Sketches/celebrity-characters/Spongebob%20Family/Squilvia%20Mummy%20ORIGINAL.jpg","OK","Ready."
"Pop Culture","Starbucks Hijab","celebrity-characters","celebrity-characters","Sketches\celebrity-characters\starbucks\index.html","https://ronenglish-archive.github.io/ron-english-sketches-pop-culture/Sketches/celebrity-characters/starbucks/index.html","1","0","https://ronenglish-archive.github.io/ron-english-sketches-pop-culture/images/Sketches/celebrity-characters/Starbucks/Starbucks%20Hijab%20ORIGINAL.jpg","OK","Ready."
"Pop Culture","Three-Eyed Darth Vader","celebrity-characters","star-wars","Sketches\celebrity-characters\star-wars\three-eyed-darth-vader\index.html","https://ronenglish-archive.github.io/ron-english-sketches-pop-culture/Sketches/celebrity-characters/star-wars/three-eyed-darth-vader/index.html","3","0","https://ronenglish-archive.github.io/ron-english-sketches-pop-culture/images/Sketches/celebrity-characters/Star%20Wars/Three-Eyed%20Darth%20Vader%20ORIGINAL.jpg","OK","Ready."
"Pop Culture","Yoda Buddha","celebrity-characters","star-wars","Sketches\celebrity-characters\star-wars\yoda-buddha\index.html","https://ronenglish-archive.github.io/ron-english-sketches-pop-culture/Sketches/celebrity-characters/star-wars/yoda-buddha/index.html","1","0","https://ronenglish-archive.github.io/ron-english-sketches-pop-culture/images/Sketches/celebrity-characters/Star%20Wars/Yoda%20Buddha%20ORIGINAL.jpg","OK","Ready."
"Pop Culture","Street Fighter Hokutu","celebrity-characters","street-fighters","Sketches\celebrity-characters\street-fighters\street-fighter-hokutu\index.html","https://ronenglish-archive.github.io/ron-english-sketches-pop-culture/Sketches/celebrity-characters/street-fighters/street-fighter-hokutu/index.html","1","0","https://ronenglish-archive.github.io/ron-english-sketches-pop-culture/images/Sketches/celebrity-characters/Street%20Fighters/Street%20Fighter%20Hokutu%20ORIGINAL.jpg","OK","Ready."
"Pop Culture","Street Fighter Juri","celebrity-characters","street-fighters","Sketches\celebrity-characters\street-fighters\street-fighter-juri\index.html","https://ronenglish-archive.github.io/ron-english-sketches-pop-culture/Sketches/celebrity-characters/street-fighters/street-fighter-juri/index.html","1","0","https://ronenglish-archive.github.io/ron-english-sketches-pop-culture/images/Sketches/celebrity-characters/Street%20Fighters/Street%20Fighter%20Juri%20ORIGINAL.jpg","OK","Ready."
"Pop Culture","Street Fighter King","celebrity-characters","street-fighters","Sketches\celebrity-characters\street-fighters\street-fighter-king\index.html","https://ronenglish-archive.github.io/ron-english-sketches-pop-culture/Sketches/celebrity-characters/street-fighters/street-fighter-king/index.html","1","0","https://ronenglish-archive.github.io/ron-english-sketches-pop-culture/images/Sketches/celebrity-characters/Street%20Fighters/Street%20Fighter%20King%20ORIGINAL.jpg","OK","Ready."
"Pop Culture","Street Fighter Yoshimitsu","celebrity-characters","street-fighters","Sketches\celebrity-characters\street-fighters\street-fighter-yoshimitsu\index.html","https://ronenglish-archive.github.io/ron-english-sketches-pop-culture/Sketches/celebrity-characters/street-fighters/street-fighter-yoshimitsu/index.html","1","0","https://ronenglish-archive.github.io/ron-english-sketches-pop-culture/images/Sketches/celebrity-characters/Street%20Fighters/Street%20Fighter%20Yoshimitsu%20ORIGINAL.png","OK","Ready."
"Pop Culture","Superman 1","celebrity-characters","celebrity-characters","Sketches\celebrity-characters\superman\index.html","https://ronenglish-archive.github.io/ron-english-sketches-pop-culture/Sketches/celebrity-characters/superman/index.html","2","0","https://ronenglish-archive.github.io/ron-english-sketches-pop-culture/images/Sketches/celebrity-characters/Superman/Superman%201%20ORIGINAL.jpg","OK","Ready."
"Pop Culture","Chubby Tubby Cross","celebrity-characters","teletubbies","Sketches\celebrity-characters\teletubbies\chubby-tubby-cross\index.html","https://ronenglish-archive.github.io/ron-english-sketches-pop-culture/Sketches/celebrity-characters/teletubbies/chubby-tubby-cross/index.html","3","0","https://ronenglish-archive.github.io/ron-english-sketches-pop-culture/images/Sketches/celebrity-characters/Teletubbies/Chubby%20Tubby%20Cross%20ORIGINAL.jpg","OK","Ready."
"Pop Culture","Dubby Tubby","celebrity-characters","teletubbies","Sketches\celebrity-characters\teletubbies\dubby-tubby\index.html","https://ronenglish-archive.github.io/ron-english-sketches-pop-culture/Sketches/celebrity-characters/teletubbies/dubby-tubby/index.html","9","0","https://ronenglish-archive.github.io/ron-english-sketches-pop-culture/images/Sketches/celebrity-characters/Teletubbies/Dubby%20Tubby%20front%20ORIGINAL.jpg","OK","Ready."
"Pop Culture","Money Tubby","celebrity-characters","teletubbies","Sketches\celebrity-characters\teletubbies\money-tubby\index.html","https://ronenglish-archive.github.io/ron-english-sketches-pop-culture/Sketches/celebrity-characters/teletubbies/money-tubby/index.html","9","0","https://ronenglish-archive.github.io/ron-english-sketches-pop-culture/images/Sketches/celebrity-characters/Teletubbies/Money%20Tubby%20ORIGINAL.jpg","OK","Ready."
"Pop Culture","Tristful Tubby","celebrity-characters","teletubbies","Sketches\celebrity-characters\teletubbies\tristful-tubby\index.html","https://ronenglish-archive.github.io/ron-english-sketches-pop-culture/Sketches/celebrity-characters/teletubbies/tristful-tubby/index.html","12","0","https://ronenglish-archive.github.io/ron-english-sketches-pop-culture/images/Sketches/celebrity-characters/Teletubbies/Tristful%20Tubby%20front.jpg","OK","Ready."
"Pop Culture","Tubby Tubbette","celebrity-characters","teletubbies","Sketches\celebrity-characters\teletubbies\tubby-tubbette\index.html","https://ronenglish-archive.github.io/ron-english-sketches-pop-culture/Sketches/celebrity-characters/teletubbies/tubby-tubbette/index.html","3","0","https://ronenglish-archive.github.io/ron-english-sketches-pop-culture/images/Sketches/celebrity-characters/Teletubbies/Tubby%20Tubbette%20back%20ORIGINAL.jpg","OK","Ready."
"Pop Culture","Two Faced Tele Tubby","celebrity-characters","teletubbies","Sketches\celebrity-characters\teletubbies\two-faced-tele-tubby\index.html","https://ronenglish-archive.github.io/ron-english-sketches-pop-culture/Sketches/celebrity-characters/teletubbies/two-faced-tele-tubby/index.html","3","0","https://ronenglish-archive.github.io/ron-english-sketches-pop-culture/images/Sketches/celebrity-characters/Teletubbies/Two%20Faced%20Tele%20Tubby%20ORIGINAL.jpg","OK","Ready."
"Pop Culture","Zubby Tubby","celebrity-characters","teletubbies","Sketches\celebrity-characters\teletubbies\zubby-tubby\index.html","https://ronenglish-archive.github.io/ron-english-sketches-pop-culture/Sketches/celebrity-characters/teletubbies/zubby-tubby/index.html","19","0","https://ronenglish-archive.github.io/ron-english-sketches-pop-culture/images/Sketches/celebrity-characters/Teletubbies/Zubby%20Tubby%20front%20ORIGINAL.jpg","OK","Ready."
"Pop Culture","TMNT","celebrity-characters","celebrity-characters","Sketches\celebrity-characters\TMNT\index.html","https://ronenglish-archive.github.io/ron-english-sketches-pop-culture/Sketches/celebrity-characters/TMNT/index.html","1","0","https://ronenglish-archive.github.io/ron-english-sketches-pop-culture/images/Sketches/celebrity-characters/TMNT/TMNT%202.jpg","OK","Ready."
"Pop Culture","Bunnny Ball 1","character-balls","character-balls","Sketches\character-balls\bunnny-ball-1\index.html","https://ronenglish-archive.github.io/ron-english-sketches-pop-culture/Sketches/character-balls/bunnny-ball-1/index.html","2","0","https://ronenglish-archive.github.io/ron-english-sketches-pop-culture/images/Sketches/character%20balls/Bunnny%20Ball%201%20B%26W.jpg","OK","Ready."
"Pop Culture","Bunnny Ball 2","character-balls","character-balls","Sketches\character-balls\bunnny-ball-2\index.html","https://ronenglish-archive.github.io/ron-english-sketches-pop-culture/Sketches/character-balls/bunnny-ball-2/index.html","2","0","https://ronenglish-archive.github.io/ron-english-sketches-pop-culture/images/Sketches/character%20balls/Bunnny%20Ball%202%20B%26W.jpg","OK","Ready."
"Pop Culture","Bunnny Ball 3","character-balls","character-balls","Sketches\character-balls\bunnny-ball-3\index.html","https://ronenglish-archive.github.io/ron-english-sketches-pop-culture/Sketches/character-balls/bunnny-ball-3/index.html","2","0","https://ronenglish-archive.github.io/ron-english-sketches-pop-culture/images/Sketches/character%20balls/Bunnny%20Ball%203%20B%26W.jpg","OK","Ready."
"Pop Culture","Bunnny Ball 4","character-balls","character-balls","Sketches\character-balls\bunnny-ball-4\index.html","https://ronenglish-archive.github.io/ron-english-sketches-pop-culture/Sketches/character-balls/bunnny-ball-4/index.html","2","0","https://ronenglish-archive.github.io/ron-english-sketches-pop-culture/images/Sketches/character%20balls/Bunnny%20Ball%204%20B%26W.jpg","OK","Ready."
"Pop Culture","Reindeer","character-balls","character-balls","Sketches\character-balls\reindeer\index.html","https://ronenglish-archive.github.io/ron-english-sketches-pop-culture/Sketches/character-balls/reindeer/index.html","1","0","https://ronenglish-archive.github.io/ron-english-sketches-pop-culture/images/Sketches/character%20balls/Reindeer%20Head%20ORIGINAL%20COLOR-0.jpg","OK","Ready."
"Pop Culture","Santa Bulb","character-balls","character-balls","Sketches\character-balls\santa-bulb\index.html","https://ronenglish-archive.github.io/ron-english-sketches-pop-culture/Sketches/character-balls/santa-bulb/index.html","4","0","https://ronenglish-archive.github.io/ron-english-sketches-pop-culture/images/Sketches/character%20balls/Santa%20Bulb%20Head%20ORIGINAL%20COLOR-0.jpg","OK","Ready."
"Pop Culture","Three-Eyed Reindeer","character-balls","character-balls","Sketches\character-balls\three-eyed-reindeer\index.html","https://ronenglish-archive.github.io/ron-english-sketches-pop-culture/Sketches/character-balls/three-eyed-reindeer/index.html","4","0","https://ronenglish-archive.github.io/ron-english-sketches-pop-culture/images/Sketches/character%20balls/Three-Eyed%20Reindeer%20ORIGINAL.jpg","OK","Ready."
"Pop Culture","Trix Cereal 1","character-balls","character-balls","Sketches\character-balls\trix-cereal-1\index.html","https://ronenglish-archive.github.io/ron-english-sketches-pop-culture/Sketches/character-balls/trix-cereal-1/index.html","3","0","https://ronenglish-archive.github.io/ron-english-sketches-pop-culture/images/Sketches/character%20balls/Trix%20Cereal%201%20ORIGINAL.jpg","OK","Ready."
"Pop Culture","Trix Cereal 10","character-balls","character-balls","Sketches\character-balls\trix-cereal-10\index.html","https://ronenglish-archive.github.io/ron-english-sketches-pop-culture/Sketches/character-balls/trix-cereal-10/index.html","3","0","https://ronenglish-archive.github.io/ron-english-sketches-pop-culture/images/Sketches/character%20balls/Trix%20Cereal%2010%20ORIGINAL.jpg","OK","Ready."
"Pop Culture","Trix Cereal 11","character-balls","character-balls","Sketches\character-balls\trix-cereal-11\index.html","https://ronenglish-archive.github.io/ron-english-sketches-pop-culture/Sketches/character-balls/trix-cereal-11/index.html","3","0","https://ronenglish-archive.github.io/ron-english-sketches-pop-culture/images/Sketches/character%20balls/Trix%20Cereal%2011%20ORIGINAL.jpg","OK","Ready."
"Pop Culture","Trix Cereal 12","character-balls","character-balls","Sketches\character-balls\trix-cereal-12\index.html","https://ronenglish-archive.github.io/ron-english-sketches-pop-culture/Sketches/character-balls/trix-cereal-12/index.html","3","0","https://ronenglish-archive.github.io/ron-english-sketches-pop-culture/images/Sketches/character%20balls/Trix%20Cereal%2012%20ORIGINAL.jpg","OK","Ready."
"Pop Culture","Trix Cereal 13","character-balls","character-balls","Sketches\character-balls\trix-cereal-13\index.html","https://ronenglish-archive.github.io/ron-english-sketches-pop-culture/Sketches/character-balls/trix-cereal-13/index.html","3","0","https://ronenglish-archive.github.io/ron-english-sketches-pop-culture/images/Sketches/character%20balls/Trix%20Cereal%2013%20ORIGINAL.jpg","OK","Ready."
"Pop Culture","Trix Cereal 14","character-balls","character-balls","Sketches\character-balls\trix-cereal-14\index.html","https://ronenglish-archive.github.io/ron-english-sketches-pop-culture/Sketches/character-balls/trix-cereal-14/index.html","3","0","https://ronenglish-archive.github.io/ron-english-sketches-pop-culture/images/Sketches/character%20balls/Trix%20Cereal%2014%20COLOR.jpg","OK","Ready."
"Pop Culture","Trix Cereal 15","character-balls","character-balls","Sketches\character-balls\trix-cereal-15\index.html","https://ronenglish-archive.github.io/ron-english-sketches-pop-culture/Sketches/character-balls/trix-cereal-15/index.html","3","0","https://ronenglish-archive.github.io/ron-english-sketches-pop-culture/images/Sketches/character%20balls/Trix%20Cereal%2015%20ORIGINAL.jpg","OK","Ready."
"Pop Culture","Trix Cereal 16","character-balls","character-balls","Sketches\character-balls\trix-cereal-16\index.html","https://ronenglish-archive.github.io/ron-english-sketches-pop-culture/Sketches/character-balls/trix-cereal-16/index.html","3","0","https://ronenglish-archive.github.io/ron-english-sketches-pop-culture/images/Sketches/character%20balls/Trix%20Cereal%2016%20ORIGINAL.jpg","OK","Ready."
"Pop Culture","Trix Cereal 17","character-balls","character-balls","Sketches\character-balls\trix-cereal-17\index.html","https://ronenglish-archive.github.io/ron-english-sketches-pop-culture/Sketches/character-balls/trix-cereal-17/index.html","3","0","https://ronenglish-archive.github.io/ron-english-sketches-pop-culture/images/Sketches/character%20balls/Trix%20Cereal%2017%20ORIGINAL.jpg","OK","Ready."
"Pop Culture","Trix Cereal 18","character-balls","character-balls","Sketches\character-balls\trix-cereal-18\index.html","https://ronenglish-archive.github.io/ron-english-sketches-pop-culture/Sketches/character-balls/trix-cereal-18/index.html","3","0","https://ronenglish-archive.github.io/ron-english-sketches-pop-culture/images/Sketches/character%20balls/Trix%20Cereal%2018%20ORIGINAL.jpg","OK","Ready."
"Pop Culture","Trix Cereal 19","character-balls","character-balls","Sketches\character-balls\trix-cereal-19\index.html","https://ronenglish-archive.github.io/ron-english-sketches-pop-culture/Sketches/character-balls/trix-cereal-19/index.html","3","0","https://ronenglish-archive.github.io/ron-english-sketches-pop-culture/images/Sketches/character%20balls/Trix%20Cereal%2019%20ORIGINAL.jpg","OK","Ready."
"Pop Culture","Trix Cereal 2","character-balls","character-balls","Sketches\character-balls\trix-cereal-2\index.html","https://ronenglish-archive.github.io/ron-english-sketches-pop-culture/Sketches/character-balls/trix-cereal-2/index.html","3","0","https://ronenglish-archive.github.io/ron-english-sketches-pop-culture/images/Sketches/character%20balls/Trix%20Cereal%202%20ORIGINAL.jpg","OK","Ready."
"Pop Culture","Trix Cereal 20","character-balls","character-balls","Sketches\character-balls\trix-cereal-20\index.html","https://ronenglish-archive.github.io/ron-english-sketches-pop-culture/Sketches/character-balls/trix-cereal-20/index.html","3","0","https://ronenglish-archive.github.io/ron-english-sketches-pop-culture/images/Sketches/character%20balls/Trix%20Cereal%2020%20ORIGINAL.jpg","OK","Ready."
"Pop Culture","Trix Cereal 3","character-balls","character-balls","Sketches\character-balls\trix-cereal-3\index.html","https://ronenglish-archive.github.io/ron-english-sketches-pop-culture/Sketches/character-balls/trix-cereal-3/index.html","3","0","https://ronenglish-archive.github.io/ron-english-sketches-pop-culture/images/Sketches/character%20balls/Trix%20Cereal%203%20ORIGINAL.jpg","OK","Ready."
"Pop Culture","Trix Cereal 4","character-balls","character-balls","Sketches\character-balls\trix-cereal-4\index.html","https://ronenglish-archive.github.io/ron-english-sketches-pop-culture/Sketches/character-balls/trix-cereal-4/index.html","3","0","https://ronenglish-archive.github.io/ron-english-sketches-pop-culture/images/Sketches/character%20balls/Trix%20Cereal%204%20ORIGINAL.jpg","OK","Ready."
"Pop Culture","Trix Cereal 5","character-balls","character-balls","Sketches\character-balls\trix-cereal-5\index.html","https://ronenglish-archive.github.io/ron-english-sketches-pop-culture/Sketches/character-balls/trix-cereal-5/index.html","3","0","https://ronenglish-archive.github.io/ron-english-sketches-pop-culture/images/Sketches/character%20balls/Trix%20Cereal%205%20ORIGINAL.jpg","OK","Ready."
"Pop Culture","Trix Cereal 6","character-balls","character-balls","Sketches\character-balls\trix-cereal-6\index.html","https://ronenglish-archive.github.io/ron-english-sketches-pop-culture/Sketches/character-balls/trix-cereal-6/index.html","3","0","https://ronenglish-archive.github.io/ron-english-sketches-pop-culture/images/Sketches/character%20balls/Trix%20Cereal%206%20ORIGINAL.jpg","OK","Ready."
"Pop Culture","Trix Cereal 7","character-balls","character-balls","Sketches\character-balls\trix-cereal-7\index.html","https://ronenglish-archive.github.io/ron-english-sketches-pop-culture/Sketches/character-balls/trix-cereal-7/index.html","3","0","https://ronenglish-archive.github.io/ron-english-sketches-pop-culture/images/Sketches/character%20balls/Trix%20Cereal%207%20ORIGINAL.jpg","OK","Ready."
"Pop Culture","Trix Cereal 9","character-balls","character-balls","Sketches\character-balls\trix-cereal-9\index.html","https://ronenglish-archive.github.io/ron-english-sketches-pop-culture/Sketches/character-balls/trix-cereal-9/index.html","3","0","https://ronenglish-archive.github.io/ron-english-sketches-pop-culture/images/Sketches/character%20balls/Trix%20Cereal%209%20ORIGINAL.jpg","OK","Ready."
"Pop Culture","Yinyang Ball 1","character-balls","character-balls","Sketches\character-balls\yinyang-ball-1\index.html","https://ronenglish-archive.github.io/ron-english-sketches-pop-culture/Sketches/character-balls/yinyang-ball-1/index.html","3","0","https://ronenglish-archive.github.io/ron-english-sketches-pop-culture/images/Sketches/character%20balls/Yinyang%20Ball%201%20ORIGINAL.jpg","OK","Ready."
"Pop Culture","Yinyang Ball 2","character-balls","character-balls","Sketches\character-balls\yinyang-ball-2\index.html","https://ronenglish-archive.github.io/ron-english-sketches-pop-culture/Sketches/character-balls/yinyang-ball-2/index.html","3","0","https://ronenglish-archive.github.io/ron-english-sketches-pop-culture/images/Sketches/character%20balls/Yinyang%20Ball%202%20ORIGINAL.jpg","OK","Ready."
"Pop Culture","Combrat Element","combrats","combrats","Sketches\combrats\combrat-element\index.html","https://ronenglish-archive.github.io/ron-english-sketches-pop-culture/Sketches/combrats/combrat-element/index.html","4","0","https://ronenglish-archive.github.io/ron-english-sketches-pop-culture/images/Sketches/Combrats/Combrat%20Element%20ORIGINAL%20COLOR.jpg","OK","Ready."
"Pop Culture","Combrat in Duck Boat","combrats","combrats","Sketches\combrats\combrat-in-duck-boat\index.html","https://ronenglish-archive.github.io/ron-english-sketches-pop-culture/Sketches/combrats/combrat-in-duck-boat/index.html","3","0","https://ronenglish-archive.github.io/ron-english-sketches-pop-culture/images/Sketches/Combrats/Combrat%20in%20Duck%20Boat%20ORIGINAL.jpg","OK","Ready."
"Pop Culture","Combrats Family Icon","combrats","combrats","Sketches\combrats\combrats-family-icon\index.html","https://ronenglish-archive.github.io/ron-english-sketches-pop-culture/Sketches/combrats/combrats-family-icon/index.html","1","0","https://ronenglish-archive.github.io/ron-english-sketches-pop-culture/images/Sketches/Combrats/Combrats%20Family%20Icon%20COLOR.jpg","OK","Ready."
"Pop Culture","GI Combrat","combrats","combrats","Sketches\combrats\gi-combrat\index.html","https://ronenglish-archive.github.io/ron-english-sketches-pop-culture/Sketches/combrats/gi-combrat/index.html","2","0","https://ronenglish-archive.github.io/ron-english-sketches-pop-culture/images/Sketches/Combrats/GI%20Combrat%20Figure%201%20ORIGINAL.jpg","OK","Ready."
"Pop Culture","Love Combrat","combrats","combrats","Sketches\combrats\love-combrat\index.html","https://ronenglish-archive.github.io/ron-english-sketches-pop-culture/Sketches/combrats/love-combrat/index.html","17","0","https://ronenglish-archive.github.io/ron-english-sketches-pop-culture/images/Sketches/Combrats/Love%20Combrat%20back%202%20ORIGINAL.jpg","OK","Ready."
"Pop Culture","Poultry Rex With Combrat Rider","combrats","combrats","Sketches\combrats\poultry-rex-with-combrat-rider\index.html","https://ronenglish-archive.github.io/ron-english-sketches-pop-culture/Sketches/combrats/poultry-rex-with-combrat-rider/index.html","3","0","https://ronenglish-archive.github.io/ron-english-sketches-pop-culture/images/Sketches/Combrats/Poultry%20Rex%20With%20Combrat%20Rider%20ORIGINAL.jpg","OK","Ready."
"Pop Culture","Sarge Combrat","combrats","combrats","Sketches\combrats\sarge-combrat\index.html","https://ronenglish-archive.github.io/ron-english-sketches-pop-culture/Sketches/combrats/sarge-combrat/index.html","11","0","https://ronenglish-archive.github.io/ron-english-sketches-pop-culture/images/Sketches/Combrats/Sarge%20Combrat%20ORIGINAL%20COLOR%202.jpg","OK","Ready."
"Pop Culture","Warren Peace Combrat","combrats","combrats","Sketches\combrats\warren-peace-combrat\index.html","https://ronenglish-archive.github.io/ron-english-sketches-pop-culture/Sketches/combrats/warren-peace-combrat/index.html","14","0","https://ronenglish-archive.github.io/ron-english-sketches-pop-culture/images/Sketches/Combrats/Warren%20Peace%20Combrat%20ORIGINAL.jpg","OK","Ready."
"Pop Culture","Super Stellar Vision","tvities","tvities","Sketches\tvities\super-stellar-vision\index.html","https://ronenglish-archive.github.io/ron-english-sketches-pop-culture/Sketches/tvities/super-stellar-vision/index.html","3","0","https://ronenglish-archive.github.io/ron-english-sketches-pop-culture/images/Sketches/TVities/Super%20Stellar%20Vision%20ORIGINAL.jpg","OK","Ready."
"Pop Culture","T Vity Messiah","tvities","tvities","Sketches\tvities\t-vity-messiah\index.html","https://ronenglish-archive.github.io/ron-english-sketches-pop-culture/Sketches/tvities/t-vity-messiah/index.html","1","0","https://ronenglish-archive.github.io/ron-english-sketches-pop-culture/images/Sketches/TVities/TVity%20Messiah%20COLOR.jpg","OK","Ready."
"Pop Culture","TV Superman","tvities","tvities","Sketches\tvities\tv-superman\index.html","https://ronenglish-archive.github.io/ron-english-sketches-pop-culture/Sketches/tvities/tv-superman/index.html","6","0","https://ronenglish-archive.github.io/ron-english-sketches-pop-culture/images/Sketches/TVities/TV%20Superman%202%20ORIGINAL.jpg","OK","Ready."
"Pop Culture","TV Tom","tvities","tvities","Sketches\tvities\tv-tom\index.html","https://ronenglish-archive.github.io/ron-english-sketches-pop-culture/Sketches/tvities/tv-tom/index.html","4","0","https://ronenglish-archive.github.io/ron-english-sketches-pop-culture/images/Sketches/TVities/TV%20Tom%20ORIGINAL.jpg","OK","Ready."
