"FileName","Extension","SizeKB","UsedOnAnyGrinsHtmlPage","ProposedCharacter","ProposedPageFile","ProposedSection","PageAlreadyExists","ProposedAction","ReviewNotes","FullPath"
"Alien Baby Grin colorway 1.jpg",".jpg","384.4","True","Alien Baby Grin","alien-baby-grin.html","Digitized Versions","True","Add to existing page","","D:\github\ron-english-sketches-and-drawings\images\Sketches\grins\Alien Baby Grin colorway 1.jpg"
"Alien Baby Grin colorway 2.jpg",".jpg","399.6","True","Alien Baby Grin","alien-baby-grin.html","Digitized Versions","True","Add to existing page","","D:\github\ron-english-sketches-and-drawings\images\Sketches\grins\Alien Baby Grin colorway 2.jpg"
"Alien Baby Grin colorway 3.jpg",".jpg","366.3","True","Alien Baby Grin","alien-baby-grin.html","Digitized Versions","True","Add to existing page","","D:\github\ron-english-sketches-and-drawings\images\Sketches\grins\Alien Baby Grin colorway 3.jpg"
"Alien Grin COLOR.png",".png","401.6","True","Alien Grin","alien-grin.html","Digitized Versions","True","Add to existing page","","D:\github\ron-english-sketches-and-drawings\images\Sketches\grins\Alien Grin COLOR.png"
"Alien Grin side view (2).png",".png","190.6","True","Alien Grin side view (2)","alien-grin-side-view-2.html","Digitized Versions","False","Likely create new page","Filename suggests a view/turnaround or part-specific image.","D:\github\ron-english-sketches-and-drawings\images\Sketches\grins\Alien Grin side view (2).png"
"Alien Grin side view (3).png",".png","198.9","True","Alien Grin side view (3)","alien-grin-side-view-3.html","Digitized Versions","False","Likely create new page","Filename suggests a view/turnaround or part-specific image.","D:\github\ron-english-sketches-and-drawings\images\Sketches\grins\Alien Grin side view (3).png"
"Alien Grin side view (4).png",".png","199.8","True","Alien Grin side view (4)","alien-grin-side-view-4.html","Digitized Versions","False","Likely create new page","Filename suggests a view/turnaround or part-specific image.","D:\github\ron-english-sketches-and-drawings\images\Sketches\grins\Alien Grin side view (4).png"
"Alien Grin side view (5).png",".png","197.4","True","Alien Grin side view (5)","alien-grin-side-view-5.html","Digitized Versions","False","Likely create new page","Filename suggests a view/turnaround or part-specific image.","D:\github\ron-english-sketches-and-drawings\images\Sketches\grins\Alien Grin side view (5).png"
"Alien Grin side view (6) copy.png",".png","206.5","True","Alien Grin side view (6)","alien-grin-side-view-6.html","Digitized Versions","False","Likely create new page","Filename contains copy: review whether duplicate or intentional. Filename suggests a view/turnaround or part-specific image.","D:\github\ron-english-sketches-and-drawings\images\Sketches\grins\Alien Grin side view (6) copy.png"
"Alien Grin side view (7).png",".png","194.8","True","Alien Grin side view (7)","alien-grin-side-view-7.html","Digitized Versions","False","Likely create new page","Filename suggests a view/turnaround or part-specific image.","D:\github\ron-english-sketches-and-drawings\images\Sketches\grins\Alien Grin side view (7).png"
"Alien Grin side view.png",".png","212.1","True","Alien Grin","alien-grin.html","Digitized Versions","True","Add to existing page","Filename suggests a view/turnaround or part-specific image.","D:\github\ron-english-sketches-and-drawings\images\Sketches\grins\Alien Grin side view.png"
"Angel Grin B&W.jpg",".jpg","361.2","True","Angel Grin","angel-grin.html","Digitized Versions","True","Add to existing page","","D:\github\ron-english-sketches-and-drawings\images\Sketches\grins\Angel Grin B&W.jpg"
"Angel Grin card.jpg",".jpg","214.5","True","Angel Grin","angel-grin.html","Collector Cards","True","Add to existing page","Filename suggests collector card.","D:\github\ron-english-sketches-and-drawings\images\Sketches\grins\Angel Grin card.jpg"
"Angel Grin card.png",".png","187.5","True","Angel Grin","angel-grin.html","Collector Cards","True","Add to existing page","Filename suggests collector card.","D:\github\ron-english-sketches-and-drawings\images\Sketches\grins\Angel Grin card.png"
"Angel Wings Grin 1.png",".png","130.4","True","Angel Wings Grin 1","angel-wings-grin-1.html","Digitized Versions","False","Likely create new page","","D:\github\ron-english-sketches-and-drawings\images\Sketches\grins\Angel Wings Grin 1.png"
"Angel Wings Grin 2.png",".png","130.6","True","Angel Wings Grin 2","angel-wings-grin-2.html","Digitized Versions","False","Likely create new page","","D:\github\ron-english-sketches-and-drawings\images\Sketches\grins\Angel Wings Grin 2.png"
"Angel Wings Grin 3.png",".png","209.8","True","Angel Wings Grin 3","angel-wings-grin-3.html","Digitized Versions","False","Likely create new page","","D:\github\ron-english-sketches-and-drawings\images\Sketches\grins\Angel Wings Grin 3.png"
"Artist Grin B&W.jpg",".jpg","425.3","True","Artist Grin","artist-grin.html","Digitized Versions","True","Add to existing page","","D:\github\ron-english-sketches-and-drawings\images\Sketches\grins\Artist Grin B&W.jpg"
"Artist Grin card.jpg",".jpg","206.9","True","Artist Grin","artist-grin.html","Collector Cards","True","Add to existing page","Filename suggests collector card.","D:\github\ron-english-sketches-and-drawings\images\Sketches\grins\Artist Grin card.jpg"
"Artist Grin card.png",".png","226","True","Artist Grin","artist-grin.html","Collector Cards","True","Add to existing page","Filename suggests collector card.","D:\github\ron-english-sketches-and-drawings\images\Sketches\grins\Artist Grin card.png"
"Artist Grin COLOR.jpg",".jpg","237","True","Artist Grin","artist-grin.html","Digitized Versions","True","Add to existing page","","D:\github\ron-english-sketches-and-drawings\images\Sketches\grins\Artist Grin COLOR.jpg"
"Astro Boy Grin card.jpg",".jpg","408.4","True","Astro Boy Grin","astro-boy-grin.html","Collector Cards","True","Add to existing page","Filename suggests collector card.","D:\github\ron-english-sketches-and-drawings\images\Sketches\grins\Astro Boy Grin card.jpg"
"Astro Boy Grin COLOR.jpg",".jpg","211.8","True","Astro Boy Grin","astro-boy-grin.html","Digitized Versions","True","Add to existing page","","D:\github\ron-english-sketches-and-drawings\images\Sketches\grins\Astro Boy Grin COLOR.jpg"
"Astrogrin B&W.jpg",".jpg","275.6","True","Astrogrin","astrogrin.html","Digitized Versions","True","Add to existing page","","D:\github\ron-english-sketches-and-drawings\images\Sketches\grins\Astrogrin B&W.jpg"
"Astrogrin COLOR.jpg",".jpg","328.9","True","Astrogrin","astrogrin.html","Digitized Versions","True","Add to existing page","","D:\github\ron-english-sketches-and-drawings\images\Sketches\grins\Astrogrin COLOR.jpg"
"Astrogrin ORIGINAL.jpg",".jpg","242.1","True","Astrogrin","astrogrin.html","Original Drawing","True","Add to existing page","","D:\github\ron-english-sketches-and-drawings\images\Sketches\grins\Astrogrin ORIGINAL.jpg"
"Babalouie Grin B&W.jpg",".jpg","204.9","True","Babalouie Grin","babalouie-grin.html","Digitized Versions","True","Add to existing page","","D:\github\ron-english-sketches-and-drawings\images\Sketches\grins\Babalouie Grin B&W.jpg"
"Babalouie Grin COLOR.jpg",".jpg","234.8","True","Babalouie Grin","babalouie-grin.html","Digitized Versions","True","Add to existing page","","D:\github\ron-english-sketches-and-drawings\images\Sketches\grins\Babalouie Grin COLOR.jpg"
"Babalouie Grin ORIGINAL.jpg",".jpg","205.5","True","Babalouie Grin","babalouie-grin.html","Original Drawing","True","Add to existing page","","D:\github\ron-english-sketches-and-drawings\images\Sketches\grins\Babalouie Grin ORIGINAL.jpg"
"Baby Grin 2 B&W.jpg",".jpg","181.2","True","Baby Grin 2","baby-grin-2.html","Digitized Versions","True","Add to existing page","","D:\github\ron-english-sketches-and-drawings\images\Sketches\grins\Baby Grin 2 B&W.jpg"
"Baby Grin 2 card.png",".png","148.3","True","Baby Grin 2","baby-grin-2.html","Collector Cards","True","Add to existing page","Filename suggests collector card.","D:\github\ron-english-sketches-and-drawings\images\Sketches\grins\Baby Grin 2 card.png"
"Baby Grin 2 COLOR.jpg",".jpg","207.6","True","Baby Grin 2","baby-grin-2.html","Digitized Versions","True","Add to existing page","","D:\github\ron-english-sketches-and-drawings\images\Sketches\grins\Baby Grin 2 COLOR.jpg"
"Baby Grin 2 ORIGINAL.jpg",".jpg","269.7","True","Baby Grin 2","baby-grin-2.html","Original Drawing","True","Add to existing page","","D:\github\ron-english-sketches-and-drawings\images\Sketches\grins\Baby Grin 2 ORIGINAL.jpg"
"Baby Grin COLOR.jpg",".jpg","300.1","True","Baby Grin","baby-grin.html","Digitized Versions","True","Add to existing page","","D:\github\ron-english-sketches-and-drawings\images\Sketches\grins\Baby Grin COLOR.jpg"
"Baby Grin ORIGINAL 2.jpg",".jpg","250.7","True","Baby Grin","baby-grin.html","Original Drawing","True","Add to existing page","","D:\github\ron-english-sketches-and-drawings\images\Sketches\grins\Baby Grin ORIGINAL 2.jpg"
"Baby Grin ORIGINAL COLOR.jpg",".jpg","246.8","True","Baby Grin","baby-grin.html","Original Drawing","True","Add to existing page","Contains ORIGINAL COLOR: review whether original, color study, digitized version, or collector card.","D:\github\ron-english-sketches-and-drawings\images\Sketches\grins\Baby Grin ORIGINAL COLOR.jpg"
"Baby Grin ORIGINAL.jpg",".jpg","278.2","True","Baby Grin","baby-grin.html","Original Drawing","True","Add to existing page","","D:\github\ron-english-sketches-and-drawings\images\Sketches\grins\Baby Grin ORIGINAL.jpg"
"Badly Drawn Batman Grin ORIGINAL COLOR.jpg",".jpg","271.7","True","Badly Drawn Batman Grin","badly-drawn-batman-grin.html","Original Drawing","True","Add to existing page","Contains ORIGINAL COLOR: review whether original, color study, digitized version, or collector card.","D:\github\ron-english-sketches-and-drawings\images\Sketches\grins\Badly Drawn Batman Grin ORIGINAL COLOR.jpg"
"Barney Grin B&W.jpg",".jpg","201.9","True","Barney Grin","barney-grin.html","Digitized Versions","True","Add to existing page","","D:\github\ron-english-sketches-and-drawings\images\Sketches\grins\Barney Grin B&W.jpg"
"Barney Grin back B&W.jpg",".jpg","180.2","True","Barney Grin","barney-grin.html","Digitized Versions","True","Add to existing page","Filename suggests a view/turnaround or part-specific image.","D:\github\ron-english-sketches-and-drawings\images\Sketches\grins\Barney Grin back B&W.jpg"
"Barney Grin back COLOR.jpg",".jpg","200.8","True","Barney Grin","barney-grin.html","Digitized Versions","True","Add to existing page","Filename suggests a view/turnaround or part-specific image.","D:\github\ron-english-sketches-and-drawings\images\Sketches\grins\Barney Grin back COLOR.jpg"
"Barney Grin back ORIGINAL.jpg",".jpg","171.2","True","Barney Grin","barney-grin.html","Original Drawing","True","Add to existing page","Filename suggests a view/turnaround or part-specific image.","D:\github\ron-english-sketches-and-drawings\images\Sketches\grins\Barney Grin back ORIGINAL.jpg"
"Barney Grin COLOR.jpg",".jpg","238.2","True","Barney Grin","barney-grin.html","Digitized Versions","True","Add to existing page","","D:\github\ron-english-sketches-and-drawings\images\Sketches\grins\Barney Grin COLOR.jpg"
"Barney Grin Flying B&W.jpg",".jpg","190","True","Barney Grin Flying","barney-grin-flying.html","Digitized Versions","True","Add to existing page","","D:\github\ron-english-sketches-and-drawings\images\Sketches\grins\Barney Grin Flying B&W.jpg"
"Barney Grin Flying COLOR.jpg",".jpg","199.1","True","Barney Grin Flying","barney-grin-flying.html","Digitized Versions","True","Add to existing page","","D:\github\ron-english-sketches-and-drawings\images\Sketches\grins\Barney Grin Flying COLOR.jpg"
"Barney Grin Flying ORIGINAL.jpg",".jpg","305.4","True","Barney Grin Flying","barney-grin-flying.html","Original Drawing","True","Add to existing page","","D:\github\ron-english-sketches-and-drawings\images\Sketches\grins\Barney Grin Flying ORIGINAL.jpg"
"Barney Grin front 1 B&W.jpg",".jpg","208.4","True","Barney Grin","barney-grin.html","Digitized Versions","True","Add to existing page","Filename suggests a view/turnaround or part-specific image.","D:\github\ron-english-sketches-and-drawings\images\Sketches\grins\Barney Grin front 1 B&W.jpg"
"Barney Grin front 1 COLOR.jpg",".jpg","214.6","True","Barney Grin","barney-grin.html","Digitized Versions","True","Add to existing page","Filename suggests a view/turnaround or part-specific image.","D:\github\ron-english-sketches-and-drawings\images\Sketches\grins\Barney Grin front 1 COLOR.jpg"
"Barney Grin front 1 ORIGINAL.jpg",".jpg","236.4","True","Barney Grin","barney-grin.html","Original Drawing","True","Add to existing page","Filename suggests a view/turnaround or part-specific image.","D:\github\ron-english-sketches-and-drawings\images\Sketches\grins\Barney Grin front 1 ORIGINAL.jpg"
"Barney Grin front 2 B&W.jpg",".jpg","187.8","True","Barney Grin","barney-grin.html","Digitized Versions","True","Add to existing page","Filename suggests a view/turnaround or part-specific image.","D:\github\ron-english-sketches-and-drawings\images\Sketches\grins\Barney Grin front 2 B&W.jpg"
"Barney Grin front 2 COLOR.jpg",".jpg","194","True","Barney Grin","barney-grin.html","Digitized Versions","True","Add to existing page","Filename suggests a view/turnaround or part-specific image.","D:\github\ron-english-sketches-and-drawings\images\Sketches\grins\Barney Grin front 2 COLOR.jpg"
"Barney Grin front 2 ORIGINAL.jpg",".jpg","202.8","True","Barney Grin","barney-grin.html","Original Drawing","True","Add to existing page","Filename suggests a view/turnaround or part-specific image.","D:\github\ron-english-sketches-and-drawings\images\Sketches\grins\Barney Grin front 2 ORIGINAL.jpg"
"Barney Grin Guernical B&W.jpg",".jpg","181.1","True","Barney Grin Guernical","barney-grin-guernical.html","Digitized Versions","True","Add to existing page","","D:\github\ron-english-sketches-and-drawings\images\Sketches\grins\Barney Grin Guernical B&W.jpg"
"Barney Grin Guernical COLOR.jpg",".jpg","200.9","True","Barney Grin Guernical","barney-grin-guernical.html","Digitized Versions","True","Add to existing page","","D:\github\ron-english-sketches-and-drawings\images\Sketches\grins\Barney Grin Guernical COLOR.jpg"
"Barney Grin Guernical ORIGINAL.jpg",".jpg","204.3","True","Barney Grin Guernical","barney-grin-guernical.html","Original Drawing","True","Add to existing page","","D:\github\ron-english-sketches-and-drawings\images\Sketches\grins\Barney Grin Guernical ORIGINAL.jpg"
"Barney Grin ORIGINAL.jpg",".jpg","233.8","True","Barney Grin","barney-grin.html","Original Drawing","True","Add to existing page","","D:\github\ron-english-sketches-and-drawings\images\Sketches\grins\Barney Grin ORIGINAL.jpg"
"Barney Grin side B&W.jpg",".jpg","214.5","True","Barney Grin","barney-grin.html","Digitized Versions","True","Add to existing page","Filename suggests a view/turnaround or part-specific image.","D:\github\ron-english-sketches-and-drawings\images\Sketches\grins\Barney Grin side B&W.jpg"
"Barney Grin side COLOR.jpg",".jpg","227.5","True","Barney Grin","barney-grin.html","Digitized Versions","True","Add to existing page","Filename suggests a view/turnaround or part-specific image.","D:\github\ron-english-sketches-and-drawings\images\Sketches\grins\Barney Grin side COLOR.jpg"
"Barney Grin side ORIGINAL 2.jpg",".jpg","231.3","True","Barney Grin","barney-grin.html","Original Drawing","True","Add to existing page","Filename suggests a view/turnaround or part-specific image.","D:\github\ron-english-sketches-and-drawings\images\Sketches\grins\Barney Grin side ORIGINAL 2.jpg"
"Barney Grin side ORIGINAL closeup.jpg",".jpg","42.5","True","Barney Grin side ORIGINAL closeup","barney-grin-side-original-closeup.html","Original Drawing","False","Likely create new page","Filename suggests a view/turnaround or part-specific image.","D:\github\ron-english-sketches-and-drawings\images\Sketches\grins\Barney Grin side ORIGINAL closeup.jpg"
"Barney Grin side ORIGINAL.jpg",".jpg","252.5","True","Barney Grin","barney-grin.html","Original Drawing","True","Add to existing page","Filename suggests a view/turnaround or part-specific image.","D:\github\ron-english-sketches-and-drawings\images\Sketches\grins\Barney Grin side ORIGINAL.jpg"
"Bart Grin chubby back ORIGINAL.jpg",".jpg","144.5","True","Bart Grin chubby","bart-grin-chubby.html","Original Drawing","True","Add to existing page","Filename suggests a view/turnaround or part-specific image.","D:\github\ron-english-sketches-and-drawings\images\Sketches\grins\Bart Grin chubby back ORIGINAL.jpg"
"Bart Grin Chubby front B&W.jpg",".jpg","159.3","True","Bart Grin Chubby","bart-grin-chubby.html","Digitized Versions","True","Add to existing page","Filename suggests a view/turnaround or part-specific image.","D:\github\ron-english-sketches-and-drawings\images\Sketches\grins\Bart Grin Chubby front B&W.jpg"
"Bart Grin Chubby front COLOR.jpg",".jpg","192.2","True","Bart Grin Chubby","bart-grin-chubby.html","Digitized Versions","True","Add to existing page","Filename suggests a view/turnaround or part-specific image.","D:\github\ron-english-sketches-and-drawings\images\Sketches\grins\Bart Grin Chubby front COLOR.jpg"
"Bart Grin Chubby front ORIGINAL.jpg",".jpg","170.5","True","Bart Grin Chubby","bart-grin-chubby.html","Original Drawing","True","Add to existing page","Filename suggests a view/turnaround or part-specific image.","D:\github\ron-english-sketches-and-drawings\images\Sketches\grins\Bart Grin Chubby front ORIGINAL.jpg"
"Bart Grin Chubby side B&W.jpg",".jpg","149.5","True","Bart Grin Chubby","bart-grin-chubby.html","Digitized Versions","True","Add to existing page","Filename suggests a view/turnaround or part-specific image.","D:\github\ron-english-sketches-and-drawings\images\Sketches\grins\Bart Grin Chubby side B&W.jpg"
"Bart Grin chubby side ORIGINAL.jpg",".jpg","153.2","True","Bart Grin chubby","bart-grin-chubby.html","Original Drawing","True","Add to existing page","Filename suggests a view/turnaround or part-specific image.","D:\github\ron-english-sketches-and-drawings\images\Sketches\grins\Bart Grin chubby side ORIGINAL.jpg"
"Bart Grin chubby side raw file copy.jpg",".jpg","162","True","Bart Grin chubby side raw file","bart-grin-chubby-side-raw-file.html","Digitized Versions","False","Likely create new page","Filename contains copy: review whether duplicate or intentional. Filename suggests a view/turnaround or part-specific image.","D:\github\ron-english-sketches-and-drawings\images\Sketches\grins\Bart Grin chubby side raw file copy.jpg"
"Bart Grin front B&W.jpg",".jpg","173.9","True","Bart Grin","bart-grin.html","Digitized Versions","True","Add to existing page","Filename suggests a view/turnaround or part-specific image.","D:\github\ron-english-sketches-and-drawings\images\Sketches\grins\Bart Grin front B&W.jpg"
"Bart Grin front COLOR.jpg",".jpg","190.2","True","Bart Grin","bart-grin.html","Digitized Versions","True","Add to existing page","Filename suggests a view/turnaround or part-specific image.","D:\github\ron-english-sketches-and-drawings\images\Sketches\grins\Bart Grin front COLOR.jpg"
"Bart Grin front ORIGINAL COLOR.jpg",".jpg","168.8","False","Bart Grin","bart-grin.html","Original Drawing","True","Add to existing page","Contains ORIGINAL COLOR: review whether original, color study, digitized version, or collector card. Filename suggests a view/turnaround or part-specific image.","D:\github\ron-english-sketches-and-drawings\images\Sketches\grins\Bart Grin front ORIGINAL COLOR.jpg"
"Bart Grin short front COLOR.jpg",".jpg","222.1","True","Bart Grin short","bart-grin-short.html","Digitized Versions","True","Add to existing page","Filename suggests a view/turnaround or part-specific image.","D:\github\ron-english-sketches-and-drawings\images\Sketches\grins\Bart Grin short front COLOR.jpg"
"Bart Grin short front COLOR.png",".png","88.6","True","Bart Grin short","bart-grin-short.html","Digitized Versions","True","Add to existing page","Filename suggests a view/turnaround or part-specific image.","D:\github\ron-english-sketches-and-drawings\images\Sketches\grins\Bart Grin short front COLOR.png"
"Bart Grin side B&W.jpg",".jpg","143.9","True","Bart Grin","bart-grin.html","Digitized Versions","True","Add to existing page","Filename suggests a view/turnaround or part-specific image.","D:\github\ron-english-sketches-and-drawings\images\Sketches\grins\Bart Grin side B&W.jpg"
"Bart Grin side COLOR.jpg",".jpg","150.7","True","Bart Grin","bart-grin.html","Digitized Versions","True","Add to existing page","Filename suggests a view/turnaround or part-specific image.","D:\github\ron-english-sketches-and-drawings\images\Sketches\grins\Bart Grin side COLOR.jpg"
"Bart Grin side ORIGINAL COLOR.jpg",".jpg","153.2","False","Bart Grin","bart-grin.html","Original Drawing","True","Add to existing page","Contains ORIGINAL COLOR: review whether original, color study, digitized version, or collector card. Filename suggests a view/turnaround or part-specific image.","D:\github\ron-english-sketches-and-drawings\images\Sketches\grins\Bart Grin side ORIGINAL COLOR.jpg"
"Bart Grin side ORIGINAL.jpg",".jpg","331.3","True","Bart Grin","bart-grin.html","Original Drawing","True","Add to existing page","Filename suggests a view/turnaround or part-specific image.","D:\github\ron-english-sketches-and-drawings\images\Sketches\grins\Bart Grin side ORIGINAL.jpg"
"Bartman Grin flying B&W.jpg",".jpg","199.7","True","Bartman Grin flying","bartman-grin-flying.html","Digitized Versions","True","Add to existing page","","D:\github\ron-english-sketches-and-drawings\images\Sketches\grins\Bartman Grin flying B&W.jpg"
"Bartman Grin flying COLOR.jpg",".jpg","237.8","True","Bartman Grin flying","bartman-grin-flying.html","Digitized Versions","True","Add to existing page","","D:\github\ron-english-sketches-and-drawings\images\Sketches\grins\Bartman Grin flying COLOR.jpg"
"Bartman Grin flying ORIGINAL COLOR.jpg",".jpg","239","True","Bartman Grin flying","bartman-grin-flying.html","Original Drawing","True","Add to existing page","Contains ORIGINAL COLOR: review whether original, color study, digitized version, or collector card.","D:\github\ron-english-sketches-and-drawings\images\Sketches\grins\Bartman Grin flying ORIGINAL COLOR.jpg"
"Bartman Grin flying ORIGINAL.jpg",".jpg","295.3","True","Bartman Grin flying","bartman-grin-flying.html","Original Drawing","True","Add to existing page","","D:\github\ron-english-sketches-and-drawings\images\Sketches\grins\Bartman Grin flying ORIGINAL.jpg"
"Baseball Grin B&W.jpg",".jpg","200.2","True","Baseball Grin","baseball-grin.html","Digitized Versions","True","Add to existing page","","D:\github\ron-english-sketches-and-drawings\images\Sketches\grins\Baseball Grin B&W.jpg"
"Baseball Grin card.png",".png","197.3","True","Baseball Grin","baseball-grin.html","Collector Cards","True","Add to existing page","Filename suggests collector card.","D:\github\ron-english-sketches-and-drawings\images\Sketches\grins\Baseball Grin card.png"
"Baseball Grin COLOR.jpg",".jpg","217.3","True","Baseball Grin","baseball-grin.html","Digitized Versions","True","Add to existing page","","D:\github\ron-english-sketches-and-drawings\images\Sketches\grins\Baseball Grin COLOR.jpg"
"Baseball Grin ORIGINAL COLOR 2.jpg",".jpg","217.4","True","Baseball Grin","baseball-grin.html","Original Drawing","True","Add to existing page","Contains ORIGINAL COLOR: review whether original, color study, digitized version, or collector card.","D:\github\ron-english-sketches-and-drawings\images\Sketches\grins\Baseball Grin ORIGINAL COLOR 2.jpg"
"Baseball Grin ORIGINAL COLOR 3.jpg",".jpg","186.3","True","Baseball Grin","baseball-grin.html","Original Drawing","True","Add to existing page","Contains ORIGINAL COLOR: review whether original, color study, digitized version, or collector card.","D:\github\ron-english-sketches-and-drawings\images\Sketches\grins\Baseball Grin ORIGINAL COLOR 3.jpg"
"Baseball Grin ORIGINAL.jpg",".jpg","240","True","Baseball Grin","baseball-grin.html","Original Drawing","True","Add to existing page","","D:\github\ron-english-sketches-and-drawings\images\Sketches\grins\Baseball Grin ORIGINAL.jpg"
"Basketball Bulldog Grin B&W.jpg",".jpg","192.4","True","Basketball Bulldog Grin","basketball-bulldog-grin.html","Digitized Versions","True","Add to existing page","","D:\github\ron-english-sketches-and-drawings\images\Sketches\grins\Basketball Bulldog Grin B&W.jpg"
"Basketball Bulldog Grin COLOR.jpg",".jpg","220.9","True","Basketball Bulldog Grin","basketball-bulldog-grin.html","Digitized Versions","True","Add to existing page","","D:\github\ron-english-sketches-and-drawings\images\Sketches\grins\Basketball Bulldog Grin COLOR.jpg"
"Basketball Grin B&W.jpg",".jpg","222.7","True","Basketball Grin","basketball-grin.html","Digitized Versions","True","Add to existing page","","D:\github\ron-english-sketches-and-drawings\images\Sketches\grins\Basketball Grin B&W.jpg"
"Basketball Grin back B&W.jpg",".jpg","156.3","True","Basketball Grin","basketball-grin.html","Digitized Versions","True","Add to existing page","Filename suggests a view/turnaround or part-specific image.","D:\github\ron-english-sketches-and-drawings\images\Sketches\grins\Basketball Grin back B&W.jpg"
"Basketball Grin back COLOR.jpg",".jpg","190.2","True","Basketball Grin","basketball-grin.html","Digitized Versions","True","Add to existing page","Filename suggests a view/turnaround or part-specific image.","D:\github\ron-english-sketches-and-drawings\images\Sketches\grins\Basketball Grin back COLOR.jpg"
"Basketball Grin back ORIGINAL colorway 1.jpg",".jpg","172.9","True","Basketball Grin","basketball-grin.html","Original Drawing","True","Add to existing page","Filename suggests a view/turnaround or part-specific image.","D:\github\ron-english-sketches-and-drawings\images\Sketches\grins\Basketball Grin back ORIGINAL colorway 1.jpg"
"Basketball Grin back ORIGINAL colorway 2.jpg",".jpg","174.4","True","Basketball Grin","basketball-grin.html","Original Drawing","True","Add to existing page","Filename suggests a view/turnaround or part-specific image.","D:\github\ron-english-sketches-and-drawings\images\Sketches\grins\Basketball Grin back ORIGINAL colorway 2.jpg"
"Basketball Grin back ORIGINAL colorway 3.jpg",".jpg","173.8","True","Basketball Grin","basketball-grin.html","Original Drawing","True","Add to existing page","Filename suggests a view/turnaround or part-specific image.","D:\github\ron-english-sketches-and-drawings\images\Sketches\grins\Basketball Grin back ORIGINAL colorway 3.jpg"
"Basketball Grin back ORIGINAL.jpg",".jpg","183.7","True","Basketball Grin","basketball-grin.html","Original Drawing","True","Add to existing page","Filename suggests a view/turnaround or part-specific image.","D:\github\ron-english-sketches-and-drawings\images\Sketches\grins\Basketball Grin back ORIGINAL.jpg"
"Basketball Grin COLOR.jpg",".jpg","283","True","Basketball Grin","basketball-grin.html","Digitized Versions","True","Add to existing page","","D:\github\ron-english-sketches-and-drawings\images\Sketches\grins\Basketball Grin COLOR.jpg"
"Basketball Grin head.jpg",".jpg","423.3","True","Basketball Grin","basketball-grin.html","Digitized Versions","True","Add to existing page","Filename suggests a view/turnaround or part-specific image.","D:\github\ron-english-sketches-and-drawings\images\Sketches\grins\Basketball Grin head.jpg"
"Basketball Grin ORIGINAL  colorway 2.jpg",".jpg","253.2","True","Basketball Grin","basketball-grin.html","Original Drawing","True","Add to existing page","","D:\github\ron-english-sketches-and-drawings\images\Sketches\grins\Basketball Grin ORIGINAL  colorway 2.jpg"
"Basketball Grin ORIGINAL  colorway 3.jpg",".jpg","268.9","True","Basketball Grin","basketball-grin.html","Original Drawing","True","Add to existing page","","D:\github\ron-english-sketches-and-drawings\images\Sketches\grins\Basketball Grin ORIGINAL  colorway 3.jpg"
"Basketball Grin ORIGINAL COLOR.jpg",".jpg","217.3","True","Basketball Grin","basketball-grin.html","Original Drawing","True","Add to existing page","Contains ORIGINAL COLOR: review whether original, color study, digitized version, or collector card.","D:\github\ron-english-sketches-and-drawings\images\Sketches\grins\Basketball Grin ORIGINAL COLOR.jpg"
"Basketball Grin ORIGINAL colorway 1.jpg",".jpg","251.8","True","Basketball Grin","basketball-grin.html","Original Drawing","True","Add to existing page","","D:\github\ron-english-sketches-and-drawings\images\Sketches\grins\Basketball Grin ORIGINAL colorway 1.jpg"
"Basketball Grin side B&W.jpg",".jpg","174.5","True","Basketball Grin","basketball-grin.html","Digitized Versions","True","Add to existing page","Filename suggests a view/turnaround or part-specific image.","D:\github\ron-english-sketches-and-drawings\images\Sketches\grins\Basketball Grin side B&W.jpg"
"Basketball Grin side COLOR.jpg",".jpg","207.3","True","Basketball Grin","basketball-grin.html","Digitized Versions","True","Add to existing page","Filename suggests a view/turnaround or part-specific image.","D:\github\ron-english-sketches-and-drawings\images\Sketches\grins\Basketball Grin side COLOR.jpg"
"Basketball Grin side ORIGINAL.jpg",".jpg","208.3","True","Basketball Grin","basketball-grin.html","Original Drawing","True","Add to existing page","Filename suggests a view/turnaround or part-specific image.","D:\github\ron-english-sketches-and-drawings\images\Sketches\grins\Basketball Grin side ORIGINAL.jpg"
"Bat Grin front B&W.jpg",".jpg","235.1","True","Bat Grin","bat-grin.html","Digitized Versions","True","Add to existing page","Filename suggests a view/turnaround or part-specific image.","D:\github\ron-english-sketches-and-drawings\images\Sketches\grins\Bat Grin front B&W.jpg"
"Bat Grin front COLOR.jpg",".jpg","252.1","True","Bat Grin","bat-grin.html","Digitized Versions","True","Add to existing page","Filename suggests a view/turnaround or part-specific image.","D:\github\ron-english-sketches-and-drawings\images\Sketches\grins\Bat Grin front COLOR.jpg"
"Bat Grin front ORIGINAL.jpg",".jpg","274","True","Bat Grin","bat-grin.html","Original Drawing","True","Add to existing page","Filename suggests a view/turnaround or part-specific image.","D:\github\ron-english-sketches-and-drawings\images\Sketches\grins\Bat Grin front ORIGINAL.jpg"
"Bat Grin side B&W.jpg",".jpg","185.2","True","Bat Grin","bat-grin.html","Digitized Versions","True","Add to existing page","Filename suggests a view/turnaround or part-specific image.","D:\github\ron-english-sketches-and-drawings\images\Sketches\grins\Bat Grin side B&W.jpg"
"Bat Grin side COLOR.jpg",".jpg","210.5","True","Bat Grin","bat-grin.html","Digitized Versions","True","Add to existing page","Filename suggests a view/turnaround or part-specific image.","D:\github\ron-english-sketches-and-drawings\images\Sketches\grins\Bat Grin side COLOR.jpg"
"Bat Grin side ORIGINAL.jpg",".jpg","219","True","Bat Grin","bat-grin.html","Original Drawing","True","Add to existing page","Filename suggests a view/turnaround or part-specific image.","D:\github\ron-english-sketches-and-drawings\images\Sketches\grins\Bat Grin side ORIGINAL.jpg"
"Bat Grin version 2 front B&W.jpg",".jpg","169.7","True","Bat Grin version 2","bat-grin-version-2.html","Digitized Versions","True","Add to existing page","Filename suggests a view/turnaround or part-specific image.","D:\github\ron-english-sketches-and-drawings\images\Sketches\grins\Bat Grin version 2 front B&W.jpg"
"Bat Grin version 2 front COLOR.jpg",".jpg","178.5","True","Bat Grin version 2","bat-grin-version-2.html","Digitized Versions","True","Add to existing page","Filename suggests a view/turnaround or part-specific image.","D:\github\ron-english-sketches-and-drawings\images\Sketches\grins\Bat Grin version 2 front COLOR.jpg"
"Bat Grin version 2 front ORIGINAL.jpg",".jpg","149.3","True","Bat Grin version 2","bat-grin-version-2.html","Original Drawing","True","Add to existing page","Filename suggests a view/turnaround or part-specific image.","D:\github\ron-english-sketches-and-drawings\images\Sketches\grins\Bat Grin version 2 front ORIGINAL.jpg"
"Bat Grin version 2 side B&W.jpg",".jpg","169.1","True","Bat Grin version 2","bat-grin-version-2.html","Digitized Versions","True","Add to existing page","Filename suggests a view/turnaround or part-specific image.","D:\github\ron-english-sketches-and-drawings\images\Sketches\grins\Bat Grin version 2 side B&W.jpg"
"Bat Grin version 2 side COLOR.jpg",".jpg","186.7","True","Bat Grin version 2","bat-grin-version-2.html","Digitized Versions","True","Add to existing page","Filename suggests a view/turnaround or part-specific image.","D:\github\ron-english-sketches-and-drawings\images\Sketches\grins\Bat Grin version 2 side COLOR.jpg"
"Bat Grin version 2 side ORIGINAL.jpg",".jpg","176.1","True","Bat Grin version 2","bat-grin-version-2.html","Original Drawing","True","Add to existing page","Filename suggests a view/turnaround or part-specific image.","D:\github\ron-english-sketches-and-drawings\images\Sketches\grins\Bat Grin version 2 side ORIGINAL.jpg"
"Batman Grin and Robin 2 ORIGINAL.jpg",".jpg","543.7","True","Batman Grin and Robin 2","batman-grin-and-robin-2.html","Original Drawing","True","Add to existing page","","D:\github\ron-english-sketches-and-drawings\images\Sketches\grins\Batman Grin and Robin 2 ORIGINAL.jpg"
"Batman Grin B&W.jpg",".jpg","243","True","Batman Grin","batman-grin.html","Digitized Versions","True","Add to existing page","","D:\github\ron-english-sketches-and-drawings\images\Sketches\grins\Batman Grin B&W.jpg"
"Batman Grin COLOR.jpg",".jpg","243.8","True","Batman Grin","batman-grin.html","Digitized Versions","True","Add to existing page","","D:\github\ron-english-sketches-and-drawings\images\Sketches\grins\Batman Grin COLOR.jpg"
"Batman Grin Icon .jpg",".jpg","427.8","False","Batman Grin Icon","batman-grin-icon.html","Digitized Versions","True","Add to existing page","","D:\github\ron-english-sketches-and-drawings\images\Sketches\grins\Batman Grin Icon .jpg"
"Batman Grin Icon B&W.jpg",".jpg","195.4","True","Batman Grin Icon","batman-grin-icon.html","Digitized Versions","True","Add to existing page","","D:\github\ron-english-sketches-and-drawings\images\Sketches\grins\Batman Grin Icon B&W.jpg"
"Batman Grin Icon COLOR.jpg",".jpg","158.4","True","Batman Grin Icon","batman-grin-icon.html","Digitized Versions","True","Add to existing page","","D:\github\ron-english-sketches-and-drawings\images\Sketches\grins\Batman Grin Icon COLOR.jpg"
"Batman Grin ORIGINAL 2.jpg",".jpg","304.3","True","Batman Grin","batman-grin.html","Original Drawing","True","Add to existing page","","D:\github\ron-english-sketches-and-drawings\images\Sketches\grins\Batman Grin ORIGINAL 2.jpg"
"Batman Grin ORIGINAL COLOR.jpg",".jpg","203.1","True","Batman Grin","batman-grin.html","Original Drawing","True","Add to existing page","Contains ORIGINAL COLOR: review whether original, color study, digitized version, or collector card.","D:\github\ron-english-sketches-and-drawings\images\Sketches\grins\Batman Grin ORIGINAL COLOR.jpg"
"Batman Grin ORIGINAL.jpg",".jpg","315.3","False","Batman Grin","batman-grin.html","Original Drawing","True","Add to existing page","","D:\github\ron-english-sketches-and-drawings\images\Sketches\grins\Batman Grin ORIGINAL.jpg"
"Batman Grin side B&W.jpg",".jpg","174","True","Batman Grin","batman-grin.html","Digitized Versions","True","Add to existing page","Filename suggests a view/turnaround or part-specific image.","D:\github\ron-english-sketches-and-drawings\images\Sketches\grins\Batman Grin side B&W.jpg"
"Batman Grin side COLOR.jpg",".jpg","186.3","True","Batman Grin","batman-grin.html","Digitized Versions","True","Add to existing page","Filename suggests a view/turnaround or part-specific image.","D:\github\ron-english-sketches-and-drawings\images\Sketches\grins\Batman Grin side COLOR.jpg"
"Batman Grin side ORIGINAL.jpg",".jpg","154","True","Batman Grin","batman-grin.html","Original Drawing","True","Add to existing page","Filename suggests a view/turnaround or part-specific image.","D:\github\ron-english-sketches-and-drawings\images\Sketches\grins\Batman Grin side ORIGINAL.jpg"
"Batman Grin three quarters COLOR 1.png",".png","209.6","True","Batman Grin","batman-grin.html","Digitized Versions","True","Add to existing page","Filename suggests a view/turnaround or part-specific image.","D:\github\ron-english-sketches-and-drawings\images\Sketches\grins\Batman Grin three quarters COLOR 1.png"
"Batman Grin three quarters COLOR 2.png",".png","201.7","True","Batman Grin","batman-grin.html","Digitized Versions","True","Add to existing page","Filename suggests a view/turnaround or part-specific image.","D:\github\ron-english-sketches-and-drawings\images\Sketches\grins\Batman Grin three quarters COLOR 2.png"
"Batman Grin three quarters COLOR 3.png",".png","178.6","True","Batman Grin","batman-grin.html","Digitized Versions","True","Add to existing page","Filename suggests a view/turnaround or part-specific image.","D:\github\ron-english-sketches-and-drawings\images\Sketches\grins\Batman Grin three quarters COLOR 3.png"
"Batman Grin three quarters COLOR 4.png",".png","183.5","True","Batman Grin","batman-grin.html","Digitized Versions","True","Add to existing page","Filename suggests a view/turnaround or part-specific image.","D:\github\ron-english-sketches-and-drawings\images\Sketches\grins\Batman Grin three quarters COLOR 4.png"
"Battle Cat Grin B&W.jpg",".jpg","330.4","True","Battle Cat Grin","battle-cat-grin.html","Digitized Versions","True","Add to existing page","","D:\github\ron-english-sketches-and-drawings\images\Sketches\grins\Battle Cat Grin B&W.jpg"
"Battle Cat Grin COLOR.jpg",".jpg","350.1","True","Battle Cat Grin","battle-cat-grin.html","Digitized Versions","True","Add to existing page","","D:\github\ron-english-sketches-and-drawings\images\Sketches\grins\Battle Cat Grin COLOR.jpg"
"Battle Cat Grin Crouching B&W.jpg",".jpg","430.7","True","Battle Cat Grin Crouching","battle-cat-grin-crouching.html","Digitized Versions","True","Add to existing page","","D:\github\ron-english-sketches-and-drawings\images\Sketches\grins\Battle Cat Grin Crouching B&W.jpg"
"Battle Cat Grin Crouching COLOR.jpg",".jpg","499.9","True","Battle Cat Grin Crouching","battle-cat-grin-crouching.html","Digitized Versions","True","Add to existing page","","D:\github\ron-english-sketches-and-drawings\images\Sketches\grins\Battle Cat Grin Crouching COLOR.jpg"
"Battle Cat Grin Crouching ORIGINAL.jpg",".jpg","524.1","True","Battle Cat Grin Crouching","battle-cat-grin-crouching.html","Original Drawing","True","Add to existing page","","D:\github\ron-english-sketches-and-drawings\images\Sketches\grins\Battle Cat Grin Crouching ORIGINAL.jpg"
"Battle Cat Grin ORIGINAL.jpg",".jpg","324.2","True","Battle Cat Grin","battle-cat-grin.html","Original Drawing","True","Add to existing page","","D:\github\ron-english-sketches-and-drawings\images\Sketches\grins\Battle Cat Grin ORIGINAL.jpg"
"Battle Skull Grin B&W.jpg",".jpg","335.2","True","Battle Skull Grin","battle-skull-grin.html","Digitized Versions","True","Add to existing page","","D:\github\ron-english-sketches-and-drawings\images\Sketches\grins\Battle Skull Grin B&W.jpg"
"Battle Skull Grin COLOR 1.jpg",".jpg","384.2","True","Battle Skull Grin","battle-skull-grin.html","Digitized Versions","True","Add to existing page","","D:\github\ron-english-sketches-and-drawings\images\Sketches\grins\Battle Skull Grin COLOR 1.jpg"
"Battle Skull Grin COLOR 2.jpg",".jpg","344.6","True","Battle Skull Grin","battle-skull-grin.html","Digitized Versions","True","Add to existing page","","D:\github\ron-english-sketches-and-drawings\images\Sketches\grins\Battle Skull Grin COLOR 2.jpg"
"Battle Skull Grin ORIGINAL.jpg",".jpg","203.2","True","Battle Skull Grin","battle-skull-grin.html","Original Drawing","True","Add to existing page","","D:\github\ron-english-sketches-and-drawings\images\Sketches\grins\Battle Skull Grin ORIGINAL.jpg"
"Bear Grin Forked Tongue B&W.jpg",".jpg","338.6","True","Bear Grin Forked Tongue","bear-grin-forked-tongue.html","Digitized Versions","True","Add to existing page","","D:\github\ron-english-sketches-and-drawings\images\Sketches\grins\Bear Grin Forked Tongue B&W.jpg"
"Bear Grin Forked Tongue COLOR 1.jpg",".jpg","348.2","True","Bear Grin Forked Tongue","bear-grin-forked-tongue.html","Digitized Versions","True","Add to existing page","","D:\github\ron-english-sketches-and-drawings\images\Sketches\grins\Bear Grin Forked Tongue COLOR 1.jpg"
"Bear Grin Forked Tongue COLOR 2.jpg",".jpg","283.6","True","Bear Grin Forked Tongue","bear-grin-forked-tongue.html","Digitized Versions","True","Add to existing page","","D:\github\ron-english-sketches-and-drawings\images\Sketches\grins\Bear Grin Forked Tongue COLOR 2.jpg"
"Bear Grin Forked Tongue ORIGINAL COLOR.jpg",".jpg","343.1","True","Bear Grin Forked Tongue","bear-grin-forked-tongue.html","Original Drawing","True","Add to existing page","Contains ORIGINAL COLOR: review whether original, color study, digitized version, or collector card.","D:\github\ron-english-sketches-and-drawings\images\Sketches\grins\Bear Grin Forked Tongue ORIGINAL COLOR.jpg"
"Bear Grin Forked Tongue ORIGINAL.jpg",".jpg","320.8","True","Bear Grin Forked Tongue","bear-grin-forked-tongue.html","Original Drawing","True","Add to existing page","","D:\github\ron-english-sketches-and-drawings\images\Sketches\grins\Bear Grin Forked Tongue ORIGINAL.jpg"
"Bearbrick Skull B&W.jpg",".jpg","279.1","True","Bearbrick Skull","bearbrick-skull.html","Digitized Versions","True","Add to existing page","","D:\github\ron-english-sketches-and-drawings\images\Sketches\grins\Bearbrick Skull B&W.jpg"
"Bearbrick Skull COLOR.jpg",".jpg","285.6","True","Bearbrick Skull","bearbrick-skull.html","Digitized Versions","True","Add to existing page","","D:\github\ron-english-sketches-and-drawings\images\Sketches\grins\Bearbrick Skull COLOR.jpg"
"Bearbrick Skull ORIGINAL.jpg",".jpg","229.1","True","Bearbrick Skull","bearbrick-skull.html","Original Drawing","True","Add to existing page","","D:\github\ron-english-sketches-and-drawings\images\Sketches\grins\Bearbrick Skull ORIGINAL.jpg"
"Beast Man Grin B&W.jpg",".jpg","366","True","Beast Man Grin","beast-man-grin.html","Digitized Versions","True","Add to existing page","","D:\github\ron-english-sketches-and-drawings\images\Sketches\grins\Beast Man Grin B&W.jpg"
"Beast Man Grin COLOR.jpg",".jpg","368","True","Beast Man Grin","beast-man-grin.html","Digitized Versions","True","Add to existing page","","D:\github\ron-english-sketches-and-drawings\images\Sketches\grins\Beast Man Grin COLOR.jpg"
"Beast Man Grin ORIGINAL.jpg",".jpg","213.7","True","Beast Man Grin","beast-man-grin.html","Original Drawing","True","Add to existing page","","D:\github\ron-english-sketches-and-drawings\images\Sketches\grins\Beast Man Grin ORIGINAL.jpg"
"Bert Grin B&W.jpg",".jpg","356.1","True","Bert Grin","bert-grin.html","Digitized Versions","True","Add to existing page","","D:\github\ron-english-sketches-and-drawings\images\Sketches\grins\Bert Grin B&W.jpg"
"Bert Grin COLOR.jpg",".jpg","476.9","True","Bert Grin","bert-grin.html","Digitized Versions","True","Add to existing page","","D:\github\ron-english-sketches-and-drawings\images\Sketches\grins\Bert Grin COLOR.jpg"
"Bert Grin ORIGINAL COLOR.jpg",".jpg","368.5","True","Bert Grin","bert-grin.html","Original Drawing","True","Add to existing page","Contains ORIGINAL COLOR: review whether original, color study, digitized version, or collector card.","D:\github\ron-english-sketches-and-drawings\images\Sketches\grins\Bert Grin ORIGINAL COLOR.jpg"
"Bert Grin ORIGINAL.jpg",".jpg","320","True","Bert Grin","bert-grin.html","Original Drawing","True","Add to existing page","","D:\github\ron-english-sketches-and-drawings\images\Sketches\grins\Bert Grin ORIGINAL.jpg"
"Big Boy Grin B&W.jpg",".jpg","245.5","True","Big Boy Grin","big-boy-grin.html","Digitized Versions","True","Add to existing page","","D:\github\ron-english-sketches-and-drawings\images\Sketches\grins\Big Boy Grin B&W.jpg"
"Big Boy Grin COLOR.jpg",".jpg","261.2","True","Big Boy Grin","big-boy-grin.html","Digitized Versions","True","Add to existing page","","D:\github\ron-english-sketches-and-drawings\images\Sketches\grins\Big Boy Grin COLOR.jpg"
"Big Boy Grin ORIGINAL COLOR.jpg",".jpg","264","False","Big Boy Grin","big-boy-grin.html","Original Drawing","True","Add to existing page","Contains ORIGINAL COLOR: review whether original, color study, digitized version, or collector card.","D:\github\ron-english-sketches-and-drawings\images\Sketches\grins\Big Boy Grin ORIGINAL COLOR.jpg"
"Big Boy Grin ORIGINAL.jpg",".jpg","248.7","True","Big Boy Grin","big-boy-grin.html","Original Drawing","True","Add to existing page","","D:\github\ron-english-sketches-and-drawings\images\Sketches\grins\Big Boy Grin ORIGINAL.jpg"
"Biggie Grin B&W.jpg",".jpg","367.9","True","Biggie Grin","biggie-grin.html","Digitized Versions","True","Add to existing page","","D:\github\ron-english-sketches-and-drawings\images\Sketches\grins\Biggie Grin B&W.jpg"
"Biggie Grin COLOR.jpg",".jpg","391.7","True","Biggie Grin","biggie-grin.html","Digitized Versions","True","Add to existing page","","D:\github\ron-english-sketches-and-drawings\images\Sketches\grins\Biggie Grin COLOR.jpg"
"Biggie Grin ORIGINAL COLOR.png",".png","139.2","True","Biggie Grin","biggie-grin.html","Original Drawing","True","Add to existing page","Contains ORIGINAL COLOR: review whether original, color study, digitized version, or collector card.","D:\github\ron-english-sketches-and-drawings\images\Sketches\grins\Biggie Grin ORIGINAL COLOR.png"
"Blanka Grin ORIGINAL.jpg",".jpg","314.1","True","Blanka Grin","blanka-grin.html","Original Drawing","True","Add to existing page","","D:\github\ron-english-sketches-and-drawings\images\Sketches\grins\Blanka Grin ORIGINAL.jpg"
"Blotchy Grin B&W.jpg",".jpg","224.7","True","Blotchy Grin","blotchy-grin.html","Digitized Versions","True","Add to existing page","","D:\github\ron-english-sketches-and-drawings\images\Sketches\grins\Blotchy Grin B&W.jpg"
"Blotchy Grin ORIGINAL.jpg",".jpg","363.4","True","Blotchy Grin","blotchy-grin.html","Original Drawing","True","Add to existing page","","D:\github\ron-english-sketches-and-drawings\images\Sketches\grins\Blotchy Grin ORIGINAL.jpg"
"Blue From Blue’s Clues Grin B&W.jpg",".jpg","231.9","True","Blue From Blue’s Clues Grin","blue-from-blue-s-clues-grin.html","Digitized Versions","True","Add to existing page","","D:\github\ron-english-sketches-and-drawings\images\Sketches\grins\Blue From Blue’s Clues Grin B&W.jpg"
"Blue From Blue’s Clues Grin COLOR.jpg",".jpg","270.3","True","Blue From Blue’s Clues Grin","blue-from-blue-s-clues-grin.html","Digitized Versions","True","Add to existing page","","D:\github\ron-english-sketches-and-drawings\images\Sketches\grins\Blue From Blue’s Clues Grin COLOR.jpg"
"Blue From Blue’s Clues Grin ORIGINAL.jpg",".jpg","262.3","True","Blue From Blue’s Clues Grin","blue-from-blue-s-clues-grin.html","Original Drawing","True","Add to existing page","","D:\github\ron-english-sketches-and-drawings\images\Sketches\grins\Blue From Blue’s Clues Grin ORIGINAL.jpg"
"Boba Fett Grin back B&W.jpg",".jpg","227.1","True","Boba Fett Grin","boba-fett-grin.html","Digitized Versions","True","Add to existing page","Filename suggests a view/turnaround or part-specific image.","D:\github\ron-english-sketches-and-drawings\images\Sketches\grins\Boba Fett Grin back B&W.jpg"
"Boba Fett Grin back COLOR.jpg",".jpg","205.1","True","Boba Fett Grin","boba-fett-grin.html","Digitized Versions","True","Add to existing page","Filename suggests a view/turnaround or part-specific image.","D:\github\ron-english-sketches-and-drawings\images\Sketches\grins\Boba Fett Grin back COLOR.jpg"
"Boba Fett Grin back ORIGINAL.jpg",".jpg","195.6","True","Boba Fett Grin","boba-fett-grin.html","Original Drawing","True","Add to existing page","Filename suggests a view/turnaround or part-specific image.","D:\github\ron-english-sketches-and-drawings\images\Sketches\grins\Boba Fett Grin back ORIGINAL.jpg"
"Boba Fett Grin face B&W.jpg",".jpg","239.9","True","Boba Fett Grin","boba-fett-grin.html","Digitized Versions","True","Add to existing page","Filename suggests a view/turnaround or part-specific image.","D:\github\ron-english-sketches-and-drawings\images\Sketches\grins\Boba Fett Grin face B&W.jpg"
"Boba Fett Grin face COLOR.jpg",".jpg","243.7","True","Boba Fett Grin","boba-fett-grin.html","Digitized Versions","True","Add to existing page","Filename suggests a view/turnaround or part-specific image.","D:\github\ron-english-sketches-and-drawings\images\Sketches\grins\Boba Fett Grin face COLOR.jpg"
"Boba Fett Grin face ORIGINAL.jpg",".jpg","207.9","True","Boba Fett Grin","boba-fett-grin.html","Original Drawing","True","Add to existing page","Filename suggests a view/turnaround or part-specific image.","D:\github\ron-english-sketches-and-drawings\images\Sketches\grins\Boba Fett Grin face ORIGINAL.jpg"
"Boba Fett Grin front B&W.jpg",".jpg","204.1","True","Boba Fett Grin","boba-fett-grin.html","Digitized Versions","True","Add to existing page","Filename suggests a view/turnaround or part-specific image.","D:\github\ron-english-sketches-and-drawings\images\Sketches\grins\Boba Fett Grin front B&W.jpg"
"Boba Fett Grin front COLOR.jpg",".jpg","198.2","True","Boba Fett Grin","boba-fett-grin.html","Digitized Versions","True","Add to existing page","Filename suggests a view/turnaround or part-specific image.","D:\github\ron-english-sketches-and-drawings\images\Sketches\grins\Boba Fett Grin front COLOR.jpg"
"Boba Fett Grin front ORIGINAL.jpg",".jpg","178","True","Boba Fett Grin","boba-fett-grin.html","Original Drawing","True","Add to existing page","Filename suggests a view/turnaround or part-specific image.","D:\github\ron-english-sketches-and-drawings\images\Sketches\grins\Boba Fett Grin front ORIGINAL.jpg"
"Boba Fett Grin side B&W.jpg",".jpg","230.2","True","Boba Fett Grin","boba-fett-grin.html","Digitized Versions","True","Add to existing page","Filename suggests a view/turnaround or part-specific image.","D:\github\ron-english-sketches-and-drawings\images\Sketches\grins\Boba Fett Grin side B&W.jpg"
"Boba Fett Grin side COLOR.jpg",".jpg","195.7","True","Boba Fett Grin","boba-fett-grin.html","Digitized Versions","True","Add to existing page","Filename suggests a view/turnaround or part-specific image.","D:\github\ron-english-sketches-and-drawings\images\Sketches\grins\Boba Fett Grin side COLOR.jpg"
"Boba Fett Grin side ORIGINAL.jpg",".jpg","199.2","True","Boba Fett Grin","boba-fett-grin.html","Original Drawing","True","Add to existing page","Filename suggests a view/turnaround or part-specific image.","D:\github\ron-english-sketches-and-drawings\images\Sketches\grins\Boba Fett Grin side ORIGINAL.jpg"
"Boo Boo Bear Grin B&W.jpg",".jpg","218.8","True","Boo Boo Bear Grin","boo-boo-bear-grin.html","Digitized Versions","True","Add to existing page","","D:\github\ron-english-sketches-and-drawings\images\Sketches\grins\Boo Boo Bear Grin B&W.jpg"
"Boo Boo Bear Grin COLOR.jpg",".jpg","229","True","Boo Boo Bear Grin","boo-boo-bear-grin.html","Digitized Versions","True","Add to existing page","","D:\github\ron-english-sketches-and-drawings\images\Sketches\grins\Boo Boo Bear Grin COLOR.jpg"
"Boo Boo Bear Grin ORIGINAL.jpg",".jpg","382.3","True","Boo Boo Bear Grin","boo-boo-bear-grin.html","Original Drawing","True","Add to existing page","","D:\github\ron-english-sketches-and-drawings\images\Sketches\grins\Boo Boo Bear Grin ORIGINAL.jpg"
"Bored Ape Cowboy Grin COLOR 2.jpg",".jpg","259.9","True","Bored Ape Cowboy Grin","bored-ape-cowboy-grin.html","Digitized Versions","True","Add to existing page","","D:\github\ron-english-sketches-and-drawings\images\Sketches\grins\Bored Ape Cowboy Grin COLOR 2.jpg"
"Bored Ape Cowboy Grin COLOR.jpg",".jpg","212.9","True","Bored Ape Cowboy Grin","bored-ape-cowboy-grin.html","Digitized Versions","True","Add to existing page","","D:\github\ron-english-sketches-and-drawings\images\Sketches\grins\Bored Ape Cowboy Grin COLOR.jpg"
"Bored Ape Grin B&W.jpg",".jpg","220.5","True","Bored Ape Grin","bored-ape-grin.html","Digitized Versions","True","Add to existing page","","D:\github\ron-english-sketches-and-drawings\images\Sketches\grins\Bored Ape Grin B&W.jpg"
"B-Rex Grin front ORIGINAL.jpg",".jpg","218.5","True","B-Rex Grin","b-rex-grin.html","Original Drawing","True","Add to existing page","Filename suggests a view/turnaround or part-specific image.","D:\github\ron-english-sketches-and-drawings\images\Sketches\grins\B-Rex Grin front ORIGINAL.jpg"
"B-Rex Grin ORIGINAL COLOR.jpg",".jpg","161.6","True","B-Rex Grin","b-rex-grin.html","Original Drawing","True","Add to existing page","Contains ORIGINAL COLOR: review whether original, color study, digitized version, or collector card.","D:\github\ron-english-sketches-and-drawings\images\Sketches\grins\B-Rex Grin ORIGINAL COLOR.jpg"
"B-Rex Grin side B&W.jpg",".jpg","180.8","True","B-Rex Grin","b-rex-grin.html","Digitized Versions","True","Add to existing page","Filename suggests a view/turnaround or part-specific image.","D:\github\ron-english-sketches-and-drawings\images\Sketches\grins\B-Rex Grin side B&W.jpg"
"B-Rex Grin side COLOR 1.jpg",".jpg","192.4","True","B-Rex Grin","b-rex-grin.html","Digitized Versions","True","Add to existing page","Filename suggests a view/turnaround or part-specific image.","D:\github\ron-english-sketches-and-drawings\images\Sketches\grins\B-Rex Grin side COLOR 1.jpg"
"B-Rex Grin side COLOR 2.jpg",".jpg","201.1","True","B-Rex Grin","b-rex-grin.html","Digitized Versions","True","Add to existing page","Filename suggests a view/turnaround or part-specific image.","D:\github\ron-english-sketches-and-drawings\images\Sketches\grins\B-Rex Grin side COLOR 2.jpg"
"B-Rex Grin side ORIGINAL COLOR  1.jpg",".jpg","210.9","True","B-Rex Grin","b-rex-grin.html","Original Drawing","True","Add to existing page","Contains ORIGINAL COLOR: review whether original, color study, digitized version, or collector card. Filename suggests a view/turnaround or part-specific image.","D:\github\ron-english-sketches-and-drawings\images\Sketches\grins\B-Rex Grin side ORIGINAL COLOR  1.jpg"
"B-Rex Grin side ORIGINAL COLOR 2.jpg",".jpg","365.2","True","B-Rex Grin","b-rex-grin.html","Original Drawing","True","Add to existing page","Contains ORIGINAL COLOR: review whether original, color study, digitized version, or collector card. Filename suggests a view/turnaround or part-specific image.","D:\github\ron-english-sketches-and-drawings\images\Sketches\grins\B-Rex Grin side ORIGINAL COLOR 2.jpg"
"Bugs Grin B&W.jpg",".jpg","303.9","True","Bugs Grin","bugs-grin.html","Digitized Versions","True","Add to existing page","","D:\github\ron-english-sketches-and-drawings\images\Sketches\grins\Bugs Grin B&W.jpg"
"Bugs Grin COLOR.jpg",".jpg","302.5","True","Bugs Grin","bugs-grin.html","Digitized Versions","True","Add to existing page","","D:\github\ron-english-sketches-and-drawings\images\Sketches\grins\Bugs Grin COLOR.jpg"
"Bugs Grin ORIGINAL.jpg",".jpg","137","True","Bugs Grin","bugs-grin.html","Original Drawing","True","Add to existing page","","D:\github\ron-english-sketches-and-drawings\images\Sketches\grins\Bugs Grin ORIGINAL.jpg"
"Bulldog Grin B&W.jpg",".jpg","337.7","True","Bulldog Grin","bulldog-grin.html","Digitized Versions","True","Add to existing page","","D:\github\ron-english-sketches-and-drawings\images\Sketches\grins\Bulldog Grin B&W.jpg"
"Bulldog Grin COLOR.jpg",".jpg","245.1","True","Bulldog Grin","bulldog-grin.html","Digitized Versions","True","Add to existing page","","D:\github\ron-english-sketches-and-drawings\images\Sketches\grins\Bulldog Grin COLOR.jpg"
"Businessman Grin B&W.jpg",".jpg","254.7","True","Businessman Grin","businessman-grin.html","Digitized Versions","True","Add to existing page","","D:\github\ron-english-sketches-and-drawings\images\Sketches\grins\Businessman Grin B&W.jpg"
"Businessman grin back B&W.jpg",".jpg","218.3","True","Businessman grin","businessman-grin.html","Digitized Versions","True","Add to existing page","Filename suggests a view/turnaround or part-specific image.","D:\github\ron-english-sketches-and-drawings\images\Sketches\grins\Businessman grin back B&W.jpg"
"Businessman grin back COLOR.jpg",".jpg","202","True","Businessman grin","businessman-grin.html","Digitized Versions","True","Add to existing page","Filename suggests a view/turnaround or part-specific image.","D:\github\ron-english-sketches-and-drawings\images\Sketches\grins\Businessman grin back COLOR.jpg"
"Businessman grin back ORIGINAL.jpg",".jpg","133.5","True","Businessman grin","businessman-grin.html","Original Drawing","True","Add to existing page","Filename suggests a view/turnaround or part-specific image.","D:\github\ron-english-sketches-and-drawings\images\Sketches\grins\Businessman grin back ORIGINAL.jpg"
"Businessman Grin COLOR.jpg",".jpg","287.4","True","Businessman Grin","businessman-grin.html","Digitized Versions","True","Add to existing page","","D:\github\ron-english-sketches-and-drawings\images\Sketches\grins\Businessman Grin COLOR.jpg"
"Businessman grin left side B&W.jpg",".jpg","226.8","True","Businessman grin","businessman-grin.html","Digitized Versions","True","Add to existing page","Filename suggests a view/turnaround or part-specific image.","D:\github\ron-english-sketches-and-drawings\images\Sketches\grins\Businessman grin left side B&W.jpg"
"Businessman grin left side COLOR.jpg",".jpg","235","True","Businessman grin","businessman-grin.html","Digitized Versions","True","Add to existing page","Filename suggests a view/turnaround or part-specific image.","D:\github\ron-english-sketches-and-drawings\images\Sketches\grins\Businessman grin left side COLOR.jpg"
"Businessman grin left side ORIGINAL.jpg",".jpg","135","True","Businessman grin","businessman-grin.html","Original Drawing","True","Add to existing page","Filename suggests a view/turnaround or part-specific image.","D:\github\ron-english-sketches-and-drawings\images\Sketches\grins\Businessman grin left side ORIGINAL.jpg"
"Businessman Grin ORIGINAL.jpg",".jpg","297.7","True","Businessman Grin","businessman-grin.html","Original Drawing","True","Add to existing page","","D:\github\ron-english-sketches-and-drawings\images\Sketches\grins\Businessman Grin ORIGINAL.jpg"
"Businessman grin right side B&W.jpg",".jpg","204.4","True","Businessman grin","businessman-grin.html","Digitized Versions","True","Add to existing page","Filename suggests a view/turnaround or part-specific image.","D:\github\ron-english-sketches-and-drawings\images\Sketches\grins\Businessman grin right side B&W.jpg"
"Businessman grin right side COLOR.jpg",".jpg","220.4","True","Businessman grin","businessman-grin.html","Digitized Versions","True","Add to existing page","Filename suggests a view/turnaround or part-specific image.","D:\github\ron-english-sketches-and-drawings\images\Sketches\grins\Businessman grin right side COLOR.jpg"
"Businessman grin right side ORIGINAL.jpg",".jpg","129.8","True","Businessman grin","businessman-grin.html","Original Drawing","True","Add to existing page","Filename suggests a view/turnaround or part-specific image.","D:\github\ron-english-sketches-and-drawings\images\Sketches\grins\Businessman grin right side ORIGINAL.jpg"
"Butterfly Wings Grin 1.png",".png","156.6","False","Butterfly Wings Grin 1","butterfly-wings-grin-1.html","Digitized Versions","False","Likely create new page","","D:\github\ron-english-sketches-and-drawings\images\Sketches\grins\Butterfly Wings Grin 1.png"
"Butterfly Wings Grin 2.png",".png","142.5","False","Butterfly Wings Grin 2","butterfly-wings-grin-2.html","Digitized Versions","False","Likely create new page","","D:\github\ron-english-sketches-and-drawings\images\Sketches\grins\Butterfly Wings Grin 2.png"
"C3PO Grin B&W.jpg",".jpg","248.4","True","C3PO Grin","c3po-grin.html","Digitized Versions","True","Add to existing page","","D:\github\ron-english-sketches-and-drawings\images\Sketches\grins\C3PO Grin B&W.jpg"
"C3PO Grin COLOR.jpg",".jpg","145","True","C3PO Grin","c3po-grin.html","Digitized Versions","True","Add to existing page","","D:\github\ron-english-sketches-and-drawings\images\Sketches\grins\C3PO Grin COLOR.jpg"
"Cafeteria Lady Grin B&W.jpg",".jpg","100.1","True","Cafeteria Lady Grin","cafeteria-lady-grin.html","Digitized Versions","True","Add to existing page","","D:\github\ron-english-sketches-and-drawings\images\Sketches\grins\Cafeteria Lady Grin B&W.jpg"
"Cafeteria Lady Grin COLOR.jpg",".jpg","105.8","True","Cafeteria Lady Grin","cafeteria-lady-grin.html","Digitized Versions","True","Add to existing page","","D:\github\ron-english-sketches-and-drawings\images\Sketches\grins\Cafeteria Lady Grin COLOR.jpg"
"Cafeteria Lady Grin ORIGINAL.jpg",".jpg","175.9","True","Cafeteria Lady Grin","cafeteria-lady-grin.html","Original Drawing","True","Add to existing page","","D:\github\ron-english-sketches-and-drawings\images\Sketches\grins\Cafeteria Lady Grin ORIGINAL.jpg"
"Cap’n Cornstarch Grin B&W.jpg",".jpg","223.4","True","Cap’n Cornstarch Grin","cap-n-cornstarch-grin.html","Digitized Versions","True","Add to existing page","","D:\github\ron-english-sketches-and-drawings\images\Sketches\grins\Cap’n Cornstarch Grin B&W.jpg"
"Cap’n Cornstarch Grin COLOR.jpg",".jpg","218.7","True","Cap’n Cornstarch Grin","cap-n-cornstarch-grin.html","Digitized Versions","True","Add to existing page","","D:\github\ron-english-sketches-and-drawings\images\Sketches\grins\Cap’n Cornstarch Grin COLOR.jpg"
"Cap’n Cornstarch Grin ORIGINAL.jpg",".jpg","268","True","Cap’n Cornstarch Grin","cap-n-cornstarch-grin.html","Original Drawing","True","Add to existing page","","D:\github\ron-english-sketches-and-drawings\images\Sketches\grins\Cap’n Cornstarch Grin ORIGINAL.jpg"
"Carmelo Grin B&W.jpg",".jpg","178","True","Carmelo Grin","carmelo-grin.html","Digitized Versions","True","Add to existing page","","D:\github\ron-english-sketches-and-drawings\images\Sketches\grins\Carmelo Grin B&W.jpg"
"Carmelo Grin COLOR.jpg",".jpg","228.7","True","Carmelo Grin","carmelo-grin.html","Digitized Versions","True","Add to existing page","","D:\github\ron-english-sketches-and-drawings\images\Sketches\grins\Carmelo Grin COLOR.jpg"
"Carmelo Grin ORIGINAL.jpg",".jpg","215.8","True","Carmelo Grin","carmelo-grin.html","Original Drawing","True","Add to existing page","","D:\github\ron-english-sketches-and-drawings\images\Sketches\grins\Carmelo Grin ORIGINAL.jpg"
"Carmelo Grin ORIGINAL.png",".png","236.9","True","Carmelo Grin","carmelo-grin.html","Original Drawing","True","Add to existing page","","D:\github\ron-english-sketches-and-drawings\images\Sketches\grins\Carmelo Grin ORIGINAL.png"
"Carousel Grinnie back B&W.jpg",".jpg","57","True","Carousel Grinnie","carousel-grinnie.html","Digitized Versions","True","Add to existing page","Filename suggests a view/turnaround or part-specific image.","D:\github\ron-english-sketches-and-drawings\images\Sketches\grins\Carousel Grinnie back B&W.jpg"
"Carousel Grinnie back COLOR.jpg",".jpg","96.8","True","Carousel Grinnie","carousel-grinnie.html","Digitized Versions","True","Add to existing page","Filename suggests a view/turnaround or part-specific image.","D:\github\ron-english-sketches-and-drawings\images\Sketches\grins\Carousel Grinnie back COLOR.jpg"
"Carousel Grinnie back ORIGINAL.jpg",".jpg","214.7","True","Carousel Grinnie","carousel-grinnie.html","Original Drawing","True","Add to existing page","Filename suggests a view/turnaround or part-specific image.","D:\github\ron-english-sketches-and-drawings\images\Sketches\grins\Carousel Grinnie back ORIGINAL.jpg"
"Carousel Grinnie front B&W.jpg",".jpg","95.6","True","Carousel Grinnie","carousel-grinnie.html","Digitized Versions","True","Add to existing page","Filename suggests a view/turnaround or part-specific image.","D:\github\ron-english-sketches-and-drawings\images\Sketches\grins\Carousel Grinnie front B&W.jpg"
"Carousel Grinnie front COLOR.jpg",".jpg","275.7","True","Carousel Grinnie","carousel-grinnie.html","Digitized Versions","True","Add to existing page","Filename suggests a view/turnaround or part-specific image.","D:\github\ron-english-sketches-and-drawings\images\Sketches\grins\Carousel Grinnie front COLOR.jpg"
"Carousel Grinnie front ORIGINAL.jpg",".jpg","262","True","Carousel Grinnie","carousel-grinnie.html","Original Drawing","True","Add to existing page","Filename suggests a view/turnaround or part-specific image.","D:\github\ron-english-sketches-and-drawings\images\Sketches\grins\Carousel Grinnie front ORIGINAL.jpg"
"Carousel Grinnie side B&W.jpg",".jpg","146","True","Carousel Grinnie","carousel-grinnie.html","Digitized Versions","True","Add to existing page","Filename suggests a view/turnaround or part-specific image.","D:\github\ron-english-sketches-and-drawings\images\Sketches\grins\Carousel Grinnie side B&W.jpg"
"Carousel Grinnie side COLOR.jpg",".jpg","207.8","True","Carousel Grinnie","carousel-grinnie.html","Digitized Versions","True","Add to existing page","Filename suggests a view/turnaround or part-specific image.","D:\github\ron-english-sketches-and-drawings\images\Sketches\grins\Carousel Grinnie side COLOR.jpg"
"Carousel Grinnie side ORIGINAL.jpg",".jpg","242.4","True","Carousel Grinnie","carousel-grinnie.html","Original Drawing","True","Add to existing page","Filename suggests a view/turnaround or part-specific image.","D:\github\ron-english-sketches-and-drawings\images\Sketches\grins\Carousel Grinnie side ORIGINAL.jpg"
"Cartman Grin B&W.jpg",".jpg","276.1","True","Cartman Grin","cartman-grin.html","Digitized Versions","True","Add to existing page","","D:\github\ron-english-sketches-and-drawings\images\Sketches\grins\Cartman Grin B&W.jpg"
"Cartman Grin card.jpg",".jpg","185.6","True","Cartman Grin","cartman-grin.html","Collector Cards","True","Add to existing page","Filename suggests collector card.","D:\github\ron-english-sketches-and-drawings\images\Sketches\grins\Cartman Grin card.jpg"
"Cartman Grin COLOR.jpg",".jpg","225.7","True","Cartman Grin","cartman-grin.html","Digitized Versions","True","Add to existing page","","D:\github\ron-english-sketches-and-drawings\images\Sketches\grins\Cartman Grin COLOR.jpg"
"Cartman Grin colorway 2.jpg",".jpg","220.1","True","Cartman Grin","cartman-grin.html","Digitized Versions","True","Add to existing page","","D:\github\ron-english-sketches-and-drawings\images\Sketches\grins\Cartman Grin colorway 2.jpg"
"Cartman Grin colorway 3.jpg",".jpg","230.5","True","Cartman Grin","cartman-grin.html","Digitized Versions","True","Add to existing page","","D:\github\ron-english-sketches-and-drawings\images\Sketches\grins\Cartman Grin colorway 3.jpg"
"Cartman Grin colorway 4.jpg",".jpg","235.4","True","Cartman Grin","cartman-grin.html","Digitized Versions","True","Add to existing page","","D:\github\ron-english-sketches-and-drawings\images\Sketches\grins\Cartman Grin colorway 4.jpg"
"Cartman Grin colorway 5.jpg",".jpg","258.4","True","Cartman Grin","cartman-grin.html","Digitized Versions","True","Add to existing page","","D:\github\ron-english-sketches-and-drawings\images\Sketches\grins\Cartman Grin colorway 5.jpg"
"Cartman Grin ORIGINAL COLOR 1.jpg",".jpg","284.7","True","Cartman Grin","cartman-grin.html","Original Drawing","True","Add to existing page","Contains ORIGINAL COLOR: review whether original, color study, digitized version, or collector card.","D:\github\ron-english-sketches-and-drawings\images\Sketches\grins\Cartman Grin ORIGINAL COLOR 1.jpg"
"Cartman Grin ORIGINAL COLOR 2.jpg",".jpg","200.4","True","Cartman Grin","cartman-grin.html","Original Drawing","True","Add to existing page","Contains ORIGINAL COLOR: review whether original, color study, digitized version, or collector card.","D:\github\ron-english-sketches-and-drawings\images\Sketches\grins\Cartman Grin ORIGINAL COLOR 2.jpg"
"Cartman Grin ORIGINAL COLOR 3.jpg",".jpg","199.3","True","Cartman Grin","cartman-grin.html","Original Drawing","True","Add to existing page","Contains ORIGINAL COLOR: review whether original, color study, digitized version, or collector card.","D:\github\ron-english-sketches-and-drawings\images\Sketches\grins\Cartman Grin ORIGINAL COLOR 3.jpg"
"Cartman Grin ORIGINAL COLOR 4.jpg",".jpg","199.5","True","Cartman Grin","cartman-grin.html","Original Drawing","True","Add to existing page","Contains ORIGINAL COLOR: review whether original, color study, digitized version, or collector card.","D:\github\ron-english-sketches-and-drawings\images\Sketches\grins\Cartman Grin ORIGINAL COLOR 4.jpg"
"Cartman Grin ORIGINAL COLOR 5.jpg",".jpg","183.8","True","Cartman Grin","cartman-grin.html","Original Drawing","True","Add to existing page","Contains ORIGINAL COLOR: review whether original, color study, digitized version, or collector card.","D:\github\ron-english-sketches-and-drawings\images\Sketches\grins\Cartman Grin ORIGINAL COLOR 5.jpg"
"Cartman Grin ORIGINAL.jpg",".jpg","291.3","True","Cartman Grin","cartman-grin.html","Original Drawing","True","Add to existing page","","D:\github\ron-english-sketches-and-drawings\images\Sketches\grins\Cartman Grin ORIGINAL.jpg"
"Cat Grin 1 B&W.jpg",".jpg","238.1","True","Cat Grin 1","cat-grin-1.html","Digitized Versions","True","Add to existing page","","D:\github\ron-english-sketches-and-drawings\images\Sketches\grins\Cat Grin 1 B&W.jpg"
"Cat Grin 1 card.png",".png","286.5","True","Cat Grin 1","cat-grin-1.html","Collector Cards","True","Add to existing page","Filename suggests collector card.","D:\github\ron-english-sketches-and-drawings\images\Sketches\grins\Cat Grin 1 card.png"
"Cat Grin 1 COLOR.jpg",".jpg","235.9","True","Cat Grin 1","cat-grin-1.html","Digitized Versions","True","Add to existing page","","D:\github\ron-english-sketches-and-drawings\images\Sketches\grins\Cat Grin 1 COLOR.jpg"
"Cat Grin 2 B&W.jpg",".jpg","212.4","True","Cat Grin 2","cat-grin-2.html","Digitized Versions","True","Add to existing page","","D:\github\ron-english-sketches-and-drawings\images\Sketches\grins\Cat Grin 2 B&W.jpg"
"Cat Grin 2 COLOR.jpg",".jpg","226","True","Cat Grin 2","cat-grin-2.html","Digitized Versions","True","Add to existing page","","D:\github\ron-english-sketches-and-drawings\images\Sketches\grins\Cat Grin 2 COLOR.jpg"
"Cat Grin 2 ORIGINAL 2.jpg",".jpg","176.6","True","Cat Grin 2","cat-grin-2.html","Original Drawing","True","Add to existing page","","D:\github\ron-english-sketches-and-drawings\images\Sketches\grins\Cat Grin 2 ORIGINAL 2.jpg"
"Cat Grin 2 ORIGINAL.jpg",".jpg","309.4","True","Cat Grin 2","cat-grin-2.html","Original Drawing","True","Add to existing page","","D:\github\ron-english-sketches-and-drawings\images\Sketches\grins\Cat Grin 2 ORIGINAL.jpg"
"Cat Grin card 3.jpg",".jpg","186.6","True","Cat Grin","cat-grin.html","Collector Cards","True","Add to existing page","Filename suggests collector card.","D:\github\ron-english-sketches-and-drawings\images\Sketches\grins\Cat Grin card 3.jpg"
"Cat Grin card.jpg",".jpg","223.6","True","Cat Grin","cat-grin.html","Collector Cards","True","Add to existing page","Filename suggests collector card.","D:\github\ron-english-sketches-and-drawings\images\Sketches\grins\Cat Grin card.jpg"
"Cat in Hat Grin B&W.jpg",".jpg","183.8","True","Cat in Hat Grin","cat-in-hat-grin.html","Digitized Versions","True","Add to existing page","","D:\github\ron-english-sketches-and-drawings\images\Sketches\grins\Cat in Hat Grin B&W.jpg"
"Cat in Hat Grin COLOR.jpg",".jpg","190.8","True","Cat in Hat Grin","cat-in-hat-grin.html","Digitized Versions","True","Add to existing page","","D:\github\ron-english-sketches-and-drawings\images\Sketches\grins\Cat in Hat Grin COLOR.jpg"
"Cat in Hat Grin ORIGINAL.jpg",".jpg","175.1","True","Cat in Hat Grin","cat-in-hat-grin.html","Original Drawing","True","Add to existing page","","D:\github\ron-english-sketches-and-drawings\images\Sketches\grins\Cat in Hat Grin ORIGINAL.jpg"
"Catbrain Grin ORIGINAL.jpg",".jpg","369.8","True","Catbrain Grin","catbrain-grin.html","Original Drawing","True","Add to existing page","","D:\github\ron-english-sketches-and-drawings\images\Sketches\grins\Catbrain Grin ORIGINAL.jpg"
"Charlie Brown Grin back ORIGINAL.jpg",".jpg","87.1","True","Charlie Brown Grin","charlie-brown-grin.html","Original Drawing","True","Add to existing page","Filename suggests a view/turnaround or part-specific image.","D:\github\ron-english-sketches-and-drawings\images\Sketches\grins\Charlie Brown Grin back ORIGINAL.jpg"
"Charlie Brown Grin left side ORIGINAL.jpg",".jpg","267.7","True","Charlie Brown Grin","charlie-brown-grin.html","Original Drawing","True","Add to existing page","Filename suggests a view/turnaround or part-specific image.","D:\github\ron-english-sketches-and-drawings\images\Sketches\grins\Charlie Brown Grin left side ORIGINAL.jpg"
"Charlie Brown Grin right side ORIGINAL.jpg",".jpg","161.2","True","Charlie Brown Grin","charlie-brown-grin.html","Original Drawing","True","Add to existing page","Filename suggests a view/turnaround or part-specific image.","D:\github\ron-english-sketches-and-drawings\images\Sketches\grins\Charlie Brown Grin right side ORIGINAL.jpg"
"Charlie Grin Flying B&W.jpg",".jpg","261.3","True","Charlie Grin Flying","charlie-grin-flying.html","Digitized Versions","True","Add to existing page","","D:\github\ron-english-sketches-and-drawings\images\Sketches\grins\Charlie Grin Flying B&W.jpg"
"Charlie Grin Flying COLOR.jpg",".jpg","215.7","True","Charlie Grin Flying","charlie-grin-flying.html","Digitized Versions","True","Add to existing page","","D:\github\ron-english-sketches-and-drawings\images\Sketches\grins\Charlie Grin Flying COLOR.jpg"
"Charlie Grin Flying ORIGINAL.jpg",".jpg","351.2","True","Charlie Grin Flying","charlie-grin-flying.html","Original Drawing","True","Add to existing page","","D:\github\ron-english-sketches-and-drawings\images\Sketches\grins\Charlie Grin Flying ORIGINAL.jpg"
"Charlie Grin X Ray B&W.jpg",".jpg","184.7","True","Charlie Grin X Ray","charlie-grin-x-ray.html","Digitized Versions","True","Add to existing page","","D:\github\ron-english-sketches-and-drawings\images\Sketches\grins\Charlie Grin X Ray B&W.jpg"
"Charlie Grin X Ray COLOR.jpg",".jpg","228.7","True","Charlie Grin X Ray","charlie-grin-x-ray.html","Digitized Versions","True","Add to existing page","","D:\github\ron-english-sketches-and-drawings\images\Sketches\grins\Charlie Grin X Ray COLOR.jpg"
"Charlie Grin X Ray ORIGINAL.jpg",".jpg","270.1","True","Charlie Grin X Ray","charlie-grin-x-ray.html","Original Drawing","True","Add to existing page","","D:\github\ron-english-sketches-and-drawings\images\Sketches\grins\Charlie Grin X Ray ORIGINAL.jpg"
"Charlie Grin X-Ray ORIGINAL COLOR.jpg",".jpg","204.5","True","Charlie Grin X-Ray","charlie-grin-x-ray.html","Original Drawing","True","Add to existing page","Contains ORIGINAL COLOR: review whether original, color study, digitized version, or collector card.","D:\github\ron-english-sketches-and-drawings\images\Sketches\grins\Charlie Grin X-Ray ORIGINAL COLOR.jpg"
"Cheshire Cat Grin B&W.jpg",".jpg","305","True","Cheshire Cat Grin","cheshire-cat-grin.html","Digitized Versions","True","Add to existing page","","D:\github\ron-english-sketches-and-drawings\images\Sketches\grins\Cheshire Cat Grin B&W.jpg"
"Cheshire Cat Grin COLOR.jpg",".jpg","273.4","True","Cheshire Cat Grin","cheshire-cat-grin.html","Digitized Versions","True","Add to existing page","","D:\github\ron-english-sketches-and-drawings\images\Sketches\grins\Cheshire Cat Grin COLOR.jpg"
"Cheshire Cat Grin ORIGINAL.jpg",".jpg","277.1","True","Cheshire Cat Grin","cheshire-cat-grin.html","Original Drawing","True","Add to existing page","","D:\github\ron-english-sketches-and-drawings\images\Sketches\grins\Cheshire Cat Grin ORIGINAL.jpg"
"Chico Roco back B&W.jpg",".jpg","142.8","True","Chico Roco","chico-roco.html","Digitized Versions","True","Add to existing page","Filename suggests a view/turnaround or part-specific image.","D:\github\ron-english-sketches-and-drawings\images\Sketches\grins\Chico Roco back B&W.jpg"
"Chico Roco back ORIGINAL.jpg",".jpg","151.8","True","Chico Roco","chico-roco.html","Original Drawing","True","Add to existing page","Filename suggests a view/turnaround or part-specific image.","D:\github\ron-english-sketches-and-drawings\images\Sketches\grins\Chico Roco back ORIGINAL.jpg"
"chico roco back variation B&W.jpg",".jpg","143.5","True","chico roco back variation","chico-roco-back-variation.html","Digitized Versions","False","Likely create new page","Filename suggests a view/turnaround or part-specific image.","D:\github\ron-english-sketches-and-drawings\images\Sketches\grins\chico roco back variation B&W.jpg"
"Chico Roco bottom B&W.jpg",".jpg","173.1","True","Chico Roco bottom","chico-roco-bottom.html","Digitized Versions","False","Likely create new page","","D:\github\ron-english-sketches-and-drawings\images\Sketches\grins\Chico Roco bottom B&W.jpg"
"Chico Roco bottom ORIGINAL.jpg",".jpg","176","True","Chico Roco bottom","chico-roco-bottom.html","Original Drawing","False","Likely create new page","","D:\github\ron-english-sketches-and-drawings\images\Sketches\grins\Chico Roco bottom ORIGINAL.jpg"
"Chico Roco front ORIGINAL.jpg",".jpg","175","True","Chico Roco","chico-roco.html","Original Drawing","True","Add to existing page","Filename suggests a view/turnaround or part-specific image.","D:\github\ron-english-sketches-and-drawings\images\Sketches\grins\Chico Roco front ORIGINAL.jpg"
"Chico Roco front Variation B&W.jpg",".jpg","182.1","True","Chico Roco front Variation","chico-roco-front-variation.html","Digitized Versions","False","Likely create new page","Filename suggests a view/turnaround or part-specific image.","D:\github\ron-english-sketches-and-drawings\images\Sketches\grins\Chico Roco front Variation B&W.jpg"
"Chico Roco left side B&W.jpg",".jpg","119","True","Chico Roco","chico-roco.html","Digitized Versions","True","Add to existing page","Filename suggests a view/turnaround or part-specific image.","D:\github\ron-english-sketches-and-drawings\images\Sketches\grins\Chico Roco left side B&W.jpg"
"Chico Roco left side ORIGINAL.jpg",".jpg","170.5","True","Chico Roco","chico-roco.html","Original Drawing","True","Add to existing page","Filename suggests a view/turnaround or part-specific image.","D:\github\ron-english-sketches-and-drawings\images\Sketches\grins\Chico Roco left side ORIGINAL.jpg"
"Chico Roco left side Variation B&W.jpg",".jpg","138.8","True","Chico Roco left side Variation","chico-roco-left-side-variation.html","Digitized Versions","False","Likely create new page","Filename suggests a view/turnaround or part-specific image.","D:\github\ron-english-sketches-and-drawings\images\Sketches\grins\Chico Roco left side Variation B&W.jpg"
"Chico Roco Rabbit Grin blue.jpg",".jpg","115.6","True","Chico Roco Rabbit Grin","chico-roco-rabbit-grin.html","Digitized Versions","True","Add to existing page","","D:\github\ron-english-sketches-and-drawings\images\Sketches\grins\Chico Roco Rabbit Grin blue.jpg"
"Chico Roco Rabbit Grin green.jpg",".jpg","136.4","True","Chico Roco Rabbit Grin","chico-roco-rabbit-grin.html","Digitized Versions","True","Add to existing page","","D:\github\ron-english-sketches-and-drawings\images\Sketches\grins\Chico Roco Rabbit Grin green.jpg"
"Chico Roco Rabbit Grin pink.jpg",".jpg","127.6","True","Chico Roco Rabbit Grin","chico-roco-rabbit-grin.html","Digitized Versions","True","Add to existing page","","D:\github\ron-english-sketches-and-drawings\images\Sketches\grins\Chico Roco Rabbit Grin pink.jpg"
"Chico Roco Rabbit Grin yellow.jpg",".jpg","135.9","True","Chico Roco Rabbit Grin","chico-roco-rabbit-grin.html","Digitized Versions","True","Add to existing page","","D:\github\ron-english-sketches-and-drawings\images\Sketches\grins\Chico Roco Rabbit Grin yellow.jpg"
"Chico Roco right side Variation B&W.jpg",".jpg","147.8","True","Chico Roco right side Variation","chico-roco-right-side-variation.html","Digitized Versions","False","Likely create new page","Filename suggests a view/turnaround or part-specific image.","D:\github\ron-english-sketches-and-drawings\images\Sketches\grins\Chico Roco right side Variation B&W.jpg"
"Chico Roco telephone.jpg",".jpg","105.2","True","Chico Roco telephone","chico-roco-telephone.html","Digitized Versions","True","Add to existing page","","D:\github\ron-english-sketches-and-drawings\images\Sketches\grins\Chico Roco telephone.jpg"
"Chico Roco top B&W.jpg",".jpg","148.2","True","Chico Roco top","chico-roco-top.html","Digitized Versions","False","Likely create new page","","D:\github\ron-english-sketches-and-drawings\images\Sketches\grins\Chico Roco top B&W.jpg"
"Chico Roco top ORIGINAL.jpg",".jpg","172.9","True","Chico Roco top","chico-roco-top.html","Original Drawing","False","Likely create new page","","D:\github\ron-english-sketches-and-drawings\images\Sketches\grins\Chico Roco top ORIGINAL.jpg"
"Chico Roco.jpg",".jpg","125.2","True","Chico Roco","chico-roco.html","Digitized Versions","True","Add to existing page","","D:\github\ron-english-sketches-and-drawings\images\Sketches\grins\Chico Roco.jpg"
"Chuckie Grin ORIGINAL COLOR.jpg",".jpg","589.4","True","Chuckie Grin","chuckie-grin.html","Original Drawing","True","Add to existing page","Contains ORIGINAL COLOR: review whether original, color study, digitized version, or collector card.","D:\github\ron-english-sketches-and-drawings\images\Sketches\grins\Chuckie Grin ORIGINAL COLOR.jpg"
"Chuckie Grin ORIGINAL.jpg",".jpg","585.7","True","Chuckie Grin","chuckie-grin.html","Original Drawing","True","Add to existing page","","D:\github\ron-english-sketches-and-drawings\images\Sketches\grins\Chuckie Grin ORIGINAL.jpg"
"Count Calorie Grin B&W.jpg",".jpg","200.8","True","Count Calorie Grin","count-calorie-grin.html","Digitized Versions","True","Add to existing page","","D:\github\ron-english-sketches-and-drawings\images\Sketches\grins\Count Calorie Grin B&W.jpg"
"Count Calorie Grin COLOR.jpg",".jpg","203.1","True","Count Calorie Grin","count-calorie-grin.html","Digitized Versions","True","Add to existing page","","D:\github\ron-english-sketches-and-drawings\images\Sketches\grins\Count Calorie Grin COLOR.jpg"
"Count Calorie Grin ORIGINAL.jpg",".jpg","261","True","Count Calorie Grin","count-calorie-grin.html","Original Drawing","True","Add to existing page","","D:\github\ron-english-sketches-and-drawings\images\Sketches\grins\Count Calorie Grin ORIGINAL.jpg"
"Courage Dog Grin B&W.jpg",".jpg","233.8","True","Courage Dog Grin","courage-dog-grin.html","Digitized Versions","True","Add to existing page","","D:\github\ron-english-sketches-and-drawings\images\Sketches\grins\Courage Dog Grin B&W.jpg"
"Courage Dog Grin COLOR.jpg",".jpg","248","True","Courage Dog Grin","courage-dog-grin.html","Digitized Versions","True","Add to existing page","","D:\github\ron-english-sketches-and-drawings\images\Sketches\grins\Courage Dog Grin COLOR.jpg"
"Courage Dog Grin ORIGINAL.jpg",".jpg","330.7","True","Courage Dog Grin","courage-dog-grin.html","Original Drawing","True","Add to existing page","","D:\github\ron-english-sketches-and-drawings\images\Sketches\grins\Courage Dog Grin ORIGINAL.jpg"
"COVID Grin B&W.jpg",".jpg","197.1","True","COVID Grin","covid-grin.html","Digitized Versions","True","Add to existing page","","D:\github\ron-english-sketches-and-drawings\images\Sketches\grins\COVID Grin B&W.jpg"
"COVID Grin card.jpg",".jpg","664.6","True","COVID Grin","covid-grin.html","Collector Cards","True","Add to existing page","Filename suggests collector card.","D:\github\ron-english-sketches-and-drawings\images\Sketches\grins\COVID Grin card.jpg"
"COVID Grin COLOR.jpg",".jpg","223.1","True","COVID Grin","covid-grin.html","Digitized Versions","True","Add to existing page","","D:\github\ron-english-sketches-and-drawings\images\Sketches\grins\COVID Grin COLOR.jpg"
"COVID Grin ORIGINAL.jpg",".jpg","200","True","COVID Grin","covid-grin.html","Original Drawing","True","Add to existing page","","D:\github\ron-english-sketches-and-drawings\images\Sketches\grins\COVID Grin ORIGINAL.jpg"
"Cow Grin B&W.jpg",".jpg","237.4","True","Cow Grin","cow-grin.html","Digitized Versions","True","Add to existing page","","D:\github\ron-english-sketches-and-drawings\images\Sketches\grins\Cow Grin B&W.jpg"
"Cow Grin COLOR.jpg",".jpg","226.5","True","Cow Grin","cow-grin.html","Digitized Versions","True","Add to existing page","","D:\github\ron-english-sketches-and-drawings\images\Sketches\grins\Cow Grin COLOR.jpg"
"Cow Grin ORIGINAL.jpg",".jpg","266.9","True","Cow Grin","cow-grin.html","Original Drawing","True","Add to existing page","","D:\github\ron-english-sketches-and-drawings\images\Sketches\grins\Cow Grin ORIGINAL.jpg"
"Creepy Creature B&W.jpg",".jpg","291.2","True","Creepy Creature","creepy-creature.html","Digitized Versions","True","Add to existing page","","D:\github\ron-english-sketches-and-drawings\images\Sketches\grins\Creepy Creature B&W.jpg"
"Creepy Creature COLOR.jpg",".jpg","347.4","True","Creepy Creature","creepy-creature.html","Digitized Versions","True","Add to existing page","","D:\github\ron-english-sketches-and-drawings\images\Sketches\grins\Creepy Creature COLOR.jpg"
"Creepy Creature ORIGINAL.jpg",".jpg","199.2","True","Creepy Creature","creepy-creature.html","Original Drawing","True","Add to existing page","","D:\github\ron-english-sketches-and-drawings\images\Sketches\grins\Creepy Creature ORIGINAL.jpg"
"Croc Grin B&W.jpg",".jpg","251.3","True","Croc Grin","croc-grin.html","Digitized Versions","True","Add to existing page","","D:\github\ron-english-sketches-and-drawings\images\Sketches\grins\Croc Grin B&W.jpg"
"Croc Grin COLOR.jpg",".jpg","245.6","True","Croc Grin","croc-grin.html","Digitized Versions","True","Add to existing page","","D:\github\ron-english-sketches-and-drawings\images\Sketches\grins\Croc Grin COLOR.jpg"
"Croc Grin ORIGINAL COLOR.jpg",".jpg","245.6","True","Croc Grin","croc-grin.html","Original Drawing","True","Add to existing page","Contains ORIGINAL COLOR: review whether original, color study, digitized version, or collector card.","D:\github\ron-english-sketches-and-drawings\images\Sketches\grins\Croc Grin ORIGINAL COLOR.jpg"
"Croc Grin ORIGINAL.jpg",".jpg","218.6","True","Croc Grin","croc-grin.html","Original Drawing","True","Add to existing page","","D:\github\ron-english-sketches-and-drawings\images\Sketches\grins\Croc Grin ORIGINAL.jpg"
"Crossbones Crest Brooklyn Nets Grin 1.jpg",".jpg","407.8","True","Crossbones Crest Brooklyn Nets Grin 1","crossbones-crest-brooklyn-nets-grin-1.html","Digitized Versions","True","Add to existing page","","D:\github\ron-english-sketches-and-drawings\images\Sketches\grins\Crossbones Crest Brooklyn Nets Grin 1.jpg"
"Crossbones Crest Brooklyn Nets Grin 2.jpg",".jpg","368.4","True","Crossbones Crest Brooklyn Nets Grin 2","crossbones-crest-brooklyn-nets-grin-2.html","Digitized Versions","True","Add to existing page","","D:\github\ron-english-sketches-and-drawings\images\Sketches\grins\Crossbones Crest Brooklyn Nets Grin 2.jpg"
"Cryptopunk Grin COLOR.png",".png","243.2","True","Cryptopunk Grin","cryptopunk-grin.html","Digitized Versions","True","Add to existing page","","D:\github\ron-english-sketches-and-drawings\images\Sketches\grins\Cryptopunk Grin COLOR.png"
"Darth Grin ORIGINAL.jpg",".jpg","276.3","False","Darth Grin","darth-grin.html","Original Drawing","False","Likely create new page","","D:\github\ron-english-sketches-and-drawings\images\Sketches\grins\Darth Grin ORIGINAL.jpg"
"Darth Vader Grin B&W.png",".png","97.1","False","Darth Vader Grin","darth-vader-grin.html","Digitized Versions","False","Likely create new page","","D:\github\ron-english-sketches-and-drawings\images\Sketches\grins\Darth Vader Grin B&W.png"
"Darth Vader Grin back ORIGINAL.jpg",".jpg","131.6","False","Darth Vader Grin","darth-vader-grin.html","Original Drawing","False","Likely create new page","Filename suggests a view/turnaround or part-specific image.","D:\github\ron-english-sketches-and-drawings\images\Sketches\grins\Darth Vader Grin back ORIGINAL.jpg"
"Darth Vader Grin COLOR.png",".png","159","False","Darth Vader Grin","darth-vader-grin.html","Digitized Versions","False","Likely create new page","","D:\github\ron-english-sketches-and-drawings\images\Sketches\grins\Darth Vader Grin COLOR.png"
"Darth Vader Grin ORIGINAL.jpg",".jpg","220.8","False","Darth Vader Grin","darth-vader-grin.html","Original Drawing","False","Likely create new page","","D:\github\ron-english-sketches-and-drawings\images\Sketches\grins\Darth Vader Grin ORIGINAL.jpg"
"Darth Vader Grin side B&W.jpg",".jpg","351.8","False","Darth Vader Grin","darth-vader-grin.html","Digitized Versions","False","Likely create new page","Filename suggests a view/turnaround or part-specific image.","D:\github\ron-english-sketches-and-drawings\images\Sketches\grins\Darth Vader Grin side B&W.jpg"
"Darth Vader Grin side COLOR.jpg",".jpg","295.1","False","Darth Vader Grin","darth-vader-grin.html","Digitized Versions","False","Likely create new page","Filename suggests a view/turnaround or part-specific image.","D:\github\ron-english-sketches-and-drawings\images\Sketches\grins\Darth Vader Grin side COLOR.jpg"
"Darth Vader Grin side ORIGINAL.jpg",".jpg","157.3","False","Darth Vader Grin","darth-vader-grin.html","Original Drawing","False","Likely create new page","Filename suggests a view/turnaround or part-specific image.","D:\github\ron-english-sketches-and-drawings\images\Sketches\grins\Darth Vader Grin side ORIGINAL.jpg"
"David Grin COLOR.jpg",".jpg","457.9","False","David Grin","david-grin.html","Digitized Versions","False","Likely create new page","","D:\github\ron-english-sketches-and-drawings\images\Sketches\grins\David Grin COLOR.jpg"
"David Grin ORIGINAL COLOR.jpg",".jpg","59.5","False","David Grin","david-grin.html","Original Drawing","False","Likely create new page","Contains ORIGINAL COLOR: review whether original, color study, digitized version, or collector card.","D:\github\ron-english-sketches-and-drawings\images\Sketches\grins\David Grin ORIGINAL COLOR.jpg"
"David Grin ORIGINAL.jpg",".jpg","485.3","False","David Grin","david-grin.html","Original Drawing","False","Likely create new page","","D:\github\ron-english-sketches-and-drawings\images\Sketches\grins\David Grin ORIGINAL.jpg"
"DEADMAU5 Grin B&W.jpg",".jpg","464.3","False","DEADMAU5 Grin","deadmau5-grin.html","Digitized Versions","True","Add to existing page","","D:\github\ron-english-sketches-and-drawings\images\Sketches\grins\DEADMAU5 Grin B&W.jpg"
"DEADMAU5 Grin back B&W.jpg",".jpg","440.8","False","DEADMAU5 Grin","deadmau5-grin.html","Digitized Versions","True","Add to existing page","Filename suggests a view/turnaround or part-specific image.","D:\github\ron-english-sketches-and-drawings\images\Sketches\grins\DEADMAU5 Grin back B&W.jpg"
"DEADMAU5 Grin back ORIGINAL.jpg",".jpg","266.6","False","DEADMAU5 Grin","deadmau5-grin.html","Original Drawing","True","Add to existing page","Filename suggests a view/turnaround or part-specific image.","D:\github\ron-english-sketches-and-drawings\images\Sketches\grins\DEADMAU5 Grin back ORIGINAL.jpg"
"DEADMAU5 Grin COLOR 1.jpg",".jpg","273.1","False","DEADMAU5 Grin","deadmau5-grin.html","Digitized Versions","True","Add to existing page","","D:\github\ron-english-sketches-and-drawings\images\Sketches\grins\DEADMAU5 Grin COLOR 1.jpg"
"DEADMAU5 Grin COLOR 2.jpg",".jpg","350.7","True","DEADMAU5 Grin","deadmau5-grin.html","Digitized Versions","True","Add to existing page","","D:\github\ron-english-sketches-and-drawings\images\Sketches\grins\DEADMAU5 Grin COLOR 2.jpg"
"DEADMAU5 Grin COLOR 3.jpg",".jpg","315","True","DEADMAU5 Grin","deadmau5-grin.html","Digitized Versions","True","Add to existing page","","D:\github\ron-english-sketches-and-drawings\images\Sketches\grins\DEADMAU5 Grin COLOR 3.jpg"
"DEADMAU5 Grin COLOR 4.jpg",".jpg","293.8","False","DEADMAU5 Grin","deadmau5-grin.html","Digitized Versions","True","Add to existing page","","D:\github\ron-english-sketches-and-drawings\images\Sketches\grins\DEADMAU5 Grin COLOR 4.jpg"
"DEADMAU5 Grin COLOR 5.jpg",".jpg","348.8","True","DEADMAU5 Grin","deadmau5-grin.html","Digitized Versions","True","Add to existing page","","D:\github\ron-english-sketches-and-drawings\images\Sketches\grins\DEADMAU5 Grin COLOR 5.jpg"
"DEADMAU5 Grin COLOR 6.jpg",".jpg","287.4","False","DEADMAU5 Grin","deadmau5-grin.html","Digitized Versions","True","Add to existing page","","D:\github\ron-english-sketches-and-drawings\images\Sketches\grins\DEADMAU5 Grin COLOR 6.jpg"
"DEADMAU5 Grin ORIGINAL.jpg",".jpg","280.7","False","DEADMAU5 Grin","deadmau5-grin.html","Original Drawing","True","Add to existing page","","D:\github\ron-english-sketches-and-drawings\images\Sketches\grins\DEADMAU5 Grin ORIGINAL.jpg"
"DEADMAU5 Grin Running B&W.jpg",".jpg","410.8","False","DEADMAU5 Grin Running","deadmau5-grin-running.html","Digitized Versions","False","Likely create new page","","D:\github\ron-english-sketches-and-drawings\images\Sketches\grins\DEADMAU5 Grin Running B&W.jpg"
"DEADMAU5 Grin Running COLORS.jpg",".jpg","341.6","True","DEADMAU5 Grin Running COLORS","deadmau5-grin-running-colors.html","Digitized Versions","True","Add to existing page","","D:\github\ron-english-sketches-and-drawings\images\Sketches\grins\DEADMAU5 Grin Running COLORS.jpg"
"DEADMAU5 Grin Running ORIGINAL.jpg",".jpg","181.1","False","DEADMAU5 Grin Running","deadmau5-grin-running.html","Original Drawing","False","Likely create new page","","D:\github\ron-english-sketches-and-drawings\images\Sketches\grins\DEADMAU5 Grin Running ORIGINAL.jpg"
"DEADMAU5 Grin side B&W.jpg",".jpg","292","False","DEADMAU5 Grin","deadmau5-grin.html","Digitized Versions","True","Add to existing page","Filename suggests a view/turnaround or part-specific image.","D:\github\ron-english-sketches-and-drawings\images\Sketches\grins\DEADMAU5 Grin side B&W.jpg"
"DEADMAU5 Grin side ORIGINAL.jpg",".jpg","231.2","False","DEADMAU5 Grin","deadmau5-grin.html","Original Drawing","True","Add to existing page","Filename suggests a view/turnaround or part-specific image.","D:\github\ron-english-sketches-and-drawings\images\Sketches\grins\DEADMAU5 Grin side ORIGINAL.jpg"
"DEADMAU5 Grin three quarters B&W.jpg",".jpg","335.9","False","DEADMAU5 Grin","deadmau5-grin.html","Digitized Versions","True","Add to existing page","Filename suggests a view/turnaround or part-specific image.","D:\github\ron-english-sketches-and-drawings\images\Sketches\grins\DEADMAU5 Grin three quarters B&W.jpg"
"DEADMAU5 Grin three quarters ORIGINAL.jpg",".jpg","239.5","False","DEADMAU5 Grin","deadmau5-grin.html","Original Drawing","True","Add to existing page","Filename suggests a view/turnaround or part-specific image.","D:\github\ron-english-sketches-and-drawings\images\Sketches\grins\DEADMAU5 Grin three quarters ORIGINAL.jpg"
"DEADMAUGrin  COLORS.jpg",".jpg","132","True","DEADMAUGrin COLORS","deadmaugrin-colors.html","Digitized Versions","True","Add to existing page","","D:\github\ron-english-sketches-and-drawings\images\Sketches\grins\DEADMAUGrin  COLORS.jpg"
"DEADMAUGrin back COLORS.jpg",".jpg","442.9","True","DEADMAUGrin back COLORS","deadmaugrin-back-colors.html","Digitized Versions","True","Add to existing page","Filename suggests a view/turnaround or part-specific image.","D:\github\ron-english-sketches-and-drawings\images\Sketches\grins\DEADMAUGrin back COLORS.jpg"
"DEADMAUGrin side COLORS.jpg",".jpg","132.5","True","DEADMAUGrin side COLORS","deadmaugrin-side-colors.html","Digitized Versions","True","Add to existing page","Filename suggests a view/turnaround or part-specific image.","D:\github\ron-english-sketches-and-drawings\images\Sketches\grins\DEADMAUGrin side COLORS.jpg"
"Dementon Grin B&W.jpg",".jpg","422.2","False","Dementon Grin","dementon-grin.html","Digitized Versions","False","Likely create new page","","D:\github\ron-english-sketches-and-drawings\images\Sketches\grins\Dementon Grin B&W.jpg"
"Dementon Grin COLOR.jpg",".jpg","324.8","False","Dementon Grin","dementon-grin.html","Digitized Versions","False","Likely create new page","","D:\github\ron-english-sketches-and-drawings\images\Sketches\grins\Dementon Grin COLOR.jpg"
"Dementon Grin ORIGINAL.jpg",".jpg","313.5","False","Dementon Grin","dementon-grin.html","Original Drawing","False","Likely create new page","","D:\github\ron-english-sketches-and-drawings\images\Sketches\grins\Dementon Grin ORIGINAL.jpg"
"Deputy Dog Grin B&W.jpg",".jpg","415","False","Deputy Dog Grin","deputy-dog-grin.html","Digitized Versions","True","Add to existing page","","D:\github\ron-english-sketches-and-drawings\images\Sketches\grins\Deputy Dog Grin B&W.jpg"
"Deputy Dog Grin COLOR.jpg",".jpg","201.3","True","Deputy Dog Grin","deputy-dog-grin.html","Digitized Versions","True","Add to existing page","","D:\github\ron-english-sketches-and-drawings\images\Sketches\grins\Deputy Dog Grin COLOR.jpg"
"Devil Grin B&W.jpg",".jpg","258.2","False","Devil Grin","devil-grin.html","Digitized Versions","False","Likely create new page","","D:\github\ron-english-sketches-and-drawings\images\Sketches\grins\Devil Grin B&W.jpg"
"Devil Grin COLOR.jpg",".jpg","394.2","False","Devil Grin","devil-grin.html","Digitized Versions","False","Likely create new page","","D:\github\ron-english-sketches-and-drawings\images\Sketches\grins\Devil Grin COLOR.jpg"
"Devil Grin ORIGINAL COLOR.jpg",".jpg","65.4","False","Devil Grin","devil-grin.html","Original Drawing","False","Likely create new page","Contains ORIGINAL COLOR: review whether original, color study, digitized version, or collector card.","D:\github\ron-english-sketches-and-drawings\images\Sketches\grins\Devil Grin ORIGINAL COLOR.jpg"
"Devine Devil COLOR.jpg",".jpg","250.5","False","Devine Devil","devine-devil.html","Digitized Versions","False","Likely create new page","","D:\github\ron-english-sketches-and-drawings\images\Sketches\grins\Devine Devil COLOR.jpg"
"Dino Heart Grin B&W.png",".png","82","False","Dino Heart Grin","dino-heart-grin.html","Digitized Versions","False","Likely create new page","","D:\github\ron-english-sketches-and-drawings\images\Sketches\grins\Dino Heart Grin B&W.png"
"Dino Heart Grin COLOR.png",".png","105.1","False","Dino Heart Grin","dino-heart-grin.html","Digitized Versions","False","Likely create new page","","D:\github\ron-english-sketches-and-drawings\images\Sketches\grins\Dino Heart Grin COLOR.png"
"Dino Heart Grin ORIGINAL.jpg",".jpg","440.4","False","Dino Heart Grin","dino-heart-grin.html","Original Drawing","False","Likely create new page","","D:\github\ron-english-sketches-and-drawings\images\Sketches\grins\Dino Heart Grin ORIGINAL.jpg"
"DJ Grin B&W.jpg",".jpg","362","False","DJ Grin","dj-grin.html","Digitized Versions","False","Likely create new page","","D:\github\ron-english-sketches-and-drawings\images\Sketches\grins\DJ Grin B&W.jpg"
"DJ Grin COLOR.jpg",".jpg","322.9","False","DJ Grin","dj-grin.html","Digitized Versions","False","Likely create new page","","D:\github\ron-english-sketches-and-drawings\images\Sketches\grins\DJ Grin COLOR.jpg"
"Dog Grin B&W.png",".png","76.1","False","Dog Grin","dog-grin.html","Digitized Versions","False","Likely create new page","","D:\github\ron-english-sketches-and-drawings\images\Sketches\grins\Dog Grin B&W.png"
"Dog Grin COLOR.jpg",".jpg","302.3","False","Dog Grin","dog-grin.html","Digitized Versions","False","Likely create new page","","D:\github\ron-english-sketches-and-drawings\images\Sketches\grins\Dog Grin COLOR.jpg"
"Dog Grin ORIGINAL COLOR 1.jpg",".jpg","68","False","Dog Grin","dog-grin.html","Original Drawing","False","Likely create new page","Contains ORIGINAL COLOR: review whether original, color study, digitized version, or collector card.","D:\github\ron-english-sketches-and-drawings\images\Sketches\grins\Dog Grin ORIGINAL COLOR 1.jpg"
"Dog Grin ORIGINAL COLOR 2.jpg",".jpg","152.7","False","Dog Grin","dog-grin.html","Original Drawing","False","Likely create new page","Contains ORIGINAL COLOR: review whether original, color study, digitized version, or collector card.","D:\github\ron-english-sketches-and-drawings\images\Sketches\grins\Dog Grin ORIGINAL COLOR 2.jpg"
"Dog Grin ORIGINAL.jpg",".jpg","307.5","False","Dog Grin","dog-grin.html","Original Drawing","False","Likely create new page","","D:\github\ron-english-sketches-and-drawings\images\Sketches\grins\Dog Grin ORIGINAL.jpg"
"Dog Head Grin B&W.jpg",".jpg","306.6","False","Dog Head Grin","dog-head-grin.html","Digitized Versions","False","Likely create new page","Filename suggests a view/turnaround or part-specific image.","D:\github\ron-english-sketches-and-drawings\images\Sketches\grins\Dog Head Grin B&W.jpg"
"Dog Head Grin COLOR.jpg",".jpg","355.9","False","Dog Head Grin","dog-head-grin.html","Digitized Versions","False","Likely create new page","Filename suggests a view/turnaround or part-specific image.","D:\github\ron-english-sketches-and-drawings\images\Sketches\grins\Dog Head Grin COLOR.jpg"
"Dog Head Grin ORIGINAL.jpg",".jpg","184.3","False","Dog Head Grin","dog-head-grin.html","Original Drawing","False","Likely create new page","Filename suggests a view/turnaround or part-specific image.","D:\github\ron-english-sketches-and-drawings\images\Sketches\grins\Dog Head Grin ORIGINAL.jpg"
"Dr Bub Quack Animation 1.jpg",".jpg","236.9","True","Dr Bub Quack Animation 1","dr-bub-quack-animation-1.html","Digitized Versions","True","Add to existing page","","D:\github\ron-english-sketches-and-drawings\images\Sketches\grins\Dr Bub Quack Animation 1.jpg"
"Dr Bub Quack Animation 2.jpg",".jpg","232.2","True","Dr Bub Quack Animation 2","dr-bub-quack-animation-2.html","Digitized Versions","True","Add to existing page","","D:\github\ron-english-sketches-and-drawings\images\Sketches\grins\Dr Bub Quack Animation 2.jpg"
"Dr Bub Quack Grin B&W.jpg",".jpg","383","False","Dr Bub Quack Grin","dr-bub-quack-grin.html","Digitized Versions","True","Add to existing page","","D:\github\ron-english-sketches-and-drawings\images\Sketches\grins\Dr Bub Quack Grin B&W.jpg"
"Dr Bub Quack Grin COLOR.jpg",".jpg","73.7","True","Dr Bub Quack Grin","dr-bub-quack-grin.html","Digitized Versions","True","Add to existing page","","D:\github\ron-english-sketches-and-drawings\images\Sketches\grins\Dr Bub Quack Grin COLOR.jpg"
"Drink the Koolaid 1.png",".png","250.6","True","Drink the Koolaid 1","drink-the-koolaid-1.html","Digitized Versions","True","Add to existing page","","D:\github\ron-english-sketches-and-drawings\images\Sketches\grins\Drink the Koolaid 1.png"
"Drink the Koolaid 2.png",".png","268","True","Drink the Koolaid 2","drink-the-koolaid-2.html","Digitized Versions","True","Add to existing page","","D:\github\ron-english-sketches-and-drawings\images\Sketches\grins\Drink the Koolaid 2.png"
"Dripping Grin B&W.jpg",".jpg","294.6","False","Dripping Grin","dripping-grin.html","Digitized Versions","True","Add to existing page","","D:\github\ron-english-sketches-and-drawings\images\Sketches\grins\Dripping Grin B&W.jpg"
"Dripping Grin card.png",".png","171.2","True","Dripping Grin","dripping-grin.html","Collector Cards","True","Add to existing page","Filename suggests collector card.","D:\github\ron-english-sketches-and-drawings\images\Sketches\grins\Dripping Grin card.png"
"Dripping Grin head B&W.jpg",".jpg","442.7","False","Dripping Grin","dripping-grin.html","Digitized Versions","True","Add to existing page","Filename suggests a view/turnaround or part-specific image.","D:\github\ron-english-sketches-and-drawings\images\Sketches\grins\Dripping Grin head B&W.jpg"
"Dripping Grin head COLOR 3.png",".png","353.6","True","Dripping Grin","dripping-grin.html","Digitized Versions","True","Add to existing page","Filename suggests a view/turnaround or part-specific image.","D:\github\ron-english-sketches-and-drawings\images\Sketches\grins\Dripping Grin head COLOR 3.png"
"Dripping Grin head COLOR.jpg",".jpg","475.9","True","Dripping Grin","dripping-grin.html","Digitized Versions","True","Add to existing page","Filename suggests a view/turnaround or part-specific image.","D:\github\ron-english-sketches-and-drawings\images\Sketches\grins\Dripping Grin head COLOR.jpg"
"Dripping Grin head ORIGINAL COLOR 1.jpg",".jpg","233.3","True","Dripping Grin","dripping-grin.html","Original Drawing","True","Add to existing page","Contains ORIGINAL COLOR: review whether original, color study, digitized version, or collector card. Filename suggests a view/turnaround or part-specific image.","D:\github\ron-english-sketches-and-drawings\images\Sketches\grins\Dripping Grin head ORIGINAL COLOR 1.jpg"
"Dripping Grin head ORIGINAL COLOR 2.jpg",".jpg","92.6","True","Dripping Grin","dripping-grin.html","Original Drawing","True","Add to existing page","Contains ORIGINAL COLOR: review whether original, color study, digitized version, or collector card. Filename suggests a view/turnaround or part-specific image.","D:\github\ron-english-sketches-and-drawings\images\Sketches\grins\Dripping Grin head ORIGINAL COLOR 2.jpg"
"Dripping Grin ORIGINAL COLOR 3.jpg",".jpg","62.9","True","Dripping Grin","dripping-grin.html","Original Drawing","True","Add to existing page","Contains ORIGINAL COLOR: review whether original, color study, digitized version, or collector card.","D:\github\ron-english-sketches-and-drawings\images\Sketches\grins\Dripping Grin ORIGINAL COLOR 3.jpg"
"Dripping Grin ORIGINAL COLOR.jpg",".jpg","504.2","False","Dripping Grin","dripping-grin.html","Original Drawing","True","Add to existing page","Contains ORIGINAL COLOR: review whether original, color study, digitized version, or collector card.","D:\github\ron-english-sketches-and-drawings\images\Sketches\grins\Dripping Grin ORIGINAL COLOR.jpg"
"Droopy Dog Grin COLOR.jpg",".jpg","345.9","False","Droopy Dog Grin","droopy-dog-grin.html","Digitized Versions","True","Add to existing page","","D:\github\ron-english-sketches-and-drawings\images\Sketches\grins\Droopy Dog Grin COLOR.jpg"
"Droopy Dog Grin ORIGINAL.jpg",".jpg","143.2","True","Droopy Dog Grin","droopy-dog-grin.html","Original Drawing","True","Add to existing page","","D:\github\ron-english-sketches-and-drawings\images\Sketches\grins\Droopy Dog Grin ORIGINAL.jpg"
"Dunny Grin B&W.jpg",".jpg","252.5","False","Dunny Grin","dunny-grin.html","Digitized Versions","True","Add to existing page","","D:\github\ron-english-sketches-and-drawings\images\Sketches\grins\Dunny Grin B&W.jpg"
"Dunny Grin back B&W.jpg",".jpg","338.9","True","Dunny Grin","dunny-grin.html","Digitized Versions","True","Add to existing page","Filename suggests a view/turnaround or part-specific image.","D:\github\ron-english-sketches-and-drawings\images\Sketches\grins\Dunny Grin back B&W.jpg"
"Dunny Grin back COLOR.jpg",".jpg","236.8","True","Dunny Grin","dunny-grin.html","Digitized Versions","True","Add to existing page","Filename suggests a view/turnaround or part-specific image.","D:\github\ron-english-sketches-and-drawings\images\Sketches\grins\Dunny Grin back COLOR.jpg"
"Dunny Grin back ORIGINAL COLOR.jpg",".jpg","273.2","True","Dunny Grin","dunny-grin.html","Original Drawing","True","Add to existing page","Contains ORIGINAL COLOR: review whether original, color study, digitized version, or collector card. Filename suggests a view/turnaround or part-specific image.","D:\github\ron-english-sketches-and-drawings\images\Sketches\grins\Dunny Grin back ORIGINAL COLOR.jpg"
"Dunny Grin back ORIGINAL.jpg",".jpg","333.4","True","Dunny Grin","dunny-grin.html","Original Drawing","True","Add to existing page","Filename suggests a view/turnaround or part-specific image.","D:\github\ron-english-sketches-and-drawings\images\Sketches\grins\Dunny Grin back ORIGINAL.jpg"
"Dunny Grin COLOR.jpg",".jpg","445.6","False","Dunny Grin","dunny-grin.html","Digitized Versions","True","Add to existing page","","D:\github\ron-english-sketches-and-drawings\images\Sketches\grins\Dunny Grin COLOR.jpg"
"Dunny Grin front ORIGINAL COLOR.jpg",".jpg","137.9","True","Dunny Grin","dunny-grin.html","Original Drawing","True","Add to existing page","Contains ORIGINAL COLOR: review whether original, color study, digitized version, or collector card. Filename suggests a view/turnaround or part-specific image.","D:\github\ron-english-sketches-and-drawings\images\Sketches\grins\Dunny Grin front ORIGINAL COLOR.jpg"
"Dunny Grin front ORIGINAL.jpg",".jpg","276","True","Dunny Grin","dunny-grin.html","Original Drawing","True","Add to existing page","Filename suggests a view/turnaround or part-specific image.","D:\github\ron-english-sketches-and-drawings\images\Sketches\grins\Dunny Grin front ORIGINAL.jpg"
"Elefanka Grin Side View B&W.png",".png","80.7","False","Elefanka Grin","elefanka-grin.html","Digitized Versions","False","Likely create new page","Filename suggests a view/turnaround or part-specific image.","D:\github\ron-english-sketches-and-drawings\images\Sketches\grins\Elefanka Grin Side View B&W.png"
"Elefanka Grin Side View COLOR.jpg",".jpg","110","False","Elefanka Grin","elefanka-grin.html","Digitized Versions","False","Likely create new page","Filename suggests a view/turnaround or part-specific image.","D:\github\ron-english-sketches-and-drawings\images\Sketches\grins\Elefanka Grin Side View COLOR.jpg"
"Elefanka Grin Side View COLOR.png",".png","125.8","False","Elefanka Grin","elefanka-grin.html","Digitized Versions","False","Likely create new page","Filename suggests a view/turnaround or part-specific image.","D:\github\ron-english-sketches-and-drawings\images\Sketches\grins\Elefanka Grin Side View COLOR.png"
"Elefanka Grin Side View ORIGINAL.jpg",".jpg","217.8","True","Elefanka Grin","elefanka-grin.html","Original Drawing","False","Likely create new page","Filename suggests a view/turnaround or part-specific image.","D:\github\ron-english-sketches-and-drawings\images\Sketches\grins\Elefanka Grin Side View ORIGINAL.jpg"
"Elefanka With Angel Wings Grin B&W.jpg",".jpg","262.9","False","Elefanka With Angel Wings Grin","elefanka-with-angel-wings-grin.html","Digitized Versions","False","Likely create new page","","D:\github\ron-english-sketches-and-drawings\images\Sketches\grins\Elefanka With Angel Wings Grin B&W.jpg"
"Elefanka With Angel Wings Grin COLOR.jpg",".jpg","294.4","False","Elefanka With Angel Wings Grin","elefanka-with-angel-wings-grin.html","Digitized Versions","False","Likely create new page","","D:\github\ron-english-sketches-and-drawings\images\Sketches\grins\Elefanka With Angel Wings Grin COLOR.jpg"
"Elephant Grin B&W.jpg",".jpg","296.5","False","Elephant Grin","elephant-grin.html","Digitized Versions","True","Add to existing page","","D:\github\ron-english-sketches-and-drawings\images\Sketches\grins\Elephant Grin B&W.jpg"
"Elephant Grin COLOR.jpg",".jpg","507.1","False","Elephant Grin","elephant-grin.html","Digitized Versions","True","Add to existing page","","D:\github\ron-english-sketches-and-drawings\images\Sketches\grins\Elephant Grin COLOR.jpg"
"Elephant Grin ORIGINAL 2.jpg",".jpg","199.5","True","Elephant Grin","elephant-grin.html","Original Drawing","True","Add to existing page","","D:\github\ron-english-sketches-and-drawings\images\Sketches\grins\Elephant Grin ORIGINAL 2.jpg"
"Elephant Grin ORIGINAL COLOR 2.jpg",".jpg","135","False","Elephant Grin","elephant-grin.html","Original Drawing","True","Add to existing page","Contains ORIGINAL COLOR: review whether original, color study, digitized version, or collector card.","D:\github\ron-english-sketches-and-drawings\images\Sketches\grins\Elephant Grin ORIGINAL COLOR 2.jpg"
"Elephant Grin ORIGINAL COLOR.jpg",".jpg","96.1","True","Elephant Grin","elephant-grin.html","Original Drawing","True","Add to existing page","Contains ORIGINAL COLOR: review whether original, color study, digitized version, or collector card.","D:\github\ron-english-sketches-and-drawings\images\Sketches\grins\Elephant Grin ORIGINAL COLOR.jpg"
"Elephant Grin ORIGINAL.jpg",".jpg","358.1","True","Elephant Grin","elephant-grin.html","Original Drawing","True","Add to existing page","","D:\github\ron-english-sketches-and-drawings\images\Sketches\grins\Elephant Grin ORIGINAL.jpg"
"Elmo Grin B&W.jpg",".jpg","182","True","Elmo Grin","elmo-grin.html","Digitized Versions","True","Add to existing page","","D:\github\ron-english-sketches-and-drawings\images\Sketches\grins\Elmo Grin B&W.jpg"
"Elmo Grin COLOR.jpg",".jpg","227.9","True","Elmo Grin","elmo-grin.html","Digitized Versions","True","Add to existing page","","D:\github\ron-english-sketches-and-drawings\images\Sketches\grins\Elmo Grin COLOR.jpg"
"Elmo Grin ORIGINAL.jpg",".jpg","323.6","True","Elmo Grin","elmo-grin.html","Original Drawing","True","Add to existing page","","D:\github\ron-english-sketches-and-drawings\images\Sketches\grins\Elmo Grin ORIGINAL.jpg"
"Eminem Grin B&W.jpg",".jpg","164","True","Eminem Grin","eminem-grin.html","Digitized Versions","True","Add to existing page","","D:\github\ron-english-sketches-and-drawings\images\Sketches\grins\Eminem Grin B&W.jpg"
"Eminem Grin COLOR.jpg",".jpg","300.8","False","Eminem Grin","eminem-grin.html","Digitized Versions","True","Add to existing page","","D:\github\ron-english-sketches-and-drawings\images\Sketches\grins\Eminem Grin COLOR.jpg"
"Eminem Grin ORIGINAL.jpg",".jpg","250","True","Eminem Grin","eminem-grin.html","Original Drawing","True","Add to existing page","","D:\github\ron-english-sketches-and-drawings\images\Sketches\grins\Eminem Grin ORIGINAL.jpg"
"Ernie Grin B&W.jpg",".jpg","54.9","False","Ernie Grin","ernie-grin.html","Digitized Versions","True","Add to existing page","","D:\github\ron-english-sketches-and-drawings\images\Sketches\grins\Ernie Grin B&W.jpg"
"Ernie Grin COLOR.jpg",".jpg","140.7","True","Ernie Grin","ernie-grin.html","Digitized Versions","True","Add to existing page","","D:\github\ron-english-sketches-and-drawings\images\Sketches\grins\Ernie Grin COLOR.jpg"
"Ernie Grin ORIGINAL COLOR.jpg",".jpg","156.7","True","Ernie Grin","ernie-grin.html","Original Drawing","True","Add to existing page","Contains ORIGINAL COLOR: review whether original, color study, digitized version, or collector card.","D:\github\ron-english-sketches-and-drawings\images\Sketches\grins\Ernie Grin ORIGINAL COLOR.jpg"
"Ernie Grin ORIGINAL.jpg",".jpg","290.7","True","Ernie Grin","ernie-grin.html","Original Drawing","True","Add to existing page","","D:\github\ron-english-sketches-and-drawings\images\Sketches\grins\Ernie Grin ORIGINAL.jpg"
"EZ Nuts Grin 1 COLOR.jpg",".jpg","218.9","False","EZ Nuts Grin 1","ez-nuts-grin-1.html","Digitized Versions","False","Likely create new page","","D:\github\ron-english-sketches-and-drawings\images\Sketches\grins\EZ Nuts Grin 1 COLOR.jpg"
"EZ Nuts Grin 2 COLOR.jpg",".jpg","207.8","False","EZ Nuts Grin 2","ez-nuts-grin-2.html","Digitized Versions","False","Likely create new page","","D:\github\ron-english-sketches-and-drawings\images\Sketches\grins\EZ Nuts Grin 2 COLOR.jpg"
"EZ Nuts Grin 3 COLOR.jpg",".jpg","214.7","False","EZ Nuts Grin 3","ez-nuts-grin-3.html","Digitized Versions","False","Likely create new page","","D:\github\ron-english-sketches-and-drawings\images\Sketches\grins\EZ Nuts Grin 3 COLOR.jpg"
"EZ Nuts Grin B&W.png",".png","473.4","True","EZ Nuts Grin","ez-nuts-grin.html","Digitized Versions","True","Add to existing page","","D:\github\ron-english-sketches-and-drawings\images\Sketches\grins\EZ Nuts Grin B&W.png"
"EZ Nuts Grin ORIGINAL.jpg",".jpg","165.2","True","EZ Nuts Grin","ez-nuts-grin.html","Original Drawing","True","Add to existing page","","D:\github\ron-english-sketches-and-drawings\images\Sketches\grins\EZ Nuts Grin ORIGINAL.jpg"
"Fat Stormtrooper Grin back ORIGINAL.jpg",".jpg","211.6","True","Fat Stormtrooper Grin","fat-stormtrooper-grin.html","Original Drawing","True","Add to existing page","Filename suggests a view/turnaround or part-specific image.","D:\github\ron-english-sketches-and-drawings\images\Sketches\grins\Fat Stormtrooper Grin back ORIGINAL.jpg"
"Faze Banks Grin B&W.jpg",".jpg","334.1","False","Faze Banks Grin","faze-banks-grin.html","Digitized Versions","True","Add to existing page","","D:\github\ron-english-sketches-and-drawings\images\Sketches\grins\Faze Banks Grin B&W.jpg"
"Faze Banks Grin COLOR.jpg",".jpg","325.1","True","Faze Banks Grin","faze-banks-grin.html","Digitized Versions","True","Add to existing page","","D:\github\ron-english-sketches-and-drawings\images\Sketches\grins\Faze Banks Grin COLOR.jpg"
"Felix Grin Front B&W.jpg",".jpg","321.7","False","Felix Grin","felix-grin.html","Digitized Versions","True","Add to existing page","Filename suggests a view/turnaround or part-specific image.","D:\github\ron-english-sketches-and-drawings\images\Sketches\grins\Felix Grin Front B&W.jpg"
"Felix Grin Front COLOR.jpg",".jpg","193.2","True","Felix Grin","felix-grin.html","Digitized Versions","True","Add to existing page","Filename suggests a view/turnaround or part-specific image.","D:\github\ron-english-sketches-and-drawings\images\Sketches\grins\Felix Grin Front COLOR.jpg"
"Felix Grin Front ORIGINAL.jpg",".jpg","230.7","True","Felix Grin","felix-grin.html","Original Drawing","True","Add to existing page","Filename suggests a view/turnaround or part-specific image.","D:\github\ron-english-sketches-and-drawings\images\Sketches\grins\Felix Grin Front ORIGINAL.jpg"
"Felix Grin ORIGINAL COLOR.jpg",".jpg","137.6","False","Felix Grin","felix-grin.html","Original Drawing","True","Add to existing page","Contains ORIGINAL COLOR: review whether original, color study, digitized version, or collector card.","D:\github\ron-english-sketches-and-drawings\images\Sketches\grins\Felix Grin ORIGINAL COLOR.jpg"
"Felix Grin side B&W.jpg",".jpg","259.1","False","Felix Grin","felix-grin.html","Digitized Versions","True","Add to existing page","Filename suggests a view/turnaround or part-specific image.","D:\github\ron-english-sketches-and-drawings\images\Sketches\grins\Felix Grin side B&W.jpg"
"Felix Grin side COLOR.jpg",".jpg","150","True","Felix Grin","felix-grin.html","Digitized Versions","True","Add to existing page","Filename suggests a view/turnaround or part-specific image.","D:\github\ron-english-sketches-and-drawings\images\Sketches\grins\Felix Grin side COLOR.jpg"
"Felix Grin side ORIGINAL COLOR.jpg",".jpg","153.8","True","Felix Grin","felix-grin.html","Original Drawing","True","Add to existing page","Contains ORIGINAL COLOR: review whether original, color study, digitized version, or collector card. Filename suggests a view/turnaround or part-specific image.","D:\github\ron-english-sketches-and-drawings\images\Sketches\grins\Felix Grin side ORIGINAL COLOR.jpg"
"Felix Grin side ORIGINAL.jpg",".jpg","200.4","True","Felix Grin","felix-grin.html","Original Drawing","True","Add to existing page","Filename suggests a view/turnaround or part-specific image.","D:\github\ron-english-sketches-and-drawings\images\Sketches\grins\Felix Grin side ORIGINAL.jpg"
"Finn Grin B&W.jpg",".jpg","304","False","Finn Grin","finn-grin.html","Digitized Versions","False","Likely create new page","","D:\github\ron-english-sketches-and-drawings\images\Sketches\grins\Finn Grin B&W.jpg"
"Finn Grin COLOR.jpg",".jpg","429.7","False","Finn Grin","finn-grin.html","Digitized Versions","False","Likely create new page","","D:\github\ron-english-sketches-and-drawings\images\Sketches\grins\Finn Grin COLOR.jpg"
"Finn Grin ORIGINAL COLOR.jpg",".jpg","125","False","Finn Grin","finn-grin.html","Original Drawing","False","Likely create new page","Contains ORIGINAL COLOR: review whether original, color study, digitized version, or collector card.","D:\github\ron-english-sketches-and-drawings\images\Sketches\grins\Finn Grin ORIGINAL COLOR.jpg"
"Firecracker Skeleton Grin ORIGINAL.jpg",".jpg","118.3","True","Firecracker Skeleton Grin","firecracker-skeleton-grin.html","Original Drawing","True","Add to existing page","","D:\github\ron-english-sketches-and-drawings\images\Sketches\grins\Firecracker Skeleton Grin ORIGINAL.jpg"
"Flaming O Grin B&W.jpg",".jpg","241.8","False","Flaming O Grin","flaming-o-grin.html","Digitized Versions","True","Add to existing page","","D:\github\ron-english-sketches-and-drawings\images\Sketches\grins\Flaming O Grin B&W.jpg"
"Flaming O Grin COLOR.jpg",".jpg","271.2","False","Flaming O Grin","flaming-o-grin.html","Digitized Versions","True","Add to existing page","","D:\github\ron-english-sketches-and-drawings\images\Sketches\grins\Flaming O Grin COLOR.jpg"
"Flaming O Grin ORIGINAL.jpg",".jpg","187.2","True","Flaming O Grin","flaming-o-grin.html","Original Drawing","True","Add to existing page","","D:\github\ron-english-sketches-and-drawings\images\Sketches\grins\Flaming O Grin ORIGINAL.jpg"
"Floating Grinnie ORIGINAL.jpg",".jpg","149.1","True","Floating Grinnie","floating-grinnie.html","Original Drawing","True","Add to existing page","","D:\github\ron-english-sketches-and-drawings\images\Sketches\grins\Floating Grinnie ORIGINAL.jpg"
"Flower Brain Grin COLOR.png",".png","472","True","Flower Brain Grin","flower-brain-grin.html","Digitized Versions","True","Add to existing page","","D:\github\ron-english-sketches-and-drawings\images\Sketches\grins\Flower Brain Grin COLOR.png"
"Flower Brain Grin ORIGINAL COLOR.jpg",".jpg","169.8","False","Flower Brain Grin","flower-brain-grin.html","Original Drawing","True","Add to existing page","Contains ORIGINAL COLOR: review whether original, color study, digitized version, or collector card.","D:\github\ron-english-sketches-and-drawings\images\Sketches\grins\Flower Brain Grin ORIGINAL COLOR.jpg"
"Flower Grin B&W.jpg",".jpg","169.7","True","Flower Grin","flower-grin.html","Digitized Versions","True","Add to existing page","","D:\github\ron-english-sketches-and-drawings\images\Sketches\grins\Flower Grin B&W.jpg"
"Flower Grin COLOR.jpg",".jpg","384.4","False","Flower Grin","flower-grin.html","Digitized Versions","True","Add to existing page","","D:\github\ron-english-sketches-and-drawings\images\Sketches\grins\Flower Grin COLOR.jpg"
"Flower Grin ORIGINAL COLOR (2).jpg",".jpg","218.1","True","Flower Grin","flower-grin.html","Original Drawing","True","Add to existing page","Contains ORIGINAL COLOR: review whether original, color study, digitized version, or collector card.","D:\github\ron-english-sketches-and-drawings\images\Sketches\grins\Flower Grin ORIGINAL COLOR (2).jpg"
"Flower Grin ORIGINAL COLOR (3).jpg",".jpg","218.1","True","Flower Grin","flower-grin.html","Original Drawing","True","Add to existing page","Contains ORIGINAL COLOR: review whether original, color study, digitized version, or collector card.","D:\github\ron-english-sketches-and-drawings\images\Sketches\grins\Flower Grin ORIGINAL COLOR (3).jpg"
"Flower Grin ORIGINAL COLOR.jpg",".jpg","101.7","True","Flower Grin","flower-grin.html","Original Drawing","True","Add to existing page","Contains ORIGINAL COLOR: review whether original, color study, digitized version, or collector card.","D:\github\ron-english-sketches-and-drawings\images\Sketches\grins\Flower Grin ORIGINAL COLOR.jpg"
"Flower Grin version 2 B&W.jpg",".jpg","125.4","True","Flower Grin version 2","flower-grin-version-2.html","Digitized Versions","True","Add to existing page","","D:\github\ron-english-sketches-and-drawings\images\Sketches\grins\Flower Grin version 2 B&W.jpg"
"Flower Grin version 2 COLOR.jpg",".jpg","178.8","True","Flower Grin version 2","flower-grin-version-2.html","Digitized Versions","True","Add to existing page","","D:\github\ron-english-sketches-and-drawings\images\Sketches\grins\Flower Grin version 2 COLOR.jpg"
"Flower Grin version 2 ORIGINAL.jpg",".jpg","143.4","True","Flower Grin version 2","flower-grin-version-2.html","Original Drawing","True","Add to existing page","","D:\github\ron-english-sketches-and-drawings\images\Sketches\grins\Flower Grin version 2 ORIGINAL.jpg"
"Flying Grinnie B&W.jpg",".jpg","302.2","False","Flying Grinnie","flying-grinnie.html","Digitized Versions","True","Add to existing page","","D:\github\ron-english-sketches-and-drawings\images\Sketches\grins\Flying Grinnie B&W.jpg"
"Flying Grinnie COLOR.jpg",".jpg","369.8","False","Flying Grinnie","flying-grinnie.html","Digitized Versions","True","Add to existing page","","D:\github\ron-english-sketches-and-drawings\images\Sketches\grins\Flying Grinnie COLOR.jpg"
"Flying Grinnie ORIGINAL.png",".png","47.2","True","Flying Grinnie","flying-grinnie.html","Original Drawing","True","Add to existing page","","D:\github\ron-english-sketches-and-drawings\images\Sketches\grins\Flying Grinnie ORIGINAL.png"
"Foot in Mouth ORIGINAL COLOR.jpg",".jpg","255.4","True","Foot in Mouth","foot-in-mouth.html","Original Drawing","True","Add to existing page","Contains ORIGINAL COLOR: review whether original, color study, digitized version, or collector card.","D:\github\ron-english-sketches-and-drawings\images\Sketches\grins\Foot in Mouth ORIGINAL COLOR.jpg"
"Football Grin ORIGINAL.jpg",".jpg","165.1","True","Football Grin","football-grin.html","Original Drawing","True","Add to existing page","","D:\github\ron-english-sketches-and-drawings\images\Sketches\grins\Football Grin ORIGINAL.jpg"
"Football Player Grin B&W.jpg",".jpg","240.5","False","Football Player Grin","football-player-grin.html","Digitized Versions","True","Add to existing page","","D:\github\ron-english-sketches-and-drawings\images\Sketches\grins\Football Player Grin B&W.jpg"
"Football Player Grin COLOR.jpg",".jpg","255.6","False","Football Player Grin","football-player-grin.html","Digitized Versions","True","Add to existing page","","D:\github\ron-english-sketches-and-drawings\images\Sketches\grins\Football Player Grin COLOR.jpg"
"Football Player Grin ORIGINAL.jpg",".jpg","168.1","True","Football Player Grin","football-player-grin.html","Original Drawing","True","Add to existing page","","D:\github\ron-english-sketches-and-drawings\images\Sketches\grins\Football Player Grin ORIGINAL.jpg"
"Franken Fat Grin B&W.jpg",".jpg","410.3","False","Franken Fat Grin","franken-fat-grin.html","Digitized Versions","True","Add to existing page","","D:\github\ron-english-sketches-and-drawings\images\Sketches\grins\Franken Fat Grin B&W.jpg"
"Franken Fat Grin COLOR.jpg",".jpg","226","True","Franken Fat Grin","franken-fat-grin.html","Digitized Versions","True","Add to existing page","","D:\github\ron-english-sketches-and-drawings\images\Sketches\grins\Franken Fat Grin COLOR.jpg"
"Franken Fat Grin ORIGINAL.jpg",".jpg","306.6","True","Franken Fat Grin","franken-fat-grin.html","Original Drawing","True","Add to existing page","","D:\github\ron-english-sketches-and-drawings\images\Sketches\grins\Franken Fat Grin ORIGINAL.jpg"
"Franken Grin COLOR.png",".png","242.7","True","Franken Grin","franken-grin.html","Digitized Versions","True","Add to existing page","","D:\github\ron-english-sketches-and-drawings\images\Sketches\grins\Franken Grin COLOR.png"
"Franken Grin ORIGINAL COLOR.png",".png","242.7","False","Franken Grin","franken-grin.html","Original Drawing","True","Add to existing page","Contains ORIGINAL COLOR: review whether original, color study, digitized version, or collector card.","D:\github\ron-english-sketches-and-drawings\images\Sketches\grins\Franken Grin ORIGINAL COLOR.png"
"Freak Bro Afro Stache B&W.jpg",".jpg","157.3","True","Freak Bro Afro Stache","freak-bro-afro-stache.html","Digitized Versions","True","Add to existing page","","D:\github\ron-english-sketches-and-drawings\images\Sketches\grins\Freak Bro Afro Stache B&W.jpg"
"Freak Bro Afro Stache COLOR.jpg",".jpg","470.3","False","Freak Bro Afro Stache","freak-bro-afro-stache.html","Digitized Versions","True","Add to existing page","","D:\github\ron-english-sketches-and-drawings\images\Sketches\grins\Freak Bro Afro Stache COLOR.jpg"
"Freak Bro Afro Stache ORIGINAL.jpg",".jpg","168.1","True","Freak Bro Afro Stache","freak-bro-afro-stache.html","Original Drawing","True","Add to existing page","","D:\github\ron-english-sketches-and-drawings\images\Sketches\grins\Freak Bro Afro Stache ORIGINAL.jpg"
"Freak Bro Grin COLOR.jpg",".jpg","539.8","False","Freak Bro Grin","freak-bro-grin.html","Digitized Versions","True","Add to existing page","","D:\github\ron-english-sketches-and-drawings\images\Sketches\grins\Freak Bro Grin COLOR.jpg"
"Freak Bro Grin ORIGINAL.jpg",".jpg","255","True","Freak Bro Grin","freak-bro-grin.html","Original Drawing","True","Add to existing page","","D:\github\ron-english-sketches-and-drawings\images\Sketches\grins\Freak Bro Grin ORIGINAL.jpg"
"Freak Cat B&W.jpg",".jpg","296.8","False","Freak Cat","freak-cat.html","Digitized Versions","True","Add to existing page","","D:\github\ron-english-sketches-and-drawings\images\Sketches\grins\Freak Cat B&W.jpg"
"Freak Cat COLOR.jpg",".jpg","440.2","False","Freak Cat","freak-cat.html","Digitized Versions","True","Add to existing page","","D:\github\ron-english-sketches-and-drawings\images\Sketches\grins\Freak Cat COLOR.jpg"
"Freak Cat ORIGINAL.jpg",".jpg","206.5","True","Freak Cat","freak-cat.html","Original Drawing","True","Add to existing page","","D:\github\ron-english-sketches-and-drawings\images\Sketches\grins\Freak Cat ORIGINAL.jpg"
"Freddy Funko Grin 2 B&W.jpg",".jpg","313.5","False","Freddy Funko Grin 2","freddy-funko-grin-2.html","Digitized Versions","False","Likely create new page","","D:\github\ron-english-sketches-and-drawings\images\Sketches\grins\Freddy Funko Grin 2 B&W.jpg"
"Freddy Funko Grin 2 COLOR.jpg",".jpg","357","False","Freddy Funko Grin 2","freddy-funko-grin-2.html","Digitized Versions","False","Likely create new page","","D:\github\ron-english-sketches-and-drawings\images\Sketches\grins\Freddy Funko Grin 2 COLOR.jpg"
"Freddy Funko Grin B&W.jpg",".jpg","323.9","False","Freddy Funko Grin","freddy-funko-grin.html","Digitized Versions","False","Likely create new page","","D:\github\ron-english-sketches-and-drawings\images\Sketches\grins\Freddy Funko Grin B&W.jpg"
"Freddy Funko Grin COLOR.jpg",".jpg","380.2","False","Freddy Funko Grin","freddy-funko-grin.html","Digitized Versions","False","Likely create new page","","D:\github\ron-english-sketches-and-drawings\images\Sketches\grins\Freddy Funko Grin COLOR.jpg"
"Garfield Grin B&W.jpg",".jpg","386.2","False","Garfield Grin","garfield-grin.html","Digitized Versions","True","Add to existing page","","D:\github\ron-english-sketches-and-drawings\images\Sketches\grins\Garfield Grin B&W.jpg"
"Garfield Grin COLOR.1.jpg",".jpg","194.2","False","Garfield Grin COLOR.1","garfield-grin-color-1.html","Digitized Versions","False","Likely create new page","","D:\github\ron-english-sketches-and-drawings\images\Sketches\grins\Garfield Grin COLOR.1.jpg"
"Garfield Grin COLOR.jpg",".jpg","306.6","False","Garfield Grin","garfield-grin.html","Digitized Versions","True","Add to existing page","","D:\github\ron-english-sketches-and-drawings\images\Sketches\grins\Garfield Grin COLOR.jpg"
"Garfield Grin ORIGINAL.jpg",".jpg","242.8","True","Garfield Grin","garfield-grin.html","Original Drawing","True","Add to existing page","","D:\github\ron-english-sketches-and-drawings\images\Sketches\grins\Garfield Grin ORIGINAL.jpg"
"George Jetson Grin B&W.jpg",".jpg","329.5","False","George Jetson Grin","george-jetson-grin.html","Digitized Versions","True","Add to existing page","","D:\github\ron-english-sketches-and-drawings\images\Sketches\grins\George Jetson Grin B&W.jpg"
"George Jetson Grin COLOR.jpg",".jpg","343.9","False","George Jetson Grin","george-jetson-grin.html","Digitized Versions","True","Add to existing page","","D:\github\ron-english-sketches-and-drawings\images\Sketches\grins\George Jetson Grin COLOR.jpg"
"George Jetson Grin ORIGINAL.jpg",".jpg","263.6","True","George Jetson Grin","george-jetson-grin.html","Original Drawing","True","Add to existing page","","D:\github\ron-english-sketches-and-drawings\images\Sketches\grins\George Jetson Grin ORIGINAL.jpg"
"Ghostbuster Grin ORIGINAL.jpg",".jpg","251.9","True","Ghostbuster Grin","ghostbuster-grin.html","Original Drawing","True","Add to existing page","","D:\github\ron-english-sketches-and-drawings\images\Sketches\grins\Ghostbuster Grin ORIGINAL.jpg"
"Globe Grin ORIGINAL COLOR.jpg",".jpg","91.8","False","Globe Grin","globe-grin.html","Original Drawing","False","Likely create new page","Contains ORIGINAL COLOR: review whether original, color study, digitized version, or collector card.","D:\github\ron-english-sketches-and-drawings\images\Sketches\grins\Globe Grin ORIGINAL COLOR.jpg"
"Godzilla Heart Grin B&W.jpg",".jpg","401.4","False","Godzilla Heart Grin","godzilla-heart-grin.html","Digitized Versions","True","Add to existing page","","D:\github\ron-english-sketches-and-drawings\images\Sketches\grins\Godzilla Heart Grin B&W.jpg"
"Godzilla Heart Grin COLOR.jpg",".jpg","304.7","True","Godzilla Heart Grin","godzilla-heart-grin.html","Digitized Versions","True","Add to existing page","","D:\github\ron-english-sketches-and-drawings\images\Sketches\grins\Godzilla Heart Grin COLOR.jpg"
"Godzilla Heart Grin ORIGINAL.jpg",".jpg","298","True","Godzilla Heart Grin","godzilla-heart-grin.html","Original Drawing","True","Add to existing page","","D:\github\ron-english-sketches-and-drawings\images\Sketches\grins\Godzilla Heart Grin ORIGINAL.jpg"
"Gorilla Grin 2 back B&W.jpg",".jpg","370.2","False","Gorilla Grin 2","gorilla-grin-2.html","Digitized Versions","True","Add to existing page","Filename suggests a view/turnaround or part-specific image.","D:\github\ron-english-sketches-and-drawings\images\Sketches\grins\Gorilla Grin 2 back B&W.jpg"
"Gorilla Grin 2 back COLOR.jpg",".jpg","128.3","True","Gorilla Grin 2","gorilla-grin-2.html","Digitized Versions","True","Add to existing page","Filename suggests a view/turnaround or part-specific image.","D:\github\ron-english-sketches-and-drawings\images\Sketches\grins\Gorilla Grin 2 back COLOR.jpg"
"Gorilla Grin 2 back ORIGINAL.jpg",".jpg","156.4","True","Gorilla Grin 2","gorilla-grin-2.html","Original Drawing","True","Add to existing page","Filename suggests a view/turnaround or part-specific image.","D:\github\ron-english-sketches-and-drawings\images\Sketches\grins\Gorilla Grin 2 back ORIGINAL.jpg"
"Gorilla Grin 2 Front B&W.jpg",".jpg","344.5","False","Gorilla Grin 2","gorilla-grin-2.html","Digitized Versions","True","Add to existing page","Filename suggests a view/turnaround or part-specific image.","D:\github\ron-english-sketches-and-drawings\images\Sketches\grins\Gorilla Grin 2 Front B&W.jpg"
"Gorilla Grin 2 Front COLOR.jpg",".jpg","201.3","True","Gorilla Grin 2","gorilla-grin-2.html","Digitized Versions","True","Add to existing page","Filename suggests a view/turnaround or part-specific image.","D:\github\ron-english-sketches-and-drawings\images\Sketches\grins\Gorilla Grin 2 Front COLOR.jpg"
"Gorilla Grin 2 side B&W.jpg",".jpg","175.3","True","Gorilla Grin 2","gorilla-grin-2.html","Digitized Versions","True","Add to existing page","Filename suggests a view/turnaround or part-specific image.","D:\github\ron-english-sketches-and-drawings\images\Sketches\grins\Gorilla Grin 2 side B&W.jpg"
"Gorilla Grin 2 side COLOR.jpg",".jpg","316","False","Gorilla Grin 2","gorilla-grin-2.html","Digitized Versions","True","Add to existing page","Filename suggests a view/turnaround or part-specific image.","D:\github\ron-english-sketches-and-drawings\images\Sketches\grins\Gorilla Grin 2 side COLOR.jpg"
"Gorilla Grin 2 side ORIGINAL.jpg",".jpg","199.7","True","Gorilla Grin 2","gorilla-grin-2.html","Original Drawing","True","Add to existing page","Filename suggests a view/turnaround or part-specific image.","D:\github\ron-english-sketches-and-drawings\images\Sketches\grins\Gorilla Grin 2 side ORIGINAL.jpg"
"Gorilla grin card.png",".png","222.2","True","Gorilla grin","gorilla-grin.html","Collector Cards","True","Add to existing page","Filename suggests collector card.","D:\github\ron-english-sketches-and-drawings\images\Sketches\grins\Gorilla grin card.png"
"Gorilla Grin COLOR.jpg",".jpg","358.7","False","Gorilla Grin","gorilla-grin.html","Digitized Versions","True","Add to existing page","","D:\github\ron-english-sketches-and-drawings\images\Sketches\grins\Gorilla Grin COLOR.jpg"
"Gorilla Grin ORIGINAL COLOR 1.jpg",".jpg","36.2","True","Gorilla Grin","gorilla-grin.html","Original Drawing","True","Add to existing page","Contains ORIGINAL COLOR: review whether original, color study, digitized version, or collector card.","D:\github\ron-english-sketches-and-drawings\images\Sketches\grins\Gorilla Grin ORIGINAL COLOR 1.jpg"
"Gorilla grin ORIGINAL COLOR 2.png",".png","222.2","False","Gorilla grin","gorilla-grin.html","Original Drawing","True","Add to existing page","Contains ORIGINAL COLOR: review whether original, color study, digitized version, or collector card.","D:\github\ron-english-sketches-and-drawings\images\Sketches\grins\Gorilla grin ORIGINAL COLOR 2.png"
"Grim Grin (Grin Reaper) B&W.jpg",".jpg","380","False","Grim Grin (Grin Reaper)","grim-grin-grin-reaper.html","Digitized Versions","True","Add to existing page","","D:\github\ron-english-sketches-and-drawings\images\Sketches\grins\Grim Grin (Grin Reaper) B&W.jpg"
"Grim Grin (Grin Reaper) COLOR.jpg",".jpg","284.8","False","Grim Grin (Grin Reaper)","grim-grin-grin-reaper.html","Digitized Versions","True","Add to existing page","","D:\github\ron-english-sketches-and-drawings\images\Sketches\grins\Grim Grin (Grin Reaper) COLOR.jpg"
"Grim Grin (Grin Reaper) ORIGINAL.jpg",".jpg","210.1","True","Grim Grin (Grin Reaper)","grim-grin-grin-reaper.html","Original Drawing","True","Add to existing page","","D:\github\ron-english-sketches-and-drawings\images\Sketches\grins\Grim Grin (Grin Reaper) ORIGINAL.jpg"
"Grim Grin ORIGINAL COLOR.jpg",".jpg","93","True","Grim Grin","grim-grin.html","Original Drawing","True","Add to existing page","Contains ORIGINAL COLOR: review whether original, color study, digitized version, or collector card.","D:\github\ron-english-sketches-and-drawings\images\Sketches\grins\Grim Grin ORIGINAL COLOR.jpg"
"Grim Reaper Grin B&W.jpg",".jpg","157.7","True","Grim Reaper Grin","grim-reaper-grin.html","Digitized Versions","True","Add to existing page","","D:\github\ron-english-sketches-and-drawings\images\Sketches\grins\Grim Reaper Grin B&W.jpg"
"Grim Reaper Grin card.jpg",".jpg","143.8","True","Grim Reaper Grin","grim-reaper-grin.html","Collector Cards","True","Add to existing page","Filename suggests collector card.","D:\github\ron-english-sketches-and-drawings\images\Sketches\grins\Grim Reaper Grin card.jpg"
"Grim Reaper Grin COLOR.jpg",".jpg","217.1","True","Grim Reaper Grin","grim-reaper-grin.html","Digitized Versions","True","Add to existing page","","D:\github\ron-english-sketches-and-drawings\images\Sketches\grins\Grim Reaper Grin COLOR.jpg"
"Grim Reaper Grin ORIGINAL 2.jpg",".jpg","180.7","True","Grim Reaper Grin","grim-reaper-grin.html","Original Drawing","True","Add to existing page","","D:\github\ron-english-sketches-and-drawings\images\Sketches\grins\Grim Reaper Grin ORIGINAL 2.jpg"
"Grim Reaper Grin ORIGINAL COLOR 2.jpg",".jpg","143.8","False","Grim Reaper Grin","grim-reaper-grin.html","Original Drawing","True","Add to existing page","Contains ORIGINAL COLOR: review whether original, color study, digitized version, or collector card.","D:\github\ron-english-sketches-and-drawings\images\Sketches\grins\Grim Reaper Grin ORIGINAL COLOR 2.jpg"
"Grim Reaper Grin ORIGINAL.jpg",".jpg","230.1","True","Grim Reaper Grin","grim-reaper-grin.html","Original Drawing","True","Add to existing page","","D:\github\ron-english-sketches-and-drawings\images\Sketches\grins\Grim Reaper Grin ORIGINAL.jpg"
"Grim Reefer B&W.jpg",".jpg","184","True","Grim Reefer","grim-reefer.html","Digitized Versions","True","Add to existing page","","D:\github\ron-english-sketches-and-drawings\images\Sketches\grins\Grim Reefer B&W.jpg"
"Grim Reefer COLOR.jpg",".jpg","321.4","False","Grim Reefer","grim-reefer.html","Digitized Versions","True","Add to existing page","","D:\github\ron-english-sketches-and-drawings\images\Sketches\grins\Grim Reefer COLOR.jpg"
"Grim Reefer ORIGINAL COLOR.jpg",".jpg","231.2","True","Grim Reefer","grim-reefer.html","Original Drawing","True","Add to existing page","Contains ORIGINAL COLOR: review whether original, color study, digitized version, or collector card.","D:\github\ron-english-sketches-and-drawings\images\Sketches\grins\Grim Reefer ORIGINAL COLOR.jpg"
"Grin animation back B&W.jpg",".jpg","274.6","False","Grin animation","grin-animation.html","Digitized Versions","True","Add to existing page","Filename suggests a view/turnaround or part-specific image.","D:\github\ron-english-sketches-and-drawings\images\Sketches\grins\Grin animation back B&W.jpg"
"Grin animation back COLOR.jpg",".jpg","449.7","False","Grin animation","grin-animation.html","Digitized Versions","True","Add to existing page","Filename suggests a view/turnaround or part-specific image.","D:\github\ron-english-sketches-and-drawings\images\Sketches\grins\Grin animation back COLOR.jpg"
"Grin animation back ORIGINAL.jpg",".jpg","84.4","True","Grin animation","grin-animation.html","Original Drawing","True","Add to existing page","Filename suggests a view/turnaround or part-specific image.","D:\github\ron-english-sketches-and-drawings\images\Sketches\grins\Grin animation back ORIGINAL.jpg"
"Grin Animation front B&W (1).jpg",".jpg","156.2","True","Grin Animation front B&W (1)","grin-animation-front-b-and-w-1.html","Digitized Versions","True","Add to existing page","Filename suggests a view/turnaround or part-specific image.","D:\github\ron-english-sketches-and-drawings\images\Sketches\grins\Grin Animation front B&W (1).jpg"
"Grin animation front B&W.jpg",".jpg","156.2","True","Grin animation","grin-animation.html","Digitized Versions","True","Add to existing page","Filename suggests a view/turnaround or part-specific image.","D:\github\ron-english-sketches-and-drawings\images\Sketches\grins\Grin animation front B&W.jpg"
"Grin animation front COLOR.jpg",".jpg","217.7","True","Grin animation","grin-animation.html","Digitized Versions","True","Add to existing page","Filename suggests a view/turnaround or part-specific image.","D:\github\ron-english-sketches-and-drawings\images\Sketches\grins\Grin animation front COLOR.jpg"
"Grin animation front ORIGINAL.jpg",".jpg","162.1","True","Grin animation","grin-animation.html","Original Drawing","True","Add to existing page","Filename suggests a view/turnaround or part-specific image.","D:\github\ron-english-sketches-and-drawings\images\Sketches\grins\Grin animation front ORIGINAL.jpg"
"Grin Animation side B&W (1).jpg",".jpg","126.9","True","Grin Animation side B&W (1)","grin-animation-side-b-and-w-1.html","Digitized Versions","True","Add to existing page","Filename suggests a view/turnaround or part-specific image.","D:\github\ron-english-sketches-and-drawings\images\Sketches\grins\Grin Animation side B&W (1).jpg"
"Grin animation side B&W.jpg",".jpg","139.3","True","Grin animation","grin-animation.html","Digitized Versions","True","Add to existing page","Filename suggests a view/turnaround or part-specific image.","D:\github\ron-english-sketches-and-drawings\images\Sketches\grins\Grin animation side B&W.jpg"
"Grin animation side COLOR.jpg",".jpg","182.9","True","Grin animation","grin-animation.html","Digitized Versions","True","Add to existing page","Filename suggests a view/turnaround or part-specific image.","D:\github\ron-english-sketches-and-drawings\images\Sketches\grins\Grin animation side COLOR.jpg"
"Grin animation side ORIGINAL.jpg",".jpg","139.3","True","Grin animation","grin-animation.html","Original Drawing","True","Add to existing page","Filename suggests a view/turnaround or part-specific image.","D:\github\ron-english-sketches-and-drawings\images\Sketches\grins\Grin animation side ORIGINAL.jpg"
"Grin B&W.jpg",".jpg","380.9","False","Grin","grin.html","Digitized Versions","False","Likely create new page","","D:\github\ron-english-sketches-and-drawings\images\Sketches\grins\Grin B&W.jpg"
"Grin Baby B&W.jpg",".jpg","198.6","True","Grin Baby","grin-baby.html","Digitized Versions","True","Add to existing page","","D:\github\ron-english-sketches-and-drawings\images\Sketches\grins\Grin Baby B&W.jpg"
"Grin Baby COLOR.jpg",".jpg","275.4","True","Grin Baby","grin-baby.html","Digitized Versions","True","Add to existing page","","D:\github\ron-english-sketches-and-drawings\images\Sketches\grins\Grin Baby COLOR.jpg"
"Grin Baby ORIGINAL COLOR.jpg",".jpg","101.6","True","Grin Baby","grin-baby.html","Original Drawing","True","Add to existing page","Contains ORIGINAL COLOR: review whether original, color study, digitized version, or collector card.","D:\github\ron-english-sketches-and-drawings\images\Sketches\grins\Grin Baby ORIGINAL COLOR.jpg"
"Grin Baby ORIGINAL.jpg",".jpg","479.7","True","Grin Baby","grin-baby.html","Original Drawing","True","Add to existing page","","D:\github\ron-english-sketches-and-drawings\images\Sketches\grins\Grin Baby ORIGINAL.jpg"
"Grin Brain Cone B&W.jpg",".jpg","518.6","False","Grin Brain Cone","grin-brain-cone.html","Digitized Versions","True","Add to existing page","","D:\github\ron-english-sketches-and-drawings\images\Sketches\grins\Grin Brain Cone B&W.jpg"
"Grin Brain Cone COLOR.jpg",".jpg","238.4","True","Grin Brain Cone","grin-brain-cone.html","Digitized Versions","True","Add to existing page","","D:\github\ron-english-sketches-and-drawings\images\Sketches\grins\Grin Brain Cone COLOR.jpg"
"Grin Brain Cone ORIGINAL.jpg",".jpg","155.7","True","Grin Brain Cone","grin-brain-cone.html","Original Drawing","True","Add to existing page","","D:\github\ron-english-sketches-and-drawings\images\Sketches\grins\Grin Brain Cone ORIGINAL.jpg"
"Grin Bunny Ears B&W.jpg",".jpg","154.3","True","Grin Bunny Ears","grin-bunny-ears.html","Digitized Versions","True","Add to existing page","","D:\github\ron-english-sketches-and-drawings\images\Sketches\grins\Grin Bunny Ears B&W.jpg"
"Grin Bunny Ears COLOR.jpg",".jpg","227.8","True","Grin Bunny Ears","grin-bunny-ears.html","Digitized Versions","True","Add to existing page","","D:\github\ron-english-sketches-and-drawings\images\Sketches\grins\Grin Bunny Ears COLOR.jpg"
"Grin Bunny Three Ears COLOR.jpg",".jpg","403.9","False","Grin Bunny Three Ears","grin-bunny-three-ears.html","Digitized Versions","True","Add to existing page","","D:\github\ron-english-sketches-and-drawings\images\Sketches\grins\Grin Bunny Three Ears COLOR.jpg"
"Grin Bunny Three Ears ORIGINAL.jpg",".jpg","223","True","Grin Bunny Three Ears","grin-bunny-three-ears.html","Original Drawing","True","Add to existing page","","D:\github\ron-english-sketches-and-drawings\images\Sketches\grins\Grin Bunny Three Ears ORIGINAL.jpg"
"Grin Bunny Two Ears ORIGINAL.jpg",".jpg","210.5","True","Grin Bunny Two Ears","grin-bunny-two-ears.html","Original Drawing","True","Add to existing page","","D:\github\ron-english-sketches-and-drawings\images\Sketches\grins\Grin Bunny Two Ears ORIGINAL.jpg"
"Grin Car back B&W.jpg",".jpg","458","False","Grin Car","grin-car.html","Digitized Versions","True","Add to existing page","Filename suggests a view/turnaround or part-specific image.","D:\github\ron-english-sketches-and-drawings\images\Sketches\grins\Grin Car back B&W.jpg"
"Grin Car back color.jpg",".jpg","242.6","True","Grin Car","grin-car.html","Digitized Versions","True","Add to existing page","Filename suggests a view/turnaround or part-specific image.","D:\github\ron-english-sketches-and-drawings\images\Sketches\grins\Grin Car back color.jpg"
"Grin Car back ORIGINAL.jpg",".jpg","324.3","True","Grin Car","grin-car.html","Original Drawing","True","Add to existing page","Filename suggests a view/turnaround or part-specific image.","D:\github\ron-english-sketches-and-drawings\images\Sketches\grins\Grin Car back ORIGINAL.jpg"
"Grin Car front B&W.jpg",".jpg","234.8","True","Grin Car","grin-car.html","Digitized Versions","True","Add to existing page","Filename suggests a view/turnaround or part-specific image.","D:\github\ron-english-sketches-and-drawings\images\Sketches\grins\Grin Car front B&W.jpg"
"Grin Car front COLOR.jpg",".jpg","439","False","Grin Car","grin-car.html","Digitized Versions","True","Add to existing page","Filename suggests a view/turnaround or part-specific image.","D:\github\ron-english-sketches-and-drawings\images\Sketches\grins\Grin Car front COLOR.jpg"
"Grin Car front ORIGINAL.jpg",".jpg","322.9","True","Grin Car","grin-car.html","Original Drawing","True","Add to existing page","Filename suggests a view/turnaround or part-specific image.","D:\github\ron-english-sketches-and-drawings\images\Sketches\grins\Grin Car front ORIGINAL.jpg"
"Grin Car side B&W.jpg",".jpg","477.4","False","Grin Car","grin-car.html","Digitized Versions","True","Add to existing page","Filename suggests a view/turnaround or part-specific image.","D:\github\ron-english-sketches-and-drawings\images\Sketches\grins\Grin Car side B&W.jpg"
"Grin Car side COLOR.jpg",".jpg","209.3","True","Grin Car","grin-car.html","Digitized Versions","True","Add to existing page","Filename suggests a view/turnaround or part-specific image.","D:\github\ron-english-sketches-and-drawings\images\Sketches\grins\Grin Car side COLOR.jpg"
"Grin Car side ORIGINAL.jpg",".jpg","175.5","True","Grin Car","grin-car.html","Original Drawing","True","Add to existing page","Filename suggests a view/turnaround or part-specific image.","D:\github\ron-english-sketches-and-drawings\images\Sketches\grins\Grin Car side ORIGINAL.jpg"
"Grin Car three quarters B&W.jpg",".jpg","179.2","True","Grin Car","grin-car.html","Digitized Versions","True","Add to existing page","Filename suggests a view/turnaround or part-specific image.","D:\github\ron-english-sketches-and-drawings\images\Sketches\grins\Grin Car three quarters B&W.jpg"
"Grin Car three quarters COLOR.jpg",".jpg","333.8","False","Grin Car","grin-car.html","Digitized Versions","True","Add to existing page","Filename suggests a view/turnaround or part-specific image.","D:\github\ron-english-sketches-and-drawings\images\Sketches\grins\Grin Car three quarters COLOR.jpg"
"Grin Car three quarters ORIGINAL.jpg",".jpg","205.6","True","Grin Car","grin-car.html","Original Drawing","True","Add to existing page","Filename suggests a view/turnaround or part-specific image.","D:\github\ron-english-sketches-and-drawings\images\Sketches\grins\Grin Car three quarters ORIGINAL.jpg"
"Grin Flower B&W.jpg",".jpg","332.7","False","Grin Flower","grin-flower.html","Digitized Versions","True","Add to existing page","","D:\github\ron-english-sketches-and-drawings\images\Sketches\grins\Grin Flower B&W.jpg"
"Grin Flower COLOR.jpg",".jpg","138.6","True","Grin Flower","grin-flower.html","Digitized Versions","True","Add to existing page","","D:\github\ron-english-sketches-and-drawings\images\Sketches\grins\Grin Flower COLOR.jpg"
"Grin Flower ORIGINAL.jpg",".jpg","310.3","True","Grin Flower","grin-flower.html","Original Drawing","True","Add to existing page","","D:\github\ron-english-sketches-and-drawings\images\Sketches\grins\Grin Flower ORIGINAL.jpg"
"Grin God back B&W.jpg",".jpg","351.2","False","Grin God","grin-god.html","Digitized Versions","True","Add to existing page","Filename suggests a view/turnaround or part-specific image.","D:\github\ron-english-sketches-and-drawings\images\Sketches\grins\Grin God back B&W.jpg"
"Grin God back COLOR.jpg",".jpg","313.5","False","Grin God","grin-god.html","Digitized Versions","True","Add to existing page","Filename suggests a view/turnaround or part-specific image.","D:\github\ron-english-sketches-and-drawings\images\Sketches\grins\Grin God back COLOR.jpg"
"Grin God back ORIGINAL.jpg",".jpg","123.7","True","Grin God","grin-god.html","Original Drawing","True","Add to existing page","Filename suggests a view/turnaround or part-specific image.","D:\github\ron-english-sketches-and-drawings\images\Sketches\grins\Grin God back ORIGINAL.jpg"
"Grin God COLOR.jpg",".jpg","270","False","Grin God","grin-god.html","Digitized Versions","True","Add to existing page","","D:\github\ron-english-sketches-and-drawings\images\Sketches\grins\Grin God COLOR.jpg"
"Grin God left side B&W.jpg",".jpg","211.9","True","Grin God","grin-god.html","Digitized Versions","True","Add to existing page","Filename suggests a view/turnaround or part-specific image.","D:\github\ron-english-sketches-and-drawings\images\Sketches\grins\Grin God left side B&W.jpg"
"Grin God left side COLOR.jpg",".jpg","276.1","True","Grin God","grin-god.html","Digitized Versions","True","Add to existing page","Filename suggests a view/turnaround or part-specific image.","D:\github\ron-english-sketches-and-drawings\images\Sketches\grins\Grin God left side COLOR.jpg"
"Grin God left side ORIGINAL.jpg",".jpg","150.9","True","Grin God","grin-god.html","Original Drawing","True","Add to existing page","Filename suggests a view/turnaround or part-specific image.","D:\github\ron-english-sketches-and-drawings\images\Sketches\grins\Grin God left side ORIGINAL.jpg"
"Grin God ORIGINAL COLOR 1.jpg",".jpg","107.3","True","Grin God","grin-god.html","Original Drawing","True","Add to existing page","Contains ORIGINAL COLOR: review whether original, color study, digitized version, or collector card.","D:\github\ron-english-sketches-and-drawings\images\Sketches\grins\Grin God ORIGINAL COLOR 1.jpg"
"Grin God ORIGINAL COLOR 2.jpg",".jpg","193.3","True","Grin God","grin-god.html","Original Drawing","True","Add to existing page","Contains ORIGINAL COLOR: review whether original, color study, digitized version, or collector card.","D:\github\ron-english-sketches-and-drawings\images\Sketches\grins\Grin God ORIGINAL COLOR 2.jpg"
"Grin God ORIGINAL.jpg",".jpg","342.9","True","Grin God","grin-god.html","Original Drawing","True","Add to existing page","","D:\github\ron-english-sketches-and-drawings\images\Sketches\grins\Grin God ORIGINAL.jpg"
"Grin God right side B&W.jpg",".jpg","203.7","True","Grin God","grin-god.html","Digitized Versions","True","Add to existing page","Filename suggests a view/turnaround or part-specific image.","D:\github\ron-english-sketches-and-drawings\images\Sketches\grins\Grin God right side B&W.jpg"
"Grin God right side COLOR.jpg",".jpg","272.1","True","Grin God","grin-god.html","Digitized Versions","True","Add to existing page","Filename suggests a view/turnaround or part-specific image.","D:\github\ron-english-sketches-and-drawings\images\Sketches\grins\Grin God right side COLOR.jpg"
"Grin God right side ORIGINAL.jpg",".jpg","146.3","True","Grin God","grin-god.html","Original Drawing","True","Add to existing page","Filename suggests a view/turnaround or part-specific image.","D:\github\ron-english-sketches-and-drawings\images\Sketches\grins\Grin God right side ORIGINAL.jpg"
"Grin Kitty B&W.jpg",".jpg","220","True","Grin Kitty","grin-kitty.html","Digitized Versions","True","Add to existing page","","D:\github\ron-english-sketches-and-drawings\images\Sketches\grins\Grin Kitty B&W.jpg"
"Grin Kitty ORIGINAL.jpg",".jpg","363.1","True","Grin Kitty","grin-kitty.html","Original Drawing","True","Add to existing page","","D:\github\ron-english-sketches-and-drawings\images\Sketches\grins\Grin Kitty ORIGINAL.jpg"
"Grin Mouth ORIGINAL.jpg",".jpg","231.9","True","Grin Mouth","grin-mouth.html","Original Drawing","True","Add to existing page","","D:\github\ron-english-sketches-and-drawings\images\Sketches\grins\Grin Mouth ORIGINAL.jpg"
"Grin Planet B&W.png",".png","390.1","True","Grin Planet","grin-planet.html","Digitized Versions","True","Add to existing page","","D:\github\ron-english-sketches-and-drawings\images\Sketches\grins\Grin Planet B&W.png"
"Grin Planet COLOR.jpg",".jpg","302.4","False","Grin Planet","grin-planet.html","Digitized Versions","True","Add to existing page","","D:\github\ron-english-sketches-and-drawings\images\Sketches\grins\Grin Planet COLOR.jpg"
"Grin Reaper version 2 B&W.jpg",".jpg","187.8","True","Grin Reaper version 2","grin-reaper-version-2.html","Digitized Versions","True","Add to existing page","","D:\github\ron-english-sketches-and-drawings\images\Sketches\grins\Grin Reaper version 2 B&W.jpg"
"Grin Reaper version 2 COLOR.jpg",".jpg","431.8","False","Grin Reaper version 2","grin-reaper-version-2.html","Digitized Versions","True","Add to existing page","","D:\github\ron-english-sketches-and-drawings\images\Sketches\grins\Grin Reaper version 2 COLOR.jpg"
"Grin Reaper With Facemask ORIGINAL COLOR 1.jpg",".jpg","210.6","True","Grin Reaper With Facemask","grin-reaper-with-facemask.html","Original Drawing","True","Add to existing page","Contains ORIGINAL COLOR: review whether original, color study, digitized version, or collector card. Filename suggests a view/turnaround or part-specific image.","D:\github\ron-english-sketches-and-drawings\images\Sketches\grins\Grin Reaper With Facemask ORIGINAL COLOR 1.jpg"
"Grin Reaper With Facemask ORIGINAL COLOR 2.jpg",".jpg","213.1","True","Grin Reaper With Facemask","grin-reaper-with-facemask.html","Original Drawing","True","Add to existing page","Contains ORIGINAL COLOR: review whether original, color study, digitized version, or collector card. Filename suggests a view/turnaround or part-specific image.","D:\github\ron-english-sketches-and-drawings\images\Sketches\grins\Grin Reaper With Facemask ORIGINAL COLOR 2.jpg"
"Grin Reaper With Facemask ORIGINAL COLOR 3.jpg",".jpg","194.9","True","Grin Reaper With Facemask","grin-reaper-with-facemask.html","Original Drawing","True","Add to existing page","Contains ORIGINAL COLOR: review whether original, color study, digitized version, or collector card. Filename suggests a view/turnaround or part-specific image.","D:\github\ron-english-sketches-and-drawings\images\Sketches\grins\Grin Reaper With Facemask ORIGINAL COLOR 3.jpg"
"Grin Smoker B&W shaded.jpg",".jpg","169.1","True","Grin Smoker B&W shaded","grin-smoker-b-and-w-shaded.html","Digitized Versions","True","Add to existing page","","D:\github\ron-english-sketches-and-drawings\images\Sketches\grins\Grin Smoker B&W shaded.jpg"
"Grin Smoker B&W.jpg",".jpg","370.6","False","Grin Smoker","grin-smoker.html","Digitized Versions","True","Add to existing page","","D:\github\ron-english-sketches-and-drawings\images\Sketches\grins\Grin Smoker B&W.jpg"
"Grin Smoker COLOR.jpg",".jpg","171.5","True","Grin Smoker","grin-smoker.html","Digitized Versions","True","Add to existing page","","D:\github\ron-english-sketches-and-drawings\images\Sketches\grins\Grin Smoker COLOR.jpg"
"Grin Smoker copy.jpg",".jpg","216.6","True","Grin Smoker","grin-smoker.html","Digitized Versions","True","Add to existing page","Filename contains copy: review whether duplicate or intentional.","D:\github\ron-english-sketches-and-drawings\images\Sketches\grins\Grin Smoker copy.jpg"
"Grin Smoker Portrait ORIGINAL.jpg",".jpg","128.8","True","Grin Smoker","grin-smoker.html","Original Drawing","True","Add to existing page","","D:\github\ron-english-sketches-and-drawings\images\Sketches\grins\Grin Smoker Portrait ORIGINAL.jpg"
"Grinch Grin B&W.jpg",".jpg","210.7","True","Grinch Grin","grinch-grin.html","Digitized Versions","True","Add to existing page","","D:\github\ron-english-sketches-and-drawings\images\Sketches\grins\Grinch Grin B&W.jpg"
"Grinch Grin COLOR.jpg",".jpg","292.8","False","Grinch Grin","grinch-grin.html","Digitized Versions","True","Add to existing page","","D:\github\ron-english-sketches-and-drawings\images\Sketches\grins\Grinch Grin COLOR.jpg"
"Grinch Grin ORIGINAL.jpg",".jpg","194.9","True","Grinch Grin","grinch-grin.html","Original Drawing","True","Add to existing page","","D:\github\ron-english-sketches-and-drawings\images\Sketches\grins\Grinch Grin ORIGINAL.jpg"
"grinne side view color.jpg",".jpg","26.2","True","grinne","grinne.html","Digitized Versions","False","Likely create new page","Filename suggests a view/turnaround or part-specific image.","D:\github\ron-english-sketches-and-drawings\images\Sketches\grins\grinne side view color.jpg"
"Grinnie and Friends Totem Pole ORIGINAL.jpg",".jpg","190.8","True","Grinnie and Friends Totem Pole","grinnie-and-friends-totem-pole.html","Original Drawing","True","Add to existing page","","D:\github\ron-english-sketches-and-drawings\images\Sketches\grins\Grinnie and Friends Totem Pole ORIGINAL.jpg"
"grinnie back color.jpg",".jpg","16.7","True","grinnie","grinnie.html","Digitized Versions","True","Add to existing page","Filename suggests a view/turnaround or part-specific image.","D:\github\ron-english-sketches-and-drawings\images\Sketches\grins\grinnie back color.jpg"
"Grinnie COLOR.jpg",".jpg","443.5","False","Grinnie","grinnie.html","Digitized Versions","True","Add to existing page","","D:\github\ron-english-sketches-and-drawings\images\Sketches\grins\Grinnie COLOR.jpg"
"Grinnie Delusionville Pilot  COLOR.jpg",".jpg","215.5","True","Grinnie Delusionville Pilot","grinnie-delusionville-pilot.html","Digitized Versions","True","Add to existing page","","D:\github\ron-english-sketches-and-drawings\images\Sketches\grins\Grinnie Delusionville Pilot  COLOR.jpg"
"Grinnie Delusionville Pilot in plane front B&W.jpg",".jpg","113.9","True","Grinnie Delusionville Pilot in plane","grinnie-delusionville-pilot-in-plane.html","Digitized Versions","True","Add to existing page","Filename suggests a view/turnaround or part-specific image.","D:\github\ron-english-sketches-and-drawings\images\Sketches\grins\Grinnie Delusionville Pilot in plane front B&W.jpg"
"Grinnie Delusionville Pilot in plane front COLOR.jpg",".jpg","162.8","True","Grinnie Delusionville Pilot in plane","grinnie-delusionville-pilot-in-plane.html","Digitized Versions","True","Add to existing page","Filename suggests a view/turnaround or part-specific image.","D:\github\ron-english-sketches-and-drawings\images\Sketches\grins\Grinnie Delusionville Pilot in plane front COLOR.jpg"
"Grinnie Delusionville Pilot in plane side B&W.jpg",".jpg","398.7","False","Grinnie Delusionville Pilot in plane","grinnie-delusionville-pilot-in-plane.html","Digitized Versions","True","Add to existing page","Filename suggests a view/turnaround or part-specific image.","D:\github\ron-english-sketches-and-drawings\images\Sketches\grins\Grinnie Delusionville Pilot in plane side B&W.jpg"
"Grinnie Delusionville Pilot in plane side COLOR.jpg",".jpg","417.4","False","Grinnie Delusionville Pilot in plane","grinnie-delusionville-pilot-in-plane.html","Digitized Versions","True","Add to existing page","Filename suggests a view/turnaround or part-specific image.","D:\github\ron-english-sketches-and-drawings\images\Sketches\grins\Grinnie Delusionville Pilot in plane side COLOR.jpg"
"Grinnie Delusionville Pilot in plane three quarters B&W.png",".png","73.2","False","Grinnie Delusionville Pilot in plane","grinnie-delusionville-pilot-in-plane.html","Digitized Versions","True","Add to existing page","Filename suggests a view/turnaround or part-specific image.","D:\github\ron-english-sketches-and-drawings\images\Sketches\grins\Grinnie Delusionville Pilot in plane three quarters B&W.png"
"Grinnie Delusionville Pilot side B&W.jpg",".jpg","383.6","False","Grinnie Delusionville Pilot","grinnie-delusionville-pilot.html","Digitized Versions","True","Add to existing page","Filename suggests a view/turnaround or part-specific image.","D:\github\ron-english-sketches-and-drawings\images\Sketches\grins\Grinnie Delusionville Pilot side B&W.jpg"
"Grinnie Delusionville Pilot side COLOR.jpg",".jpg","173.3","True","Grinnie Delusionville Pilot","grinnie-delusionville-pilot.html","Digitized Versions","True","Add to existing page","Filename suggests a view/turnaround or part-specific image.","D:\github\ron-english-sketches-and-drawings\images\Sketches\grins\Grinnie Delusionville Pilot side COLOR.jpg"
"Grinnie Family Icon COLOR.jpg",".jpg","186.4","True","Grinnie Family Icon","grinnie-family-icon.html","Digitized Versions","True","Add to existing page","","D:\github\ron-english-sketches-and-drawings\images\Sketches\grins\Grinnie Family Icon COLOR.jpg"
"grinnie front view color.jpg",".jpg","32.7","True","grinnie front view","grinnie-front-view.html","Digitized Versions","True","Add to existing page","Filename suggests a view/turnaround or part-specific image.","D:\github\ron-english-sketches-and-drawings\images\Sketches\grins\grinnie front view color.jpg"
"Grinnie on Horseback ORIGINAL 2.jpg",".jpg","234.2","True","Grinnie on Horseback","grinnie-on-horseback.html","Original Drawing","True","Add to existing page","Filename suggests a view/turnaround or part-specific image.","D:\github\ron-english-sketches-and-drawings\images\Sketches\grins\Grinnie on Horseback ORIGINAL 2.jpg"
"Grinnie on Horseback ORIGINAL.jpg",".jpg","174.6","True","Grinnie on Horseback","grinnie-on-horseback.html","Original Drawing","True","Add to existing page","Filename suggests a view/turnaround or part-specific image.","D:\github\ron-english-sketches-and-drawings\images\Sketches\grins\Grinnie on Horseback ORIGINAL.jpg"
"Grinnie Side view COLOR.png",".png","79.3","True","Grinnie","grinnie.html","Digitized Versions","True","Add to existing page","Filename suggests a view/turnaround or part-specific image.","D:\github\ron-english-sketches-and-drawings\images\Sketches\grins\Grinnie Side view COLOR.png"
"Grinnie Sideview Eyeball B&W.jpg",".jpg","327.2","False","Grinnie Sideview Eyeball","grinnie-sideview-eyeball.html","Digitized Versions","False","Likely create new page","Filename suggests a view/turnaround or part-specific image.","D:\github\ron-english-sketches-and-drawings\images\Sketches\grins\Grinnie Sideview Eyeball B&W.jpg"
"Grinnie Sideview Eyeball COLOR.jpg",".jpg","469.7","False","Grinnie Sideview Eyeball","grinnie-sideview-eyeball.html","Digitized Versions","False","Likely create new page","Filename suggests a view/turnaround or part-specific image.","D:\github\ron-english-sketches-and-drawings\images\Sketches\grins\Grinnie Sideview Eyeball COLOR.jpg"
"Grinnie three quarters B&W.jpg",".jpg","156.8","True","Grinnie","grinnie.html","Digitized Versions","True","Add to existing page","Filename suggests a view/turnaround or part-specific image.","D:\github\ron-english-sketches-and-drawings\images\Sketches\grins\Grinnie three quarters B&W.jpg"
"Grinnie three quarters COLOR.jpg",".jpg","220.3","True","Grinnie","grinnie.html","Digitized Versions","True","Add to existing page","Filename suggests a view/turnaround or part-specific image.","D:\github\ron-english-sketches-and-drawings\images\Sketches\grins\Grinnie three quarters COLOR.jpg"
"Grinnies Grin B&W.jpg",".jpg","289.5","False","Grinnies Grin","grinnies-grin.html","Digitized Versions","True","Add to existing page","","D:\github\ron-english-sketches-and-drawings\images\Sketches\grins\Grinnies Grin B&W.jpg"
"Grinnies Grin COLOR.jpg",".jpg","235.2","True","Grinnies Grin","grinnies-grin.html","Digitized Versions","True","Add to existing page","","D:\github\ron-english-sketches-and-drawings\images\Sketches\grins\Grinnies Grin COLOR.jpg"
"grinnies grin face animation.jpg",".jpg","180.5","True","grinnies grin face animation","grinnies-grin-face-animation.html","Digitized Versions","True","Add to existing page","Filename suggests a view/turnaround or part-specific image.","D:\github\ron-english-sketches-and-drawings\images\Sketches\grins\grinnies grin face animation.jpg"
"Grinnies Grin ORIGINAL 2.jpg",".jpg","351.8","True","Grinnies Grin","grinnies-grin.html","Original Drawing","True","Add to existing page","","D:\github\ron-english-sketches-and-drawings\images\Sketches\grins\Grinnies Grin ORIGINAL 2.jpg"
"Grinnies Grin ORIGINAL.jpg",".jpg","452.5","False","Grinnies Grin","grinnies-grin.html","Original Drawing","True","Add to existing page","","D:\github\ron-english-sketches-and-drawings\images\Sketches\grins\Grinnies Grin ORIGINAL.jpg"
"Grinnies on TV B&W.jpg",".jpg","231.9","True","Grinnies on TV","grinnies-on-tv.html","Digitized Versions","True","Add to existing page","","D:\github\ron-english-sketches-and-drawings\images\Sketches\grins\Grinnies on TV B&W.jpg"
"Grinnies on TV COLOR.jpg",".jpg","262.2","False","Grinnies on TV","grinnies-on-tv.html","Digitized Versions","True","Add to existing page","","D:\github\ron-english-sketches-and-drawings\images\Sketches\grins\Grinnies on TV COLOR.jpg"
"Grinnies on TV ORIGINAL.jpg",".jpg","234.8","True","Grinnies on TV","grinnies-on-tv.html","Original Drawing","True","Add to existing page","","D:\github\ron-english-sketches-and-drawings\images\Sketches\grins\Grinnies on TV ORIGINAL.jpg"
"Grinnies Twins B&W.jpg",".jpg","413.9","False","Grinnies Twins","grinnies-twins.html","Digitized Versions","True","Add to existing page","","D:\github\ron-english-sketches-and-drawings\images\Sketches\grins\Grinnies Twins B&W.jpg"
"Grinnies Twins COLOR.jpg",".jpg","294.2","True","Grinnies Twins","grinnies-twins.html","Digitized Versions","True","Add to existing page","","D:\github\ron-english-sketches-and-drawings\images\Sketches\grins\Grinnies Twins COLOR.jpg"
"Grinnies Twins ORIGINAL.jpg",".jpg","206.4","True","Grinnies Twins","grinnies-twins.html","Original Drawing","True","Add to existing page","","D:\github\ron-english-sketches-and-drawings\images\Sketches\grins\Grinnies Twins ORIGINAL.jpg"
"Grinplanet Nobody COLOR.jpg",".jpg","53.4","True","Grinplanet Nobody","grinplanet-nobody.html","Digitized Versions","True","Add to existing page","Filename suggests a view/turnaround or part-specific image.","D:\github\ron-english-sketches-and-drawings\images\Sketches\grins\Grinplanet Nobody COLOR.jpg"
"Grogu Grin B&W.jpg",".jpg","274.1","False","Grogu Grin","grogu-grin.html","Digitized Versions","False","Likely create new page","","D:\github\ron-english-sketches-and-drawings\images\Sketches\grins\Grogu Grin B&W.jpg"
"Grogu Grin COLOR.jpg",".jpg","55.2","False","Grogu Grin","grogu-grin.html","Digitized Versions","False","Likely create new page","","D:\github\ron-english-sketches-and-drawings\images\Sketches\grins\Grogu Grin COLOR.jpg"
"Grouch Grin B&W.jpg",".jpg","493.4","False","Grouch Grin","grouch-grin.html","Digitized Versions","True","Add to existing page","","D:\github\ron-english-sketches-and-drawings\images\Sketches\grins\Grouch Grin B&W.jpg"
"Grouch Grin COLOR.jpg",".jpg","392","False","Grouch Grin","grouch-grin.html","Digitized Versions","True","Add to existing page","","D:\github\ron-english-sketches-and-drawings\images\Sketches\grins\Grouch Grin COLOR.jpg"
"Grouch Grin ORIGINAL.jpg",".jpg","315.1","True","Grouch Grin","grouch-grin.html","Original Drawing","True","Add to existing page","","D:\github\ron-english-sketches-and-drawings\images\Sketches\grins\Grouch Grin ORIGINAL.jpg"
"Gummy Bear Grin B&W.jpg",".jpg","347.1","False","Gummy Bear Grin","gummy-bear-grin.html","Digitized Versions","True","Add to existing page","","D:\github\ron-english-sketches-and-drawings\images\Sketches\grins\Gummy Bear Grin B&W.jpg"
"Gummy Bear Grin COLOR.jpg",".jpg","546","False","Gummy Bear Grin","gummy-bear-grin.html","Digitized Versions","True","Add to existing page","","D:\github\ron-english-sketches-and-drawings\images\Sketches\grins\Gummy Bear Grin COLOR.jpg"
"Gummy Bear Grin ORIGINAL.jpg",".jpg","249.6","True","Gummy Bear Grin","gummy-bear-grin.html","Original Drawing","True","Add to existing page","","D:\github\ron-english-sketches-and-drawings\images\Sketches\grins\Gummy Bear Grin ORIGINAL.jpg"
"Hawaiian Punch Grin B&W.jpg",".jpg","430.7","False","Hawaiian Punch Grin","hawaiian-punch-grin.html","Digitized Versions","True","Add to existing page","","D:\github\ron-english-sketches-and-drawings\images\Sketches\grins\Hawaiian Punch Grin B&W.jpg"
"Hawaiian Punch Grin COLOR.jpg",".jpg","451.3","False","Hawaiian Punch Grin","hawaiian-punch-grin.html","Digitized Versions","True","Add to existing page","","D:\github\ron-english-sketches-and-drawings\images\Sketches\grins\Hawaiian Punch Grin COLOR.jpg"
"Hawaiian Punch Grin ORIGINAL.jpg",".jpg","320","True","Hawaiian Punch Grin","hawaiian-punch-grin.html","Original Drawing","True","Add to existing page","","D:\github\ron-english-sketches-and-drawings\images\Sketches\grins\Hawaiian Punch Grin ORIGINAL.jpg"
"Hello Kitty Grin B&W.jpg",".jpg","313.2","False","Hello Kitty Grin","hello-kitty-grin.html","Digitized Versions","True","Add to existing page","","D:\github\ron-english-sketches-and-drawings\images\Sketches\grins\Hello Kitty Grin B&W.jpg"
"Hello Kitty Grin COLOR.jpg",".jpg","481.9","False","Hello Kitty Grin","hello-kitty-grin.html","Digitized Versions","True","Add to existing page","","D:\github\ron-english-sketches-and-drawings\images\Sketches\grins\Hello Kitty Grin COLOR.jpg"
"Hello Kitty Grin left side B&W.jpg",".jpg","126.1","True","Hello Kitty Grin","hello-kitty-grin.html","Digitized Versions","True","Add to existing page","Filename suggests a view/turnaround or part-specific image.","D:\github\ron-english-sketches-and-drawings\images\Sketches\grins\Hello Kitty Grin left side B&W.jpg"
"Hello Kitty Grin left side COLOR.jpg",".jpg","413.6","False","Hello Kitty Grin","hello-kitty-grin.html","Digitized Versions","True","Add to existing page","Filename suggests a view/turnaround or part-specific image.","D:\github\ron-english-sketches-and-drawings\images\Sketches\grins\Hello Kitty Grin left side COLOR.jpg"
"Hello Kitty Grin left side ORIGINAL.jpg",".jpg","174.7","True","Hello Kitty Grin","hello-kitty-grin.html","Original Drawing","True","Add to existing page","Filename suggests a view/turnaround or part-specific image.","D:\github\ron-english-sketches-and-drawings\images\Sketches\grins\Hello Kitty Grin left side ORIGINAL.jpg"
"Hello Kitty Grin ORIGINAL 2.jpg",".jpg","267.6","True","Hello Kitty Grin","hello-kitty-grin.html","Original Drawing","True","Add to existing page","","D:\github\ron-english-sketches-and-drawings\images\Sketches\grins\Hello Kitty Grin ORIGINAL 2.jpg"
"Hello Kitty Grin ORIGINAL COLOR.jpg",".jpg","208.5","False","Hello Kitty Grin","hello-kitty-grin.html","Original Drawing","True","Add to existing page","Contains ORIGINAL COLOR: review whether original, color study, digitized version, or collector card.","D:\github\ron-english-sketches-and-drawings\images\Sketches\grins\Hello Kitty Grin ORIGINAL COLOR.jpg"
"Hello Kitty Grin ORIGINAL.jpg",".jpg","239.6","True","Hello Kitty Grin","hello-kitty-grin.html","Original Drawing","True","Add to existing page","","D:\github\ron-english-sketches-and-drawings\images\Sketches\grins\Hello Kitty Grin ORIGINAL.jpg"
"Hello Kitty Grin right side B&W.jpg",".jpg","116.2","True","Hello Kitty Grin","hello-kitty-grin.html","Digitized Versions","True","Add to existing page","Filename suggests a view/turnaround or part-specific image.","D:\github\ron-english-sketches-and-drawings\images\Sketches\grins\Hello Kitty Grin right side B&W.jpg"
"Hello Kitty Grin right side COLOR.jpg",".jpg","381.5","False","Hello Kitty Grin","hello-kitty-grin.html","Digitized Versions","True","Add to existing page","Filename suggests a view/turnaround or part-specific image.","D:\github\ron-english-sketches-and-drawings\images\Sketches\grins\Hello Kitty Grin right side COLOR.jpg"
"Hello Kitty Grin right side ORIGINAL.jpg",".jpg","179.2","True","Hello Kitty Grin","hello-kitty-grin.html","Original Drawing","True","Add to existing page","Filename suggests a view/turnaround or part-specific image.","D:\github\ron-english-sketches-and-drawings\images\Sketches\grins\Hello Kitty Grin right side ORIGINAL.jpg"
"Hello Kitty ORIGINAL COLOR.jpg",".jpg","129","False","Hello Kitty","hello-kitty.html","Original Drawing","False","Likely create new page","Contains ORIGINAL COLOR: review whether original, color study, digitized version, or collector card.","D:\github\ron-english-sketches-and-drawings\images\Sketches\grins\Hello Kitty ORIGINAL COLOR.jpg"
"Homer Grin 3 back B&W.jpg",".jpg","402.9","False","Homer Grin 3","homer-grin-3.html","Digitized Versions","True","Add to existing page","Filename suggests a view/turnaround or part-specific image.","D:\github\ron-english-sketches-and-drawings\images\Sketches\grins\Homer Grin 3 back B&W.jpg"
"Homer Grin 3 back COLOR.jpg",".jpg","430.3","False","Homer Grin 3","homer-grin-3.html","Digitized Versions","True","Add to existing page","Filename suggests a view/turnaround or part-specific image.","D:\github\ron-english-sketches-and-drawings\images\Sketches\grins\Homer Grin 3 back COLOR.jpg"
"Homer Grin 3 back ORIGINAL.jpg",".jpg","152.1","True","Homer Grin 3","homer-grin-3.html","Original Drawing","True","Add to existing page","Filename suggests a view/turnaround or part-specific image.","D:\github\ron-english-sketches-and-drawings\images\Sketches\grins\Homer Grin 3 back ORIGINAL.jpg"
"Homer Grin 3 front B&W.jpg",".jpg","138.7","True","Homer Grin 3","homer-grin-3.html","Digitized Versions","True","Add to existing page","Filename suggests a view/turnaround or part-specific image.","D:\github\ron-english-sketches-and-drawings\images\Sketches\grins\Homer Grin 3 front B&W.jpg"
"Homer Grin 3 front COLOR.jpg",".jpg","184.9","True","Homer Grin 3","homer-grin-3.html","Digitized Versions","True","Add to existing page","Filename suggests a view/turnaround or part-specific image.","D:\github\ron-english-sketches-and-drawings\images\Sketches\grins\Homer Grin 3 front COLOR.jpg"
"Homer Grin 3 front ORIGINAL.jpg",".jpg","162.9","True","Homer Grin 3","homer-grin-3.html","Original Drawing","True","Add to existing page","Filename suggests a view/turnaround or part-specific image.","D:\github\ron-english-sketches-and-drawings\images\Sketches\grins\Homer Grin 3 front ORIGINAL.jpg"
"Homer Grin 3 left side B&W.jpg",".jpg","290.5","False","Homer Grin 3","homer-grin-3.html","Digitized Versions","True","Add to existing page","Filename suggests a view/turnaround or part-specific image.","D:\github\ron-english-sketches-and-drawings\images\Sketches\grins\Homer Grin 3 left side B&W.jpg"
"Homer Grin 3 left side COLOR.jpg",".jpg","306.8","False","Homer Grin 3","homer-grin-3.html","Digitized Versions","True","Add to existing page","Filename suggests a view/turnaround or part-specific image.","D:\github\ron-english-sketches-and-drawings\images\Sketches\grins\Homer Grin 3 left side COLOR.jpg"
"Homer Grin 3 left side ORIGINAL.jpg",".jpg","154.9","True","Homer Grin 3","homer-grin-3.html","Original Drawing","True","Add to existing page","Filename suggests a view/turnaround or part-specific image.","D:\github\ron-english-sketches-and-drawings\images\Sketches\grins\Homer Grin 3 left side ORIGINAL.jpg"
"Homer Grin 3 right side B&W.jpg",".jpg","289.7","False","Homer Grin 3","homer-grin-3.html","Digitized Versions","True","Add to existing page","Filename suggests a view/turnaround or part-specific image.","D:\github\ron-english-sketches-and-drawings\images\Sketches\grins\Homer Grin 3 right side B&W.jpg"
"Homer Grin 3 right side COLOR.jpg",".jpg","305.7","False","Homer Grin 3","homer-grin-3.html","Digitized Versions","True","Add to existing page","Filename suggests a view/turnaround or part-specific image.","D:\github\ron-english-sketches-and-drawings\images\Sketches\grins\Homer Grin 3 right side COLOR.jpg"
"Homer Grin 3 right side ORIGINAL.jpg",".jpg","153.3","True","Homer Grin 3","homer-grin-3.html","Original Drawing","True","Add to existing page","Filename suggests a view/turnaround or part-specific image.","D:\github\ron-english-sketches-and-drawings\images\Sketches\grins\Homer Grin 3 right side ORIGINAL.jpg"
"Homer Grin B&W.jpg",".jpg","298.7","False","Homer Grin","homer-grin.html","Digitized Versions","True","Add to existing page","","D:\github\ron-english-sketches-and-drawings\images\Sketches\grins\Homer Grin B&W.jpg"
"Homer Grin COLOR.jpg",".jpg","522.8","False","Homer Grin","homer-grin.html","Digitized Versions","True","Add to existing page","","D:\github\ron-english-sketches-and-drawings\images\Sketches\grins\Homer Grin COLOR.jpg"
"Homer Grin Flying B&W.jpg",".jpg","321.6","False","Homer Grin Flying","homer-grin-flying.html","Digitized Versions","True","Add to existing page","","D:\github\ron-english-sketches-and-drawings\images\Sketches\grins\Homer Grin Flying B&W.jpg"
"Homer Grin Flying COLOR.jpg",".jpg","479.9","False","Homer Grin Flying","homer-grin-flying.html","Digitized Versions","True","Add to existing page","","D:\github\ron-english-sketches-and-drawings\images\Sketches\grins\Homer Grin Flying COLOR.jpg"
"Homer Grin Flying ORIGINAL.jpg",".jpg","322.9","True","Homer Grin Flying","homer-grin-flying.html","Original Drawing","True","Add to existing page","","D:\github\ron-english-sketches-and-drawings\images\Sketches\grins\Homer Grin Flying ORIGINAL.jpg"
"Homer Grin headshot B&W.jpg",".jpg","343.3","False","Homer Grin","homer-grin.html","Digitized Versions","True","Add to existing page","Filename suggests a view/turnaround or part-specific image.","D:\github\ron-english-sketches-and-drawings\images\Sketches\grins\Homer Grin headshot B&W.jpg"
"Homer Grin headshot COLOR.jpg",".jpg","218.6","True","Homer Grin","homer-grin.html","Digitized Versions","True","Add to existing page","Filename suggests a view/turnaround or part-specific image.","D:\github\ron-english-sketches-and-drawings\images\Sketches\grins\Homer Grin headshot COLOR.jpg"
"Homer Grin headshot ORIGINAL.jpg",".jpg","172.9","True","Homer Grin","homer-grin.html","Original Drawing","True","Add to existing page","Filename suggests a view/turnaround or part-specific image.","D:\github\ron-english-sketches-and-drawings\images\Sketches\grins\Homer Grin headshot ORIGINAL.jpg"
"Homer Grin headshot side B&W.jpg",".jpg","302.9","False","Homer Grin","homer-grin.html","Digitized Versions","True","Add to existing page","Filename suggests a view/turnaround or part-specific image.","D:\github\ron-english-sketches-and-drawings\images\Sketches\grins\Homer Grin headshot side B&W.jpg"
"Homer Grin headshot side COLOR.jpg",".jpg","217.1","True","Homer Grin","homer-grin.html","Digitized Versions","True","Add to existing page","Filename suggests a view/turnaround or part-specific image.","D:\github\ron-english-sketches-and-drawings\images\Sketches\grins\Homer Grin headshot side COLOR.jpg"
"Homer Grin headshot side ORIGINAL.jpg",".jpg","174","True","Homer Grin","homer-grin.html","Original Drawing","True","Add to existing page","Filename suggests a view/turnaround or part-specific image.","D:\github\ron-english-sketches-and-drawings\images\Sketches\grins\Homer Grin headshot side ORIGINAL.jpg"
"Homer Grin ORIGINAL COLOR.png",".png","85.5","True","Homer Grin","homer-grin.html","Original Drawing","True","Add to existing page","Contains ORIGINAL COLOR: review whether original, color study, digitized version, or collector card.","D:\github\ron-english-sketches-and-drawings\images\Sketches\grins\Homer Grin ORIGINAL COLOR.png"
"Homer grin version 2 back B&W.jpg",".jpg","382","False","Homer grin version 2","homer-grin-version-2.html","Digitized Versions","True","Add to existing page","Filename suggests a view/turnaround or part-specific image.","D:\github\ron-english-sketches-and-drawings\images\Sketches\grins\Homer grin version 2 back B&W.jpg"
"Homer grin version 2 back COLOR.jpg",".jpg","377.4","False","Homer grin version 2","homer-grin-version-2.html","Digitized Versions","True","Add to existing page","Filename suggests a view/turnaround or part-specific image.","D:\github\ron-english-sketches-and-drawings\images\Sketches\grins\Homer grin version 2 back COLOR.jpg"
"Homer grin version 2 back ORIGINAL.jpg",".jpg","156.3","True","Homer grin version 2","homer-grin-version-2.html","Original Drawing","True","Add to existing page","Filename suggests a view/turnaround or part-specific image.","D:\github\ron-english-sketches-and-drawings\images\Sketches\grins\Homer grin version 2 back ORIGINAL.jpg"
"Homer Grin version 2 front B&W.jpg",".jpg","122.4","True","Homer Grin version 2","homer-grin-version-2.html","Digitized Versions","True","Add to existing page","Filename suggests a view/turnaround or part-specific image.","D:\github\ron-english-sketches-and-drawings\images\Sketches\grins\Homer Grin version 2 front B&W.jpg"
"Homer Grin version 2 front COLOR.jpg",".jpg","178.6","True","Homer Grin version 2","homer-grin-version-2.html","Digitized Versions","True","Add to existing page","Filename suggests a view/turnaround or part-specific image.","D:\github\ron-english-sketches-and-drawings\images\Sketches\grins\Homer Grin version 2 front COLOR.jpg"
"Homer Grin version 2 front ORIGINAL.jpg",".jpg","171.2","True","Homer Grin version 2","homer-grin-version-2.html","Original Drawing","True","Add to existing page","Filename suggests a view/turnaround or part-specific image.","D:\github\ron-english-sketches-and-drawings\images\Sketches\grins\Homer Grin version 2 front ORIGINAL.jpg"
"Homer Grin version 2 left side B&W.jpg",".jpg","305.1","False","Homer Grin version 2","homer-grin-version-2.html","Digitized Versions","True","Add to existing page","Filename suggests a view/turnaround or part-specific image.","D:\github\ron-english-sketches-and-drawings\images\Sketches\grins\Homer Grin version 2 left side B&W.jpg"
"Homer Grin version 2 left side COLOR.jpg",".jpg","329.1","False","Homer Grin version 2","homer-grin-version-2.html","Digitized Versions","True","Add to existing page","Filename suggests a view/turnaround or part-specific image.","D:\github\ron-english-sketches-and-drawings\images\Sketches\grins\Homer Grin version 2 left side COLOR.jpg"
"Homer Grin version 2 left side ORIGINAL.jpg",".jpg","130.5","True","Homer Grin version 2","homer-grin-version-2.html","Original Drawing","True","Add to existing page","Filename suggests a view/turnaround or part-specific image.","D:\github\ron-english-sketches-and-drawings\images\Sketches\grins\Homer Grin version 2 left side ORIGINAL.jpg"
"Homer Grin version 2 right side B&W.jpg",".jpg","322","False","Homer Grin version 2","homer-grin-version-2.html","Digitized Versions","True","Add to existing page","Filename suggests a view/turnaround or part-specific image.","D:\github\ron-english-sketches-and-drawings\images\Sketches\grins\Homer Grin version 2 right side B&W.jpg"
"Homer Grin version 2 right side COLOR.jpg",".jpg","346.5","False","Homer Grin version 2","homer-grin-version-2.html","Digitized Versions","True","Add to existing page","Filename suggests a view/turnaround or part-specific image.","D:\github\ron-english-sketches-and-drawings\images\Sketches\grins\Homer Grin version 2 right side COLOR.jpg"
"Homer Grin version 2 right side ORIGINAL.jpg",".jpg","138.1","True","Homer Grin version 2","homer-grin-version-2.html","Original Drawing","True","Add to existing page","Filename suggests a view/turnaround or part-specific image.","D:\github\ron-english-sketches-and-drawings\images\Sketches\grins\Homer Grin version 2 right side ORIGINAL.jpg"
"Honey Butts Grin B&W.jpg",".jpg","184.8","True","Honey Butts Grin","honey-butts-grin.html","Digitized Versions","True","Add to existing page","","D:\github\ron-english-sketches-and-drawings\images\Sketches\grins\Honey Butts Grin B&W.jpg"
"Honey Butts Grin COLOR.jpg",".jpg","486.5","False","Honey Butts Grin","honey-butts-grin.html","Digitized Versions","True","Add to existing page","","D:\github\ron-english-sketches-and-drawings\images\Sketches\grins\Honey Butts Grin COLOR.jpg"
"Honey Butts Grin ORIGINAL.jpg",".jpg","282","True","Honey Butts Grin","honey-butts-grin.html","Original Drawing","True","Add to existing page","","D:\github\ron-english-sketches-and-drawings\images\Sketches\grins\Honey Butts Grin ORIGINAL.jpg"
"Hound Grin  COLOR.jpg",".jpg","156","True","Hound Grin","hound-grin.html","Digitized Versions","True","Add to existing page","","D:\github\ron-english-sketches-and-drawings\images\Sketches\grins\Hound Grin  COLOR.jpg"
"Hound Grin Face ORIGINAL.jpg",".jpg","195.4","True","Hound Grin","hound-grin.html","Original Drawing","True","Add to existing page","Filename suggests a view/turnaround or part-specific image.","D:\github\ron-english-sketches-and-drawings\images\Sketches\grins\Hound Grin Face ORIGINAL.jpg"
"Hound Grin ORIGINAL.jpg",".jpg","139.1","True","Hound Grin","hound-grin.html","Original Drawing","True","Add to existing page","","D:\github\ron-english-sketches-and-drawings\images\Sketches\grins\Hound Grin ORIGINAL.jpg"
"HR Puffenstuff Grin B&W.jpg",".jpg","342","False","HR Puffenstuff Grin","hr-puffenstuff-grin.html","Digitized Versions","True","Add to existing page","","D:\github\ron-english-sketches-and-drawings\images\Sketches\grins\HR Puffenstuff Grin B&W.jpg"
"HR Puffenstuff Grin COLOR.jpg",".jpg","342","True","HR Puffenstuff Grin","hr-puffenstuff-grin.html","Digitized Versions","True","Add to existing page","","D:\github\ron-english-sketches-and-drawings\images\Sketches\grins\HR Puffenstuff Grin COLOR.jpg"
"HR Puffenstuff Grin ORIGINAL.jpg",".jpg","319.9","True","HR Puffenstuff Grin","hr-puffenstuff-grin.html","Original Drawing","True","Add to existing page","","D:\github\ron-english-sketches-and-drawings\images\Sketches\grins\HR Puffenstuff Grin ORIGINAL.jpg"
"Jake Grin ORIGINAL COLOR.jpg",".jpg","135.3","False","Jake Grin","jake-grin.html","Original Drawing","False","Likely create new page","Contains ORIGINAL COLOR: review whether original, color study, digitized version, or collector card.","D:\github\ron-english-sketches-and-drawings\images\Sketches\grins\Jake Grin ORIGINAL COLOR.jpg"
"Jake the Dog Grin B&W.jpg",".jpg","317.7","False","Jake the Dog Grin","jake-the-dog-grin.html","Digitized Versions","True","Add to existing page","","D:\github\ron-english-sketches-and-drawings\images\Sketches\grins\Jake the Dog Grin B&W.jpg"
"Jake the Dog Grin COLOR.jpg",".jpg","489.7","False","Jake the Dog Grin","jake-the-dog-grin.html","Digitized Versions","True","Add to existing page","","D:\github\ron-english-sketches-and-drawings\images\Sketches\grins\Jake the Dog Grin COLOR.jpg"
"Jake the Dog Grin ORIGINAL COLOR.jpg",".jpg","245.2","False","Jake the Dog Grin","jake-the-dog-grin.html","Original Drawing","True","Add to existing page","Contains ORIGINAL COLOR: review whether original, color study, digitized version, or collector card.","D:\github\ron-english-sketches-and-drawings\images\Sketches\grins\Jake the Dog Grin ORIGINAL COLOR.jpg"
"Jake the Dog Grin ORIGINAL.jpg",".jpg","244.4","True","Jake the Dog Grin","jake-the-dog-grin.html","Original Drawing","True","Add to existing page","","D:\github\ron-english-sketches-and-drawings\images\Sketches\grins\Jake the Dog Grin ORIGINAL.jpg"
"Jane Jetson Grin B&W.jpg",".jpg","491.3","False","Jane Jetson Grin","jane-jetson-grin.html","Digitized Versions","True","Add to existing page","","D:\github\ron-english-sketches-and-drawings\images\Sketches\grins\Jane Jetson Grin B&W.jpg"
"Jane Jetson Grin COLOR.1.jpg",".jpg","326.5","False","Jane Jetson Grin COLOR.1","jane-jetson-grin-color-1.html","Digitized Versions","False","Likely create new page","","D:\github\ron-english-sketches-and-drawings\images\Sketches\grins\Jane Jetson Grin COLOR.1.jpg"
"Jane Jetson Grin COLOR.jpg",".jpg","292","False","Jane Jetson Grin","jane-jetson-grin.html","Digitized Versions","True","Add to existing page","","D:\github\ron-english-sketches-and-drawings\images\Sketches\grins\Jane Jetson Grin COLOR.jpg"
"Jane Jetson Grin ORIGINAL.jpg",".jpg","213.4","True","Jane Jetson Grin","jane-jetson-grin.html","Original Drawing","True","Add to existing page","","D:\github\ron-english-sketches-and-drawings\images\Sketches\grins\Jane Jetson Grin ORIGINAL.jpg"
"Jeremiah Grin 1 ORIGINAL.jpg",".jpg","306.7","True","Jeremiah Grin 1","jeremiah-grin-1.html","Original Drawing","True","Add to existing page","","D:\github\ron-english-sketches-and-drawings\images\Sketches\grins\Jeremiah Grin 1 ORIGINAL.jpg"
"Jeremiah Grin 2 ORIGINAL.jpg",".jpg","229.4","True","Jeremiah Grin 2","jeremiah-grin-2.html","Original Drawing","True","Add to existing page","","D:\github\ron-english-sketches-and-drawings\images\Sketches\grins\Jeremiah Grin 2 ORIGINAL.jpg"
"Jeremiah Grin 3 ORIGINAL.jpg",".jpg","238.6","True","Jeremiah Grin 3","jeremiah-grin-3.html","Original Drawing","True","Add to existing page","","D:\github\ron-english-sketches-and-drawings\images\Sketches\grins\Jeremiah Grin 3 ORIGINAL.jpg"
"Jeremiah Grin 4 ORIGINAL.jpg",".jpg","174.3","True","Jeremiah Grin 4","jeremiah-grin-4.html","Original Drawing","True","Add to existing page","","D:\github\ron-english-sketches-and-drawings\images\Sketches\grins\Jeremiah Grin 4 ORIGINAL.jpg"
"Jimi Hendrix Grin B&W.jpg",".jpg","294.3","True","Jimi Hendrix Grin","jimi-hendrix-grin.html","Digitized Versions","True","Add to existing page","","D:\github\ron-english-sketches-and-drawings\images\Sketches\grins\Jimi Hendrix Grin B&W.jpg"
"Jimi Hendrix Grin ORIGINAL COLOR 1.jpg",".jpg","113.6","True","Jimi Hendrix Grin","jimi-hendrix-grin.html","Original Drawing","True","Add to existing page","Contains ORIGINAL COLOR: review whether original, color study, digitized version, or collector card.","D:\github\ron-english-sketches-and-drawings\images\Sketches\grins\Jimi Hendrix Grin ORIGINAL COLOR 1.jpg"
"Jimi Hendrix Grin ORIGINAL COLOR 2.jpg",".jpg","317.8","True","Jimi Hendrix Grin","jimi-hendrix-grin.html","Original Drawing","True","Add to existing page","Contains ORIGINAL COLOR: review whether original, color study, digitized version, or collector card.","D:\github\ron-english-sketches-and-drawings\images\Sketches\grins\Jimi Hendrix Grin ORIGINAL COLOR 2.jpg"
"Jimi Hendrix Grin ORIGINAL COLOR 3.jpg",".jpg","111.7","True","Jimi Hendrix Grin","jimi-hendrix-grin.html","Original Drawing","True","Add to existing page","Contains ORIGINAL COLOR: review whether original, color study, digitized version, or collector card.","D:\github\ron-english-sketches-and-drawings\images\Sketches\grins\Jimi Hendrix Grin ORIGINAL COLOR 3.jpg"
"Jimi Hendrix Grin ORIGINAL.jpg",".jpg","278.6","True","Jimi Hendrix Grin","jimi-hendrix-grin.html","Original Drawing","True","Add to existing page","","D:\github\ron-english-sketches-and-drawings\images\Sketches\grins\Jimi Hendrix Grin ORIGINAL.jpg"
"Joker Grin B&W.jpg",".jpg","180.3","True","Joker Grin","joker-grin.html","Digitized Versions","True","Add to existing page","","D:\github\ron-english-sketches-and-drawings\images\Sketches\grins\Joker Grin B&W.jpg"
"Joker Grin COLOR.jpg",".jpg","305.3","False","Joker Grin","joker-grin.html","Digitized Versions","True","Add to existing page","","D:\github\ron-english-sketches-and-drawings\images\Sketches\grins\Joker Grin COLOR.jpg"
"Joker Grin ORIGINAL.jpg",".jpg","235.3","True","Joker Grin","joker-grin.html","Original Drawing","True","Add to existing page","","D:\github\ron-english-sketches-and-drawings\images\Sketches\grins\Joker Grin ORIGINAL.jpg"
"Kanegon Grin B&W.jpg",".jpg","432.5","False","Kanegon Grin","kanegon-grin.html","Digitized Versions","True","Add to existing page","","D:\github\ron-english-sketches-and-drawings\images\Sketches\grins\Kanegon Grin B&W.jpg"
"Kanegon Grin COLOR.jpg",".jpg","257.3","True","Kanegon Grin","kanegon-grin.html","Digitized Versions","True","Add to existing page","","D:\github\ron-english-sketches-and-drawings\images\Sketches\grins\Kanegon Grin COLOR.jpg"
"Kanegon Grin ORIGINAL.jpg",".jpg","214","True","Kanegon Grin","kanegon-grin.html","Original Drawing","True","Add to existing page","","D:\github\ron-english-sketches-and-drawings\images\Sketches\grins\Kanegon Grin ORIGINAL.jpg"
"Kanegon Grin side B&W.jpg",".jpg","156.4","True","Kanegon Grin","kanegon-grin.html","Digitized Versions","True","Add to existing page","Filename suggests a view/turnaround or part-specific image.","D:\github\ron-english-sketches-and-drawings\images\Sketches\grins\Kanegon Grin side B&W.jpg"
"Kanegon Grin side COLOR.jpg",".jpg","225.4","True","Kanegon Grin","kanegon-grin.html","Digitized Versions","True","Add to existing page","Filename suggests a view/turnaround or part-specific image.","D:\github\ron-english-sketches-and-drawings\images\Sketches\grins\Kanegon Grin side COLOR.jpg"
"Kanegon Grin side ORIGINAL.jpg",".jpg","191.5","True","Kanegon Grin","kanegon-grin.html","Original Drawing","True","Add to existing page","Filename suggests a view/turnaround or part-specific image.","D:\github\ron-english-sketches-and-drawings\images\Sketches\grins\Kanegon Grin side ORIGINAL.jpg"
"Kevin Durant 1 ORIGINAL.jpg",".jpg","171.9","True","Kevin Durant 1","kevin-durant-1.html","Original Drawing","True","Add to existing page","","D:\github\ron-english-sketches-and-drawings\images\Sketches\grins\Kevin Durant 1 ORIGINAL.jpg"
"Kevin Durant Grim ORIGINAL.jpg",".jpg","156.5","True","Kevin Durant Grim","kevin-durant-grim.html","Original Drawing","True","Add to existing page","","D:\github\ron-english-sketches-and-drawings\images\Sketches\grins\Kevin Durant Grim ORIGINAL.jpg"
"Kevin Durant Grin With Ball B&W.jpg",".jpg","361.7","False","Kevin Durant Grin","kevin-durant-grin.html","Digitized Versions","True","Add to existing page","","D:\github\ron-english-sketches-and-drawings\images\Sketches\grins\Kevin Durant Grin With Ball B&W.jpg"
"Kevin Durant Grin With Ball COLOR.jpg",".jpg","271.8","False","Kevin Durant Grin","kevin-durant-grin.html","Digitized Versions","True","Add to existing page","","D:\github\ron-english-sketches-and-drawings\images\Sketches\grins\Kevin Durant Grin With Ball COLOR.jpg"
"Kevin Durant Grin With Ball ORIGINAL.1.jpg",".jpg","267.4","True","Kevin Durant Grin With Ball ORIGINAL.1","kevin-durant-grin-with-ball-original-1.html","Original Drawing","True","Add to existing page","","D:\github\ron-english-sketches-and-drawings\images\Sketches\grins\Kevin Durant Grin With Ball ORIGINAL.1.jpg"
"Kevin Durant Grin With Ball ORIGINAL.jpeg",".jpeg","55.2","True","Kevin Durant Grin","kevin-durant-grin.html","Original Drawing","True","Add to existing page","JPEG extension: verify exact extension is preserved.","D:\github\ron-english-sketches-and-drawings\images\Sketches\grins\Kevin Durant Grin With Ball ORIGINAL.jpeg"
"Kevin Durant Grin With Ball ORIGINAL.jpg",".jpg","162.3","True","Kevin Durant Grin","kevin-durant-grin.html","Original Drawing","True","Add to existing page","","D:\github\ron-english-sketches-and-drawings\images\Sketches\grins\Kevin Durant Grin With Ball ORIGINAL.jpg"
"Kiss Gene Grin B&W.jpg",".jpg","384.2","False","Kiss Gene Grin","kiss-gene-grin.html","Digitized Versions","True","Add to existing page","","D:\github\ron-english-sketches-and-drawings\images\Sketches\grins\Kiss Gene Grin B&W.jpg"
"Kiss Gene Grin COLOR.jpg",".jpg","478.1","False","Kiss Gene Grin","kiss-gene-grin.html","Digitized Versions","True","Add to existing page","","D:\github\ron-english-sketches-and-drawings\images\Sketches\grins\Kiss Gene Grin COLOR.jpg"
"Kiss Gene Grin ORIGINAL.jpg",".jpg","334.9","True","Kiss Gene Grin","kiss-gene-grin.html","Original Drawing","True","Add to existing page","","D:\github\ron-english-sketches-and-drawings\images\Sketches\grins\Kiss Gene Grin ORIGINAL.jpg"
"Krusty the Clown Grin back B&W.jpg",".jpg","160.6","True","Krusty the Clown Grin","krusty-the-clown-grin.html","Digitized Versions","True","Add to existing page","Filename suggests a view/turnaround or part-specific image.","D:\github\ron-english-sketches-and-drawings\images\Sketches\grins\Krusty the Clown Grin back B&W.jpg"
"Krusty the Clown Grin back COLOR.jpg",".jpg","207.2","True","Krusty the Clown Grin","krusty-the-clown-grin.html","Digitized Versions","True","Add to existing page","Filename suggests a view/turnaround or part-specific image.","D:\github\ron-english-sketches-and-drawings\images\Sketches\grins\Krusty the Clown Grin back COLOR.jpg"
"Krusty the Clown Grin back ORIGINAL.jpg",".jpg","187.5","True","Krusty the Clown Grin","krusty-the-clown-grin.html","Original Drawing","True","Add to existing page","Filename suggests a view/turnaround or part-specific image.","D:\github\ron-english-sketches-and-drawings\images\Sketches\grins\Krusty the Clown Grin back ORIGINAL.jpg"
"Krusty the Clown Grin front B&W.jpg",".jpg","171.2","True","Krusty the Clown Grin","krusty-the-clown-grin.html","Digitized Versions","True","Add to existing page","Filename suggests a view/turnaround or part-specific image.","D:\github\ron-english-sketches-and-drawings\images\Sketches\grins\Krusty the Clown Grin front B&W.jpg"
"Krusty the Clown Grin front COLOR.jpg",".jpg","462.8","False","Krusty the Clown Grin","krusty-the-clown-grin.html","Digitized Versions","True","Add to existing page","Filename suggests a view/turnaround or part-specific image.","D:\github\ron-english-sketches-and-drawings\images\Sketches\grins\Krusty the Clown Grin front COLOR.jpg"
"Krusty the Clown Grin front ORIGINAL.jpg",".jpg","197.7","True","Krusty the Clown Grin","krusty-the-clown-grin.html","Original Drawing","True","Add to existing page","Filename suggests a view/turnaround or part-specific image.","D:\github\ron-english-sketches-and-drawings\images\Sketches\grins\Krusty the Clown Grin front ORIGINAL.jpg"
"Krusty the Clown Grin left side B&W.jpg",".jpg","134.4","True","Krusty the Clown Grin","krusty-the-clown-grin.html","Digitized Versions","True","Add to existing page","Filename suggests a view/turnaround or part-specific image.","D:\github\ron-english-sketches-and-drawings\images\Sketches\grins\Krusty the Clown Grin left side B&W.jpg"
"Krusty the Clown Grin left side COLOR.jpg",".jpg","175.3","True","Krusty the Clown Grin","krusty-the-clown-grin.html","Digitized Versions","True","Add to existing page","Filename suggests a view/turnaround or part-specific image.","D:\github\ron-english-sketches-and-drawings\images\Sketches\grins\Krusty the Clown Grin left side COLOR.jpg"
"Krusty the Clown Grin left side ORIGINAL.jpg",".jpg","170.3","True","Krusty the Clown Grin","krusty-the-clown-grin.html","Original Drawing","True","Add to existing page","Filename suggests a view/turnaround or part-specific image.","D:\github\ron-english-sketches-and-drawings\images\Sketches\grins\Krusty the Clown Grin left side ORIGINAL.jpg"
"Kursed Grin Side View B&W.jpg",".jpg","518.7","False","Kursed Grin","kursed-grin.html","Digitized Versions","True","Add to existing page","Filename suggests a view/turnaround or part-specific image.","D:\github\ron-english-sketches-and-drawings\images\Sketches\grins\Kursed Grin Side View B&W.jpg"
"Kursed Grin Side View COLOR.jpg",".jpg","280.1","True","Kursed Grin","kursed-grin.html","Digitized Versions","True","Add to existing page","Filename suggests a view/turnaround or part-specific image.","D:\github\ron-english-sketches-and-drawings\images\Sketches\grins\Kursed Grin Side View COLOR.jpg"
"Lagoon Creature Grin COLOR.jpg",".jpg","176.4","False","Lagoon Creature Grin","lagoon-creature-grin.html","Digitized Versions","False","Likely create new page","","D:\github\ron-english-sketches-and-drawings\images\Sketches\grins\Lagoon Creature Grin COLOR.jpg"
"Lemon Boy grin B&W.jpg",".jpg","266.1","False","Lemon Boy grin","lemon-boy-grin.html","Digitized Versions","True","Add to existing page","","D:\github\ron-english-sketches-and-drawings\images\Sketches\grins\Lemon Boy grin B&W.jpg"
"Lemon Boy grin COLOR.jpg",".jpg","257.5","True","Lemon Boy grin","lemon-boy-grin.html","Digitized Versions","True","Add to existing page","","D:\github\ron-english-sketches-and-drawings\images\Sketches\grins\Lemon Boy grin COLOR.jpg"
"Lemon Boy Grin Walking COLOR.jpg",".jpg","249","True","Lemon Boy Grin","lemon-boy-grin.html","Digitized Versions","True","Add to existing page","","D:\github\ron-english-sketches-and-drawings\images\Sketches\grins\Lemon Boy Grin Walking COLOR.jpg"
"Lemon Boy Grin Walking face ORIGINAL.jpg",".jpg","399.3","True","Lemon Boy Grin","lemon-boy-grin.html","Original Drawing","True","Add to existing page","Filename suggests a view/turnaround or part-specific image.","D:\github\ron-english-sketches-and-drawings\images\Sketches\grins\Lemon Boy Grin Walking face ORIGINAL.jpg"
"Leopard Grin 1 COLOR.png",".png","485.6","True","Leopard Grin 1","leopard-grin-1.html","Digitized Versions","True","Add to existing page","","D:\github\ron-english-sketches-and-drawings\images\Sketches\grins\Leopard Grin 1 COLOR.png"
"Leopard Grin 2 COLOR.png",".png","318.6","True","Leopard Grin 2","leopard-grin-2.html","Digitized Versions","True","Add to existing page","","D:\github\ron-english-sketches-and-drawings\images\Sketches\grins\Leopard Grin 2 COLOR.png"
"Leopard Grin 3 COLOR.png",".png","320.2","True","Leopard Grin 3","leopard-grin-3.html","Digitized Versions","True","Add to existing page","","D:\github\ron-english-sketches-and-drawings\images\Sketches\grins\Leopard Grin 3 COLOR.png"
"Liberty Grin B&W 2.jpeg",".jpeg","143.2","False","Liberty Grin","liberty-grin.html","Digitized Versions","True","Add to existing page","JPEG extension: verify exact extension is preserved.","D:\github\ron-english-sketches-and-drawings\images\Sketches\grins\Liberty Grin B&W 2.jpeg"
"Liberty Grin B&W 3.jpeg",".jpeg","152.1","True","Liberty Grin","liberty-grin.html","Digitized Versions","True","Add to existing page","JPEG extension: verify exact extension is preserved.","D:\github\ron-english-sketches-and-drawings\images\Sketches\grins\Liberty Grin B&W 3.jpeg"
"Liberty Grin B&W.jpg",".jpg","296.6","True","Liberty Grin","liberty-grin.html","Digitized Versions","True","Add to existing page","","D:\github\ron-english-sketches-and-drawings\images\Sketches\grins\Liberty Grin B&W.jpg"
"Liberty Grin COLOR.jpg",".jpg","45.2","False","Liberty Grin","liberty-grin.html","Digitized Versions","True","Add to existing page","","D:\github\ron-english-sketches-and-drawings\images\Sketches\grins\Liberty Grin COLOR.jpg"
"Liberty Grin ORIGINAL.jpg",".jpg","222.7","True","Liberty Grin","liberty-grin.html","Original Drawing","True","Add to existing page","","D:\github\ron-english-sketches-and-drawings\images\Sketches\grins\Liberty Grin ORIGINAL.jpg"
"Lion Face Grin B&W.png",".png","109.9","False","Lion Face Grin","lion-face-grin.html","Digitized Versions","False","Likely create new page","Filename suggests a view/turnaround or part-specific image.","D:\github\ron-english-sketches-and-drawings\images\Sketches\grins\Lion Face Grin B&W.png"
"Lion Face Grin COLOR 1.png",".png","194.5","False","Lion Face Grin","lion-face-grin.html","Digitized Versions","False","Likely create new page","Filename suggests a view/turnaround or part-specific image.","D:\github\ron-english-sketches-and-drawings\images\Sketches\grins\Lion Face Grin COLOR 1.png"
"Lion Face Grin COLOR 2.jpg",".jpg","320.6","False","Lion Face Grin","lion-face-grin.html","Digitized Versions","False","Likely create new page","Filename suggests a view/turnaround or part-specific image.","D:\github\ron-english-sketches-and-drawings\images\Sketches\grins\Lion Face Grin COLOR 2.jpg"
"Lisa grin back ORIGINAL.jpg",".jpg","133.6","True","Lisa grin","lisa-grin.html","Original Drawing","True","Add to existing page","Filename suggests a view/turnaround or part-specific image.","D:\github\ron-english-sketches-and-drawings\images\Sketches\grins\Lisa grin back ORIGINAL.jpg"
"Lisa Grin front B&W.jpg",".jpg","429.2","False","Lisa Grin","lisa-grin.html","Digitized Versions","True","Add to existing page","Filename suggests a view/turnaround or part-specific image.","D:\github\ron-english-sketches-and-drawings\images\Sketches\grins\Lisa Grin front B&W.jpg"
"Lisa Grin front COLOR.jpg",".jpg","207.4","True","Lisa Grin","lisa-grin.html","Digitized Versions","True","Add to existing page","Filename suggests a view/turnaround or part-specific image.","D:\github\ron-english-sketches-and-drawings\images\Sketches\grins\Lisa Grin front COLOR.jpg"
"Lisa Grin front ORIGINAL.jpg",".jpg","176.2","True","Lisa Grin","lisa-grin.html","Original Drawing","True","Add to existing page","Filename suggests a view/turnaround or part-specific image.","D:\github\ron-english-sketches-and-drawings\images\Sketches\grins\Lisa Grin front ORIGINAL.jpg"
"Lisa Grin left side B&W.jpg",".jpg","406.4","False","Lisa Grin","lisa-grin.html","Digitized Versions","True","Add to existing page","Filename suggests a view/turnaround or part-specific image.","D:\github\ron-english-sketches-and-drawings\images\Sketches\grins\Lisa Grin left side B&W.jpg"
"Lisa Grin left side COLOR.jpg",".jpg","172.8","True","Lisa Grin","lisa-grin.html","Digitized Versions","True","Add to existing page","Filename suggests a view/turnaround or part-specific image.","D:\github\ron-english-sketches-and-drawings\images\Sketches\grins\Lisa Grin left side COLOR.jpg"
"Lisa Grin left side ORIGINAL.jpg",".jpg","181.6","True","Lisa Grin","lisa-grin.html","Original Drawing","True","Add to existing page","Filename suggests a view/turnaround or part-specific image.","D:\github\ron-english-sketches-and-drawings\images\Sketches\grins\Lisa Grin left side ORIGINAL.jpg"
"Lisa Grin right side B&W ORIGINAL.jpg",".jpg","151.1","True","Lisa Grin","lisa-grin.html","Original Drawing","True","Add to existing page","Filename suggests a view/turnaround or part-specific image.","D:\github\ron-english-sketches-and-drawings\images\Sketches\grins\Lisa Grin right side B&W ORIGINAL.jpg"
"Lisa Grin right side B&W.jpg",".jpg","425.8","False","Lisa Grin","lisa-grin.html","Digitized Versions","True","Add to existing page","Filename suggests a view/turnaround or part-specific image.","D:\github\ron-english-sketches-and-drawings\images\Sketches\grins\Lisa Grin right side B&W.jpg"
"Lisa Grin right side COLOR.jpg",".jpg","499.8","False","Lisa Grin","lisa-grin.html","Digitized Versions","True","Add to existing page","Filename suggests a view/turnaround or part-specific image.","D:\github\ron-english-sketches-and-drawings\images\Sketches\grins\Lisa Grin right side COLOR.jpg"
"Lucky Cat Grin B&W.jpg",".jpg","514.3","False","Lucky Cat Grin","lucky-cat-grin.html","Digitized Versions","True","Add to existing page","","D:\github\ron-english-sketches-and-drawings\images\Sketches\grins\Lucky Cat Grin B&W.jpg"
"Lucky Cat Grin COLOR.jpg",".jpg","311","True","Lucky Cat Grin","lucky-cat-grin.html","Digitized Versions","True","Add to existing page","","D:\github\ron-english-sketches-and-drawings\images\Sketches\grins\Lucky Cat Grin COLOR.jpg"
"M.U.S.C.L.E. He-Man Grinnie back COLOR.jpg",".jpg","257.3","True","M.U.S.C.L.E. He-Man Grinnie","m-u-s-c-l-e-he-man-grinnie.html","Digitized Versions","True","Add to existing page","Filename suggests a view/turnaround or part-specific image.","D:\github\ron-english-sketches-and-drawings\images\Sketches\grins\M.U.S.C.L.E. He-Man Grinnie back COLOR.jpg"
"M.U.S.C.L.E. He-Man Grinnie back ORIGINAL.jpg",".jpg","166","True","M.U.S.C.L.E. He-Man Grinnie","m-u-s-c-l-e-he-man-grinnie.html","Original Drawing","True","Add to existing page","Filename suggests a view/turnaround or part-specific image.","D:\github\ron-english-sketches-and-drawings\images\Sketches\grins\M.U.S.C.L.E. He-Man Grinnie back ORIGINAL.jpg"
"M.U.S.C.L.E. He-Man Grinnie front B&W.jpg",".jpg","215.9","True","M.U.S.C.L.E. He-Man Grinnie","m-u-s-c-l-e-he-man-grinnie.html","Digitized Versions","True","Add to existing page","Filename suggests a view/turnaround or part-specific image.","D:\github\ron-english-sketches-and-drawings\images\Sketches\grins\M.U.S.C.L.E. He-Man Grinnie front B&W.jpg"
"M.U.S.C.L.E. He-Man Grinnie front ORIGINAL.jpg",".jpg","244.6","True","M.U.S.C.L.E. He-Man Grinnie","m-u-s-c-l-e-he-man-grinnie.html","Original Drawing","True","Add to existing page","Filename suggests a view/turnaround or part-specific image.","D:\github\ron-english-sketches-and-drawings\images\Sketches\grins\M.U.S.C.L.E. He-Man Grinnie front ORIGINAL.jpg"
"M.U.S.C.L.E. He-Man Grinnie side ORIGINAL.jpg",".jpg","189.5","True","M.U.S.C.L.E. He-Man Grinnie","m-u-s-c-l-e-he-man-grinnie.html","Original Drawing","True","Add to existing page","Filename suggests a view/turnaround or part-specific image.","D:\github\ron-english-sketches-and-drawings\images\Sketches\grins\M.U.S.C.L.E. He-Man Grinnie side ORIGINAL.jpg"
"Mad Magazine Alfred Grin ORIGINAL.1.jpg",".jpg","214.4","True","Mad Magazine Alfred Grin ORIGINAL.1","mad-magazine-alfred-grin-original-1.html","Original Drawing","True","Add to existing page","","D:\github\ron-english-sketches-and-drawings\images\Sketches\grins\Mad Magazine Alfred Grin ORIGINAL.1.jpg"
"Mad Magazine Alfred Grin ORIGINAL.jpeg",".jpeg","49.2","True","Mad Magazine Alfred Grin","mad-magazine-alfred-grin.html","Original Drawing","True","Add to existing page","JPEG extension: verify exact extension is preserved.","D:\github\ron-english-sketches-and-drawings\images\Sketches\grins\Mad Magazine Alfred Grin ORIGINAL.jpeg"
"Mad Magazine Alfred Grin ORIGINAL.jpg",".jpg","197.9","True","Mad Magazine Alfred Grin","mad-magazine-alfred-grin.html","Original Drawing","True","Add to existing page","","D:\github\ron-english-sketches-and-drawings\images\Sketches\grins\Mad Magazine Alfred Grin ORIGINAL.jpg"
"Mad Mickey Grin drawing ORIGINAL.jpg",".jpg","290.1","True","Mad Mickey Grin drawing","mad-mickey-grin-drawing.html","Original Drawing","True","Add to existing page","","D:\github\ron-english-sketches-and-drawings\images\Sketches\grins\Mad Mickey Grin drawing ORIGINAL.jpg"
"Mad Mickey Grin ORIGINAL COLOR.jpg",".jpg","308.4","False","Mad Mickey Grin","mad-mickey-grin.html","Original Drawing","False","Likely create new page","Contains ORIGINAL COLOR: review whether original, color study, digitized version, or collector card.","D:\github\ron-english-sketches-and-drawings\images\Sketches\grins\Mad Mickey Grin ORIGINAL COLOR.jpg"
"Maggie Grin back B&W.jpg",".jpg","305.5","False","Maggie Grin","maggie-grin.html","Digitized Versions","True","Add to existing page","Filename suggests a view/turnaround or part-specific image.","D:\github\ron-english-sketches-and-drawings\images\Sketches\grins\Maggie Grin back B&W.jpg"
"Maggie Grin back COLOR.jpg",".jpg","381.1","False","Maggie Grin","maggie-grin.html","Digitized Versions","True","Add to existing page","Filename suggests a view/turnaround or part-specific image.","D:\github\ron-english-sketches-and-drawings\images\Sketches\grins\Maggie Grin back COLOR.jpg"
"Maggie Grin back ORIGINAL.jpg",".jpg","21.7","True","Maggie Grin","maggie-grin.html","Original Drawing","True","Add to existing page","Filename suggests a view/turnaround or part-specific image.","D:\github\ron-english-sketches-and-drawings\images\Sketches\grins\Maggie Grin back ORIGINAL.jpg"
"Maggie Grin front B&W.jpg",".jpg","402.5","False","Maggie Grin","maggie-grin.html","Digitized Versions","True","Add to existing page","Filename suggests a view/turnaround or part-specific image.","D:\github\ron-english-sketches-and-drawings\images\Sketches\grins\Maggie Grin front B&W.jpg"
"Maggie Grin front COLOR.jpg",".jpg","212","True","Maggie Grin","maggie-grin.html","Digitized Versions","True","Add to existing page","Filename suggests a view/turnaround or part-specific image.","D:\github\ron-english-sketches-and-drawings\images\Sketches\grins\Maggie Grin front COLOR.jpg"
"Maggie Grin front ORIGINAL.jpg",".jpg","183.5","True","Maggie Grin","maggie-grin.html","Original Drawing","True","Add to existing page","Filename suggests a view/turnaround or part-specific image.","D:\github\ron-english-sketches-and-drawings\images\Sketches\grins\Maggie Grin front ORIGINAL.jpg"
"Maggie Grin side B&W.jpg",".jpg","422.3","False","Maggie Grin","maggie-grin.html","Digitized Versions","True","Add to existing page","Filename suggests a view/turnaround or part-specific image.","D:\github\ron-english-sketches-and-drawings\images\Sketches\grins\Maggie Grin side B&W.jpg"
"Maggie Grin side COLOR.jpg",".jpg","176.7","True","Maggie Grin","maggie-grin.html","Digitized Versions","True","Add to existing page","Filename suggests a view/turnaround or part-specific image.","D:\github\ron-english-sketches-and-drawings\images\Sketches\grins\Maggie Grin side COLOR.jpg"
"Maggie Grin side ORIGINAL.jpg",".jpg","170.6","True","Maggie Grin","maggie-grin.html","Original Drawing","True","Add to existing page","Filename suggests a view/turnaround or part-specific image.","D:\github\ron-english-sketches-and-drawings\images\Sketches\grins\Maggie Grin side ORIGINAL.jpg"
"Man Shark COLORED.jpg",".jpg","344.4","False","Man Shark COLORED","man-shark-colored.html","Digitized Versions","False","Likely create new page","","D:\github\ron-english-sketches-and-drawings\images\Sketches\grins\Man Shark COLORED.jpg"
"Manny Pacquaio Grin B&W.jpg",".jpg","290","False","Manny Pacquaio Grin","manny-pacquaio-grin.html","Digitized Versions","True","Add to existing page","","D:\github\ron-english-sketches-and-drawings\images\Sketches\grins\Manny Pacquaio Grin B&W.jpg"
"Manny Pacquaio Grin ORIGINAL COLOR 1.jpg",".jpg","266.8","True","Manny Pacquaio Grin","manny-pacquaio-grin.html","Original Drawing","True","Add to existing page","Contains ORIGINAL COLOR: review whether original, color study, digitized version, or collector card.","D:\github\ron-english-sketches-and-drawings\images\Sketches\grins\Manny Pacquaio Grin ORIGINAL COLOR 1.jpg"
"Manny Pacquaio Grin ORIGINAL COLOR 2.jpg",".jpg","245","True","Manny Pacquaio Grin","manny-pacquaio-grin.html","Original Drawing","True","Add to existing page","Contains ORIGINAL COLOR: review whether original, color study, digitized version, or collector card.","D:\github\ron-english-sketches-and-drawings\images\Sketches\grins\Manny Pacquaio Grin ORIGINAL COLOR 2.jpg"
"Manny Pacquaio Grin ORIGINAL COLOR 3.jpg",".jpg","260.8","True","Manny Pacquaio Grin","manny-pacquaio-grin.html","Original Drawing","True","Add to existing page","Contains ORIGINAL COLOR: review whether original, color study, digitized version, or collector card.","D:\github\ron-english-sketches-and-drawings\images\Sketches\grins\Manny Pacquaio Grin ORIGINAL COLOR 3.jpg"
"Manny Pacquaio Grin ORIGINAL head.jpg",".jpg","300.4","True","Manny Pacquaio Grin","manny-pacquaio-grin.html","Original Drawing","True","Add to existing page","Filename suggests a view/turnaround or part-specific image.","D:\github\ron-english-sketches-and-drawings\images\Sketches\grins\Manny Pacquaio Grin ORIGINAL head.jpg"
"Manny Pacquaio Grin ORIGINAL legs.jpg",".jpg","226.9","True","Manny Pacquaio Grin","manny-pacquaio-grin.html","Original Drawing","True","Add to existing page","Filename suggests a view/turnaround or part-specific image.","D:\github\ron-english-sketches-and-drawings\images\Sketches\grins\Manny Pacquaio Grin ORIGINAL legs.jpg"
"Manny Pacquaio Grin ORIGINAL torso.jpg",".jpg","276.7","True","Manny Pacquaio Grin","manny-pacquaio-grin.html","Original Drawing","True","Add to existing page","Filename suggests a view/turnaround or part-specific image.","D:\github\ron-english-sketches-and-drawings\images\Sketches\grins\Manny Pacquaio Grin ORIGINAL torso.jpg"
"Manny Pacquaio Grin ORIGINAL.jpg",".jpg","211.4","True","Manny Pacquaio Grin","manny-pacquaio-grin.html","Original Drawing","True","Add to existing page","","D:\github\ron-english-sketches-and-drawings\images\Sketches\grins\Manny Pacquaio Grin ORIGINAL.jpg"
"Marge Grin back  COLOR.jpg",".jpg","101.4","True","Marge Grin","marge-grin.html","Digitized Versions","True","Add to existing page","Filename suggests a view/turnaround or part-specific image.","D:\github\ron-english-sketches-and-drawings\images\Sketches\grins\Marge Grin back  COLOR.jpg"
"Marge Grin back ORIGINAL.jpg",".jpg","100.1","True","Marge Grin","marge-grin.html","Original Drawing","True","Add to existing page","Filename suggests a view/turnaround or part-specific image.","D:\github\ron-english-sketches-and-drawings\images\Sketches\grins\Marge Grin back ORIGINAL.jpg"
"Marge Grin front B&W.jpg",".jpg","89.3","True","Marge Grin","marge-grin.html","Digitized Versions","True","Add to existing page","Filename suggests a view/turnaround or part-specific image.","D:\github\ron-english-sketches-and-drawings\images\Sketches\grins\Marge Grin front B&W.jpg"
"Marge Grin front COLOR.jpg",".jpg","391.2","False","Marge Grin","marge-grin.html","Digitized Versions","True","Add to existing page","Filename suggests a view/turnaround or part-specific image.","D:\github\ron-english-sketches-and-drawings\images\Sketches\grins\Marge Grin front COLOR.jpg"
"Marge Grin front ORIGINAL.jpg",".jpg","120.1","True","Marge Grin","marge-grin.html","Original Drawing","True","Add to existing page","Filename suggests a view/turnaround or part-specific image.","D:\github\ron-english-sketches-and-drawings\images\Sketches\grins\Marge Grin front ORIGINAL.jpg"
"Marge Grin left side B&W.jpg",".jpg","343.2","False","Marge Grin","marge-grin.html","Digitized Versions","True","Add to existing page","Filename suggests a view/turnaround or part-specific image.","D:\github\ron-english-sketches-and-drawings\images\Sketches\grins\Marge Grin left side B&W.jpg"
"Marge Grin left side COLOR.jpg",".jpg","314.8","False","Marge Grin","marge-grin.html","Digitized Versions","True","Add to existing page","Filename suggests a view/turnaround or part-specific image.","D:\github\ron-english-sketches-and-drawings\images\Sketches\grins\Marge Grin left side COLOR.jpg"
"Marge Grin left side ORIGINAL.jpg",".jpg","109.2","True","Marge Grin","marge-grin.html","Original Drawing","True","Add to existing page","Filename suggests a view/turnaround or part-specific image.","D:\github\ron-english-sketches-and-drawings\images\Sketches\grins\Marge Grin left side ORIGINAL.jpg"
"Marge Grin right side B&W.jpg",".jpg","343","False","Marge Grin","marge-grin.html","Digitized Versions","True","Add to existing page","Filename suggests a view/turnaround or part-specific image.","D:\github\ron-english-sketches-and-drawings\images\Sketches\grins\Marge Grin right side B&W.jpg"
"Marge Grin right side COLOR.jpg",".jpg","316.4","False","Marge Grin","marge-grin.html","Digitized Versions","True","Add to existing page","Filename suggests a view/turnaround or part-specific image.","D:\github\ron-english-sketches-and-drawings\images\Sketches\grins\Marge Grin right side COLOR.jpg"
"Marge Grin right side ORIGINAL.jpg",".jpg","107.9","True","Marge Grin","marge-grin.html","Original Drawing","True","Add to existing page","Filename suggests a view/turnaround or part-specific image.","D:\github\ron-english-sketches-and-drawings\images\Sketches\grins\Marge Grin right side ORIGINAL.jpg"
"Mario Grin front B&W.jpg",".jpg","326.7","False","Mario Grin","mario-grin.html","Digitized Versions","True","Add to existing page","Filename suggests a view/turnaround or part-specific image.","D:\github\ron-english-sketches-and-drawings\images\Sketches\grins\Mario Grin front B&W.jpg"
"Mario Grin front COLOR.jpg",".jpg","378.1","False","Mario Grin","mario-grin.html","Digitized Versions","True","Add to existing page","Filename suggests a view/turnaround or part-specific image.","D:\github\ron-english-sketches-and-drawings\images\Sketches\grins\Mario Grin front COLOR.jpg"
"Mario Grin front ORIGINAL.jpg",".jpg","239.9","True","Mario Grin","mario-grin.html","Original Drawing","True","Add to existing page","Filename suggests a view/turnaround or part-specific image.","D:\github\ron-english-sketches-and-drawings\images\Sketches\grins\Mario Grin front ORIGINAL.jpg"
"Mario Grin left side B&W.jpg",".jpg","192.5","True","Mario Grin","mario-grin.html","Digitized Versions","True","Add to existing page","Filename suggests a view/turnaround or part-specific image.","D:\github\ron-english-sketches-and-drawings\images\Sketches\grins\Mario Grin left side B&W.jpg"
"Mario Grin left side COLOR.jpg",".jpg","322.2","False","Mario Grin","mario-grin.html","Digitized Versions","True","Add to existing page","Filename suggests a view/turnaround or part-specific image.","D:\github\ron-english-sketches-and-drawings\images\Sketches\grins\Mario Grin left side COLOR.jpg"
"Mario Grin left side ORIGINAL.jpg",".jpg","225.1","True","Mario Grin","mario-grin.html","Original Drawing","True","Add to existing page","Filename suggests a view/turnaround or part-specific image.","D:\github\ron-english-sketches-and-drawings\images\Sketches\grins\Mario Grin left side ORIGINAL.jpg"
"Mario Grin right side B&W.jpg",".jpg","167.3","True","Mario Grin","mario-grin.html","Digitized Versions","True","Add to existing page","Filename suggests a view/turnaround or part-specific image.","D:\github\ron-english-sketches-and-drawings\images\Sketches\grins\Mario Grin right side B&W.jpg"
"Mario Grin right side COLOR.jpg",".jpg","227.9","True","Mario Grin","mario-grin.html","Digitized Versions","True","Add to existing page","Filename suggests a view/turnaround or part-specific image.","D:\github\ron-english-sketches-and-drawings\images\Sketches\grins\Mario Grin right side COLOR.jpg"
"Mario Grin right side ORIGINAL.jpg",".jpg","210.9","True","Mario Grin","mario-grin.html","Original Drawing","True","Add to existing page","Filename suggests a view/turnaround or part-specific image.","D:\github\ron-english-sketches-and-drawings\images\Sketches\grins\Mario Grin right side ORIGINAL.jpg"
"Max Grin COLOR.jpg",".jpg","374.9","False","Max Grin","max-grin.html","Digitized Versions","False","Likely create new page","","D:\github\ron-english-sketches-and-drawings\images\Sketches\grins\Max Grin COLOR.jpg"
"Max Grin ORIGINAL.jpg",".jpg","144.1","False","Max Grin","max-grin.html","Original Drawing","False","Likely create new page","","D:\github\ron-english-sketches-and-drawings\images\Sketches\grins\Max Grin ORIGINAL.jpg"
"Max Grin png.jpg",".jpg","369.6","False","Max Grin png","max-grin-png.html","Digitized Versions","False","Likely create new page","","D:\github\ron-english-sketches-and-drawings\images\Sketches\grins\Max Grin png.jpg"
"MC Grin 2 card.png",".png","220.4","True","MC Grin 2","mc-grin-2.html","Collector Cards","True","Add to existing page","Filename suggests collector card.","D:\github\ron-english-sketches-and-drawings\images\Sketches\grins\MC Grin 2 card.png"
"MC Grin B&W.jpg",".jpg","306.9","False","MC Grin","mc-grin.html","Digitized Versions","True","Add to existing page","","D:\github\ron-english-sketches-and-drawings\images\Sketches\grins\MC Grin B&W.jpg"
"MC Grin card.jpg",".jpg","148.7","True","MC Grin","mc-grin.html","Collector Cards","True","Add to existing page","Filename suggests collector card.","D:\github\ron-english-sketches-and-drawings\images\Sketches\grins\MC Grin card.jpg"
"MC Grin COLOR.jpg",".jpg","284.5","False","MC Grin","mc-grin.html","Digitized Versions","True","Add to existing page","","D:\github\ron-english-sketches-and-drawings\images\Sketches\grins\MC Grin COLOR.jpg"
"MC Grin ORIGINAL COLOR 2.png",".png","220.4","False","MC Grin","mc-grin.html","Original Drawing","True","Add to existing page","Contains ORIGINAL COLOR: review whether original, color study, digitized version, or collector card.","D:\github\ron-english-sketches-and-drawings\images\Sketches\grins\MC Grin ORIGINAL COLOR 2.png"
"MC Grin ORIGINAL COLOR.jpg",".jpg","148.7","False","MC Grin","mc-grin.html","Original Drawing","True","Add to existing page","Contains ORIGINAL COLOR: review whether original, color study, digitized version, or collector card.","D:\github\ron-english-sketches-and-drawings\images\Sketches\grins\MC Grin ORIGINAL COLOR.jpg"
"MC Supersize Grin Flying B&W.jpg",".jpg","344.8","False","MC Supersize Grin Flying","mc-supersize-grin-flying.html","Digitized Versions","True","Add to existing page","","D:\github\ron-english-sketches-and-drawings\images\Sketches\grins\MC Supersize Grin Flying B&W.jpg"
"MC Supersize Grin Flying COLOR.1.jpg",".jpg","299","False","MC Supersize Grin Flying COLOR.1","mc-supersize-grin-flying-color-1.html","Digitized Versions","False","Likely create new page","","D:\github\ron-english-sketches-and-drawings\images\Sketches\grins\MC Supersize Grin Flying COLOR.1.jpg"
"MC Supersize Grin Flying COLOR.jpg",".jpg","179.6","False","MC Supersize Grin Flying","mc-supersize-grin-flying.html","Digitized Versions","True","Add to existing page","","D:\github\ron-english-sketches-and-drawings\images\Sketches\grins\MC Supersize Grin Flying COLOR.jpg"
"MC Supersize Grin Flying ORIGINAL.jpg",".jpg","316.3","True","MC Supersize Grin Flying","mc-supersize-grin-flying.html","Original Drawing","True","Add to existing page","","D:\github\ron-english-sketches-and-drawings\images\Sketches\grins\MC Supersize Grin Flying ORIGINAL.jpg"
"MC Supersized Grin 2 B&W.jpg",".jpg","455.9","False","MC Supersized Grin 2","mc-supersized-grin-2.html","Digitized Versions","True","Add to existing page","","D:\github\ron-english-sketches-and-drawings\images\Sketches\grins\MC Supersized Grin 2 B&W.jpg"
"MC Supersized Grin 2 COLOR.jpg",".jpg","256","True","MC Supersized Grin 2","mc-supersized-grin-2.html","Digitized Versions","True","Add to existing page","","D:\github\ron-english-sketches-and-drawings\images\Sketches\grins\MC Supersized Grin 2 COLOR.jpg"
"MC Supersized Grin 2 ORIGINAL.jpg",".jpg","230.6","True","MC Supersized Grin 2","mc-supersized-grin-2.html","Original Drawing","True","Add to existing page","","D:\github\ron-english-sketches-and-drawings\images\Sketches\grins\MC Supersized Grin 2 ORIGINAL.jpg"
"MC Supersized Grin B&W.jpg",".jpg","435.7","False","MC Supersized Grin","mc-supersized-grin.html","Digitized Versions","True","Add to existing page","","D:\github\ron-english-sketches-and-drawings\images\Sketches\grins\MC Supersized Grin B&W.jpg"
"MC Supersized Grin COLOR.jpg",".jpg","338.9","False","MC Supersized Grin","mc-supersized-grin.html","Digitized Versions","True","Add to existing page","","D:\github\ron-english-sketches-and-drawings\images\Sketches\grins\MC Supersized Grin COLOR.jpg"
"MC Supersized Grin ORIGINAL.jpg",".jpg","210.4","True","MC Supersized Grin","mc-supersized-grin.html","Original Drawing","True","Add to existing page","","D:\github\ron-english-sketches-and-drawings\images\Sketches\grins\MC Supersized Grin ORIGINAL.jpg"
"MC Supersized Grin side B&W.jpeg",".jpeg","104.4","True","MC Supersized Grin","mc-supersized-grin.html","Digitized Versions","True","Add to existing page","JPEG extension: verify exact extension is preserved. Filename suggests a view/turnaround or part-specific image.","D:\github\ron-english-sketches-and-drawings\images\Sketches\grins\MC Supersized Grin side B&W.jpeg"
"MC Supersized Grin side COLOR.jpg",".jpg","86.2","False","MC Supersized Grin","mc-supersized-grin.html","Digitized Versions","True","Add to existing page","Filename suggests a view/turnaround or part-specific image.","D:\github\ron-english-sketches-and-drawings\images\Sketches\grins\MC Supersized Grin side COLOR.jpg"
"MC Supersized Grin side ORIGINAL.jpg",".jpg","163.3","True","MC Supersized Grin","mc-supersized-grin.html","Original Drawing","True","Add to existing page","Filename suggests a view/turnaround or part-specific image.","D:\github\ron-english-sketches-and-drawings\images\Sketches\grins\MC Supersized Grin side ORIGINAL.jpg"
"Melting Grinnie side view 1 COLOR.png",".png","136.1","True","Melting Grinnie","melting-grinnie.html","Digitized Versions","True","Add to existing page","Filename suggests a view/turnaround or part-specific image.","D:\github\ron-english-sketches-and-drawings\images\Sketches\grins\Melting Grinnie side view 1 COLOR.png"
"Melting Grinnie side view 2 COLOR.png",".png","128.5","True","Melting Grinnie","melting-grinnie.html","Digitized Versions","True","Add to existing page","Filename suggests a view/turnaround or part-specific image.","D:\github\ron-english-sketches-and-drawings\images\Sketches\grins\Melting Grinnie side view 2 COLOR.png"
"Melting Grinnie side view 3 COLOR.png",".png","127.5","True","Melting Grinnie","melting-grinnie.html","Digitized Versions","True","Add to existing page","Filename suggests a view/turnaround or part-specific image.","D:\github\ron-english-sketches-and-drawings\images\Sketches\grins\Melting Grinnie side view 3 COLOR.png"
"Melting Monster Grin B&W.jpg",".jpg","464.2","False","Melting Monster Grin","melting-monster-grin.html","Digitized Versions","True","Add to existing page","","D:\github\ron-english-sketches-and-drawings\images\Sketches\grins\Melting Monster Grin B&W.jpg"
"Melting Monster Grin COLOR.jpg",".jpg","315.4","False","Melting Monster Grin","melting-monster-grin.html","Digitized Versions","True","Add to existing page","","D:\github\ron-english-sketches-and-drawings\images\Sketches\grins\Melting Monster Grin COLOR.jpg"
"Melting Monster Grin ORIGINAL.jpg",".jpg","246.3","True","Melting Monster Grin","melting-monster-grin.html","Original Drawing","True","Add to existing page","","D:\github\ron-english-sketches-and-drawings\images\Sketches\grins\Melting Monster Grin ORIGINAL.jpg"
"Mentadusa B&W.jpg",".jpg","284.3","True","Mentadusa","mentadusa.html","Digitized Versions","True","Add to existing page","","D:\github\ron-english-sketches-and-drawings\images\Sketches\grins\Mentadusa B&W.jpg"
"Mentadusa COLOR.jpg",".jpg","323.5","False","Mentadusa","mentadusa.html","Digitized Versions","True","Add to existing page","","D:\github\ron-english-sketches-and-drawings\images\Sketches\grins\Mentadusa COLOR.jpg"
"Mentadusa ORIGINAL.jpg",".jpg","326.3","True","Mentadusa","mentadusa.html","Original Drawing","True","Add to existing page","","D:\github\ron-english-sketches-and-drawings\images\Sketches\grins\Mentadusa ORIGINAL.jpg"
"Mickey Eyes Grin 1 COLOR.png",".png","159.4","True","Mickey Eyes Grin 1","mickey-eyes-grin-1.html","Digitized Versions","True","Add to existing page","","D:\github\ron-english-sketches-and-drawings\images\Sketches\grins\Mickey Eyes Grin 1 COLOR.png"
"Mickey Eyes Grin 2 COLOR.png",".png","159.4","True","Mickey Eyes Grin 2","mickey-eyes-grin-2.html","Digitized Versions","True","Add to existing page","","D:\github\ron-english-sketches-and-drawings\images\Sketches\grins\Mickey Eyes Grin 2 COLOR.png"
"Mickey Grin head B&W.jpg",".jpg","187.7","True","Mickey Grin","mickey-grin.html","Digitized Versions","True","Add to existing page","Filename suggests a view/turnaround or part-specific image.","D:\github\ron-english-sketches-and-drawings\images\Sketches\grins\Mickey Grin head B&W.jpg"
"Mickey Grin head COLOR.jpg",".jpg","230.3","True","Mickey Grin","mickey-grin.html","Digitized Versions","True","Add to existing page","Filename suggests a view/turnaround or part-specific image.","D:\github\ron-english-sketches-and-drawings\images\Sketches\grins\Mickey Grin head COLOR.jpg"
"Mickey Grin head ORIGINAL.jpg",".jpg","155.4","True","Mickey Grin","mickey-grin.html","Original Drawing","True","Add to existing page","Filename suggests a view/turnaround or part-specific image.","D:\github\ron-english-sketches-and-drawings\images\Sketches\grins\Mickey Grin head ORIGINAL.jpg"
"Mickey Grin ORIGINAL COLOR.jpg",".jpg","130.1","False","Mickey Grin","mickey-grin.html","Original Drawing","True","Add to existing page","Contains ORIGINAL COLOR: review whether original, color study, digitized version, or collector card.","D:\github\ron-english-sketches-and-drawings\images\Sketches\grins\Mickey Grin ORIGINAL COLOR.jpg"
"Mickey Grin side view 1 COLOR.png",".png","147.8","True","Mickey Grin","mickey-grin.html","Digitized Versions","True","Add to existing page","Filename suggests a view/turnaround or part-specific image.","D:\github\ron-english-sketches-and-drawings\images\Sketches\grins\Mickey Grin side view 1 COLOR.png"
"Mickey Grin side view 2 COLOR.png",".png","149.3","True","Mickey Grin","mickey-grin.html","Digitized Versions","True","Add to existing page","Filename suggests a view/turnaround or part-specific image.","D:\github\ron-english-sketches-and-drawings\images\Sketches\grins\Mickey Grin side view 2 COLOR.png"
"Mickey Mouse Grin 2 B&W.jpg",".jpg","287.4","False","Mickey Mouse Grin 2","mickey-mouse-grin-2.html","Digitized Versions","True","Add to existing page","","D:\github\ron-english-sketches-and-drawings\images\Sketches\grins\Mickey Mouse Grin 2 B&W.jpg"
"Mickey Mouse Grin 2 ORIGINAL.jpg",".jpg","168.7","True","Mickey Mouse Grin 2","mickey-mouse-grin-2.html","Original Drawing","True","Add to existing page","","D:\github\ron-english-sketches-and-drawings\images\Sketches\grins\Mickey Mouse Grin 2 ORIGINAL.jpg"
"Mickey Mouse Grin back B&W.jpg",".jpg","468.7","False","Mickey Mouse Grin","mickey-mouse-grin.html","Digitized Versions","True","Add to existing page","Filename suggests a view/turnaround or part-specific image.","D:\github\ron-english-sketches-and-drawings\images\Sketches\grins\Mickey Mouse Grin back B&W.jpg"
"Mickey Mouse Grin back COLOR.jpg",".jpg","196.7","True","Mickey Mouse Grin","mickey-mouse-grin.html","Digitized Versions","True","Add to existing page","Filename suggests a view/turnaround or part-specific image.","D:\github\ron-english-sketches-and-drawings\images\Sketches\grins\Mickey Mouse Grin back COLOR.jpg"
"Mickey Mouse Grin back ORIGINAL.jpg",".jpg","140.6","True","Mickey Mouse Grin","mickey-mouse-grin.html","Original Drawing","True","Add to existing page","Filename suggests a view/turnaround or part-specific image.","D:\github\ron-english-sketches-and-drawings\images\Sketches\grins\Mickey Mouse Grin back ORIGINAL.jpg"
"Mickey Mouse Grin COLOR.png",".png","114.7","False","Mickey Mouse Grin","mickey-mouse-grin.html","Digitized Versions","True","Add to existing page","","D:\github\ron-english-sketches-and-drawings\images\Sketches\grins\Mickey Mouse Grin COLOR.png"
"Mickey Mouse Grin Flying B&W.jpg",".jpg","462.4","False","Mickey Mouse Grin Flying","mickey-mouse-grin-flying.html","Digitized Versions","True","Add to existing page","","D:\github\ron-english-sketches-and-drawings\images\Sketches\grins\Mickey Mouse Grin Flying B&W.jpg"
"Mickey Mouse Grin Flying COLOR.1.jpg",".jpg","295.6","False","Mickey Mouse Grin Flying COLOR.1","mickey-mouse-grin-flying-color-1.html","Digitized Versions","False","Likely create new page","","D:\github\ron-english-sketches-and-drawings\images\Sketches\grins\Mickey Mouse Grin Flying COLOR.1.jpg"
"Mickey Mouse Grin Flying COLOR.jpg",".jpg","295.6","False","Mickey Mouse Grin Flying","mickey-mouse-grin-flying.html","Digitized Versions","True","Add to existing page","","D:\github\ron-english-sketches-and-drawings\images\Sketches\grins\Mickey Mouse Grin Flying COLOR.jpg"
"Mickey Mouse Grin Flying ORIGINAL.jpg",".jpg","337","True","Mickey Mouse Grin Flying","mickey-mouse-grin-flying.html","Original Drawing","True","Add to existing page","","D:\github\ron-english-sketches-and-drawings\images\Sketches\grins\Mickey Mouse Grin Flying ORIGINAL.jpg"
"Mickey Mouse Grin left side COLOR.jpg",".jpg","390.1","False","Mickey Mouse Grin","mickey-mouse-grin.html","Digitized Versions","True","Add to existing page","Filename suggests a view/turnaround or part-specific image.","D:\github\ron-english-sketches-and-drawings\images\Sketches\grins\Mickey Mouse Grin left side COLOR.jpg"
"Mickey Mouse Grin left side ORIGINAL.jpg",".jpg","154.1","True","Mickey Mouse Grin","mickey-mouse-grin.html","Original Drawing","True","Add to existing page","Filename suggests a view/turnaround or part-specific image.","D:\github\ron-english-sketches-and-drawings\images\Sketches\grins\Mickey Mouse Grin left side ORIGINAL.jpg"
"Mickey Mouse Grin ORIGINAL.jpg",".jpg","245.1","True","Mickey Mouse Grin","mickey-mouse-grin.html","Original Drawing","True","Add to existing page","","D:\github\ron-english-sketches-and-drawings\images\Sketches\grins\Mickey Mouse Grin ORIGINAL.jpg"
"Mickey Mouse Grin right side B&W.jpg",".jpg","130.6","True","Mickey Mouse Grin","mickey-mouse-grin.html","Digitized Versions","True","Add to existing page","Filename suggests a view/turnaround or part-specific image.","D:\github\ron-english-sketches-and-drawings\images\Sketches\grins\Mickey Mouse Grin right side B&W.jpg"
"Mickey Mouse Grin right side COLOR.jpg",".jpg","159","True","Mickey Mouse Grin","mickey-mouse-grin.html","Digitized Versions","True","Add to existing page","Filename suggests a view/turnaround or part-specific image.","D:\github\ron-english-sketches-and-drawings\images\Sketches\grins\Mickey Mouse Grin right side COLOR.jpg"
"Mickey Mouse Grin right side ORIGINAL.jpg",".jpg","149.4","True","Mickey Mouse Grin","mickey-mouse-grin.html","Original Drawing","True","Add to existing page","Filename suggests a view/turnaround or part-specific image.","D:\github\ron-english-sketches-and-drawings\images\Sketches\grins\Mickey Mouse Grin right side ORIGINAL.jpg"
"Mishka Eyeball Grin B&W.jpg",".jpg","327.6","False","Mishka Eyeball Grin","mishka-eyeball-grin.html","Digitized Versions","True","Add to existing page","","D:\github\ron-english-sketches-and-drawings\images\Sketches\grins\Mishka Eyeball Grin B&W.jpg"
"Mishka Eyeball Grin COLOR.jpg",".jpg","150.4","True","Mishka Eyeball Grin","mishka-eyeball-grin.html","Digitized Versions","True","Add to existing page","","D:\github\ron-english-sketches-and-drawings\images\Sketches\grins\Mishka Eyeball Grin COLOR.jpg"
"Mishka Eyeball Grin ORIGINAL COLOR.jpg",".jpg","121.6","True","Mishka Eyeball Grin","mishka-eyeball-grin.html","Original Drawing","True","Add to existing page","Contains ORIGINAL COLOR: review whether original, color study, digitized version, or collector card.","D:\github\ron-english-sketches-and-drawings\images\Sketches\grins\Mishka Eyeball Grin ORIGINAL COLOR.jpg"
"Mishka Eyeball Grin ORIGINAL.jpg",".jpg","143.8","True","Mishka Eyeball Grin","mishka-eyeball-grin.html","Original Drawing","True","Add to existing page","","D:\github\ron-english-sketches-and-drawings\images\Sketches\grins\Mishka Eyeball Grin ORIGINAL.jpg"
"Modzilla Grin Front B&W.jpg",".jpg","413.5","False","Modzilla Grin","modzilla-grin.html","Digitized Versions","True","Add to existing page","Filename suggests a view/turnaround or part-specific image.","D:\github\ron-english-sketches-and-drawings\images\Sketches\grins\Modzilla Grin Front B&W.jpg"
"Modzilla Grin Front ORIGINAL.jpg",".jpg","109.6","True","Modzilla Grin","modzilla-grin.html","Original Drawing","True","Add to existing page","Filename suggests a view/turnaround or part-specific image.","D:\github\ron-english-sketches-and-drawings\images\Sketches\grins\Modzilla Grin Front ORIGINAL.jpg"
"Modzilla Grin Side B&W.jpg",".jpg","352.3","False","Modzilla Grin","modzilla-grin.html","Digitized Versions","True","Add to existing page","Filename suggests a view/turnaround or part-specific image.","D:\github\ron-english-sketches-and-drawings\images\Sketches\grins\Modzilla Grin Side B&W.jpg"
"Modzilla Grin Side ORIGINAL.jpg",".jpg","205.1","True","Modzilla Grin","modzilla-grin.html","Original Drawing","True","Add to existing page","Filename suggests a view/turnaround or part-specific image.","D:\github\ron-english-sketches-and-drawings\images\Sketches\grins\Modzilla Grin Side ORIGINAL.jpg"
"Mogul Grin B&W.jpg",".jpg","314.5","False","Mogul Grin","mogul-grin.html","Digitized Versions","True","Add to existing page","","D:\github\ron-english-sketches-and-drawings\images\Sketches\grins\Mogul Grin B&W.jpg"
"Mogul Grin back B&W.jpg",".jpg","411.8","False","Mogul Grin","mogul-grin.html","Digitized Versions","True","Add to existing page","Filename suggests a view/turnaround or part-specific image.","D:\github\ron-english-sketches-and-drawings\images\Sketches\grins\Mogul Grin back B&W.jpg"
"Mogul Grin back COLOR.jpg",".jpg","524.9","False","Mogul Grin","mogul-grin.html","Digitized Versions","True","Add to existing page","Filename suggests a view/turnaround or part-specific image.","D:\github\ron-english-sketches-and-drawings\images\Sketches\grins\Mogul Grin back COLOR.jpg"
"Mogul Grin back ORIGINAL.jpg",".jpg","139.9","True","Mogul Grin","mogul-grin.html","Original Drawing","True","Add to existing page","Filename suggests a view/turnaround or part-specific image.","D:\github\ron-english-sketches-and-drawings\images\Sketches\grins\Mogul Grin back ORIGINAL.jpg"
"Mogul Grin COLOR.jpg",".jpg","174.8","True","Mogul Grin","mogul-grin.html","Digitized Versions","True","Add to existing page","","D:\github\ron-english-sketches-and-drawings\images\Sketches\grins\Mogul Grin COLOR.jpg"
"Mogul Grin left side B&W.jpg",".jpg","172.4","True","Mogul Grin","mogul-grin.html","Digitized Versions","True","Add to existing page","Filename suggests a view/turnaround or part-specific image.","D:\github\ron-english-sketches-and-drawings\images\Sketches\grins\Mogul Grin left side B&W.jpg"
"Mogul Grin left side COLOR.jpg",".jpg","210","True","Mogul Grin","mogul-grin.html","Digitized Versions","True","Add to existing page","Filename suggests a view/turnaround or part-specific image.","D:\github\ron-english-sketches-and-drawings\images\Sketches\grins\Mogul Grin left side COLOR.jpg"
"Mogul Grin left side ORIGINAL.jpg",".jpg","158.5","True","Mogul Grin","mogul-grin.html","Original Drawing","True","Add to existing page","Filename suggests a view/turnaround or part-specific image.","D:\github\ron-english-sketches-and-drawings\images\Sketches\grins\Mogul Grin left side ORIGINAL.jpg"
"Mogul Grin ORIGINAL COLOR.jpg",".jpg","96.2","True","Mogul Grin","mogul-grin.html","Original Drawing","True","Add to existing page","Contains ORIGINAL COLOR: review whether original, color study, digitized version, or collector card.","D:\github\ron-english-sketches-and-drawings\images\Sketches\grins\Mogul Grin ORIGINAL COLOR.jpg"
"Mogul Grin ORIGINAL.jpg",".jpg","143.1","True","Mogul Grin","mogul-grin.html","Original Drawing","True","Add to existing page","","D:\github\ron-english-sketches-and-drawings\images\Sketches\grins\Mogul Grin ORIGINAL.jpg"
"Mogul Grin right side B&W.jpg",".jpg","434.7","False","Mogul Grin","mogul-grin.html","Digitized Versions","True","Add to existing page","Filename suggests a view/turnaround or part-specific image.","D:\github\ron-english-sketches-and-drawings\images\Sketches\grins\Mogul Grin right side B&W.jpg"
"Mogul Grin right side COLOR.jpg",".jpg","498.7","False","Mogul Grin","mogul-grin.html","Digitized Versions","True","Add to existing page","Filename suggests a view/turnaround or part-specific image.","D:\github\ron-english-sketches-and-drawings\images\Sketches\grins\Mogul Grin right side COLOR.jpg"
"Mogul Grin right side ORIGINAL.jpg",".jpg","148.1","True","Mogul Grin","mogul-grin.html","Original Drawing","True","Add to existing page","Filename suggests a view/turnaround or part-specific image.","D:\github\ron-english-sketches-and-drawings\images\Sketches\grins\Mogul Grin right side ORIGINAL.jpg"
"Mogul Grin Standing B&W.jpg",".jpg","364.2","False","Mogul Grin Standing","mogul-grin-standing.html","Digitized Versions","True","Add to existing page","","D:\github\ron-english-sketches-and-drawings\images\Sketches\grins\Mogul Grin Standing B&W.jpg"
"Mogul Grin Standing COLOR.jpg",".jpg","143","True","Mogul Grin Standing","mogul-grin-standing.html","Digitized Versions","True","Add to existing page","","D:\github\ron-english-sketches-and-drawings\images\Sketches\grins\Mogul Grin Standing COLOR.jpg"
"Mogul Grin Standing ORIGINAL.jpg",".jpg","208.4","True","Mogul Grin Standing","mogul-grin-standing.html","Original Drawing","True","Add to existing page","","D:\github\ron-english-sketches-and-drawings\images\Sketches\grins\Mogul Grin Standing ORIGINAL.jpg"
"Monkey Grin Mouth B&W.jpg",".jpg","361.8","False","Monkey Grin Mouth","monkey-grin-mouth.html","Digitized Versions","True","Add to existing page","","D:\github\ron-english-sketches-and-drawings\images\Sketches\grins\Monkey Grin Mouth B&W.jpg"
"Monkey Grin Mouth COLOR.png",".png","156.3","True","Monkey Grin Mouth","monkey-grin-mouth.html","Digitized Versions","True","Add to existing page","","D:\github\ron-english-sketches-and-drawings\images\Sketches\grins\Monkey Grin Mouth COLOR.png"
"Monkey Shiner Angel Grin COLOR.jpg",".jpg","113.3","True","Monkey Shiner Angel Grin","monkey-shiner-angel-grin.html","Digitized Versions","True","Add to existing page","","D:\github\ron-english-sketches-and-drawings\images\Sketches\grins\Monkey Shiner Angel Grin COLOR.jpg"
"Monkey Shiner Angel Grin ORINGINAL (1).jpg",".jpg","260.1","False","Monkey Shiner Angel Grin ORINGINAL (1)","monkey-shiner-angel-grin-oringinal-1.html","Digitized Versions","False","Likely create new page","","D:\github\ron-english-sketches-and-drawings\images\Sketches\grins\Monkey Shiner Angel Grin ORINGINAL (1).jpg"
"Monkey Shiner Angel Grin ORINGINAL.jpg",".jpg","162.9","True","Monkey Shiner Angel Grin ORINGINAL","monkey-shiner-angel-grin-oringinal.html","Digitized Versions","True","Add to existing page","","D:\github\ron-english-sketches-and-drawings\images\Sketches\grins\Monkey Shiner Angel Grin ORINGINAL.jpg"
"Monkey Shriner Grin COLOR.jpg",".jpg","131.4","False","Monkey Shriner Grin","monkey-shriner-grin.html","Digitized Versions","True","Add to existing page","","D:\github\ron-english-sketches-and-drawings\images\Sketches\grins\Monkey Shriner Grin COLOR.jpg"
"Monkey Shriner Grin ORIGINAL COLOR.jpg",".jpg","66.9","False","Monkey Shriner Grin","monkey-shriner-grin.html","Original Drawing","True","Add to existing page","Contains ORIGINAL COLOR: review whether original, color study, digitized version, or collector card.","D:\github\ron-english-sketches-and-drawings\images\Sketches\grins\Monkey Shriner Grin ORIGINAL COLOR.jpg"
"Monkey Shriner Grin ORIGINAL.1.jpg",".jpg","107.4","True","Monkey Shriner Grin ORIGINAL.1","monkey-shriner-grin-original-1.html","Original Drawing","True","Add to existing page","","D:\github\ron-english-sketches-and-drawings\images\Sketches\grins\Monkey Shriner Grin ORIGINAL.1.jpg"
"Monkey Shriner Grin ORIGINAL.jpeg",".jpeg","112.2","True","Monkey Shriner Grin","monkey-shriner-grin.html","Original Drawing","True","Add to existing page","JPEG extension: verify exact extension is preserved.","D:\github\ron-english-sketches-and-drawings\images\Sketches\grins\Monkey Shriner Grin ORIGINAL.jpeg"
"Monkey Shriner Grin ORIGINAL.jpg",".jpg","266.9","True","Monkey Shriner Grin","monkey-shriner-grin.html","Original Drawing","True","Add to existing page","","D:\github\ron-english-sketches-and-drawings\images\Sketches\grins\Monkey Shriner Grin ORIGINAL.jpg"
"Monkey Shriner Grin side COLOR.png",".png","318.8","True","Monkey Shriner Grin","monkey-shriner-grin.html","Digitized Versions","True","Add to existing page","Filename suggests a view/turnaround or part-specific image.","D:\github\ron-english-sketches-and-drawings\images\Sketches\grins\Monkey Shriner Grin side COLOR.png"
"Mounted Gorilla Grin B&W.jpg",".jpg","293.6","False","Mounted Gorilla Grin","mounted-gorilla-grin.html","Digitized Versions","True","Add to existing page","","D:\github\ron-english-sketches-and-drawings\images\Sketches\grins\Mounted Gorilla Grin B&W.jpg"
"Mounted Gorilla Grin COLOR.jpg",".jpg","454.1","False","Mounted Gorilla Grin","mounted-gorilla-grin.html","Digitized Versions","True","Add to existing page","","D:\github\ron-english-sketches-and-drawings\images\Sketches\grins\Mounted Gorilla Grin COLOR.jpg"
"Mounted Gorilla Grin ORIGINAL.jpg",".jpg","95","True","Mounted Gorilla Grin","mounted-gorilla-grin.html","Original Drawing","True","Add to existing page","","D:\github\ron-english-sketches-and-drawings\images\Sketches\grins\Mounted Gorilla Grin ORIGINAL.jpg"
"Mouth Grin B&W.jpg",".jpg","344.1","False","Mouth Grin","mouth-grin.html","Digitized Versions","True","Add to existing page","","D:\github\ron-english-sketches-and-drawings\images\Sketches\grins\Mouth Grin B&W.jpg"
"Mouth Grin COLOR.jpg",".jpg","158.5","True","Mouth Grin","mouth-grin.html","Digitized Versions","True","Add to existing page","","D:\github\ron-english-sketches-and-drawings\images\Sketches\grins\Mouth Grin COLOR.jpg"
"Mouth Grin ORIGINAL.jpg",".jpg","276.4","True","Mouth Grin","mouth-grin.html","Original Drawing","True","Add to existing page","","D:\github\ron-english-sketches-and-drawings\images\Sketches\grins\Mouth Grin ORIGINAL.jpg"
"Mr Met Grin B&W.jpg",".jpg","323","False","Mr Met Grin","mr-met-grin.html","Digitized Versions","True","Add to existing page","","D:\github\ron-english-sketches-and-drawings\images\Sketches\grins\Mr Met Grin B&W.jpg"
"Mr Met Grin COLOR.jpg",".jpg","517.7","False","Mr Met Grin","mr-met-grin.html","Digitized Versions","True","Add to existing page","","D:\github\ron-english-sketches-and-drawings\images\Sketches\grins\Mr Met Grin COLOR.jpg"
"Mr Met Grin ORIGINAL COLOR.jpg",".jpg","105","True","Mr Met Grin","mr-met-grin.html","Original Drawing","True","Add to existing page","Contains ORIGINAL COLOR: review whether original, color study, digitized version, or collector card.","D:\github\ron-english-sketches-and-drawings\images\Sketches\grins\Mr Met Grin ORIGINAL COLOR.jpg"
"Mr Potato Grin B&W.jpg",".jpg","374.7","False","Mr Potato Grin","mr-potato-grin.html","Digitized Versions","True","Add to existing page","","D:\github\ron-english-sketches-and-drawings\images\Sketches\grins\Mr Potato Grin B&W.jpg"
"Mr Potato Grin COLOR 2.png",".png","495.3","True","Mr Potato Grin","mr-potato-grin.html","Digitized Versions","True","Add to existing page","","D:\github\ron-english-sketches-and-drawings\images\Sketches\grins\Mr Potato Grin COLOR 2.png"
"Mr Potato Grin COLOR.jpg",".jpg","202.4","True","Mr Potato Grin","mr-potato-grin.html","Digitized Versions","True","Add to existing page","","D:\github\ron-english-sketches-and-drawings\images\Sketches\grins\Mr Potato Grin COLOR.jpg"
"Mr Potato Grin ORIGINAL.jpg",".jpg","167.8","True","Mr Potato Grin","mr-potato-grin.html","Original Drawing","True","Add to existing page","","D:\github\ron-english-sketches-and-drawings\images\Sketches\grins\Mr Potato Grin ORIGINAL.jpg"
"Mummy Grin 1 COLOR.png",".png","416.6","True","Mummy Grin 1","mummy-grin-1.html","Digitized Versions","True","Add to existing page","","D:\github\ron-english-sketches-and-drawings\images\Sketches\grins\Mummy Grin 1 COLOR.png"
"Mummy Grin 2 COLOR.jpg",".jpg","177.8","False","Mummy Grin 2","mummy-grin-2.html","Digitized Versions","False","Likely create new page","","D:\github\ron-english-sketches-and-drawings\images\Sketches\grins\Mummy Grin 2 COLOR.jpg"
"Mummy Grin B&W.jpg",".jpg","243.6","False","Mummy Grin","mummy-grin.html","Digitized Versions","True","Add to existing page","","D:\github\ron-english-sketches-and-drawings\images\Sketches\grins\Mummy Grin B&W.jpg"
"Mummy Grin COLOR.jpg",".jpg","186.1","True","Mummy Grin","mummy-grin.html","Digitized Versions","True","Add to existing page","","D:\github\ron-english-sketches-and-drawings\images\Sketches\grins\Mummy Grin COLOR.jpg"
"Mummy Grin ORIGINAL.jpg",".jpg","249","True","Mummy Grin","mummy-grin.html","Original Drawing","True","Add to existing page","","D:\github\ron-english-sketches-and-drawings\images\Sketches\grins\Mummy Grin ORIGINAL.jpg"
"Mush Man grin B&W.jpg",".jpg","133.4","True","Mush Man grin","mush-man-grin.html","Digitized Versions","True","Add to existing page","","D:\github\ron-english-sketches-and-drawings\images\Sketches\grins\Mush Man grin B&W.jpg"
"Mush Man grin COLOR.jpg",".jpg","390.8","False","Mush Man grin","mush-man-grin.html","Digitized Versions","True","Add to existing page","","D:\github\ron-english-sketches-and-drawings\images\Sketches\grins\Mush Man grin COLOR.jpg"
"Mush Man grin ORIGINAL (2).jpg",".jpg","315.3","True","Mush Man grin","mush-man-grin.html","Original Drawing","True","Add to existing page","","D:\github\ron-english-sketches-and-drawings\images\Sketches\grins\Mush Man grin ORIGINAL (2).jpg"
"Mush Man grin ORIGINAL COLOR.jpg",".jpg","181.7","True","Mush Man grin","mush-man-grin.html","Original Drawing","True","Add to existing page","Contains ORIGINAL COLOR: review whether original, color study, digitized version, or collector card.","D:\github\ron-english-sketches-and-drawings\images\Sketches\grins\Mush Man grin ORIGINAL COLOR.jpg"
"Mush Man grin ORIGINAL.jpg",".jpg","135.4","True","Mush Man grin","mush-man-grin.html","Original Drawing","True","Add to existing page","","D:\github\ron-english-sketches-and-drawings\images\Sketches\grins\Mush Man grin ORIGINAL.jpg"
"Mush Man Grin side view B&W.jpg",".jpg","223.7","True","Mush Man Grin","mush-man-grin.html","Digitized Versions","True","Add to existing page","Filename suggests a view/turnaround or part-specific image.","D:\github\ron-english-sketches-and-drawings\images\Sketches\grins\Mush Man Grin side view B&W.jpg"
"Mush Man Grin side view COLOR.jpg",".jpg","314","False","Mush Man Grin","mush-man-grin.html","Digitized Versions","True","Add to existing page","Filename suggests a view/turnaround or part-specific image.","D:\github\ron-english-sketches-and-drawings\images\Sketches\grins\Mush Man Grin side view COLOR.jpg"
"Mush Man Grin side view ORIGINAL.jpg",".jpg","84.8","True","Mush Man Grin","mush-man-grin.html","Original Drawing","True","Add to existing page","Filename suggests a view/turnaround or part-specific image.","D:\github\ron-english-sketches-and-drawings\images\Sketches\grins\Mush Man Grin side view ORIGINAL.jpg"
"Mutley Grin B&W.jpg",".jpg","381.7","False","Mutley Grin","mutley-grin.html","Digitized Versions","True","Add to existing page","","D:\github\ron-english-sketches-and-drawings\images\Sketches\grins\Mutley Grin B&W.jpg"
"Mutley Grin COLOR.1.jpg",".jpg","342.1","False","Mutley Grin COLOR.1","mutley-grin-color-1.html","Digitized Versions","False","Likely create new page","","D:\github\ron-english-sketches-and-drawings\images\Sketches\grins\Mutley Grin COLOR.1.jpg"
"Mutley Grin COLOR.jpg",".jpg","296.8","False","Mutley Grin","mutley-grin.html","Digitized Versions","True","Add to existing page","","D:\github\ron-english-sketches-and-drawings\images\Sketches\grins\Mutley Grin COLOR.jpg"
"Mutley Grin ORIGINAL.jpg",".jpg","188.5","True","Mutley Grin","mutley-grin.html","Original Drawing","True","Add to existing page","","D:\github\ron-english-sketches-and-drawings\images\Sketches\grins\Mutley Grin ORIGINAL.jpg"
"Negative Positive Grin ORIGINAL COLOR.jpg",".jpg","125","False","Negative Positive Grin","negative-positive-grin.html","Original Drawing","False","Likely create new page","Contains ORIGINAL COLOR: review whether original, color study, digitized version, or collector card.","D:\github\ron-english-sketches-and-drawings\images\Sketches\grins\Negative Positive Grin ORIGINAL COLOR.jpg"
"Ninja Turtle Grin B&W.jpg",".jpg","440.5","False","Ninja Turtle Grin","ninja-turtle-grin.html","Digitized Versions","True","Add to existing page","","D:\github\ron-english-sketches-and-drawings\images\Sketches\grins\Ninja Turtle Grin B&W.jpg"
"Ninja Turtle Grin COLOR.jpg",".jpg","137.2","True","Ninja Turtle Grin","ninja-turtle-grin.html","Digitized Versions","True","Add to existing page","","D:\github\ron-english-sketches-and-drawings\images\Sketches\grins\Ninja Turtle Grin COLOR.jpg"
"Ninja Turtle Grin ORIGINAL 2.jpg",".jpg","227.3","True","Ninja Turtle Grin","ninja-turtle-grin.html","Original Drawing","True","Add to existing page","","D:\github\ron-english-sketches-and-drawings\images\Sketches\grins\Ninja Turtle Grin ORIGINAL 2.jpg"
"Ninja Turtle Grin ORIGINAL COLOR.jpg",".jpg","177.4","False","Ninja Turtle Grin","ninja-turtle-grin.html","Original Drawing","True","Add to existing page","Contains ORIGINAL COLOR: review whether original, color study, digitized version, or collector card.","D:\github\ron-english-sketches-and-drawings\images\Sketches\grins\Ninja Turtle Grin ORIGINAL COLOR.jpg"
"Ninja Turtle Grin ORIGINAL.jpg",".jpg","302.8","True","Ninja Turtle Grin","ninja-turtle-grin.html","Original Drawing","True","Add to existing page","","D:\github\ron-english-sketches-and-drawings\images\Sketches\grins\Ninja Turtle Grin ORIGINAL.jpg"
"Olive Oil Grin B&W.jpg",".jpg","322.9","False","Olive Oil Grin","olive-oil-grin.html","Digitized Versions","True","Add to existing page","","D:\github\ron-english-sketches-and-drawings\images\Sketches\grins\Olive Oil Grin B&W.jpg"
"Olive Oil Grin COLOR.jpg",".jpg","473.1","False","Olive Oil Grin","olive-oil-grin.html","Digitized Versions","True","Add to existing page","","D:\github\ron-english-sketches-and-drawings\images\Sketches\grins\Olive Oil Grin COLOR.jpg"
"Olive Oil Grin ORIGINAL.jpg",".jpg","315.5","True","Olive Oil Grin","olive-oil-grin.html","Original Drawing","True","Add to existing page","","D:\github\ron-english-sketches-and-drawings\images\Sketches\grins\Olive Oil Grin ORIGINAL.jpg"
"Orion Grin head front ORIGINAL.jpg",".jpg","136.5","True","Orion Grin","orion-grin.html","Original Drawing","True","Add to existing page","Filename suggests a view/turnaround or part-specific image.","D:\github\ron-english-sketches-and-drawings\images\Sketches\grins\Orion Grin head front ORIGINAL.jpg"
"Orion Grin head side ORIGINAL.jpg",".jpg","279.3","True","Orion Grin","orion-grin.html","Original Drawing","True","Add to existing page","Filename suggests a view/turnaround or part-specific image.","D:\github\ron-english-sketches-and-drawings\images\Sketches\grins\Orion Grin head side ORIGINAL.jpg"
"Orion Grin side ORIGINAL Colorway 1.jpg",".jpg","123.4","False","Orion Grin","orion-grin.html","Original Drawing","True","Add to existing page","Filename suggests a view/turnaround or part-specific image.","D:\github\ron-english-sketches-and-drawings\images\Sketches\grins\Orion Grin side ORIGINAL Colorway 1.jpg"
"Orion Grin side ORIGINAL Colorway 10 (2).jpg",".jpg","130.7","False","Orion Grin side ORIGINAL Colorway 10 (2)","orion-grin-side-original-colorway-10-2.html","Original Drawing","False","Likely create new page","Filename suggests a view/turnaround or part-specific image.","D:\github\ron-english-sketches-and-drawings\images\Sketches\grins\Orion Grin side ORIGINAL Colorway 10 (2).jpg"
"Orion Grin side ORIGINAL Colorway 10.jpg",".jpg","101.8","False","Orion Grin","orion-grin.html","Original Drawing","True","Add to existing page","Filename suggests a view/turnaround or part-specific image.","D:\github\ron-english-sketches-and-drawings\images\Sketches\grins\Orion Grin side ORIGINAL Colorway 10.jpg"
"Orion Grin side ORIGINAL Colorway 11 (2).jpg",".jpg","132.1","False","Orion Grin side ORIGINAL Colorway 11 (2)","orion-grin-side-original-colorway-11-2.html","Original Drawing","False","Likely create new page","Filename suggests a view/turnaround or part-specific image.","D:\github\ron-english-sketches-and-drawings\images\Sketches\grins\Orion Grin side ORIGINAL Colorway 11 (2).jpg"
"Orion Grin side ORIGINAL Colorway 11.jpg",".jpg","94.3","False","Orion Grin","orion-grin.html","Original Drawing","True","Add to existing page","Filename suggests a view/turnaround or part-specific image.","D:\github\ron-english-sketches-and-drawings\images\Sketches\grins\Orion Grin side ORIGINAL Colorway 11.jpg"
"Orion Grin side ORIGINAL Colorway 12.jpg",".jpg","128.5","False","Orion Grin","orion-grin.html","Original Drawing","True","Add to existing page","Filename suggests a view/turnaround or part-specific image.","D:\github\ron-english-sketches-and-drawings\images\Sketches\grins\Orion Grin side ORIGINAL Colorway 12.jpg"
"Orion Grin side ORIGINAL Colorway 2.jpg",".jpg","124.6","False","Orion Grin","orion-grin.html","Original Drawing","True","Add to existing page","Filename suggests a view/turnaround or part-specific image.","D:\github\ron-english-sketches-and-drawings\images\Sketches\grins\Orion Grin side ORIGINAL Colorway 2.jpg"
"Orion Grin side ORIGINAL Colorway 3.jpg",".jpg","123.4","False","Orion Grin","orion-grin.html","Original Drawing","True","Add to existing page","Filename suggests a view/turnaround or part-specific image.","D:\github\ron-english-sketches-and-drawings\images\Sketches\grins\Orion Grin side ORIGINAL Colorway 3.jpg"
"Orion Grin side ORIGINAL Colorway 4.jpg",".jpg","120.5","False","Orion Grin","orion-grin.html","Original Drawing","True","Add to existing page","Filename suggests a view/turnaround or part-specific image.","D:\github\ron-english-sketches-and-drawings\images\Sketches\grins\Orion Grin side ORIGINAL Colorway 4.jpg"
"Orion Grin side ORIGINAL Colorway 5.jpg",".jpg","152","False","Orion Grin","orion-grin.html","Original Drawing","True","Add to existing page","Filename suggests a view/turnaround or part-specific image.","D:\github\ron-english-sketches-and-drawings\images\Sketches\grins\Orion Grin side ORIGINAL Colorway 5.jpg"
"Orion Grin side ORIGINAL Colorway 6.jpg",".jpg","155.5","False","Orion Grin","orion-grin.html","Original Drawing","True","Add to existing page","Filename suggests a view/turnaround or part-specific image.","D:\github\ron-english-sketches-and-drawings\images\Sketches\grins\Orion Grin side ORIGINAL Colorway 6.jpg"
"Orion Grin side ORIGINAL Colorway 7.jpg",".jpg","154.8","False","Orion Grin","orion-grin.html","Original Drawing","True","Add to existing page","Filename suggests a view/turnaround or part-specific image.","D:\github\ron-english-sketches-and-drawings\images\Sketches\grins\Orion Grin side ORIGINAL Colorway 7.jpg"
"Orion Grin side ORIGINAL Colorway 8.jpg",".jpg","156.2","False","Orion Grin","orion-grin.html","Original Drawing","True","Add to existing page","Filename suggests a view/turnaround or part-specific image.","D:\github\ron-english-sketches-and-drawings\images\Sketches\grins\Orion Grin side ORIGINAL Colorway 8.jpg"
"Orion Grin side ORIGINAL Colorway 9 (2).jpg",".jpg","129.4","False","Orion Grin side ORIGINAL Colorway 9 (2)","orion-grin-side-original-colorway-9-2.html","Original Drawing","False","Likely create new page","Filename suggests a view/turnaround or part-specific image.","D:\github\ron-english-sketches-and-drawings\images\Sketches\grins\Orion Grin side ORIGINAL Colorway 9 (2).jpg"
"Orion Grin side ORIGINAL Colorway 9.jpg",".jpg","101","False","Orion Grin","orion-grin.html","Original Drawing","True","Add to existing page","Filename suggests a view/turnaround or part-specific image.","D:\github\ron-english-sketches-and-drawings\images\Sketches\grins\Orion Grin side ORIGINAL Colorway 9.jpg"
"Orion Grin side ORIGINAL.jpeg",".jpeg","308","True","Orion Grin","orion-grin.html","Original Drawing","True","Add to existing page","JPEG extension: verify exact extension is preserved. Filename suggests a view/turnaround or part-specific image.","D:\github\ron-english-sketches-and-drawings\images\Sketches\grins\Orion Grin side ORIGINAL.jpeg"
"Panda Bear Grin B&W.jpg",".jpg","321.7","False","Panda Bear Grin","panda-bear-grin.html","Digitized Versions","True","Add to existing page","","D:\github\ron-english-sketches-and-drawings\images\Sketches\grins\Panda Bear Grin B&W.jpg"
"Panda Bear Grin COLOR.jpg",".jpg","108.9","True","Panda Bear Grin","panda-bear-grin.html","Digitized Versions","True","Add to existing page","","D:\github\ron-english-sketches-and-drawings\images\Sketches\grins\Panda Bear Grin COLOR.jpg"
"Panda Bear Grin ORIGINAL.jpg",".jpg","335.9","True","Panda Bear Grin","panda-bear-grin.html","Original Drawing","True","Add to existing page","","D:\github\ron-english-sketches-and-drawings\images\Sketches\grins\Panda Bear Grin ORIGINAL.jpg"
"Panda Grin B&W.jpg",".jpg","283.2","False","Panda Grin","panda-grin.html","Digitized Versions","True","Add to existing page","","D:\github\ron-english-sketches-and-drawings\images\Sketches\grins\Panda Grin B&W.jpg"
"Panda Grin COLOR.jpg",".jpg","344.1","False","Panda Grin","panda-grin.html","Digitized Versions","True","Add to existing page","","D:\github\ron-english-sketches-and-drawings\images\Sketches\grins\Panda Grin COLOR.jpg"
"Panda Grin ORIGINAL COLOR.jpg",".jpg","118","False","Panda Grin","panda-grin.html","Original Drawing","True","Add to existing page","Contains ORIGINAL COLOR: review whether original, color study, digitized version, or collector card.","D:\github\ron-english-sketches-and-drawings\images\Sketches\grins\Panda Grin ORIGINAL COLOR.jpg"
"Panda Grin ORIGINAL.jpg",".jpg","80.9","True","Panda Grin","panda-grin.html","Original Drawing","True","Add to existing page","","D:\github\ron-english-sketches-and-drawings\images\Sketches\grins\Panda Grin ORIGINAL.jpg"
"Patrick Grin B&W.jpg",".jpg","282","False","Patrick Grin","patrick-grin.html","Digitized Versions","True","Add to existing page","","D:\github\ron-english-sketches-and-drawings\images\Sketches\grins\Patrick Grin B&W.jpg"
"Patrick Grin COLOR.jpg",".jpg","100.5","True","Patrick Grin","patrick-grin.html","Digitized Versions","True","Add to existing page","","D:\github\ron-english-sketches-and-drawings\images\Sketches\grins\Patrick Grin COLOR.jpg"
"Patrick Grin in Water B&W.jpg",".jpg","215.3","True","Patrick Grin","patrick-grin.html","Digitized Versions","True","Add to existing page","","D:\github\ron-english-sketches-and-drawings\images\Sketches\grins\Patrick Grin in Water B&W.jpg"
"Patrick Grin in Water COLOR.jpg",".jpg","169","True","Patrick Grin","patrick-grin.html","Digitized Versions","True","Add to existing page","","D:\github\ron-english-sketches-and-drawings\images\Sketches\grins\Patrick Grin in Water COLOR.jpg"
"Patrick Grin in Water ORIGINAL.jpg",".jpg","117.7","True","Patrick Grin","patrick-grin.html","Original Drawing","True","Add to existing page","","D:\github\ron-english-sketches-and-drawings\images\Sketches\grins\Patrick Grin in Water ORIGINAL.jpg"
"Patrick Grin ORIGINAL COLOR 2.jpg",".jpg","123.8","False","Patrick Grin","patrick-grin.html","Original Drawing","True","Add to existing page","Contains ORIGINAL COLOR: review whether original, color study, digitized version, or collector card.","D:\github\ron-english-sketches-and-drawings\images\Sketches\grins\Patrick Grin ORIGINAL COLOR 2.jpg"
"Patrick Grin ORIGINAL COLOR.jpg",".jpg","97.8","True","Patrick Grin","patrick-grin.html","Original Drawing","True","Add to existing page","Contains ORIGINAL COLOR: review whether original, color study, digitized version, or collector card.","D:\github\ron-english-sketches-and-drawings\images\Sketches\grins\Patrick Grin ORIGINAL COLOR.jpg"
"Patrick Grin ORIGINAL.jpg",".jpg","214.5","True","Patrick Grin","patrick-grin.html","Original Drawing","True","Add to existing page","","D:\github\ron-english-sketches-and-drawings\images\Sketches\grins\Patrick Grin ORIGINAL.jpg"
"Peko Girl Grin B&W.jpg",".jpg","147","True","Peko Girl Grin","peko-girl-grin.html","Digitized Versions","True","Add to existing page","","D:\github\ron-english-sketches-and-drawings\images\Sketches\grins\Peko Girl Grin B&W.jpg"
"Peko Girl Grin COLOR.jpg",".jpg","330.1","False","Peko Girl Grin","peko-girl-grin.html","Digitized Versions","True","Add to existing page","","D:\github\ron-english-sketches-and-drawings\images\Sketches\grins\Peko Girl Grin COLOR.jpg"
"Peko Girl Grin ORIGINAL.jpg",".jpg","122.6","True","Peko Girl Grin","peko-girl-grin.html","Original Drawing","True","Add to existing page","","D:\github\ron-english-sketches-and-drawings\images\Sketches\grins\Peko Girl Grin ORIGINAL.jpg"
"Pepz Boy Grin B&W.jpg",".jpg","319","False","Pepz Boy Grin","pepz-boy-grin.html","Digitized Versions","True","Add to existing page","","D:\github\ron-english-sketches-and-drawings\images\Sketches\grins\Pepz Boy Grin B&W.jpg"
"Pepz Boy Grin COLOR.jpg",".jpg","366","False","Pepz Boy Grin","pepz-boy-grin.html","Digitized Versions","True","Add to existing page","","D:\github\ron-english-sketches-and-drawings\images\Sketches\grins\Pepz Boy Grin COLOR.jpg"
"Pepz Boy Grin ORIGINAL.jpeg",".jpeg","123.2","True","Pepz Boy Grin","pepz-boy-grin.html","Original Drawing","True","Add to existing page","JPEG extension: verify exact extension is preserved.","D:\github\ron-english-sketches-and-drawings\images\Sketches\grins\Pepz Boy Grin ORIGINAL.jpeg"
"Pepz Boy Grin ORIGINAL.jpg",".jpg","164.8","True","Pepz Boy Grin","pepz-boy-grin.html","Original Drawing","True","Add to existing page","","D:\github\ron-english-sketches-and-drawings\images\Sketches\grins\Pepz Boy Grin ORIGINAL.jpg"
"Peter Grin B&W.jpg",".jpg","313.9","False","Peter Grin","peter-grin.html","Digitized Versions","True","Add to existing page","","D:\github\ron-english-sketches-and-drawings\images\Sketches\grins\Peter Grin B&W.jpg"
"Peter Grin COLOR.jpg",".jpg","527","False","Peter Grin","peter-grin.html","Digitized Versions","True","Add to existing page","","D:\github\ron-english-sketches-and-drawings\images\Sketches\grins\Peter Grin COLOR.jpg"
"Peter Grin ORIGINAL.jpg",".jpg","263.7","True","Peter Grin","peter-grin.html","Original Drawing","True","Add to existing page","","D:\github\ron-english-sketches-and-drawings\images\Sketches\grins\Peter Grin ORIGINAL.jpg"
"Peter Potamus Grin B&W.jpg",".jpg","323.9","False","Peter Potamus Grin","peter-potamus-grin.html","Digitized Versions","True","Add to existing page","","D:\github\ron-english-sketches-and-drawings\images\Sketches\grins\Peter Potamus Grin B&W.jpg"
"Peter Potamus Grin COLOR.jpg",".jpg","459","False","Peter Potamus Grin","peter-potamus-grin.html","Digitized Versions","True","Add to existing page","","D:\github\ron-english-sketches-and-drawings\images\Sketches\grins\Peter Potamus Grin COLOR.jpg"
"Peter Potamus Grin ORIGINAL.jpg",".jpg","93.9","True","Peter Potamus Grin","peter-potamus-grin.html","Original Drawing","True","Add to existing page","","D:\github\ron-english-sketches-and-drawings\images\Sketches\grins\Peter Potamus Grin ORIGINAL.jpg"
"pinnochio grin right side - Trace girl - colored by susan - png.jpg",".jpg","145.7","True","pinnochio grin right side - Trace girl - colored by susan - png","pinnochio-grin-right-side-trace-girl-colored-by-susan-png.html","Digitized Versions","True","Add to existing page","Filename suggests a view/turnaround or part-specific image.","D:\github\ron-english-sketches-and-drawings\images\Sketches\grins\pinnochio grin right side - Trace girl - colored by susan - png.jpg"
"pinnochio grin three quarters - Trace girl - colored by susan - png.jpg",".jpg","126.4","True","pinnochio grin three quarters - Trace girl - colored by susan - png","pinnochio-grin-three-quarters-trace-girl-colored-by-susan-png.html","Digitized Versions","True","Add to existing page","Filename suggests a view/turnaround or part-specific image.","D:\github\ron-english-sketches-and-drawings\images\Sketches\grins\pinnochio grin three quarters - Trace girl - colored by susan - png.jpg"
"Pinocchio Grin back B&W.jpg",".jpg","149.8","True","Pinocchio Grin","pinocchio-grin.html","Digitized Versions","True","Add to existing page","Filename suggests a view/turnaround or part-specific image.","D:\github\ron-english-sketches-and-drawings\images\Sketches\grins\Pinocchio Grin back B&W.jpg"
"Pinocchio Grin back COLOR.jpg",".jpg","108.5","True","Pinocchio Grin","pinocchio-grin.html","Digitized Versions","True","Add to existing page","Filename suggests a view/turnaround or part-specific image.","D:\github\ron-english-sketches-and-drawings\images\Sketches\grins\Pinocchio Grin back COLOR.jpg"
"Pinocchio Grin back ORIGINAL.jpg",".jpg","105.6","True","Pinocchio Grin","pinocchio-grin.html","Original Drawing","True","Add to existing page","Filename suggests a view/turnaround or part-specific image.","D:\github\ron-english-sketches-and-drawings\images\Sketches\grins\Pinocchio Grin back ORIGINAL.jpg"
"Pinocchio Grin front B&W.jpg",".jpg","168.1","True","Pinocchio Grin","pinocchio-grin.html","Digitized Versions","True","Add to existing page","Filename suggests a view/turnaround or part-specific image.","D:\github\ron-english-sketches-and-drawings\images\Sketches\grins\Pinocchio Grin front B&W.jpg"
"Pinocchio Grin front COLOR.jpg",".jpg","422.5","False","Pinocchio Grin","pinocchio-grin.html","Digitized Versions","True","Add to existing page","Filename suggests a view/turnaround or part-specific image.","D:\github\ron-english-sketches-and-drawings\images\Sketches\grins\Pinocchio Grin front COLOR.jpg"
"Pinocchio Grin front ORIGINAL.jpg",".jpg","344","True","Pinocchio Grin","pinocchio-grin.html","Original Drawing","True","Add to existing page","Filename suggests a view/turnaround or part-specific image.","D:\github\ron-english-sketches-and-drawings\images\Sketches\grins\Pinocchio Grin front ORIGINAL.jpg"
"pinocchio grin left side - B&W - Trace girl.jpg",".jpg","481.5","False","pinocchio grin left side - B&W - Trace girl","pinocchio-grin-left-side-b-and-w-trace-girl.html","Digitized Versions","False","Likely create new page","Filename suggests a view/turnaround or part-specific image.","D:\github\ron-english-sketches-and-drawings\images\Sketches\grins\pinocchio grin left side - B&W - Trace girl.jpg"
"Pinocchio Grin Left Side COLOR.jpg",".jpg","136.9","True","Pinocchio Grin","pinocchio-grin.html","Digitized Versions","True","Add to existing page","Filename suggests a view/turnaround or part-specific image.","D:\github\ron-english-sketches-and-drawings\images\Sketches\grins\Pinocchio Grin Left Side COLOR.jpg"
"Pinocchio Grin Left Side ORIGINAL.jpg",".jpg","112.4","True","Pinocchio Grin","pinocchio-grin.html","Original Drawing","True","Add to existing page","Filename suggests a view/turnaround or part-specific image.","D:\github\ron-english-sketches-and-drawings\images\Sketches\grins\Pinocchio Grin Left Side ORIGINAL.jpg"
"Pinocchio Grin Left Side portrait ORIGINAL.jpg",".jpg","206","True","Pinocchio Grin","pinocchio-grin.html","Original Drawing","True","Add to existing page","Filename suggests a view/turnaround or part-specific image.","D:\github\ron-english-sketches-and-drawings\images\Sketches\grins\Pinocchio Grin Left Side portrait ORIGINAL.jpg"
"Pinocchio Grin Right Side B&W.jpg",".jpg","475.1","False","Pinocchio Grin","pinocchio-grin.html","Digitized Versions","True","Add to existing page","Filename suggests a view/turnaround or part-specific image.","D:\github\ron-english-sketches-and-drawings\images\Sketches\grins\Pinocchio Grin Right Side B&W.jpg"
"Pinocchio Grin Right Side ORIGINAL.jpg",".jpg","92.6","True","Pinocchio Grin","pinocchio-grin.html","Original Drawing","True","Add to existing page","Filename suggests a view/turnaround or part-specific image.","D:\github\ron-english-sketches-and-drawings\images\Sketches\grins\Pinocchio Grin Right Side ORIGINAL.jpg"
"Pinocchio Grin Three Quarters B&W.jpg",".jpg","155","True","Pinocchio Grin","pinocchio-grin.html","Digitized Versions","True","Add to existing page","Filename suggests a view/turnaround or part-specific image.","D:\github\ron-english-sketches-and-drawings\images\Sketches\grins\Pinocchio Grin Three Quarters B&W.jpg"
"Pizza This Grin B&W.jpg",".jpg","254.4","False","Pizza This Grin","pizza-this-grin.html","Digitized Versions","False","Likely create new page","","D:\github\ron-english-sketches-and-drawings\images\Sketches\grins\Pizza This Grin B&W.jpg"
"Pizza This Grin COLOR.jpg",".jpg","272","False","Pizza This Grin","pizza-this-grin.html","Digitized Versions","False","Likely create new page","","D:\github\ron-english-sketches-and-drawings\images\Sketches\grins\Pizza This Grin COLOR.jpg"
"Pizza This ORIGINAL.jpg",".jpg","210.8","True","Pizza This","pizza-this.html","Original Drawing","True","Add to existing page","","D:\github\ron-english-sketches-and-drawings\images\Sketches\grins\Pizza This ORIGINAL.jpg"
"Plush Bear Grin front B&W.jpg",".jpg","164.5","True","Plush Bear Grin","plush-bear-grin.html","Digitized Versions","True","Add to existing page","Filename suggests a view/turnaround or part-specific image.","D:\github\ron-english-sketches-and-drawings\images\Sketches\grins\Plush Bear Grin front B&W.jpg"
"Plush Bear Grin front COLOR.jpg",".jpg","162.8","True","Plush Bear Grin","plush-bear-grin.html","Digitized Versions","True","Add to existing page","Filename suggests a view/turnaround or part-specific image.","D:\github\ron-english-sketches-and-drawings\images\Sketches\grins\Plush Bear Grin front COLOR.jpg"
"Plush Bear Grin front ORIGINAL COLOR.jpg",".jpg","284.3","False","Plush Bear Grin","plush-bear-grin.html","Original Drawing","True","Add to existing page","Contains ORIGINAL COLOR: review whether original, color study, digitized version, or collector card. Filename suggests a view/turnaround or part-specific image.","D:\github\ron-english-sketches-and-drawings\images\Sketches\grins\Plush Bear Grin front ORIGINAL COLOR.jpg"
"Plush Bear Grinnies ORIGINAL COLOR.jpg",".jpg","237.4","True","Plush Bear Grinnies","plush-bear-grinnies.html","Original Drawing","True","Add to existing page","Contains ORIGINAL COLOR: review whether original, color study, digitized version, or collector card.","D:\github\ron-english-sketches-and-drawings\images\Sketches\grins\Plush Bear Grinnies ORIGINAL COLOR.jpg"
"Plush Grin back ORIGINAL COLOR.jpg",".jpg","103.1","True","Plush Grin","plush-grin.html","Original Drawing","True","Add to existing page","Contains ORIGINAL COLOR: review whether original, color study, digitized version, or collector card. Filename suggests a view/turnaround or part-specific image.","D:\github\ron-english-sketches-and-drawings\images\Sketches\grins\Plush Grin back ORIGINAL COLOR.jpg"
"Plush Grin front ORIGINAL COLOR.jpg",".jpg","198.6","True","Plush Grin","plush-grin.html","Original Drawing","True","Add to existing page","Contains ORIGINAL COLOR: review whether original, color study, digitized version, or collector card. Filename suggests a view/turnaround or part-specific image.","D:\github\ron-english-sketches-and-drawings\images\Sketches\grins\Plush Grin front ORIGINAL COLOR.jpg"
"Popeye Butthead Grin B&W.jpg",".jpg","321.8","False","Popeye Butthead Grin","popeye-butthead-grin.html","Digitized Versions","True","Add to existing page","Filename suggests a view/turnaround or part-specific image.","D:\github\ron-english-sketches-and-drawings\images\Sketches\grins\Popeye Butthead Grin B&W.jpg"
"Popeye Butthead Grin COLOR.jpg",".jpg","451.6","False","Popeye Butthead Grin","popeye-butthead-grin.html","Digitized Versions","True","Add to existing page","Filename suggests a view/turnaround or part-specific image.","D:\github\ron-english-sketches-and-drawings\images\Sketches\grins\Popeye Butthead Grin COLOR.jpg"
"Popeye Butthead Grin ORIGINAL.jpg",".jpg","354.3","True","Popeye Butthead Grin","popeye-butthead-grin.html","Original Drawing","True","Add to existing page","Filename suggests a view/turnaround or part-specific image.","D:\github\ron-english-sketches-and-drawings\images\Sketches\grins\Popeye Butthead Grin ORIGINAL.jpg"
"Powerpuff Girl Bubbles Grin B&W.jpg",".jpg","324.5","False","Powerpuff Girl Bubbles Grin","powerpuff-girl-bubbles-grin.html","Digitized Versions","True","Add to existing page","","D:\github\ron-english-sketches-and-drawings\images\Sketches\grins\Powerpuff Girl Bubbles Grin B&W.jpg"
"Powerpuff Girl Bubbles Grin COLOR.jpg",".jpg","472","False","Powerpuff Girl Bubbles Grin","powerpuff-girl-bubbles-grin.html","Digitized Versions","True","Add to existing page","","D:\github\ron-english-sketches-and-drawings\images\Sketches\grins\Powerpuff Girl Bubbles Grin COLOR.jpg"
"Powerpuff Girl Bubbles Grin ORIGINAL.jpg",".jpg","77.8","True","Powerpuff Girl Bubbles Grin","powerpuff-girl-bubbles-grin.html","Original Drawing","True","Add to existing page","","D:\github\ron-english-sketches-and-drawings\images\Sketches\grins\Powerpuff Girl Bubbles Grin ORIGINAL.jpg"
"Pumpkin Grin B&W.jpg",".jpg","344.3","False","Pumpkin Grin","pumpkin-grin.html","Digitized Versions","True","Add to existing page","","D:\github\ron-english-sketches-and-drawings\images\Sketches\grins\Pumpkin Grin B&W.jpg"
"Pumpkin Grin COLOR.jpg",".jpg","125.9","True","Pumpkin Grin","pumpkin-grin.html","Digitized Versions","True","Add to existing page","","D:\github\ron-english-sketches-and-drawings\images\Sketches\grins\Pumpkin Grin COLOR.jpg"
"Pumpkin Grin ORIGINAL.jpg",".jpg","113","True","Pumpkin Grin","pumpkin-grin.html","Original Drawing","True","Add to existing page","","D:\github\ron-english-sketches-and-drawings\images\Sketches\grins\Pumpkin Grin ORIGINAL.jpg"
"Pumpkin Grin Side View B&W.jpg",".jpg","389.6","False","Pumpkin Grin","pumpkin-grin.html","Digitized Versions","True","Add to existing page","Filename suggests a view/turnaround or part-specific image.","D:\github\ron-english-sketches-and-drawings\images\Sketches\grins\Pumpkin Grin Side View B&W.jpg"
"Pumpkin Grin Side View COLOR.jpg",".jpg","314.7","True","Pumpkin Grin","pumpkin-grin.html","Digitized Versions","True","Add to existing page","Filename suggests a view/turnaround or part-specific image.","D:\github\ron-english-sketches-and-drawings\images\Sketches\grins\Pumpkin Grin Side View COLOR.jpg"
"Pumpkin Grin Side View ORIGINAL.jpg",".jpg","93","True","Pumpkin Grin","pumpkin-grin.html","Original Drawing","True","Add to existing page","Filename suggests a view/turnaround or part-specific image.","D:\github\ron-english-sketches-and-drawings\images\Sketches\grins\Pumpkin Grin Side View ORIGINAL.jpg"
"Qhrist Grin 1 B&W.jpg",".jpg","376","False","Qhrist Grin 1","qhrist-grin-1.html","Digitized Versions","True","Add to existing page","","D:\github\ron-english-sketches-and-drawings\images\Sketches\grins\Qhrist Grin 1 B&W.jpg"
"Qhrist Grin 1 COLOR.jpg",".jpg","402.3","True","Qhrist Grin 1","qhrist-grin-1.html","Digitized Versions","True","Add to existing page","","D:\github\ron-english-sketches-and-drawings\images\Sketches\grins\Qhrist Grin 1 COLOR.jpg"
"Qhrist Grin 1 ORIGINAL.jpg",".jpg","128.5","True","Qhrist Grin 1","qhrist-grin-1.html","Original Drawing","True","Add to existing page","","D:\github\ron-english-sketches-and-drawings\images\Sketches\grins\Qhrist Grin 1 ORIGINAL.jpg"
"Qhrist Grin 2 B&W.png",".png","460.7","True","Qhrist Grin 2","qhrist-grin-2.html","Digitized Versions","True","Add to existing page","","D:\github\ron-english-sketches-and-drawings\images\Sketches\grins\Qhrist Grin 2 B&W.png"
"Qhrist Grin 2 card.jpg",".jpg","176.1","True","Qhrist Grin 2","qhrist-grin-2.html","Collector Cards","True","Add to existing page","Filename suggests collector card.","D:\github\ron-english-sketches-and-drawings\images\Sketches\grins\Qhrist Grin 2 card.jpg"
"Qhrist Grin 2 COLOR.jpg",".jpg","236.4","False","Qhrist Grin 2","qhrist-grin-2.html","Digitized Versions","True","Add to existing page","","D:\github\ron-english-sketches-and-drawings\images\Sketches\grins\Qhrist Grin 2 COLOR.jpg"
"Qhrist Grin 2 ORIGINAL COLOR.jpg",".jpg","176.1","False","Qhrist Grin 2","qhrist-grin-2.html","Original Drawing","True","Add to existing page","Contains ORIGINAL COLOR: review whether original, color study, digitized version, or collector card.","D:\github\ron-english-sketches-and-drawings\images\Sketches\grins\Qhrist Grin 2 ORIGINAL COLOR.jpg"
"Qhrist Grin 2 ORIGINAL.jpg",".jpg","75.1","True","Qhrist Grin 2","qhrist-grin-2.html","Original Drawing","True","Add to existing page","","D:\github\ron-english-sketches-and-drawings\images\Sketches\grins\Qhrist Grin 2 ORIGINAL.jpg"
"Quick Draw McGraw Grin B&W.jpg",".jpg","331.9","False","Quick Draw McGraw Grin","quick-draw-mcgraw-grin.html","Digitized Versions","True","Add to existing page","","D:\github\ron-english-sketches-and-drawings\images\Sketches\grins\Quick Draw McGraw Grin B&W.jpg"
"Quick Draw McGraw Grin COLOR.jpg",".jpg","292.3","False","Quick Draw McGraw Grin","quick-draw-mcgraw-grin.html","Digitized Versions","True","Add to existing page","","D:\github\ron-english-sketches-and-drawings\images\Sketches\grins\Quick Draw McGraw Grin COLOR.jpg"
"Quick Draw McGraw Grin ORIGINAL.jpg",".jpg","149.6","True","Quick Draw McGraw Grin","quick-draw-mcgraw-grin.html","Original Drawing","True","Add to existing page","","D:\github\ron-english-sketches-and-drawings\images\Sketches\grins\Quick Draw McGraw Grin ORIGINAL.jpg"
"Rabbbit Double Grin Mouth B&W.jpg",".jpg","135.8","True","Rabbbit Double Grin Mouth","rabbbit-double-grin-mouth.html","Digitized Versions","True","Add to existing page","","D:\github\ron-english-sketches-and-drawings\images\Sketches\grins\Rabbbit Double Grin Mouth B&W.jpg"
"Rabbbit Double Grin Mouth COLOR.jpg",".jpg","490.9","False","Rabbbit Double Grin Mouth","rabbbit-double-grin-mouth.html","Digitized Versions","True","Add to existing page","","D:\github\ron-english-sketches-and-drawings\images\Sketches\grins\Rabbbit Double Grin Mouth COLOR.jpg"
"Rabbbit Double Grin Mouth ORIGINAL.jpg",".jpg","134.9","True","Rabbbit Double Grin Mouth","rabbbit-double-grin-mouth.html","Original Drawing","True","Add to existing page","","D:\github\ron-english-sketches-and-drawings\images\Sketches\grins\Rabbbit Double Grin Mouth ORIGINAL.jpg"
"Rabbbit Grin B&W.jpg",".jpg","293.2","True","Rabbbit Grin","rabbbit-grin.html","Digitized Versions","True","Add to existing page","","D:\github\ron-english-sketches-and-drawings\images\Sketches\grins\Rabbbit Grin B&W.jpg"
"Rabbbit Grin COLOR (2).jpg",".jpg","380.4","False","Rabbbit Grin","rabbbit-grin.html","Digitized Versions","True","Add to existing page","","D:\github\ron-english-sketches-and-drawings\images\Sketches\grins\Rabbbit Grin COLOR (2).jpg"
"Rabbbit Grin COLOR.jpg",".jpg","832.3","True","Rabbbit Grin","rabbbit-grin.html","Digitized Versions","True","Add to existing page","","D:\github\ron-english-sketches-and-drawings\images\Sketches\grins\Rabbbit Grin COLOR.jpg"
"Rabbbit Grin mouth B&W.jpg",".jpg","310.2","False","Rabbbit Grin mouth","rabbbit-grin-mouth.html","Digitized Versions","True","Add to existing page","","D:\github\ron-english-sketches-and-drawings\images\Sketches\grins\Rabbbit Grin mouth B&W.jpg"
"Rabbbit Grin Mouth COLOR.jpg",".jpg","272.1","False","Rabbbit Grin Mouth","rabbbit-grin-mouth.html","Digitized Versions","True","Add to existing page","","D:\github\ron-english-sketches-and-drawings\images\Sketches\grins\Rabbbit Grin Mouth COLOR.jpg"
"Rabbbit Grin mouth ORIGINAL.jpg",".jpg","102.9","True","Rabbbit Grin mouth","rabbbit-grin-mouth.html","Original Drawing","True","Add to existing page","","D:\github\ron-english-sketches-and-drawings\images\Sketches\grins\Rabbbit Grin mouth ORIGINAL.jpg"
"Rabbbit Grin ORIGINAL COLOR.jpg",".jpg","341.2","True","Rabbbit Grin","rabbbit-grin.html","Original Drawing","True","Add to existing page","Contains ORIGINAL COLOR: review whether original, color study, digitized version, or collector card.","D:\github\ron-english-sketches-and-drawings\images\Sketches\grins\Rabbbit Grin ORIGINAL COLOR.jpg"
"Rabbbit Grin ORIGINAL.jpg",".jpg","340.6","True","Rabbbit Grin","rabbbit-grin.html","Original Drawing","True","Add to existing page","","D:\github\ron-english-sketches-and-drawings\images\Sketches\grins\Rabbbit Grin ORIGINAL.jpg"
"Rabbbit Grin version 2 back B&W.jpg",".jpg","282.4","False","Rabbbit Grin version 2","rabbbit-grin-version-2.html","Digitized Versions","True","Add to existing page","Filename suggests a view/turnaround or part-specific image.","D:\github\ron-english-sketches-and-drawings\images\Sketches\grins\Rabbbit Grin version 2 back B&W.jpg"
"Rabbbit Grin version 2 back COLOR.jpg",".jpg","380.6","False","Rabbbit Grin version 2","rabbbit-grin-version-2.html","Digitized Versions","True","Add to existing page","Filename suggests a view/turnaround or part-specific image.","D:\github\ron-english-sketches-and-drawings\images\Sketches\grins\Rabbbit Grin version 2 back COLOR.jpg"
"Rabbbit Grin version 2 back ORIGINAL.jpg",".jpg","71.6","True","Rabbbit Grin version 2","rabbbit-grin-version-2.html","Original Drawing","True","Add to existing page","Filename suggests a view/turnaround or part-specific image.","D:\github\ron-english-sketches-and-drawings\images\Sketches\grins\Rabbbit Grin version 2 back ORIGINAL.jpg"
"Rabbbit Grin version 2 front B&W.jpg",".jpg","121.3","True","Rabbbit Grin version 2","rabbbit-grin-version-2.html","Digitized Versions","True","Add to existing page","Filename suggests a view/turnaround or part-specific image.","D:\github\ron-english-sketches-and-drawings\images\Sketches\grins\Rabbbit Grin version 2 front B&W.jpg"
"Rabbbit Grin version 2 front COLOR.jpg",".jpg","825.7","True","Rabbbit Grin version 2","rabbbit-grin-version-2.html","Digitized Versions","True","Add to existing page","Filename suggests a view/turnaround or part-specific image.","D:\github\ron-english-sketches-and-drawings\images\Sketches\grins\Rabbbit Grin version 2 front COLOR.jpg"
"Rabbbit Grin version 2 front ORIGINAL.jpg",".jpg","160.7","True","Rabbbit Grin version 2","rabbbit-grin-version-2.html","Original Drawing","True","Add to existing page","Filename suggests a view/turnaround or part-specific image.","D:\github\ron-english-sketches-and-drawings\images\Sketches\grins\Rabbbit Grin version 2 front ORIGINAL.jpg"
"Rabbbit Grin version 2 three quarters B&W.jpg",".jpg","366.5","False","Rabbbit Grin version 2","rabbbit-grin-version-2.html","Digitized Versions","True","Add to existing page","Filename suggests a view/turnaround or part-specific image.","D:\github\ron-english-sketches-and-drawings\images\Sketches\grins\Rabbbit Grin version 2 three quarters B&W.jpg"
"Rabbbit Grin version 2 three quarters COLOR.jpg",".jpg","154.2","True","Rabbbit Grin version 2","rabbbit-grin-version-2.html","Digitized Versions","True","Add to existing page","Filename suggests a view/turnaround or part-specific image.","D:\github\ron-english-sketches-and-drawings\images\Sketches\grins\Rabbbit Grin version 2 three quarters COLOR.jpg"
"Rabbbit Grin version 2 three quarters ORIGINAL.jpg",".jpg","98.1","True","Rabbbit Grin version 2","rabbbit-grin-version-2.html","Original Drawing","True","Add to existing page","Filename suggests a view/turnaround or part-specific image.","D:\github\ron-english-sketches-and-drawings\images\Sketches\grins\Rabbbit Grin version 2 three quarters ORIGINAL.jpg"
"Rabbbit Skull Grin B&W.jpg",".jpg","119.7","True","Rabbbit Skull Grin","rabbbit-skull-grin.html","Digitized Versions","True","Add to existing page","","D:\github\ron-english-sketches-and-drawings\images\Sketches\grins\Rabbbit Skull Grin B&W.jpg"
"Rabbbit Skull Grin COLOR.jpg",".jpg","279.5","False","Rabbbit Skull Grin","rabbbit-skull-grin.html","Digitized Versions","True","Add to existing page","","D:\github\ron-english-sketches-and-drawings\images\Sketches\grins\Rabbbit Skull Grin COLOR.jpg"
"Rabbbit Skull Grin ORIGINAL COLOR.jpg",".jpg","84.9","True","Rabbbit Skull Grin","rabbbit-skull-grin.html","Original Drawing","True","Add to existing page","Contains ORIGINAL COLOR: review whether original, color study, digitized version, or collector card.","D:\github\ron-english-sketches-and-drawings\images\Sketches\grins\Rabbbit Skull Grin ORIGINAL COLOR.jpg"
"Rabbbit Skull Grin ORIGINAL.jpg",".jpg","418.5","True","Rabbbit Skull Grin","rabbbit-skull-grin.html","Original Drawing","True","Add to existing page","","D:\github\ron-english-sketches-and-drawings\images\Sketches\grins\Rabbbit Skull Grin ORIGINAL.jpg"
"Rabbbit with Fangs side B&W.jpg",".jpg","278.4","False","Rabbbit with Fangs","rabbbit-with-fangs.html","Digitized Versions","True","Add to existing page","Filename suggests a view/turnaround or part-specific image.","D:\github\ron-english-sketches-and-drawings\images\Sketches\grins\Rabbbit with Fangs side B&W.jpg"
"Rabbbit with Fangs side COLOR.jpg",".jpg","185.9","True","Rabbbit with Fangs","rabbbit-with-fangs.html","Digitized Versions","True","Add to existing page","Filename suggests a view/turnaround or part-specific image.","D:\github\ron-english-sketches-and-drawings\images\Sketches\grins\Rabbbit with Fangs side COLOR.jpg"
"Rabbbit with Fangs side ORIGINAL.jpg",".jpg","79.3","True","Rabbbit with Fangs","rabbbit-with-fangs.html","Original Drawing","True","Add to existing page","Filename suggests a view/turnaround or part-specific image.","D:\github\ron-english-sketches-and-drawings\images\Sketches\grins\Rabbbit with Fangs side ORIGINAL.jpg"
"Rabbit Grin 2 B&W.jpg",".jpg","429.8","False","Rabbit Grin 2","rabbit-grin-2.html","Digitized Versions","True","Add to existing page","","D:\github\ron-english-sketches-and-drawings\images\Sketches\grins\Rabbit Grin 2 B&W.jpg"
"Rabbit Grin 2 COLOR.jpg",".jpg","142.3","True","Rabbit Grin 2","rabbit-grin-2.html","Digitized Versions","True","Add to existing page","","D:\github\ron-english-sketches-and-drawings\images\Sketches\grins\Rabbit Grin 2 COLOR.jpg"
"Rabbit Grin 2 ORIGINAL.jpg",".jpg","171.1","True","Rabbit Grin 2","rabbit-grin-2.html","Original Drawing","True","Add to existing page","","D:\github\ron-english-sketches-and-drawings\images\Sketches\grins\Rabbit Grin 2 ORIGINAL.jpg"
"Rabbit Grin B&W.jpg",".jpg","346.6","False","Rabbit Grin","rabbit-grin.html","Digitized Versions","True","Add to existing page","","D:\github\ron-english-sketches-and-drawings\images\Sketches\grins\Rabbit Grin B&W.jpg"
"Rabbit Grin COLOR.jpg",".jpg","295.1","False","Rabbit Grin","rabbit-grin.html","Digitized Versions","True","Add to existing page","","D:\github\ron-english-sketches-and-drawings\images\Sketches\grins\Rabbit Grin COLOR.jpg"
"Rabbit Grin ORIGINAL.jpg",".jpg","262","True","Rabbit Grin","rabbit-grin.html","Original Drawing","True","Add to existing page","","D:\github\ron-english-sketches-and-drawings\images\Sketches\grins\Rabbit Grin ORIGINAL.jpg"
"Ramones Grin 1 ORIGINAL.jpg",".jpg","164.4","True","Ramones Grin 1","ramones-grin-1.html","Original Drawing","True","Add to existing page","","D:\github\ron-english-sketches-and-drawings\images\Sketches\grins\Ramones Grin 1 ORIGINAL.jpg"
"Ramones Grin 2 ORIGINAL.jpg",".jpg","163.4","True","Ramones Grin 2","ramones-grin-2.html","Original Drawing","True","Add to existing page","","D:\github\ron-english-sketches-and-drawings\images\Sketches\grins\Ramones Grin 2 ORIGINAL.jpg"
"Ramones Grin 3 ORIGINAL.jpg",".jpg","47.6","True","Ramones Grin 3","ramones-grin-3.html","Original Drawing","True","Add to existing page","","D:\github\ron-english-sketches-and-drawings\images\Sketches\grins\Ramones Grin 3 ORIGINAL.jpg"
"Ramones Grin 4 ORIGINAL.jpg",".jpg","340.9","True","Ramones Grin 4","ramones-grin-4.html","Original Drawing","True","Add to existing page","","D:\github\ron-english-sketches-and-drawings\images\Sketches\grins\Ramones Grin 4 ORIGINAL.jpg"
"Ramones Grin 5 ORIGINAL.jpg",".jpg","152.5","True","Ramones Grin 5","ramones-grin-5.html","Original Drawing","True","Add to existing page","","D:\github\ron-english-sketches-and-drawings\images\Sketches\grins\Ramones Grin 5 ORIGINAL.jpg"
"Richie Grin COLOR.jpg",".jpg","494.2","False","Richie Grin","richie-grin.html","Digitized Versions","True","Add to existing page","","D:\github\ron-english-sketches-and-drawings\images\Sketches\grins\Richie Grin COLOR.jpg"
"Richie Grin ORIGINAL COLOR 2.jpg",".jpg","133.1","False","Richie Grin","richie-grin.html","Original Drawing","True","Add to existing page","Contains ORIGINAL COLOR: review whether original, color study, digitized version, or collector card.","D:\github\ron-english-sketches-and-drawings\images\Sketches\grins\Richie Grin ORIGINAL COLOR 2.jpg"
"Richie Grin ORIGINAL COLOR.jpg",".jpg","215.6","True","Richie Grin","richie-grin.html","Original Drawing","True","Add to existing page","Contains ORIGINAL COLOR: review whether original, color study, digitized version, or collector card.","D:\github\ron-english-sketches-and-drawings\images\Sketches\grins\Richie Grin ORIGINAL COLOR.jpg"
"Richie Grin ORIGINAL.jpg",".jpg","102.7","True","Richie Grin","richie-grin.html","Original Drawing","True","Add to existing page","","D:\github\ron-english-sketches-and-drawings\images\Sketches\grins\Richie Grin ORIGINAL.jpg"
"Ring Racer 1 ORIGINAL COLOR.png",".png","328.6","False","Ring Racer 1","ring-racer-1.html","Original Drawing","False","Likely create new page","Contains ORIGINAL COLOR: review whether original, color study, digitized version, or collector card.","D:\github\ron-english-sketches-and-drawings\images\Sketches\grins\Ring Racer 1 ORIGINAL COLOR.png"
"Ring Racer 2 ORIGINAL COLOR.png",".png","347.7","False","Ring Racer 2","ring-racer-2.html","Original Drawing","False","Likely create new page","Contains ORIGINAL COLOR: review whether original, color study, digitized version, or collector card.","D:\github\ron-english-sketches-and-drawings\images\Sketches\grins\Ring Racer 2 ORIGINAL COLOR.png"
"Ring Racer 3 ORIGINAL COLOR.jpg",".jpg","333.6","False","Ring Racer 3","ring-racer-3.html","Original Drawing","False","Likely create new page","Contains ORIGINAL COLOR: review whether original, color study, digitized version, or collector card.","D:\github\ron-english-sketches-and-drawings\images\Sketches\grins\Ring Racer 3 ORIGINAL COLOR.jpg"
"Ring Racer 4 ORIGINAL COLOR.jpg",".jpg","342.8","False","Ring Racer 4","ring-racer-4.html","Original Drawing","False","Likely create new page","Contains ORIGINAL COLOR: review whether original, color study, digitized version, or collector card.","D:\github\ron-english-sketches-and-drawings\images\Sketches\grins\Ring Racer 4 ORIGINAL COLOR.jpg"
"Ring Racer 5 ORIGINAL COLOR.jpg",".jpg","217.1","False","Ring Racer 5","ring-racer-5.html","Original Drawing","False","Likely create new page","Contains ORIGINAL COLOR: review whether original, color study, digitized version, or collector card.","D:\github\ron-english-sketches-and-drawings\images\Sketches\grins\Ring Racer 5 ORIGINAL COLOR.jpg"
"Ring Racer 5 ORIGINAL COLOR.png",".png","352","False","Ring Racer 5","ring-racer-5.html","Original Drawing","False","Likely create new page","Contains ORIGINAL COLOR: review whether original, color study, digitized version, or collector card.","D:\github\ron-english-sketches-and-drawings\images\Sketches\grins\Ring Racer 5 ORIGINAL COLOR.png"
"Ring Racer 6 ORIGINAL COLOR.png",".png","347.6","False","Ring Racer 6","ring-racer-6.html","Original Drawing","False","Likely create new page","Contains ORIGINAL COLOR: review whether original, color study, digitized version, or collector card.","D:\github\ron-english-sketches-and-drawings\images\Sketches\grins\Ring Racer 6 ORIGINAL COLOR.png"
"Ring Racer 7 ORIGINAL COLOR.png",".png","347.2","False","Ring Racer 7","ring-racer-7.html","Original Drawing","False","Likely create new page","Contains ORIGINAL COLOR: review whether original, color study, digitized version, or collector card.","D:\github\ron-english-sketches-and-drawings\images\Sketches\grins\Ring Racer 7 ORIGINAL COLOR.png"
"Ring Racer 8 ORIGINAL COLOR.png",".png","333.2","False","Ring Racer 8","ring-racer-8.html","Original Drawing","False","Likely create new page","Contains ORIGINAL COLOR: review whether original, color study, digitized version, or collector card.","D:\github\ron-english-sketches-and-drawings\images\Sketches\grins\Ring Racer 8 ORIGINAL COLOR.png"
"Ring Racer 9 ORIGINAL COLOR.png",".png","323.8","False","Ring Racer 9","ring-racer-9.html","Original Drawing","False","Likely create new page","Contains ORIGINAL COLOR: review whether original, color study, digitized version, or collector card.","D:\github\ron-english-sketches-and-drawings\images\Sketches\grins\Ring Racer 9 ORIGINAL COLOR.png"
"Ring Racer ORIGINAL COLOR.1.jpg",".jpg","230.9","False","Ring Racer ORIGINAL COLOR.1","ring-racer-original-color-1.html","Original Drawing","False","Likely create new page","Contains ORIGINAL COLOR: review whether original, color study, digitized version, or collector card.","D:\github\ron-english-sketches-and-drawings\images\Sketches\grins\Ring Racer ORIGINAL COLOR.1.jpg"
"Ring Racer ORIGINAL COLOR.jpg",".jpg","466.7","False","Ring Racer","ring-racer.html","Original Drawing","False","Likely create new page","Contains ORIGINAL COLOR: review whether original, color study, digitized version, or collector card.","D:\github\ron-english-sketches-and-drawings\images\Sketches\grins\Ring Racer ORIGINAL COLOR.jpg"
"Robbie Spray Grin B&W.jpg",".jpg","447.3","False","Robbie Spray Grin","robbie-spray-grin.html","Digitized Versions","True","Add to existing page","","D:\github\ron-english-sketches-and-drawings\images\Sketches\grins\Robbie Spray Grin B&W.jpg"
"Robbie Spray Grin COLOR.jpg",".jpg","157.2","True","Robbie Spray Grin","robbie-spray-grin.html","Digitized Versions","True","Add to existing page","","D:\github\ron-english-sketches-and-drawings\images\Sketches\grins\Robbie Spray Grin COLOR.jpg"
"Robbie Spray Grin ORIGINAL.jpg",".jpg","136.4","False","Robbie Spray Grin","robbie-spray-grin.html","Original Drawing","True","Add to existing page","","D:\github\ron-english-sketches-and-drawings\images\Sketches\grins\Robbie Spray Grin ORIGINAL.jpg"
"Robbie Spray Grin.jpg",".jpg","483.7","True","Robbie Spray Grin","robbie-spray-grin.html","Digitized Versions","True","Add to existing page","","D:\github\ron-english-sketches-and-drawings\images\Sketches\grins\Robbie Spray Grin.jpg"
"Robby Robot Grin B&W.jpg",".jpg","169.5","True","Robby Robot Grin","robby-robot-grin.html","Digitized Versions","True","Add to existing page","","D:\github\ron-english-sketches-and-drawings\images\Sketches\grins\Robby Robot Grin B&W.jpg"
"Robby Robot Grin COLOR.jpg",".jpg","318.6","False","Robby Robot Grin","robby-robot-grin.html","Digitized Versions","True","Add to existing page","","D:\github\ron-english-sketches-and-drawings\images\Sketches\grins\Robby Robot Grin COLOR.jpg"
"Robby Robot Grin ORIGINAL.jpg",".jpg","331.6","True","Robby Robot Grin","robby-robot-grin.html","Original Drawing","True","Add to existing page","","D:\github\ron-english-sketches-and-drawings\images\Sketches\grins\Robby Robot Grin ORIGINAL.jpg"
"Ron Fink Grin B&W.jpg",".jpg","270.3","True","Ron Fink Grin","ron-fink-grin.html","Digitized Versions","True","Add to existing page","","D:\github\ron-english-sketches-and-drawings\images\Sketches\grins\Ron Fink Grin B&W.jpg"
"Ron Fink Grin COLOR.jpg",".jpg","144.3","True","Ron Fink Grin","ron-fink-grin.html","Digitized Versions","True","Add to existing page","","D:\github\ron-english-sketches-and-drawings\images\Sketches\grins\Ron Fink Grin COLOR.jpg"
"Ron Fink Grin ORIGINAL (2).jpg",".jpg","199","True","Ron Fink Grin","ron-fink-grin.html","Original Drawing","True","Add to existing page","","D:\github\ron-english-sketches-and-drawings\images\Sketches\grins\Ron Fink Grin ORIGINAL (2).jpg"
"Ron Fink Grin ORIGINAL.jpg",".jpg","109.8","True","Ron Fink Grin","ron-fink-grin.html","Original Drawing","True","Add to existing page","","D:\github\ron-english-sketches-and-drawings\images\Sketches\grins\Ron Fink Grin ORIGINAL.jpg"
"Ron Grin Face Icon ORIGINAL COLOR.jpg",".jpg","194.2","False","Ron Grin Face Icon","ron-grin-face-icon.html","Original Drawing","False","Likely create new page","Contains ORIGINAL COLOR: review whether original, color study, digitized version, or collector card. Filename suggests a view/turnaround or part-specific image.","D:\github\ron-english-sketches-and-drawings\images\Sketches\grins\Ron Grin Face Icon ORIGINAL COLOR.jpg"
"Rosie Jetson Grin B&W.jpg",".jpg","479.6","False","Rosie Jetson Grin","rosie-jetson-grin.html","Digitized Versions","True","Add to existing page","","D:\github\ron-english-sketches-and-drawings\images\Sketches\grins\Rosie Jetson Grin B&W.jpg"
"Rosie Jetson Grin COLOR.jpg",".jpg","377.8","False","Rosie Jetson Grin","rosie-jetson-grin.html","Digitized Versions","True","Add to existing page","","D:\github\ron-english-sketches-and-drawings\images\Sketches\grins\Rosie Jetson Grin COLOR.jpg"
"Rosie Jetson Grin ORIGINAL.jpg",".jpg","289.3","True","Rosie Jetson Grin","rosie-jetson-grin.html","Original Drawing","True","Add to existing page","","D:\github\ron-english-sketches-and-drawings\images\Sketches\grins\Rosie Jetson Grin ORIGINAL.jpg"
"Rugrat Grin B&W.jpg",".jpg","306.8","False","Rugrat Grin","rugrat-grin.html","Digitized Versions","True","Add to existing page","","D:\github\ron-english-sketches-and-drawings\images\Sketches\grins\Rugrat Grin B&W.jpg"
"Rugrat Grin COLOR.jpg",".jpg","529.4","False","Rugrat Grin","rugrat-grin.html","Digitized Versions","True","Add to existing page","","D:\github\ron-english-sketches-and-drawings\images\Sketches\grins\Rugrat Grin COLOR.jpg"
"Rugrat Grin ORIGINAL.jpg",".jpg","352.1","True","Rugrat Grin","rugrat-grin.html","Original Drawing","True","Add to existing page","","D:\github\ron-english-sketches-and-drawings\images\Sketches\grins\Rugrat Grin ORIGINAL.jpg"
"Santa Cruz Hand Grin B&W.jpg",".jpg","332.1","False","Santa Cruz Hand Grin","santa-cruz-hand-grin.html","Digitized Versions","True","Add to existing page","","D:\github\ron-english-sketches-and-drawings\images\Sketches\grins\Santa Cruz Hand Grin B&W.jpg"
"Santa Cruz Hand Grin ORIGINAL.jpg",".jpg","155.8","True","Santa Cruz Hand Grin","santa-cruz-hand-grin.html","Original Drawing","True","Add to existing page","","D:\github\ron-english-sketches-and-drawings\images\Sketches\grins\Santa Cruz Hand Grin ORIGINAL.jpg"
"Santa Grin 1 B&W.jpg",".jpg","466.7","False","Santa Grin 1","santa-grin-1.html","Digitized Versions","True","Add to existing page","","D:\github\ron-english-sketches-and-drawings\images\Sketches\grins\Santa Grin 1 B&W.jpg"
"Santa Grin 1 COLOR.jpg",".jpg","195.4","True","Santa Grin 1","santa-grin-1.html","Digitized Versions","True","Add to existing page","","D:\github\ron-english-sketches-and-drawings\images\Sketches\grins\Santa Grin 1 COLOR.jpg"
"Santa Grin 1 ORIGINAL COLOR.jpg",".jpg","168.1","False","Santa Grin 1","santa-grin-1.html","Original Drawing","True","Add to existing page","Contains ORIGINAL COLOR: review whether original, color study, digitized version, or collector card.","D:\github\ron-english-sketches-and-drawings\images\Sketches\grins\Santa Grin 1 ORIGINAL COLOR.jpg"
"Santa Grin 1 ORIGINAL.jpg",".jpg","312.9","True","Santa Grin 1","santa-grin-1.html","Original Drawing","True","Add to existing page","","D:\github\ron-english-sketches-and-drawings\images\Sketches\grins\Santa Grin 1 ORIGINAL.jpg"
"Santa Grin 2 B&W.jpg",".jpg","444.2","False","Santa Grin 2","santa-grin-2.html","Digitized Versions","True","Add to existing page","","D:\github\ron-english-sketches-and-drawings\images\Sketches\grins\Santa Grin 2 B&W.jpg"
"Santa Grin 2 card.png",".png","228.4","True","Santa Grin 2","santa-grin-2.html","Collector Cards","True","Add to existing page","Filename suggests collector card.","D:\github\ron-english-sketches-and-drawings\images\Sketches\grins\Santa Grin 2 card.png"
"Santa Grin 2 COLOR.jpg",".jpg","128.8","True","Santa Grin 2","santa-grin-2.html","Digitized Versions","True","Add to existing page","","D:\github\ron-english-sketches-and-drawings\images\Sketches\grins\Santa Grin 2 COLOR.jpg"
"Santa Grin 2 ORIGINAL COLOR.jpg",".jpg","71.6","True","Santa Grin 2","santa-grin-2.html","Original Drawing","True","Add to existing page","Contains ORIGINAL COLOR: review whether original, color study, digitized version, or collector card.","D:\github\ron-english-sketches-and-drawings\images\Sketches\grins\Santa Grin 2 ORIGINAL COLOR.jpg"
"Santa Grin 3 B&W.jpg",".jpg","358.7","False","Santa Grin 3","santa-grin-3.html","Digitized Versions","True","Add to existing page","","D:\github\ron-english-sketches-and-drawings\images\Sketches\grins\Santa Grin 3 B&W.jpg"
"Santa Grin 3 COLOR.jpg",".jpg","276.6","False","Santa Grin 3","santa-grin-3.html","Digitized Versions","True","Add to existing page","","D:\github\ron-english-sketches-and-drawings\images\Sketches\grins\Santa Grin 3 COLOR.jpg"
"Santa Grin 3 ORIGINAL.jpg",".jpg","167.6","True","Santa Grin 3","santa-grin-3.html","Original Drawing","True","Add to existing page","","D:\github\ron-english-sketches-and-drawings\images\Sketches\grins\Santa Grin 3 ORIGINAL.jpg"
"Scooby Doo Grin B&W.jpg",".jpg","335.2","False","Scooby Doo Grin","scooby-doo-grin.html","Digitized Versions","True","Add to existing page","","D:\github\ron-english-sketches-and-drawings\images\Sketches\grins\Scooby Doo Grin B&W.jpg"
"Scooby Doo Grin COLOR.jpg",".jpg","298.3","False","Scooby Doo Grin","scooby-doo-grin.html","Digitized Versions","True","Add to existing page","","D:\github\ron-english-sketches-and-drawings\images\Sketches\grins\Scooby Doo Grin COLOR.jpg"
"Scooby Doo Grin ORIGINAL.jpg",".jpg","181.9","True","Scooby Doo Grin","scooby-doo-grin.html","Original Drawing","True","Add to existing page","","D:\github\ron-english-sketches-and-drawings\images\Sketches\grins\Scooby Doo Grin ORIGINAL.jpg"
"Scream Grin B&W.jpg",".jpg","339.9","False","Scream Grin","scream-grin.html","Digitized Versions","True","Add to existing page","","D:\github\ron-english-sketches-and-drawings\images\Sketches\grins\Scream Grin B&W.jpg"
"Scream Grin COLOR.jpg",".jpg","212.6","True","Scream Grin","scream-grin.html","Digitized Versions","True","Add to existing page","","D:\github\ron-english-sketches-and-drawings\images\Sketches\grins\Scream Grin COLOR.jpg"
"Scream Grin ORIGINAL.jpg",".jpg","215.8","True","Scream Grin","scream-grin.html","Original Drawing","True","Add to existing page","","D:\github\ron-english-sketches-and-drawings\images\Sketches\grins\Scream Grin ORIGINAL.jpg"
"Sever Fairy Landshark Grin (Mickey Fin) B&W.png",".png","62.2","False","Sever Fairy Landshark Grin (Mickey Fin)","sever-fairy-landshark-grin-mickey-fin.html","Digitized Versions","True","Add to existing page","","D:\github\ron-english-sketches-and-drawings\images\Sketches\grins\Sever Fairy Landshark Grin (Mickey Fin) B&W.png"
"Sever Fairy Landshark Grin (Mickey Fin) COLOR.jpg",".jpg","176.4","True","Sever Fairy Landshark Grin (Mickey Fin)","sever-fairy-landshark-grin-mickey-fin.html","Digitized Versions","True","Add to existing page","","D:\github\ron-english-sketches-and-drawings\images\Sketches\grins\Sever Fairy Landshark Grin (Mickey Fin) COLOR.jpg"
"Sever Fairy Landshark Grin (Mickey Fin) ORIGINAL.jpg",".jpg","169","True","Sever Fairy Landshark Grin (Mickey Fin)","sever-fairy-landshark-grin-mickey-fin.html","Original Drawing","True","Add to existing page","","D:\github\ron-english-sketches-and-drawings\images\Sketches\grins\Sever Fairy Landshark Grin (Mickey Fin) ORIGINAL.jpg"
"Sever Fairy Landshark Grin Front (Mickey Fin) COLOR.png",".png","203","False","Sever Fairy Landshark Grin Front (Mickey Fin)","sever-fairy-landshark-grin-front-mickey-fin.html","Digitized Versions","True","Add to existing page","Filename suggests a view/turnaround or part-specific image.","D:\github\ron-english-sketches-and-drawings\images\Sketches\grins\Sever Fairy Landshark Grin Front (Mickey Fin) COLOR.png"
"Sever Fairy Landshark Grin Front (Mickey Fin) ORIGINAL.jpg",".jpg","75.6","True","Sever Fairy Landshark Grin Front (Mickey Fin)","sever-fairy-landshark-grin-front-mickey-fin.html","Original Drawing","True","Add to existing page","Filename suggests a view/turnaround or part-specific image.","D:\github\ron-english-sketches-and-drawings\images\Sketches\grins\Sever Fairy Landshark Grin Front (Mickey Fin) ORIGINAL.jpg"
"Sever Fairy Landshark Grin ORIGINAL COLOR.jpg",".jpg","70.2","True","Sever Fairy Landshark Grin","sever-fairy-landshark-grin.html","Original Drawing","True","Add to existing page","Contains ORIGINAL COLOR: review whether original, color study, digitized version, or collector card.","D:\github\ron-english-sketches-and-drawings\images\Sketches\grins\Sever Fairy Landshark Grin ORIGINAL COLOR.jpg"
"Sever Fairy Landshark Grin three quarters COLOR.jpg",".jpg","187.6","True","Sever Fairy Landshark Grin","sever-fairy-landshark-grin.html","Digitized Versions","True","Add to existing page","Filename suggests a view/turnaround or part-specific image.","D:\github\ron-english-sketches-and-drawings\images\Sketches\grins\Sever Fairy Landshark Grin three quarters COLOR.jpg"
"Sever Fairy Landshark Grin three quarters ORIGINAL.jpg",".jpg","216.7","True","Sever Fairy Landshark Grin","sever-fairy-landshark-grin.html","Original Drawing","True","Add to existing page","Filename suggests a view/turnaround or part-specific image.","D:\github\ron-english-sketches-and-drawings\images\Sketches\grins\Sever Fairy Landshark Grin three quarters ORIGINAL.jpg"
"Sever Fairy Landshark Grin three quarters png.jpg",".jpg","330.6","False","Sever Fairy Landshark Grin three quarters png","sever-fairy-landshark-grin-three-quarters-png.html","Digitized Versions","False","Likely create new page","Filename suggests a view/turnaround or part-specific image.","D:\github\ron-english-sketches-and-drawings\images\Sketches\grins\Sever Fairy Landshark Grin three quarters png.jpg"
"Shark Grin B&W.jpg",".jpg","358.1","False","Shark Grin","shark-grin.html","Digitized Versions","True","Add to existing page","","D:\github\ron-english-sketches-and-drawings\images\Sketches\grins\Shark Grin B&W.jpg"
"Shark Grin COLOR.jpg",".jpg","51.3","True","Shark Grin","shark-grin.html","Digitized Versions","True","Add to existing page","","D:\github\ron-english-sketches-and-drawings\images\Sketches\grins\Shark Grin COLOR.jpg"
"Shark Grin Hotrod B&W.jpg",".jpg","172.1","True","Shark Grin Hotrod","shark-grin-hotrod.html","Digitized Versions","True","Add to existing page","","D:\github\ron-english-sketches-and-drawings\images\Sketches\grins\Shark Grin Hotrod B&W.jpg"
"Shark Grin Hotrod COLOR.jpg",".jpg","224","False","Shark Grin Hotrod","shark-grin-hotrod.html","Digitized Versions","True","Add to existing page","","D:\github\ron-english-sketches-and-drawings\images\Sketches\grins\Shark Grin Hotrod COLOR.jpg"
"Shark Grin Hotrod ORIGINAL.jpg",".jpg","100.1","True","Shark Grin Hotrod","shark-grin-hotrod.html","Original Drawing","True","Add to existing page","","D:\github\ron-english-sketches-and-drawings\images\Sketches\grins\Shark Grin Hotrod ORIGINAL.jpg"
"Shark Grin ORIGINAL COLOR.jpg",".jpg","203.7","True","Shark Grin","shark-grin.html","Original Drawing","True","Add to existing page","Contains ORIGINAL COLOR: review whether original, color study, digitized version, or collector card.","D:\github\ron-english-sketches-and-drawings\images\Sketches\grins\Shark Grin ORIGINAL COLOR.jpg"
"Shark Grin ORIGINAL.jpg",".jpg","205.9","True","Shark Grin","shark-grin.html","Original Drawing","True","Add to existing page","","D:\github\ron-english-sketches-and-drawings\images\Sketches\grins\Shark Grin ORIGINAL.jpg"
"Shark Man Grin B&W.jpg",".jpg","59.3","False","Shark Man Grin","shark-man-grin.html","Digitized Versions","True","Add to existing page","","D:\github\ron-english-sketches-and-drawings\images\Sketches\grins\Shark Man Grin B&W.jpg"
"Shark Man Grin COLOR.jpg",".jpg","275.4","True","Shark Man Grin","shark-man-grin.html","Digitized Versions","True","Add to existing page","","D:\github\ron-english-sketches-and-drawings\images\Sketches\grins\Shark Man Grin COLOR.jpg"
"Shark Man Grin ORIGINAL.jpg",".jpg","119.6","True","Shark Man Grin","shark-man-grin.html","Original Drawing","True","Add to existing page","","D:\github\ron-english-sketches-and-drawings\images\Sketches\grins\Shark Man Grin ORIGINAL.jpg"
"Simpsons Family Grins 1 ORIGINAL.jpg",".jpg","97.8","True","Simpsons Family Grins 1","simpsons-family-grins-1.html","Original Drawing","True","Add to existing page","","D:\github\ron-english-sketches-and-drawings\images\Sketches\grins\Simpsons Family Grins 1 ORIGINAL.jpg"
"Simpsons Family Grins 2 ORIGINAL.jpg",".jpg","231.8","True","Simpsons Family Grins 2","simpsons-family-grins-2.html","Original Drawing","True","Add to existing page","","D:\github\ron-english-sketches-and-drawings\images\Sketches\grins\Simpsons Family Grins 2 ORIGINAL.jpg"
"Skeleton Grin front B&W.jpg",".jpg","481.8","False","Skeleton Grin","skeleton-grin.html","Digitized Versions","True","Add to existing page","Filename suggests a view/turnaround or part-specific image.","D:\github\ron-english-sketches-and-drawings\images\Sketches\grins\Skeleton Grin front B&W.jpg"
"Skeleton Grin front COLOR.jpg",".jpg","153.5","True","Skeleton Grin","skeleton-grin.html","Digitized Versions","True","Add to existing page","Filename suggests a view/turnaround or part-specific image.","D:\github\ron-english-sketches-and-drawings\images\Sketches\grins\Skeleton Grin front COLOR.jpg"
"Skeleton Grin front ORIGINAL.jpg",".jpg","97.3","True","Skeleton Grin","skeleton-grin.html","Original Drawing","True","Add to existing page","Filename suggests a view/turnaround or part-specific image.","D:\github\ron-english-sketches-and-drawings\images\Sketches\grins\Skeleton Grin front ORIGINAL.jpg"
"Skeleton Grin side B&W.jpg",".jpg","406.6","False","Skeleton Grin","skeleton-grin.html","Digitized Versions","True","Add to existing page","Filename suggests a view/turnaround or part-specific image.","D:\github\ron-english-sketches-and-drawings\images\Sketches\grins\Skeleton Grin side B&W.jpg"
"Skeleton Grin side COLOR.jpg",".jpg","129.7","True","Skeleton Grin","skeleton-grin.html","Digitized Versions","True","Add to existing page","Filename suggests a view/turnaround or part-specific image.","D:\github\ron-english-sketches-and-drawings\images\Sketches\grins\Skeleton Grin side COLOR.jpg"
"Skeleton Grin side ORIGINAL.jpg",".jpg","65.1","True","Skeleton Grin","skeleton-grin.html","Original Drawing","True","Add to existing page","Filename suggests a view/turnaround or part-specific image.","D:\github\ron-english-sketches-and-drawings\images\Sketches\grins\Skeleton Grin side ORIGINAL.jpg"
"Slo Moe Grin Portrait B&W.jpg",".jpg","64","False","Slo Moe Grin","slo-moe-grin.html","Digitized Versions","True","Add to existing page","","D:\github\ron-english-sketches-and-drawings\images\Sketches\grins\Slo Moe Grin Portrait B&W.jpg"
"Slo Moe Grin portrait closeup ORIGINAL.jpg",".jpg","76.2","True","Slo Moe Grin","slo-moe-grin.html","Original Drawing","True","Add to existing page","","D:\github\ron-english-sketches-and-drawings\images\Sketches\grins\Slo Moe Grin portrait closeup ORIGINAL.jpg"
"Slo Moe Grin Portrait COLOR.jpg",".jpg","185.8","True","Slo Moe Grin","slo-moe-grin.html","Digitized Versions","True","Add to existing page","","D:\github\ron-english-sketches-and-drawings\images\Sketches\grins\Slo Moe Grin Portrait COLOR.jpg"
"Slo Moe Grin portrait ORIGINAL.jpg",".jpg","285","True","Slo Moe Grin","slo-moe-grin.html","Original Drawing","True","Add to existing page","","D:\github\ron-english-sketches-and-drawings\images\Sketches\grins\Slo Moe Grin portrait ORIGINAL.jpg"
"Slow Moe Grin B&W.jpg",".jpg","364.8","False","Slow Moe Grin","slow-moe-grin.html","Digitized Versions","True","Add to existing page","","D:\github\ron-english-sketches-and-drawings\images\Sketches\grins\Slow Moe Grin B&W.jpg"
"Slow Moe Grin COLOR.jpg",".jpg","129.7","True","Slow Moe Grin","slow-moe-grin.html","Digitized Versions","True","Add to existing page","","D:\github\ron-english-sketches-and-drawings\images\Sketches\grins\Slow Moe Grin COLOR.jpg"
"Slushsquatch Grin B&W.jpg",".jpg","286","False","Slushsquatch Grin","slushsquatch-grin.html","Digitized Versions","True","Add to existing page","","D:\github\ron-english-sketches-and-drawings\images\Sketches\grins\Slushsquatch Grin B&W.jpg"
"Slushsquatch Grin COLOR.jpg",".jpg","402.7","False","Slushsquatch Grin","slushsquatch-grin.html","Digitized Versions","True","Add to existing page","","D:\github\ron-english-sketches-and-drawings\images\Sketches\grins\Slushsquatch Grin COLOR.jpg"
"Slushsquatch Grin ORIGINAL.jpg",".jpg","251.5","True","Slushsquatch Grin","slushsquatch-grin.html","Original Drawing","True","Add to existing page","","D:\github\ron-english-sketches-and-drawings\images\Sketches\grins\Slushsquatch Grin ORIGINAL.jpg"
"Smack, Crack, Pop Grin B&W.jpg",".jpg","468.7","False","Smack, Crack, Pop Grin","smack-crack-pop-grin.html","Digitized Versions","True","Add to existing page","","D:\github\ron-english-sketches-and-drawings\images\Sketches\grins\Smack, Crack, Pop Grin B&W.jpg"
"Smack, Crack, Pop Grin COLOR.jpg",".jpg","362.2","False","Smack, Crack, Pop Grin","smack-crack-pop-grin.html","Digitized Versions","True","Add to existing page","","D:\github\ron-english-sketches-and-drawings\images\Sketches\grins\Smack, Crack, Pop Grin COLOR.jpg"
"Smack, Crack, Pop Grin ORIGINAL.jpg",".jpg","117.7","True","Smack, Crack, Pop Grin","smack-crack-pop-grin.html","Original Drawing","True","Add to existing page","","D:\github\ron-english-sketches-and-drawings\images\Sketches\grins\Smack, Crack, Pop Grin ORIGINAL.jpg"
"Smiley Face Dog Grin Newcastle B&W.jpg",".jpg","387.5","False","Smiley Face Dog Grin Newcastle","smiley-face-dog-grin-newcastle.html","Digitized Versions","True","Add to existing page","Filename suggests a view/turnaround or part-specific image.","D:\github\ron-english-sketches-and-drawings\images\Sketches\grins\Smiley Face Dog Grin Newcastle B&W.jpg"
"Smiley Face Dog Grin Newcastle ORIGINAL.jpg",".jpg","52.3","True","Smiley Face Dog Grin Newcastle","smiley-face-dog-grin-newcastle.html","Original Drawing","True","Add to existing page","Filename suggests a view/turnaround or part-specific image.","D:\github\ron-english-sketches-and-drawings\images\Sketches\grins\Smiley Face Dog Grin Newcastle ORIGINAL.jpg"
"Smoking Grin B&W.jpg",".jpg","390","False","Smoking Grin","smoking-grin.html","Digitized Versions","True","Add to existing page","","D:\github\ron-english-sketches-and-drawings\images\Sketches\grins\Smoking Grin B&W.jpg"
"Smoking Grin COLOR 2.png",".png","476.6","True","Smoking Grin","smoking-grin.html","Digitized Versions","True","Add to existing page","","D:\github\ron-english-sketches-and-drawings\images\Sketches\grins\Smoking Grin COLOR 2.png"
"Smoking Grin COLOR.jpg",".jpg","407.5","False","Smoking Grin","smoking-grin.html","Digitized Versions","True","Add to existing page","","D:\github\ron-english-sketches-and-drawings\images\Sketches\grins\Smoking Grin COLOR.jpg"
"Smoking Grin ORIGINAL COLOR 2.jpg",".jpg","95.1","False","Smoking Grin","smoking-grin.html","Original Drawing","True","Add to existing page","Contains ORIGINAL COLOR: review whether original, color study, digitized version, or collector card.","D:\github\ron-english-sketches-and-drawings\images\Sketches\grins\Smoking Grin ORIGINAL COLOR 2.jpg"
"Smoking Grin ORIGINAL COLOR.1.jpg",".jpg","290.5","False","Smoking Grin ORIGINAL COLOR.1","smoking-grin-original-color-1.html","Original Drawing","False","Likely create new page","Contains ORIGINAL COLOR: review whether original, color study, digitized version, or collector card.","D:\github\ron-english-sketches-and-drawings\images\Sketches\grins\Smoking Grin ORIGINAL COLOR.1.jpg"
"Smoking Grin ORIGINAL COLOR.jpg",".jpg","222.6","False","Smoking Grin","smoking-grin.html","Original Drawing","True","Add to existing page","Contains ORIGINAL COLOR: review whether original, color study, digitized version, or collector card.","D:\github\ron-english-sketches-and-drawings\images\Sketches\grins\Smoking Grin ORIGINAL COLOR.jpg"
"Smoking Grin ORIGINAL.jpg",".jpg","308.6","True","Smoking Grin","smoking-grin.html","Original Drawing","True","Add to existing page","","D:\github\ron-english-sketches-and-drawings\images\Sketches\grins\Smoking Grin ORIGINAL.jpg"
"Smurf Grin B&W.jpg",".jpg","299.6","False","Smurf Grin","smurf-grin.html","Digitized Versions","True","Add to existing page","","D:\github\ron-english-sketches-and-drawings\images\Sketches\grins\Smurf Grin B&W.jpg"
"Smurf Grin COLOR.jpg",".jpg","504.9","False","Smurf Grin","smurf-grin.html","Digitized Versions","True","Add to existing page","","D:\github\ron-english-sketches-and-drawings\images\Sketches\grins\Smurf Grin COLOR.jpg"
"Smurf Grin ORIGINAL COLOR.jpg",".jpg","353.4","True","Smurf Grin","smurf-grin.html","Original Drawing","True","Add to existing page","Contains ORIGINAL COLOR: review whether original, color study, digitized version, or collector card.","D:\github\ron-english-sketches-and-drawings\images\Sketches\grins\Smurf Grin ORIGINAL COLOR.jpg"
"Smurf Grin ORIGINAL.jpg",".jpg","226","True","Smurf Grin","smurf-grin.html","Original Drawing","True","Add to existing page","","D:\github\ron-english-sketches-and-drawings\images\Sketches\grins\Smurf Grin ORIGINAL.jpg"
"Smurfette Grin B&W.jpg",".jpg","431.8","False","Smurfette Grin","smurfette-grin.html","Digitized Versions","True","Add to existing page","","D:\github\ron-english-sketches-and-drawings\images\Sketches\grins\Smurfette Grin B&W.jpg"
"Smurfette Grin COLOR.jpg",".jpg","353.2","True","Smurfette Grin","smurfette-grin.html","Digitized Versions","True","Add to existing page","","D:\github\ron-english-sketches-and-drawings\images\Sketches\grins\Smurfette Grin COLOR.jpg"
"Smurfette Grin ORIGINAL COLOR.jpg",".jpg","180.1","False","Smurfette Grin","smurfette-grin.html","Original Drawing","True","Add to existing page","Contains ORIGINAL COLOR: review whether original, color study, digitized version, or collector card.","D:\github\ron-english-sketches-and-drawings\images\Sketches\grins\Smurfette Grin ORIGINAL COLOR.jpg"
"Smurfette Grin ORIGINAL.jpg",".jpg","323.9","True","Smurfette Grin","smurfette-grin.html","Original Drawing","True","Add to existing page","","D:\github\ron-english-sketches-and-drawings\images\Sketches\grins\Smurfette Grin ORIGINAL.jpg"
"Snoopy Grin B&W.jpg",".jpg","263.6","False","Snoopy Grin","snoopy-grin.html","Digitized Versions","True","Add to existing page","","D:\github\ron-english-sketches-and-drawings\images\Sketches\grins\Snoopy Grin B&W.jpg"
"Snoopy Grin back B&W.jpg",".jpg","308.5","False","Snoopy Grin","snoopy-grin.html","Digitized Versions","True","Add to existing page","Filename suggests a view/turnaround or part-specific image.","D:\github\ron-english-sketches-and-drawings\images\Sketches\grins\Snoopy Grin back B&W.jpg"
"Snoopy Grin back COLOR.1.jpg",".jpg","398.2","False","Snoopy Grin back COLOR.1","snoopy-grin-back-color-1.html","Digitized Versions","False","Likely create new page","Filename suggests a view/turnaround or part-specific image.","D:\github\ron-english-sketches-and-drawings\images\Sketches\grins\Snoopy Grin back COLOR.1.jpg"
"Snoopy Grin back COLOR.jpg",".jpg","289.6","False","Snoopy Grin","snoopy-grin.html","Digitized Versions","True","Add to existing page","Filename suggests a view/turnaround or part-specific image.","D:\github\ron-english-sketches-and-drawings\images\Sketches\grins\Snoopy Grin back COLOR.jpg"
"Snoopy Grin back ORIGINAL.jpg",".jpg","141.2","True","Snoopy Grin","snoopy-grin.html","Original Drawing","True","Add to existing page","Filename suggests a view/turnaround or part-specific image.","D:\github\ron-english-sketches-and-drawings\images\Sketches\grins\Snoopy Grin back ORIGINAL.jpg"
"Snoopy Grin COLOR.jpg",".jpg","317","False","Snoopy Grin","snoopy-grin.html","Digitized Versions","True","Add to existing page","","D:\github\ron-english-sketches-and-drawings\images\Sketches\grins\Snoopy Grin COLOR.jpg"
"Snoopy Grin front B&W.jpg",".jpg","438.7","False","Snoopy Grin","snoopy-grin.html","Digitized Versions","True","Add to existing page","Filename suggests a view/turnaround or part-specific image.","D:\github\ron-english-sketches-and-drawings\images\Sketches\grins\Snoopy Grin front B&W.jpg"
"Snoopy Grin front COLOR.jpg",".jpg","149.2","True","Snoopy Grin","snoopy-grin.html","Digitized Versions","True","Add to existing page","Filename suggests a view/turnaround or part-specific image.","D:\github\ron-english-sketches-and-drawings\images\Sketches\grins\Snoopy Grin front COLOR.jpg"
"Snoopy Grin front ORIGINAL.jpg",".jpg","163.1","True","Snoopy Grin","snoopy-grin.html","Original Drawing","True","Add to existing page","Filename suggests a view/turnaround or part-specific image.","D:\github\ron-english-sketches-and-drawings\images\Sketches\grins\Snoopy Grin front ORIGINAL.jpg"
"Snoopy Grin ORIGINAL COLOR.jpg",".jpg","109.4","False","Snoopy Grin","snoopy-grin.html","Original Drawing","True","Add to existing page","Contains ORIGINAL COLOR: review whether original, color study, digitized version, or collector card.","D:\github\ron-english-sketches-and-drawings\images\Sketches\grins\Snoopy Grin ORIGINAL COLOR.jpg"
"Snoopy Grin ORIGINAL.jpg",".jpg","195","True","Snoopy Grin","snoopy-grin.html","Original Drawing","True","Add to existing page","","D:\github\ron-english-sketches-and-drawings\images\Sketches\grins\Snoopy Grin ORIGINAL.jpg"
"Snoopy Traditional Grin 2 ORIGINAL.jpg",".jpg","274.4","True","Snoopy Traditional Grin 2","snoopy-traditional-grin-2.html","Original Drawing","True","Add to existing page","","D:\github\ron-english-sketches-and-drawings\images\Sketches\grins\Snoopy Traditional Grin 2 ORIGINAL.jpg"
"Snoopy Traditional Grin B&W.jpg",".jpg","502.7","True","Snoopy Traditional Grin","snoopy-traditional-grin.html","Digitized Versions","True","Add to existing page","","D:\github\ron-english-sketches-and-drawings\images\Sketches\grins\Snoopy Traditional Grin B&W.jpg"
"Snoopy Traditional Grin COLOR.jpg",".jpg","154.9","True","Snoopy Traditional Grin","snoopy-traditional-grin.html","Digitized Versions","True","Add to existing page","","D:\github\ron-english-sketches-and-drawings\images\Sketches\grins\Snoopy Traditional Grin COLOR.jpg"
"Snoopy Traditional Grin ORIGINAL.jpg",".jpg","164.1","True","Snoopy Traditional Grin","snoopy-traditional-grin.html","Original Drawing","True","Add to existing page","","D:\github\ron-english-sketches-and-drawings\images\Sketches\grins\Snoopy Traditional Grin ORIGINAL.jpg"
"Soccer Ball Grin ORIGINAL COLOR.jpg",".jpg","256.4","True","Soccer Ball Grin","soccer-ball-grin.html","Original Drawing","True","Add to existing page","Contains ORIGINAL COLOR: review whether original, color study, digitized version, or collector card.","D:\github\ron-english-sketches-and-drawings\images\Sketches\grins\Soccer Ball Grin ORIGINAL COLOR.jpg"
"Sock Monkey Grin card.jpg",".jpg","145.1","True","Sock Monkey Grin","sock-monkey-grin.html","Collector Cards","True","Add to existing page","Filename suggests collector card.","D:\github\ron-english-sketches-and-drawings\images\Sketches\grins\Sock Monkey Grin card.jpg"
"Sock Monkey Grin COLOR.jpg",".jpg","339.5","False","Sock Monkey Grin","sock-monkey-grin.html","Digitized Versions","True","Add to existing page","","D:\github\ron-english-sketches-and-drawings\images\Sketches\grins\Sock Monkey Grin COLOR.jpg"
"Sock Monkey Grin ORIGINAL COLOR 1.jpg",".jpg","145.1","False","Sock Monkey Grin","sock-monkey-grin.html","Original Drawing","True","Add to existing page","Contains ORIGINAL COLOR: review whether original, color study, digitized version, or collector card.","D:\github\ron-english-sketches-and-drawings\images\Sketches\grins\Sock Monkey Grin ORIGINAL COLOR 1.jpg"
"Sock Monkey Grin ORIGINAL COLOR 2.jpg",".jpg","65.9","True","Sock Monkey Grin","sock-monkey-grin.html","Original Drawing","True","Add to existing page","Contains ORIGINAL COLOR: review whether original, color study, digitized version, or collector card.","D:\github\ron-english-sketches-and-drawings\images\Sketches\grins\Sock Monkey Grin ORIGINAL COLOR 2.jpg"
"Sock Monkey Grin ORIGINAL.jpg",".jpg","212.5","True","Sock Monkey Grin","sock-monkey-grin.html","Original Drawing","True","Add to existing page","","D:\github\ron-english-sketches-and-drawings\images\Sketches\grins\Sock Monkey Grin ORIGINAL.jpg"
"Sonic Grin B&W.jpg",".jpg","152.2","True","Sonic Grin","sonic-grin.html","Digitized Versions","True","Add to existing page","","D:\github\ron-english-sketches-and-drawings\images\Sketches\grins\Sonic Grin B&W.jpg"
"Sonic Grin COLOR.jpg",".jpg","328.6","False","Sonic Grin","sonic-grin.html","Digitized Versions","True","Add to existing page","","D:\github\ron-english-sketches-and-drawings\images\Sketches\grins\Sonic Grin COLOR.jpg"
"Sonic Grin ORIGINAL.jpg",".jpg","111.9","True","Sonic Grin","sonic-grin.html","Original Drawing","True","Add to existing page","","D:\github\ron-english-sketches-and-drawings\images\Sketches\grins\Sonic Grin ORIGINAL.jpg"
"Space Shark Grin front COLOR.jpg",".jpg","97","True","Space Shark Grin","space-shark-grin.html","Digitized Versions","True","Add to existing page","Filename suggests a view/turnaround or part-specific image.","D:\github\ron-english-sketches-and-drawings\images\Sketches\grins\Space Shark Grin front COLOR.jpg"
"Space Shark Grin ORIGINAL COLOR.jpg",".jpg","89.8","True","Space Shark Grin","space-shark-grin.html","Original Drawing","True","Add to existing page","Contains ORIGINAL COLOR: review whether original, color study, digitized version, or collector card.","D:\github\ron-english-sketches-and-drawings\images\Sketches\grins\Space Shark Grin ORIGINAL COLOR.jpg"
"Space Shark Grin ORIGINAL.jpg",".jpg","84.1","False","Space Shark Grin","space-shark-grin.html","Original Drawing","True","Add to existing page","","D:\github\ron-english-sketches-and-drawings\images\Sketches\grins\Space Shark Grin ORIGINAL.jpg"
"Spaz Grin ORIGINAL COLOR.jpg",".jpg","216.7","False","Spaz Grin","spaz-grin.html","Original Drawing","True","Add to existing page","Contains ORIGINAL COLOR: review whether original, color study, digitized version, or collector card.","D:\github\ron-english-sketches-and-drawings\images\Sketches\grins\Spaz Grin ORIGINAL COLOR.jpg"
"Spaz Grin ORIGINAL.jpg",".jpg","174.6","True","Spaz Grin","spaz-grin.html","Original Drawing","True","Add to existing page","","D:\github\ron-english-sketches-and-drawings\images\Sketches\grins\Spaz Grin ORIGINAL.jpg"
"Speak More Evil Grin B&W.jpg",".jpg","358.6","False","Speak More Evil Grin","speak-more-evil-grin.html","Digitized Versions","True","Add to existing page","","D:\github\ron-english-sketches-and-drawings\images\Sketches\grins\Speak More Evil Grin B&W.jpg"
"Speak More Evil Grin COLOR.jpg",".jpg","199.1","True","Speak More Evil Grin","speak-more-evil-grin.html","Digitized Versions","True","Add to existing page","","D:\github\ron-english-sketches-and-drawings\images\Sketches\grins\Speak More Evil Grin COLOR.jpg"
"Speak More Evil Grin ORIGINAL.jpg",".jpg","136.3","True","Speak More Evil Grin","speak-more-evil-grin.html","Original Drawing","True","Add to existing page","","D:\github\ron-english-sketches-and-drawings\images\Sketches\grins\Speak More Evil Grin ORIGINAL.jpg"
"Speak More Evil Grin side ORIGINAL.jpg",".jpg","119.9","True","Speak More Evil Grin","speak-more-evil-grin.html","Original Drawing","True","Add to existing page","Filename suggests a view/turnaround or part-specific image.","D:\github\ron-english-sketches-and-drawings\images\Sketches\grins\Speak More Evil Grin side ORIGINAL.jpg"
"Spitting Grin B&W.jpg",".jpg","248.8","False","Spitting Grin","spitting-grin.html","Digitized Versions","False","Likely create new page","","D:\github\ron-english-sketches-and-drawings\images\Sketches\grins\Spitting Grin B&W.jpg"
"Spitting Grin COLOR.jpg",".jpg","418.2","False","Spitting Grin","spitting-grin.html","Digitized Versions","False","Likely create new page","","D:\github\ron-english-sketches-and-drawings\images\Sketches\grins\Spitting Grin COLOR.jpg"
"Spongebob Grin B&W.jpg",".jpg","438.3","False","Spongebob Grin","spongebob-grin.html","Digitized Versions","True","Add to existing page","","D:\github\ron-english-sketches-and-drawings\images\Sketches\grins\Spongebob Grin B&W.jpg"
"Spongebob Grin COLOR.jpg",".jpg","203.2","True","Spongebob Grin","spongebob-grin.html","Digitized Versions","True","Add to existing page","","D:\github\ron-english-sketches-and-drawings\images\Sketches\grins\Spongebob Grin COLOR.jpg"
"Spongebob Grin in Waves B&W.jpg",".jpg","514.6","True","Spongebob Grin","spongebob-grin.html","Digitized Versions","True","Add to existing page","","D:\github\ron-english-sketches-and-drawings\images\Sketches\grins\Spongebob Grin in Waves B&W.jpg"
"Spongebob Grin in Waves COLOR.jpg",".jpg","247.6","True","Spongebob Grin","spongebob-grin.html","Digitized Versions","True","Add to existing page","","D:\github\ron-english-sketches-and-drawings\images\Sketches\grins\Spongebob Grin in Waves COLOR.jpg"
"Spongebob Grin in Waves ORIGINAL.jpg",".jpg","210.2","True","Spongebob Grin","spongebob-grin.html","Original Drawing","True","Add to existing page","","D:\github\ron-english-sketches-and-drawings\images\Sketches\grins\Spongebob Grin in Waves ORIGINAL.jpg"
"Spongebob Grin ORIGINAL COLOR.jpg",".jpg","79.8","False","Spongebob Grin","spongebob-grin.html","Original Drawing","True","Add to existing page","Contains ORIGINAL COLOR: review whether original, color study, digitized version, or collector card.","D:\github\ron-english-sketches-and-drawings\images\Sketches\grins\Spongebob Grin ORIGINAL COLOR.jpg"
"Spongebob Grin ORIGINAL.jpg",".jpg","470.3","True","Spongebob Grin","spongebob-grin.html","Original Drawing","True","Add to existing page","","D:\github\ron-english-sketches-and-drawings\images\Sketches\grins\Spongebob Grin ORIGINAL.jpg"
"Squirrel Squirt Grin B&W.jpg",".jpg","237.6","False","Squirrel Squirt Grin","squirrel-squirt-grin.html","Digitized Versions","True","Add to existing page","","D:\github\ron-english-sketches-and-drawings\images\Sketches\grins\Squirrel Squirt Grin B&W.jpg"
"Squirrel Squirt Grin COLOR.jpg",".jpg","185.3","True","Squirrel Squirt Grin","squirrel-squirt-grin.html","Digitized Versions","True","Add to existing page","","D:\github\ron-english-sketches-and-drawings\images\Sketches\grins\Squirrel Squirt Grin COLOR.jpg"
"squirrel squirt grin head - B&W - trace girl - png.jpg",".jpg","275.4","False","squirrel squirt grin head - B&W - trace girl - png","squirrel-squirt-grin-head-b-and-w-trace-girl-png.html","Digitized Versions","False","Likely create new page","Filename suggests a view/turnaround or part-specific image.","D:\github\ron-english-sketches-and-drawings\images\Sketches\grins\squirrel squirt grin head - B&W - trace girl - png.jpg"
"Squirrel Squirt Grin Head COLOR.jpg",".jpg","190","True","Squirrel Squirt Grin","squirrel-squirt-grin.html","Digitized Versions","True","Add to existing page","Filename suggests a view/turnaround or part-specific image.","D:\github\ron-english-sketches-and-drawings\images\Sketches\grins\Squirrel Squirt Grin Head COLOR.jpg"
"Squirrel Squirt Grin Head ORIGINAL.jpg",".jpg","91.4","True","Squirrel Squirt Grin","squirrel-squirt-grin.html","Original Drawing","True","Add to existing page","Filename suggests a view/turnaround or part-specific image.","D:\github\ron-english-sketches-and-drawings\images\Sketches\grins\Squirrel Squirt Grin Head ORIGINAL.jpg"
"Staples Pigeon Grin front B&W.jpg",".jpg","422.4","False","Staples Pigeon Grin","staples-pigeon-grin.html","Digitized Versions","True","Add to existing page","Filename suggests a view/turnaround or part-specific image.","D:\github\ron-english-sketches-and-drawings\images\Sketches\grins\Staples Pigeon Grin front B&W.jpg"
"Staples Pigeon Grin front COLOR.jpg",".jpg","507.4","False","Staples Pigeon Grin","staples-pigeon-grin.html","Digitized Versions","True","Add to existing page","Filename suggests a view/turnaround or part-specific image.","D:\github\ron-english-sketches-and-drawings\images\Sketches\grins\Staples Pigeon Grin front COLOR.jpg"
"Staples Pigeon Grin front ORIGINAL.jpg",".jpg","78.3","True","Staples Pigeon Grin","staples-pigeon-grin.html","Original Drawing","True","Add to existing page","Filename suggests a view/turnaround or part-specific image.","D:\github\ron-english-sketches-and-drawings\images\Sketches\grins\Staples Pigeon Grin front ORIGINAL.jpg"
"Staples Pigeon Grin side B&W.jpg",".jpg","456.9","False","Staples Pigeon Grin","staples-pigeon-grin.html","Digitized Versions","True","Add to existing page","Filename suggests a view/turnaround or part-specific image.","D:\github\ron-english-sketches-and-drawings\images\Sketches\grins\Staples Pigeon Grin side B&W.jpg"
"Staples Pigeon Grin side COLOR.jpg",".jpg","161.9","True","Staples Pigeon Grin","staples-pigeon-grin.html","Digitized Versions","True","Add to existing page","Filename suggests a view/turnaround or part-specific image.","D:\github\ron-english-sketches-and-drawings\images\Sketches\grins\Staples Pigeon Grin side COLOR.jpg"
"Staples Pigeon Grin side ORIGINAL.jpg",".jpg","81","True","Staples Pigeon Grin","staples-pigeon-grin.html","Original Drawing","True","Add to existing page","Filename suggests a view/turnaround or part-specific image.","D:\github\ron-english-sketches-and-drawings\images\Sketches\grins\Staples Pigeon Grin side ORIGINAL.jpg"
"Starskull Trooper Grin B&W.jpg",".jpg","437.4","False","Starskull Trooper Grin","starskull-trooper-grin.html","Digitized Versions","True","Add to existing page","","D:\github\ron-english-sketches-and-drawings\images\Sketches\grins\Starskull Trooper Grin B&W.jpg"
"Starskull Trooper Grin COLOR.jpg",".jpg","297.9","False","Starskull Trooper Grin","starskull-trooper-grin.html","Digitized Versions","True","Add to existing page","","D:\github\ron-english-sketches-and-drawings\images\Sketches\grins\Starskull Trooper Grin COLOR.jpg"
"Starskull Trooper Grin ORIGINAL.jpeg",".jpeg","274.8","True","Starskull Trooper Grin","starskull-trooper-grin.html","Original Drawing","True","Add to existing page","JPEG extension: verify exact extension is preserved.","D:\github\ron-english-sketches-and-drawings\images\Sketches\grins\Starskull Trooper Grin ORIGINAL.jpeg"
"Stewie Grin B&W.jpg",".jpg","326.5","False","Stewie Grin","stewie-grin.html","Digitized Versions","True","Add to existing page","","D:\github\ron-english-sketches-and-drawings\images\Sketches\grins\Stewie Grin B&W.jpg"
"Stewie Grin COLOR.jpg",".jpg","388.7","False","Stewie Grin","stewie-grin.html","Digitized Versions","True","Add to existing page","","D:\github\ron-english-sketches-and-drawings\images\Sketches\grins\Stewie Grin COLOR.jpg"
"Stewie Grin ORIGINAL.jpg",".jpg","86.8","True","Stewie Grin","stewie-grin.html","Original Drawing","True","Add to existing page","","D:\github\ron-english-sketches-and-drawings\images\Sketches\grins\Stewie Grin ORIGINAL.jpg"
"Stitch Grin B&W.jpg",".jpg","124.6","True","Stitch Grin","stitch-grin.html","Digitized Versions","True","Add to existing page","","D:\github\ron-english-sketches-and-drawings\images\Sketches\grins\Stitch Grin B&W.jpg"
"Stitch Grin COLOR.jpg",".jpg","444.7","False","Stitch Grin","stitch-grin.html","Digitized Versions","True","Add to existing page","","D:\github\ron-english-sketches-and-drawings\images\Sketches\grins\Stitch Grin COLOR.jpg"
"Stitch Grin ORIGINAL COLOR.jpg",".jpg","132","False","Stitch Grin","stitch-grin.html","Original Drawing","True","Add to existing page","Contains ORIGINAL COLOR: review whether original, color study, digitized version, or collector card.","D:\github\ron-english-sketches-and-drawings\images\Sketches\grins\Stitch Grin ORIGINAL COLOR.jpg"
"Stitch Grin ORIGINAL.jpg",".jpg","144.2","True","Stitch Grin","stitch-grin.html","Original Drawing","True","Add to existing page","","D:\github\ron-english-sketches-and-drawings\images\Sketches\grins\Stitch Grin ORIGINAL.jpg"
"Stormtrooper Grin B&W.jpg",".jpg","299.8","False","Stormtrooper Grin","stormtrooper-grin.html","Digitized Versions","True","Add to existing page","","D:\github\ron-english-sketches-and-drawings\images\Sketches\grins\Stormtrooper Grin B&W.jpg"
"Stormtrooper Grin COLOR.jpg",".jpg","449.7","False","Stormtrooper Grin","stormtrooper-grin.html","Digitized Versions","True","Add to existing page","","D:\github\ron-english-sketches-and-drawings\images\Sketches\grins\Stormtrooper Grin COLOR.jpg"
"Stormtrooper Grin ORIGINAL.jpg",".jpg","238.9","True","Stormtrooper Grin","stormtrooper-grin.html","Original Drawing","True","Add to existing page","","D:\github\ron-english-sketches-and-drawings\images\Sketches\grins\Stormtrooper Grin ORIGINAL.jpg"
"Street Fighter Guile Grin B&W.jpg",".jpg","134.2","True","Street Fighter Guile Grin","street-fighter-guile-grin.html","Digitized Versions","True","Add to existing page","","D:\github\ron-english-sketches-and-drawings\images\Sketches\grins\Street Fighter Guile Grin B&W.jpg"
"Street Fighter Guile Grin COLOR.jpg",".jpg","390.9","False","Street Fighter Guile Grin","street-fighter-guile-grin.html","Digitized Versions","True","Add to existing page","","D:\github\ron-english-sketches-and-drawings\images\Sketches\grins\Street Fighter Guile Grin COLOR.jpg"
"Street Fighter Guile Grin ORIGINAL.jpg",".jpg","643.7","True","Street Fighter Guile Grin","street-fighter-guile-grin.html","Original Drawing","True","Add to existing page","","D:\github\ron-english-sketches-and-drawings\images\Sketches\grins\Street Fighter Guile Grin ORIGINAL.jpg"
"Sugar Clown Grin B&W.jpg",".jpg","346.4","False","Sugar Clown Grin","sugar-clown-grin.html","Digitized Versions","True","Add to existing page","","D:\github\ron-english-sketches-and-drawings\images\Sketches\grins\Sugar Clown Grin B&W.jpg"
"Sugar Clown Grin back B&W.jpg",".jpg","440.6","False","Sugar Clown Grin","sugar-clown-grin.html","Digitized Versions","True","Add to existing page","Filename suggests a view/turnaround or part-specific image.","D:\github\ron-english-sketches-and-drawings\images\Sketches\grins\Sugar Clown Grin back B&W.jpg"
"Sugar Clown Grin back COLOR.jpg",".jpg","306.6","False","Sugar Clown Grin","sugar-clown-grin.html","Digitized Versions","True","Add to existing page","Filename suggests a view/turnaround or part-specific image.","D:\github\ron-english-sketches-and-drawings\images\Sketches\grins\Sugar Clown Grin back COLOR.jpg"
"Sugar Clown Grin back ORIGINAL.jpg",".jpg","263.1","True","Sugar Clown Grin","sugar-clown-grin.html","Original Drawing","True","Add to existing page","Filename suggests a view/turnaround or part-specific image.","D:\github\ron-english-sketches-and-drawings\images\Sketches\grins\Sugar Clown Grin back ORIGINAL.jpg"
"Sugar Clown Grin COLOR.jpg",".jpg","189.3","True","Sugar Clown Grin","sugar-clown-grin.html","Digitized Versions","True","Add to existing page","","D:\github\ron-english-sketches-and-drawings\images\Sketches\grins\Sugar Clown Grin COLOR.jpg"
"Sugar Clown Grin left side COLOR.jpg",".jpg","452.5","False","Sugar Clown Grin","sugar-clown-grin.html","Digitized Versions","True","Add to existing page","Filename suggests a view/turnaround or part-specific image.","D:\github\ron-english-sketches-and-drawings\images\Sketches\grins\Sugar Clown Grin left side COLOR.jpg"
"Sugar Clown Grin left side ORIGINAL.jpg",".jpg","300.5","True","Sugar Clown Grin","sugar-clown-grin.html","Original Drawing","True","Add to existing page","Filename suggests a view/turnaround or part-specific image.","D:\github\ron-english-sketches-and-drawings\images\Sketches\grins\Sugar Clown Grin left side ORIGINAL.jpg"
"Sugar Clown Grin ORIGINAL.jpg",".jpg","312.8","True","Sugar Clown Grin","sugar-clown-grin.html","Original Drawing","True","Add to existing page","","D:\github\ron-english-sketches-and-drawings\images\Sketches\grins\Sugar Clown Grin ORIGINAL.jpg"
"Sugar Clown Grin right side B&W.jpg",".jpg","272.7","False","Sugar Clown Grin","sugar-clown-grin.html","Digitized Versions","True","Add to existing page","Filename suggests a view/turnaround or part-specific image.","D:\github\ron-english-sketches-and-drawings\images\Sketches\grins\Sugar Clown Grin right side B&W.jpg"
"Sugar Clown Grin right side COLOR.jpg",".jpg","395.8","False","Sugar Clown Grin","sugar-clown-grin.html","Digitized Versions","True","Add to existing page","Filename suggests a view/turnaround or part-specific image.","D:\github\ron-english-sketches-and-drawings\images\Sketches\grins\Sugar Clown Grin right side COLOR.jpg"
"Sugar Clown Grin right side ORIGINAL.jpg",".jpg","288.6","True","Sugar Clown Grin","sugar-clown-grin.html","Original Drawing","True","Add to existing page","Filename suggests a view/turnaround or part-specific image.","D:\github\ron-english-sketches-and-drawings\images\Sketches\grins\Sugar Clown Grin right side ORIGINAL.jpg"
"Sugar Diabetic Bear Grin B&W.jpg",".jpg","443.1","False","Sugar Diabetic Bear Grin","sugar-diabetic-bear-grin.html","Digitized Versions","True","Add to existing page","","D:\github\ron-english-sketches-and-drawings\images\Sketches\grins\Sugar Diabetic Bear Grin B&W.jpg"
"Sugar Diabetic Bear Grin COLOR.jpg",".jpg","353.2","True","Sugar Diabetic Bear Grin","sugar-diabetic-bear-grin.html","Digitized Versions","True","Add to existing page","","D:\github\ron-english-sketches-and-drawings\images\Sketches\grins\Sugar Diabetic Bear Grin COLOR.jpg"
"Sugar Diabetic Bear Grin ORIGINAL.jpg",".jpg","301","True","Sugar Diabetic Bear Grin","sugar-diabetic-bear-grin.html","Original Drawing","True","Add to existing page","","D:\github\ron-english-sketches-and-drawings\images\Sketches\grins\Sugar Diabetic Bear Grin ORIGINAL.jpg"
"Sugar Smack Grin B&W.jpg",".jpg","285.9","False","Sugar Smack Grin","sugar-smack-grin.html","Digitized Versions","True","Add to existing page","","D:\github\ron-english-sketches-and-drawings\images\Sketches\grins\Sugar Smack Grin B&W.jpg"
"Sugar Smack Grin COLOR.jpg",".jpg","304.1","False","Sugar Smack Grin","sugar-smack-grin.html","Digitized Versions","True","Add to existing page","","D:\github\ron-english-sketches-and-drawings\images\Sketches\grins\Sugar Smack Grin COLOR.jpg"
"Sugar Smack Grin ORIGINAL.jpg",".jpg","322.8","True","Sugar Smack Grin","sugar-smack-grin.html","Original Drawing","True","Add to existing page","","D:\github\ron-english-sketches-and-drawings\images\Sketches\grins\Sugar Smack Grin ORIGINAL.jpg"
"Surf Girl Grin B&W.png",".png","334.2","True","Surf Girl Grin","surf-girl-grin.html","Digitized Versions","True","Add to existing page","","D:\github\ron-english-sketches-and-drawings\images\Sketches\grins\Surf Girl Grin B&W.png"
"Surf Girl Grin ORIGINAL COLOR 2.jpg",".jpg","207.8","False","Surf Girl Grin","surf-girl-grin.html","Original Drawing","True","Add to existing page","Contains ORIGINAL COLOR: review whether original, color study, digitized version, or collector card.","D:\github\ron-english-sketches-and-drawings\images\Sketches\grins\Surf Girl Grin ORIGINAL COLOR 2.jpg"
"Surf Girl Grin ORIGINAL COLOR.jpg",".jpg","96.5","False","Surf Girl Grin","surf-girl-grin.html","Original Drawing","True","Add to existing page","Contains ORIGINAL COLOR: review whether original, color study, digitized version, or collector card.","D:\github\ron-english-sketches-and-drawings\images\Sketches\grins\Surf Girl Grin ORIGINAL COLOR.jpg"
"Surf Girl Grin ORIGINAL.jpg",".jpg","84.6","True","Surf Girl Grin","surf-girl-grin.html","Original Drawing","True","Add to existing page","","D:\github\ron-english-sketches-and-drawings\images\Sketches\grins\Surf Girl Grin ORIGINAL.jpg"
"Taz Grin B&W.jpg",".jpg","400.9","False","Taz Grin","taz-grin.html","Digitized Versions","True","Add to existing page","","D:\github\ron-english-sketches-and-drawings\images\Sketches\grins\Taz Grin B&W.jpg"
"Taz Grin circle B&W.jpg",".jpg","227.6","True","Taz Grin","taz-grin.html","Digitized Versions","True","Add to existing page","","D:\github\ron-english-sketches-and-drawings\images\Sketches\grins\Taz Grin circle B&W.jpg"
"Taz Grin circle COLOR.jpg",".jpg","324.1","False","Taz Grin","taz-grin.html","Digitized Versions","True","Add to existing page","","D:\github\ron-english-sketches-and-drawings\images\Sketches\grins\Taz Grin circle COLOR.jpg"
"Taz Grin circle ORIGINAL.jpg",".jpg","245.5","True","Taz Grin","taz-grin.html","Original Drawing","True","Add to existing page","","D:\github\ron-english-sketches-and-drawings\images\Sketches\grins\Taz Grin circle ORIGINAL.jpg"
"Taz Grin COLOR.jpg",".jpg","291.2","False","Taz Grin","taz-grin.html","Digitized Versions","True","Add to existing page","","D:\github\ron-english-sketches-and-drawings\images\Sketches\grins\Taz Grin COLOR.jpg"
"Taz Grin Flower Face ORIGINAL.jpg",".jpg","53.8","False","Taz Grin Flower","taz-grin-flower.html","Original Drawing","True","Add to existing page","Filename suggests a view/turnaround or part-specific image.","D:\github\ron-english-sketches-and-drawings\images\Sketches\grins\Taz Grin Flower Face ORIGINAL.jpg"
"Taz Grin Flower Face.jpg",".jpg","53.8","True","Taz Grin Flower","taz-grin-flower.html","Digitized Versions","True","Add to existing page","Filename suggests a view/turnaround or part-specific image.","D:\github\ron-english-sketches-and-drawings\images\Sketches\grins\Taz Grin Flower Face.jpg"
"Taz Grin ORIGINAL.jpg",".jpg","324","True","Taz Grin","taz-grin.html","Original Drawing","True","Add to existing page","","D:\github\ron-english-sketches-and-drawings\images\Sketches\grins\Taz Grin ORIGINAL.jpg"
"Techno Kitten Grin B&W.jpg",".jpg","252.4","False","Techno Kitten Grin","techno-kitten-grin.html","Digitized Versions","True","Add to existing page","","D:\github\ron-english-sketches-and-drawings\images\Sketches\grins\Techno Kitten Grin B&W.jpg"
"Techno Kitten Grin COLOR.jpg",".jpg","407.9","False","Techno Kitten Grin","techno-kitten-grin.html","Digitized Versions","True","Add to existing page","","D:\github\ron-english-sketches-and-drawings\images\Sketches\grins\Techno Kitten Grin COLOR.jpg"
"Techno Kitten Grin ORIGINAL.jpg",".jpg","326.1","True","Techno Kitten Grin","techno-kitten-grin.html","Original Drawing","True","Add to existing page","","D:\github\ron-english-sketches-and-drawings\images\Sketches\grins\Techno Kitten Grin ORIGINAL.jpg"
"Teddy Bear Grin COLOR.png",".png","320.3","True","Teddy Bear Grin","teddy-bear-grin.html","Digitized Versions","True","Add to existing page","","D:\github\ron-english-sketches-and-drawings\images\Sketches\grins\Teddy Bear Grin COLOR.png"
"Teddy Bear Grin ORIGINAL COLOR.jpg",".jpg","100.4","False","Teddy Bear Grin","teddy-bear-grin.html","Original Drawing","True","Add to existing page","Contains ORIGINAL COLOR: review whether original, color study, digitized version, or collector card.","D:\github\ron-english-sketches-and-drawings\images\Sketches\grins\Teddy Bear Grin ORIGINAL COLOR.jpg"
"Teddy Bear Grin ORIGINAL.jpg",".jpg","182.1","True","Teddy Bear Grin","teddy-bear-grin.html","Original Drawing","True","Add to existing page","","D:\github\ron-english-sketches-and-drawings\images\Sketches\grins\Teddy Bear Grin ORIGINAL.jpg"
"Teddy Bear Grin Standing B&W.jpg",".jpg","509.9","False","Teddy Bear Grin Standing","teddy-bear-grin-standing.html","Digitized Versions","True","Add to existing page","","D:\github\ron-english-sketches-and-drawings\images\Sketches\grins\Teddy Bear Grin Standing B&W.jpg"
"Teddy Bear Grin Standing card.png",".png","212.6","True","Teddy Bear Grin Standing","teddy-bear-grin-standing.html","Collector Cards","True","Add to existing page","Filename suggests collector card.","D:\github\ron-english-sketches-and-drawings\images\Sketches\grins\Teddy Bear Grin Standing card.png"
"Teddy Bear Grin Standing COLOR.jpg",".jpg","423.7","False","Teddy Bear Grin Standing","teddy-bear-grin-standing.html","Digitized Versions","True","Add to existing page","","D:\github\ron-english-sketches-and-drawings\images\Sketches\grins\Teddy Bear Grin Standing COLOR.jpg"
"Teddy Bear Grin Standing ORIGINAL COLOR 2.png",".png","212.6","False","Teddy Bear Grin Standing","teddy-bear-grin-standing.html","Original Drawing","True","Add to existing page","Contains ORIGINAL COLOR: review whether original, color study, digitized version, or collector card.","D:\github\ron-english-sketches-and-drawings\images\Sketches\grins\Teddy Bear Grin Standing ORIGINAL COLOR 2.png"
"Teddy Bear Grin Standing ORIGINAL COLOR.jpg",".jpg","65.1","True","Teddy Bear Grin Standing","teddy-bear-grin-standing.html","Original Drawing","True","Add to existing page","Contains ORIGINAL COLOR: review whether original, color study, digitized version, or collector card.","D:\github\ron-english-sketches-and-drawings\images\Sketches\grins\Teddy Bear Grin Standing ORIGINAL COLOR.jpg"
"Telegrinnie B&W.jpg",".jpg","346.4","False","Telegrinnie","telegrinnie.html","Digitized Versions","True","Add to existing page","","D:\github\ron-english-sketches-and-drawings\images\Sketches\grins\Telegrinnie B&W.jpg"
"Telegrinnie COLOR.jpg",".jpg","192.5","True","Telegrinnie","telegrinnie.html","Digitized Versions","True","Add to existing page","","D:\github\ron-english-sketches-and-drawings\images\Sketches\grins\Telegrinnie COLOR.jpg"
"Telegrinnie ORIGINAL COLOR.jpg",".jpg","63","False","Telegrinnie","telegrinnie.html","Original Drawing","True","Add to existing page","Contains ORIGINAL COLOR: review whether original, color study, digitized version, or collector card.","D:\github\ron-english-sketches-and-drawings\images\Sketches\grins\Telegrinnie ORIGINAL COLOR.jpg"
"Telegrinnie ORIGINAL.jpg",".jpg","94.1","True","Telegrinnie","telegrinnie.html","Original Drawing","True","Add to existing page","","D:\github\ron-english-sketches-and-drawings\images\Sketches\grins\Telegrinnie ORIGINAL.jpg"
"Telegrinnie side B&W.jpg",".jpg","89.4","True","Telegrinnie","telegrinnie.html","Digitized Versions","True","Add to existing page","Filename suggests a view/turnaround or part-specific image.","D:\github\ron-english-sketches-and-drawings\images\Sketches\grins\Telegrinnie side B&W.jpg"
"Telegrinnie side COLOR.jpg",".jpg","192.3","True","Telegrinnie","telegrinnie.html","Digitized Versions","True","Add to existing page","Filename suggests a view/turnaround or part-specific image.","D:\github\ron-english-sketches-and-drawings\images\Sketches\grins\Telegrinnie side COLOR.jpg"
"Telegrinnie side ORIGINAL.jpg",".jpg","436.7","True","Telegrinnie","telegrinnie.html","Original Drawing","True","Add to existing page","Filename suggests a view/turnaround or part-specific image.","D:\github\ron-english-sketches-and-drawings\images\Sketches\grins\Telegrinnie side ORIGINAL.jpg"
"Teletubby Grin Flying B&W.jpg",".jpg","381.6","False","Teletubby Grin Flying","teletubby-grin-flying.html","Digitized Versions","True","Add to existing page","","D:\github\ron-english-sketches-and-drawings\images\Sketches\grins\Teletubby Grin Flying B&W.jpg"
"Teletubby Grin Flying COLOR.jpg",".jpg","440.7","False","Teletubby Grin Flying","teletubby-grin-flying.html","Digitized Versions","True","Add to existing page","","D:\github\ron-english-sketches-and-drawings\images\Sketches\grins\Teletubby Grin Flying COLOR.jpg"
"Teletubby Grin Flying ORIGINAL.jpg",".jpg","257.7","True","Teletubby Grin Flying","teletubby-grin-flying.html","Original Drawing","True","Add to existing page","","D:\github\ron-english-sketches-and-drawings\images\Sketches\grins\Teletubby Grin Flying ORIGINAL.jpg"
"Tiger Grin 2 ORIGINAL colorway 1.jpg",".jpg","191.8","False","Tiger Grin 2","tiger-grin-2.html","Original Drawing","True","Add to existing page","","D:\github\ron-english-sketches-and-drawings\images\Sketches\grins\Tiger Grin 2 ORIGINAL colorway 1.jpg"
"Tiger Grin 2 ORIGINAL colorway 2.jpg",".jpg","186.6","False","Tiger Grin 2","tiger-grin-2.html","Original Drawing","True","Add to existing page","","D:\github\ron-english-sketches-and-drawings\images\Sketches\grins\Tiger Grin 2 ORIGINAL colorway 2.jpg"
"Tiger Grin 2 ORIGINAL.jpg",".jpg","314.3","True","Tiger Grin 2","tiger-grin-2.html","Original Drawing","True","Add to existing page","","D:\github\ron-english-sketches-and-drawings\images\Sketches\grins\Tiger Grin 2 ORIGINAL.jpg"
"Tiger Grin ORIGINAL COLOR.jpg",".jpg","154.9","True","Tiger Grin","tiger-grin.html","Original Drawing","True","Add to existing page","Contains ORIGINAL COLOR: review whether original, color study, digitized version, or collector card.","D:\github\ron-english-sketches-and-drawings\images\Sketches\grins\Tiger Grin ORIGINAL COLOR.jpg"
"Tiger Grin ORIGINAL.jpg",".jpg","107.6","True","Tiger Grin","tiger-grin.html","Original Drawing","True","Add to existing page","","D:\github\ron-english-sketches-and-drawings\images\Sketches\grins\Tiger Grin ORIGINAL.jpg"
"Tiger Sphinx B&W.jpg",".jpg","400.2","False","Tiger Sphinx","tiger-sphinx.html","Digitized Versions","True","Add to existing page","","D:\github\ron-english-sketches-and-drawings\images\Sketches\grins\Tiger Sphinx B&W.jpg"
"Tiger Sphinx Grin ORIGINAL COLOR.jpg",".jpg","308.9","True","Tiger Sphinx Grin","tiger-sphinx-grin.html","Original Drawing","True","Add to existing page","Contains ORIGINAL COLOR: review whether original, color study, digitized version, or collector card.","D:\github\ron-english-sketches-and-drawings\images\Sketches\grins\Tiger Sphinx Grin ORIGINAL COLOR.jpg"
"Tiger Sphinx Grin ORIGINAL.jpg",".jpg","139.7","True","Tiger Sphinx Grin","tiger-sphinx-grin.html","Original Drawing","True","Add to existing page","","D:\github\ron-english-sketches-and-drawings\images\Sketches\grins\Tiger Sphinx Grin ORIGINAL.jpg"
"Tiger Sphinx Side B&W.jpg",".jpg","201.9","True","Tiger Sphinx","tiger-sphinx.html","Digitized Versions","True","Add to existing page","Filename suggests a view/turnaround or part-specific image.","D:\github\ron-english-sketches-and-drawings\images\Sketches\grins\Tiger Sphinx Side B&W.jpg"
"Tiger Sphinx side COLOR.jpg",".jpg","416.4","False","Tiger Sphinx","tiger-sphinx.html","Digitized Versions","True","Add to existing page","Filename suggests a view/turnaround or part-specific image.","D:\github\ron-english-sketches-and-drawings\images\Sketches\grins\Tiger Sphinx side COLOR.jpg"
"Tiger Sphinx Side ORIGINAL.jpg",".jpg","74.3","True","Tiger Sphinx","tiger-sphinx.html","Original Drawing","True","Add to existing page","Filename suggests a view/turnaround or part-specific image.","D:\github\ron-english-sketches-and-drawings\images\Sketches\grins\Tiger Sphinx Side ORIGINAL.jpg"
"Timid Shark Grin B&W.jpg",".jpg","131.1","True","Timid Shark Grin","timid-shark-grin.html","Digitized Versions","True","Add to existing page","","D:\github\ron-english-sketches-and-drawings\images\Sketches\grins\Timid Shark Grin B&W.jpg"
"Timid Shark Grin COLOR.jpg",".jpg","487.5","False","Timid Shark Grin","timid-shark-grin.html","Digitized Versions","True","Add to existing page","","D:\github\ron-english-sketches-and-drawings\images\Sketches\grins\Timid Shark Grin COLOR.jpg"
"Timid Shark Grin ORIGINAL 2.jpg",".jpg","159.5","True","Timid Shark Grin","timid-shark-grin.html","Original Drawing","True","Add to existing page","","D:\github\ron-english-sketches-and-drawings\images\Sketches\grins\Timid Shark Grin ORIGINAL 2.jpg"
"Timid Shark Grin ORIGINAL.jpg",".jpg","161.4","True","Timid Shark Grin","timid-shark-grin.html","Original Drawing","True","Add to existing page","","D:\github\ron-english-sketches-and-drawings\images\Sketches\grins\Timid Shark Grin ORIGINAL.jpg"
"Timmy Turner Grin B&W.jpg",".jpg","140.1","True","Timmy Turner Grin","timmy-turner-grin.html","Digitized Versions","True","Add to existing page","","D:\github\ron-english-sketches-and-drawings\images\Sketches\grins\Timmy Turner Grin B&W.jpg"
"Timmy Turner Grin COLOR.jpg",".jpg","387","False","Timmy Turner Grin","timmy-turner-grin.html","Digitized Versions","True","Add to existing page","","D:\github\ron-english-sketches-and-drawings\images\Sketches\grins\Timmy Turner Grin COLOR.jpg"
"Timmy Turner Grin ORIGINAL.jpg",".jpg","253","True","Timmy Turner Grin","timmy-turner-grin.html","Original Drawing","True","Add to existing page","","D:\github\ron-english-sketches-and-drawings\images\Sketches\grins\Timmy Turner Grin ORIGINAL.jpg"
"Tmnt Leonardo Grin B&W.jpg",".jpg","417.7","False","Tmnt Leonardo Grin","tmnt-leonardo-grin.html","Digitized Versions","True","Add to existing page","","D:\github\ron-english-sketches-and-drawings\images\Sketches\grins\Tmnt Leonardo Grin B&W.jpg"
"Tmnt Leonardo Grin COLOR.jpg",".jpg","144.4","True","Tmnt Leonardo Grin","tmnt-leonardo-grin.html","Digitized Versions","True","Add to existing page","","D:\github\ron-english-sketches-and-drawings\images\Sketches\grins\Tmnt Leonardo Grin COLOR.jpg"
"Tmnt Leonardo Grin ORIGINAL.jpg",".jpg","64","True","Tmnt Leonardo Grin","tmnt-leonardo-grin.html","Original Drawing","True","Add to existing page","","D:\github\ron-english-sketches-and-drawings\images\Sketches\grins\Tmnt Leonardo Grin ORIGINAL.jpg"
"Tmnt Michelangelo Grin B&W.jpg",".jpg","156.4","True","Tmnt Michelangelo Grin","tmnt-michelangelo-grin.html","Digitized Versions","True","Add to existing page","","D:\github\ron-english-sketches-and-drawings\images\Sketches\grins\Tmnt Michelangelo Grin B&W.jpg"
"Tmnt Michelangelo Grin COLOR.jpg",".jpg","304.9","False","Tmnt Michelangelo Grin","tmnt-michelangelo-grin.html","Digitized Versions","True","Add to existing page","","D:\github\ron-english-sketches-and-drawings\images\Sketches\grins\Tmnt Michelangelo Grin COLOR.jpg"
"Tmnt Michelangelo Grin ORIGINAL.jpg",".jpg","51.3","True","Tmnt Michelangelo Grin","tmnt-michelangelo-grin.html","Original Drawing","True","Add to existing page","","D:\github\ron-english-sketches-and-drawings\images\Sketches\grins\Tmnt Michelangelo Grin ORIGINAL.jpg"
"Tmnt Raphael Grin B&W.jpg",".jpg","307.6","False","Tmnt Raphael Grin","tmnt-raphael-grin.html","Digitized Versions","True","Add to existing page","","D:\github\ron-english-sketches-and-drawings\images\Sketches\grins\Tmnt Raphael Grin B&W.jpg"
"Tmnt Raphael Grin COLOR.jpg",".jpg","145.2","True","Tmnt Raphael Grin","tmnt-raphael-grin.html","Digitized Versions","True","Add to existing page","","D:\github\ron-english-sketches-and-drawings\images\Sketches\grins\Tmnt Raphael Grin COLOR.jpg"
"Tmnt Raphael Grin ORIGINAL.jpg",".jpg","61","True","Tmnt Raphael Grin","tmnt-raphael-grin.html","Original Drawing","True","Add to existing page","","D:\github\ron-english-sketches-and-drawings\images\Sketches\grins\Tmnt Raphael Grin ORIGINAL.jpg"
"Tom N Jerry Grins ORIGINAL COLOR.jpg",".jpg","371.1","True","Tom N Jerry Grins","tom-n-jerry-grins.html","Original Drawing","True","Add to existing page","Contains ORIGINAL COLOR: review whether original, color study, digitized version, or collector card.","D:\github\ron-english-sketches-and-drawings\images\Sketches\grins\Tom N Jerry Grins ORIGINAL COLOR.jpg"
"Tom N Jerry Grins ORIGINAL.jpg",".jpg","104.9","True","Tom N Jerry Grins","tom-n-jerry-grins.html","Original Drawing","True","Add to existing page","","D:\github\ron-english-sketches-and-drawings\images\Sketches\grins\Tom N Jerry Grins ORIGINAL.jpg"
"Tony Grin ORIGINAL COLOR.jpg",".jpg","170.1","False","Tony Grin","tony-grin.html","Original Drawing","False","Likely create new page","Contains ORIGINAL COLOR: review whether original, color study, digitized version, or collector card.","D:\github\ron-english-sketches-and-drawings\images\Sketches\grins\Tony Grin ORIGINAL COLOR.jpg"
"Tony Tiger Grin 1 B&W.jpg",".jpg","369.4","False","Tony Tiger Grin 1","tony-tiger-grin-1.html","Digitized Versions","True","Add to existing page","","D:\github\ron-english-sketches-and-drawings\images\Sketches\grins\Tony Tiger Grin 1 B&W.jpg"
"Tony Tiger Grin 1 COLOR.jpg",".jpg","296.9","False","Tony Tiger Grin 1","tony-tiger-grin-1.html","Digitized Versions","True","Add to existing page","","D:\github\ron-english-sketches-and-drawings\images\Sketches\grins\Tony Tiger Grin 1 COLOR.jpg"
"Tony Tiger Grin 1 ORIGINAL COLOR.jpg",".jpg","227.2","False","Tony Tiger Grin 1","tony-tiger-grin-1.html","Original Drawing","True","Add to existing page","Contains ORIGINAL COLOR: review whether original, color study, digitized version, or collector card.","D:\github\ron-english-sketches-and-drawings\images\Sketches\grins\Tony Tiger Grin 1 ORIGINAL COLOR.jpg"
"Tony Tiger Grin 1 ORIGINAL.jpg",".jpg","292.8","True","Tony Tiger Grin 1","tony-tiger-grin-1.html","Original Drawing","True","Add to existing page","","D:\github\ron-english-sketches-and-drawings\images\Sketches\grins\Tony Tiger Grin 1 ORIGINAL.jpg"
"Tony Tiger Grin 2 B&W.jpg",".jpg","446.2","False","Tony Tiger Grin 2","tony-tiger-grin-2.html","Digitized Versions","True","Add to existing page","","D:\github\ron-english-sketches-and-drawings\images\Sketches\grins\Tony Tiger Grin 2 B&W.jpg"
"Tony Tiger Grin 2 COLOR.jpg",".jpg","145.5","True","Tony Tiger Grin 2","tony-tiger-grin-2.html","Digitized Versions","True","Add to existing page","","D:\github\ron-english-sketches-and-drawings\images\Sketches\grins\Tony Tiger Grin 2 COLOR.jpg"
"Tony Tiger Grin 2 ORIGINAL.jpg",".jpg","296.8","True","Tony Tiger Grin 2","tony-tiger-grin-2.html","Original Drawing","True","Add to existing page","","D:\github\ron-english-sketches-and-drawings\images\Sketches\grins\Tony Tiger Grin 2 ORIGINAL.jpg"
"Tony Tiger Grin ORIGINAL 2.jpg",".jpg","316.5","True","Tony Tiger Grin","tony-tiger-grin.html","Original Drawing","True","Add to existing page","","D:\github\ron-english-sketches-and-drawings\images\Sketches\grins\Tony Tiger Grin ORIGINAL 2.jpg"
"Topcat Grin B&W.jpg",".jpg","329.2","False","Topcat Grin","topcat-grin.html","Digitized Versions","True","Add to existing page","","D:\github\ron-english-sketches-and-drawings\images\Sketches\grins\Topcat Grin B&W.jpg"
"Topcat Grin COLOR.jpg",".jpg","304.2","False","Topcat Grin","topcat-grin.html","Digitized Versions","True","Add to existing page","","D:\github\ron-english-sketches-and-drawings\images\Sketches\grins\Topcat Grin COLOR.jpg"
"Topcat Grin ORIGINAL.jpg",".jpg","262.3","True","Topcat Grin","topcat-grin.html","Original Drawing","True","Add to existing page","","D:\github\ron-english-sketches-and-drawings\images\Sketches\grins\Topcat Grin ORIGINAL.jpg"
"Trippy Grin B&W.jpg",".jpg","231.5","True","Trippy Grin","trippy-grin.html","Digitized Versions","True","Add to existing page","","D:\github\ron-english-sketches-and-drawings\images\Sketches\grins\Trippy Grin B&W.jpg"
"Trippy Grin COLOR.jpg",".jpg","372.3","False","Trippy Grin","trippy-grin.html","Digitized Versions","True","Add to existing page","","D:\github\ron-english-sketches-and-drawings\images\Sketches\grins\Trippy Grin COLOR.jpg"
"Trippy Grin COLORWAY 1.png",".png","180.6","True","Trippy Grin","trippy-grin.html","Digitized Versions","True","Add to existing page","","D:\github\ron-english-sketches-and-drawings\images\Sketches\grins\Trippy Grin COLORWAY 1.png"
"Trippy Grin COLORWAY 2.png",".png","228.3","True","Trippy Grin","trippy-grin.html","Digitized Versions","True","Add to existing page","","D:\github\ron-english-sketches-and-drawings\images\Sketches\grins\Trippy Grin COLORWAY 2.png"
"Trippy Grin COLORWAY 3.png",".png","175.7","True","Trippy Grin","trippy-grin.html","Digitized Versions","True","Add to existing page","","D:\github\ron-english-sketches-and-drawings\images\Sketches\grins\Trippy Grin COLORWAY 3.png"
"Trippy Grin ORIGINAL.jpg",".jpg","231.4","True","Trippy Grin","trippy-grin.html","Original Drawing","True","Add to existing page","","D:\github\ron-english-sketches-and-drawings\images\Sketches\grins\Trippy Grin ORIGINAL.jpg"
"Tupac Grin B&W.jpg",".jpg","456.1","False","Tupac Grin","tupac-grin.html","Digitized Versions","True","Add to existing page","","D:\github\ron-english-sketches-and-drawings\images\Sketches\grins\Tupac Grin B&W.jpg"
"Tupac Grin COLOR 1.jpg",".jpg","482.5","True","Tupac Grin","tupac-grin.html","Digitized Versions","True","Add to existing page","","D:\github\ron-english-sketches-and-drawings\images\Sketches\grins\Tupac Grin COLOR 1.jpg"
"Tupac Grin COLOR 2.jpg",".jpg","460","True","Tupac Grin","tupac-grin.html","Digitized Versions","True","Add to existing page","","D:\github\ron-english-sketches-and-drawings\images\Sketches\grins\Tupac Grin COLOR 2.jpg"
"Tupac Grin COLOR.jpg",".jpg","349","True","Tupac Grin","tupac-grin.html","Digitized Versions","True","Add to existing page","","D:\github\ron-english-sketches-and-drawings\images\Sketches\grins\Tupac Grin COLOR.jpg"
"Tupac Grin ORIGINAL 1.jpg",".jpg","423.9","True","Tupac Grin","tupac-grin.html","Original Drawing","True","Add to existing page","","D:\github\ron-english-sketches-and-drawings\images\Sketches\grins\Tupac Grin ORIGINAL 1.jpg"
"Tupac Grin ORIGINAL COLOR 1.jpg",".jpg","76.6","False","Tupac Grin","tupac-grin.html","Original Drawing","True","Add to existing page","Contains ORIGINAL COLOR: review whether original, color study, digitized version, or collector card.","D:\github\ron-english-sketches-and-drawings\images\Sketches\grins\Tupac Grin ORIGINAL COLOR 1.jpg"
"Tupac Grin ORIGINAL COLOR 2.jpg",".jpg","73.9","False","Tupac Grin","tupac-grin.html","Original Drawing","True","Add to existing page","Contains ORIGINAL COLOR: review whether original, color study, digitized version, or collector card.","D:\github\ron-english-sketches-and-drawings\images\Sketches\grins\Tupac Grin ORIGINAL COLOR 2.jpg"
"Tweetie Grin ORIGINAL COLOR.jpg",".jpg","288.1","False","Tweetie Grin","tweetie-grin.html","Original Drawing","True","Add to existing page","Contains ORIGINAL COLOR: review whether original, color study, digitized version, or collector card.","D:\github\ron-english-sketches-and-drawings\images\Sketches\grins\Tweetie Grin ORIGINAL COLOR.jpg"
"Tweetie Grin ORIGINAL.jpg",".jpg","292.4","True","Tweetie Grin","tweetie-grin.html","Original Drawing","True","Add to existing page","","D:\github\ron-english-sketches-and-drawings\images\Sketches\grins\Tweetie Grin ORIGINAL.jpg"
"Two-Faced Rabbbit Grin back B&W.jpg",".jpg","473.4","False","Two-Faced Rabbbit Grin","two-faced-rabbbit-grin.html","Digitized Versions","True","Add to existing page","Filename suggests a view/turnaround or part-specific image.","D:\github\ron-english-sketches-and-drawings\images\Sketches\grins\Two-Faced Rabbbit Grin back B&W.jpg"
"Two-Faced Rabbbit Grin back COLOR.jpg",".jpg","394.8","False","Two-Faced Rabbbit Grin","two-faced-rabbbit-grin.html","Digitized Versions","True","Add to existing page","Filename suggests a view/turnaround or part-specific image.","D:\github\ron-english-sketches-and-drawings\images\Sketches\grins\Two-Faced Rabbbit Grin back COLOR.jpg"
"Two-Faced Rabbbit Grin back ORIGINAL.jpg",".jpg","300.3","True","Two-Faced Rabbbit Grin","two-faced-rabbbit-grin.html","Original Drawing","True","Add to existing page","Filename suggests a view/turnaround or part-specific image.","D:\github\ron-english-sketches-and-drawings\images\Sketches\grins\Two-Faced Rabbbit Grin back ORIGINAL.jpg"
"Two-Faced Rabbbit Grin face B&W.jpg",".jpg","201.4","True","Two-Faced Rabbbit Grin","two-faced-rabbbit-grin.html","Digitized Versions","True","Add to existing page","Filename suggests a view/turnaround or part-specific image.","D:\github\ron-english-sketches-and-drawings\images\Sketches\grins\Two-Faced Rabbbit Grin face B&W.jpg"
"Two-Faced Rabbbit Grin face COLOR.jpg",".jpg","804","True","Two-Faced Rabbbit Grin","two-faced-rabbbit-grin.html","Digitized Versions","True","Add to existing page","Filename suggests a view/turnaround or part-specific image.","D:\github\ron-english-sketches-and-drawings\images\Sketches\grins\Two-Faced Rabbbit Grin face COLOR.jpg"
"Two-Faced Rabbbit Grin face ORIGINAL.jpg",".jpg","119.7","True","Two-Faced Rabbbit Grin","two-faced-rabbbit-grin.html","Original Drawing","True","Add to existing page","Filename suggests a view/turnaround or part-specific image.","D:\github\ron-english-sketches-and-drawings\images\Sketches\grins\Two-Faced Rabbbit Grin face ORIGINAL.jpg"
"Two-Faced Rabbbit Grin front B&W.jpg",".jpg","134","True","Two-Faced Rabbbit Grin","two-faced-rabbbit-grin.html","Digitized Versions","True","Add to existing page","Filename suggests a view/turnaround or part-specific image.","D:\github\ron-english-sketches-and-drawings\images\Sketches\grins\Two-Faced Rabbbit Grin front B&W.jpg"
"Two-Faced Rabbbit Grin front COLOR.jpg",".jpg","152.6","True","Two-Faced Rabbbit Grin","two-faced-rabbbit-grin.html","Digitized Versions","True","Add to existing page","Filename suggests a view/turnaround or part-specific image.","D:\github\ron-english-sketches-and-drawings\images\Sketches\grins\Two-Faced Rabbbit Grin front COLOR.jpg"
"Two-Faced Rabbbit Grin front ORIGINAL.jpg",".jpg","438.2","True","Two-Faced Rabbbit Grin","two-faced-rabbbit-grin.html","Original Drawing","True","Add to existing page","Filename suggests a view/turnaround or part-specific image.","D:\github\ron-english-sketches-and-drawings\images\Sketches\grins\Two-Faced Rabbbit Grin front ORIGINAL.jpg"
"Two-Faced Rabbbit Grin front version 2 B&W.jpg",".jpg","261.9","True","Two-Faced Rabbbit Grin front version 2","two-faced-rabbbit-grin-front-version-2.html","Digitized Versions","False","Likely create new page","Filename suggests a view/turnaround or part-specific image.","D:\github\ron-english-sketches-and-drawings\images\Sketches\grins\Two-Faced Rabbbit Grin front version 2 B&W.jpg"
"Two-Faced Rabbbit Grin front version 2 COLOR.jpg",".jpg","849.7","True","Two-Faced Rabbbit Grin front version 2","two-faced-rabbbit-grin-front-version-2.html","Digitized Versions","False","Likely create new page","Filename suggests a view/turnaround or part-specific image.","D:\github\ron-english-sketches-and-drawings\images\Sketches\grins\Two-Faced Rabbbit Grin front version 2 COLOR.jpg"
"Two-Faced Rabbbit Grin front version 2 ORIGINAL.jpg",".jpg","85.7","True","Two-Faced Rabbbit Grin front version 2","two-faced-rabbbit-grin-front-version-2.html","Original Drawing","False","Likely create new page","Filename suggests a view/turnaround or part-specific image.","D:\github\ron-english-sketches-and-drawings\images\Sketches\grins\Two-Faced Rabbbit Grin front version 2 ORIGINAL.jpg"
"Two-Faced Rabbbit grin holding record B&W.jpg",".jpg","135.1","True","Two-Faced Rabbbit grin","two-faced-rabbbit-grin.html","Digitized Versions","True","Add to existing page","Filename suggests a view/turnaround or part-specific image.","D:\github\ron-english-sketches-and-drawings\images\Sketches\grins\Two-Faced Rabbbit grin holding record B&W.jpg"
"Two-Faced Rabbbit grin holding record COLOR.jpg",".jpg","753.4","True","Two-Faced Rabbbit grin","two-faced-rabbbit-grin.html","Digitized Versions","True","Add to existing page","Filename suggests a view/turnaround or part-specific image.","D:\github\ron-english-sketches-and-drawings\images\Sketches\grins\Two-Faced Rabbbit grin holding record COLOR.jpg"
"Two-Faced Rabbbit grin holding record ORIGINAL.jpg",".jpg","228.7","True","Two-Faced Rabbbit grin","two-faced-rabbbit-grin.html","Original Drawing","True","Add to existing page","Filename suggests a view/turnaround or part-specific image.","D:\github\ron-english-sketches-and-drawings\images\Sketches\grins\Two-Faced Rabbbit grin holding record ORIGINAL.jpg"
"Two-Faced Rabbbit Grin side B&W.jpg",".jpg","337.2","False","Two-Faced Rabbbit Grin","two-faced-rabbbit-grin.html","Digitized Versions","True","Add to existing page","Filename suggests a view/turnaround or part-specific image.","D:\github\ron-english-sketches-and-drawings\images\Sketches\grins\Two-Faced Rabbbit Grin side B&W.jpg"
"Two-Faced Rabbbit Grin side COLOR.jpg",".jpg","301.1","False","Two-Faced Rabbbit Grin","two-faced-rabbbit-grin.html","Digitized Versions","True","Add to existing page","Filename suggests a view/turnaround or part-specific image.","D:\github\ron-english-sketches-and-drawings\images\Sketches\grins\Two-Faced Rabbbit Grin side COLOR.jpg"
"Two-Faced Rabbbit Grin side ORIGINAL.jpg",".jpg","397.8","True","Two-Faced Rabbbit Grin","two-faced-rabbbit-grin.html","Original Drawing","True","Add to existing page","Filename suggests a view/turnaround or part-specific image.","D:\github\ron-english-sketches-and-drawings\images\Sketches\grins\Two-Faced Rabbbit Grin side ORIGINAL.jpg"
"Two-Faced Rabbbit Grin three quarters B&W.jpg",".jpg","136.4","True","Two-Faced Rabbbit Grin","two-faced-rabbbit-grin.html","Digitized Versions","True","Add to existing page","Filename suggests a view/turnaround or part-specific image.","D:\github\ron-english-sketches-and-drawings\images\Sketches\grins\Two-Faced Rabbbit Grin three quarters B&W.jpg"
"Two-Faced Rabbbit Grin three quarters COLOR.jpg",".jpg","394.4","True","Two-Faced Rabbbit Grin","two-faced-rabbbit-grin.html","Digitized Versions","True","Add to existing page","Filename suggests a view/turnaround or part-specific image.","D:\github\ron-english-sketches-and-drawings\images\Sketches\grins\Two-Faced Rabbbit Grin three quarters COLOR.jpg"
"Two-Faced Rabbbit Grin three quarters ORIGINAL.jpg",".jpg","427.7","True","Two-Faced Rabbbit Grin","two-faced-rabbbit-grin.html","Original Drawing","True","Add to existing page","Filename suggests a view/turnaround or part-specific image.","D:\github\ron-english-sketches-and-drawings\images\Sketches\grins\Two-Faced Rabbbit Grin three quarters ORIGINAL.jpg"
"Ultraman Grin B&W.jpg",".jpg","969.3","True","Ultraman Grin","ultraman-grin.html","Digitized Versions","True","Add to existing page","","D:\github\ron-english-sketches-and-drawings\images\Sketches\grins\Ultraman Grin B&W.jpg"
"Ultraman Grin COLOR.jpg",".jpg","167.2","True","Ultraman Grin","ultraman-grin.html","Digitized Versions","True","Add to existing page","","D:\github\ron-english-sketches-and-drawings\images\Sketches\grins\Ultraman Grin COLOR.jpg"
"Ultraman Grin ORIGINAL.jpg",".jpg","162","True","Ultraman Grin","ultraman-grin.html","Original Drawing","True","Add to existing page","","D:\github\ron-english-sketches-and-drawings\images\Sketches\grins\Ultraman Grin ORIGINAL.jpg"
"Unicorn Grin B&W.jpg",".jpg","136.9","True","Unicorn Grin","unicorn-grin.html","Digitized Versions","True","Add to existing page","","D:\github\ron-english-sketches-and-drawings\images\Sketches\grins\Unicorn Grin B&W.jpg"
"Unicorn Grin COLOR 1.jpg",".jpg","304.8","True","Unicorn Grin","unicorn-grin.html","Digitized Versions","True","Add to existing page","","D:\github\ron-english-sketches-and-drawings\images\Sketches\grins\Unicorn Grin COLOR 1.jpg"
"Unicorn Grin COLOR 2.jpg",".jpg","321.7","True","Unicorn Grin","unicorn-grin.html","Digitized Versions","True","Add to existing page","","D:\github\ron-english-sketches-and-drawings\images\Sketches\grins\Unicorn Grin COLOR 2.jpg"
"Unicorn Grin ORIGINAL.jpg",".jpg","150.9","True","Unicorn Grin","unicorn-grin.html","Original Drawing","True","Add to existing page","","D:\github\ron-english-sketches-and-drawings\images\Sketches\grins\Unicorn Grin ORIGINAL.jpg"
"Unicorn Grin skewered  1.png",".png","183.7","True","Unicorn Grin","unicorn-grin.html","Digitized Versions","True","Add to existing page","","D:\github\ron-english-sketches-and-drawings\images\Sketches\grins\Unicorn Grin skewered  1.png"
"Unicorn Grin skewered  2.png",".png","190.5","True","Unicorn Grin","unicorn-grin.html","Digitized Versions","True","Add to existing page","","D:\github\ron-english-sketches-and-drawings\images\Sketches\grins\Unicorn Grin skewered  2.png"
"Unicorn Grin skewered  3.png",".png","179","True","Unicorn Grin","unicorn-grin.html","Digitized Versions","True","Add to existing page","","D:\github\ron-english-sketches-and-drawings\images\Sketches\grins\Unicorn Grin skewered  3.png"
"Unicorn Grin skewered  4.png",".png","187.3","True","Unicorn Grin","unicorn-grin.html","Digitized Versions","True","Add to existing page","","D:\github\ron-english-sketches-and-drawings\images\Sketches\grins\Unicorn Grin skewered  4.png"
"Unicorn Grin skewered  5.png",".png","189.8","True","Unicorn Grin","unicorn-grin.html","Digitized Versions","True","Add to existing page","","D:\github\ron-english-sketches-and-drawings\images\Sketches\grins\Unicorn Grin skewered  5.png"
"Unicorn Grin skewered  6.png",".png","179.2","True","Unicorn Grin","unicorn-grin.html","Digitized Versions","True","Add to existing page","","D:\github\ron-english-sketches-and-drawings\images\Sketches\grins\Unicorn Grin skewered  6.png"
"Unicorn Grin skewered  7.png",".png","195.5","True","Unicorn Grin","unicorn-grin.html","Digitized Versions","True","Add to existing page","","D:\github\ron-english-sketches-and-drawings\images\Sketches\grins\Unicorn Grin skewered  7.png"
"Unicorn Grin skewered  8.png",".png","185.3","True","Unicorn Grin","unicorn-grin.html","Digitized Versions","True","Add to existing page","","D:\github\ron-english-sketches-and-drawings\images\Sketches\grins\Unicorn Grin skewered  8.png"
"Unicorn Grin skewered ORIGINAL 1.png",".png","183.7","False","Unicorn Grin skewered","unicorn-grin-skewered.html","Original Drawing","False","Likely create new page","","D:\github\ron-english-sketches-and-drawings\images\Sketches\grins\Unicorn Grin skewered ORIGINAL 1.png"
"Unicorn Grin skewered ORIGINAL 2.png",".png","190.5","False","Unicorn Grin skewered","unicorn-grin-skewered.html","Original Drawing","False","Likely create new page","","D:\github\ron-english-sketches-and-drawings\images\Sketches\grins\Unicorn Grin skewered ORIGINAL 2.png"
"Unicorn Grin skewered ORIGINAL 3.png",".png","179","False","Unicorn Grin skewered","unicorn-grin-skewered.html","Original Drawing","False","Likely create new page","","D:\github\ron-english-sketches-and-drawings\images\Sketches\grins\Unicorn Grin skewered ORIGINAL 3.png"
"Unicorn Grin skewered ORIGINAL 4.png",".png","187.3","False","Unicorn Grin skewered","unicorn-grin-skewered.html","Original Drawing","False","Likely create new page","","D:\github\ron-english-sketches-and-drawings\images\Sketches\grins\Unicorn Grin skewered ORIGINAL 4.png"
"Unicorn Grin skewered ORIGINAL 5.png",".png","189.8","False","Unicorn Grin skewered","unicorn-grin-skewered.html","Original Drawing","False","Likely create new page","","D:\github\ron-english-sketches-and-drawings\images\Sketches\grins\Unicorn Grin skewered ORIGINAL 5.png"
"Unicorn Grin skewered ORIGINAL 6.png",".png","179.2","False","Unicorn Grin skewered","unicorn-grin-skewered.html","Original Drawing","False","Likely create new page","","D:\github\ron-english-sketches-and-drawings\images\Sketches\grins\Unicorn Grin skewered ORIGINAL 6.png"
"Unicorn Grin skewered ORIGINAL 7.png",".png","195.5","False","Unicorn Grin skewered","unicorn-grin-skewered.html","Original Drawing","False","Likely create new page","","D:\github\ron-english-sketches-and-drawings\images\Sketches\grins\Unicorn Grin skewered ORIGINAL 7.png"
"Unicorn Grin skewered ORIGINAL 8.png",".png","185.3","False","Unicorn Grin skewered","unicorn-grin-skewered.html","Original Drawing","False","Likely create new page","","D:\github\ron-english-sketches-and-drawings\images\Sketches\grins\Unicorn Grin skewered ORIGINAL 8.png"
"Unipig Grin B&W.jpg",".jpg","139.3","True","Unipig Grin","unipig-grin.html","Digitized Versions","True","Add to existing page","","D:\github\ron-english-sketches-and-drawings\images\Sketches\grins\Unipig Grin B&W.jpg"
"Unipig Grin COLOR.jpg",".jpg","295.1","True","Unipig Grin","unipig-grin.html","Digitized Versions","True","Add to existing page","","D:\github\ron-english-sketches-and-drawings\images\Sketches\grins\Unipig Grin COLOR.jpg"
"Unipig Grin ORIGINAL.jpg",".jpg","280.4","True","Unipig Grin","unipig-grin.html","Original Drawing","True","Add to existing page","","D:\github\ron-english-sketches-and-drawings\images\Sketches\grins\Unipig Grin ORIGINAL.jpg"
"Urban Bigfoot Grin front face ORIGINAL.jpg",".jpg","219.7","True","Urban Bigfoot Grin","urban-bigfoot-grin.html","Original Drawing","True","Add to existing page","Filename suggests a view/turnaround or part-specific image.","D:\github\ron-english-sketches-and-drawings\images\Sketches\grins\Urban Bigfoot Grin front face ORIGINAL.jpg"
"Urban Bigfoot Grin front ORIGINAL.jpg",".jpg","136.4","True","Urban Bigfoot Grin","urban-bigfoot-grin.html","Original Drawing","True","Add to existing page","Filename suggests a view/turnaround or part-specific image.","D:\github\ron-english-sketches-and-drawings\images\Sketches\grins\Urban Bigfoot Grin front ORIGINAL.jpg"
"Urban Bigfoot Grin side head ORIGINAL.jpg",".jpg","89.5","True","Urban Bigfoot Grin","urban-bigfoot-grin.html","Original Drawing","True","Add to existing page","Filename suggests a view/turnaround or part-specific image.","D:\github\ron-english-sketches-and-drawings\images\Sketches\grins\Urban Bigfoot Grin side head ORIGINAL.jpg"
"Urban Bigfoot Grin side ORIGINAL.jpg",".jpg","141.2","True","Urban Bigfoot Grin","urban-bigfoot-grin.html","Original Drawing","True","Add to existing page","Filename suggests a view/turnaround or part-specific image.","D:\github\ron-english-sketches-and-drawings\images\Sketches\grins\Urban Bigfoot Grin side ORIGINAL.jpg"
"Vampire Grin Front B&W.jpg",".jpg","153.1","True","Vampire Grin","vampire-grin.html","Digitized Versions","True","Add to existing page","Filename suggests a view/turnaround or part-specific image.","D:\github\ron-english-sketches-and-drawings\images\Sketches\grins\Vampire Grin Front B&W.jpg"
"Vampire Grin Front COLOR.jpg",".jpg","339.2","True","Vampire Grin","vampire-grin.html","Digitized Versions","True","Add to existing page","Filename suggests a view/turnaround or part-specific image.","D:\github\ron-english-sketches-and-drawings\images\Sketches\grins\Vampire Grin Front COLOR.jpg"
"Wing Grin body COLOR.png",".png","172.7","True","Wing Grin","wing-grin.html","Digitized Versions","True","Add to existing page","Filename suggests a view/turnaround or part-specific image.","D:\github\ron-english-sketches-and-drawings\images\Sketches\grins\Wing Grin body COLOR.png"
"Wing Grin body ORIGINAL COLOR.png",".png","172.7","False","Wing Grin","wing-grin.html","Original Drawing","True","Add to existing page","Contains ORIGINAL COLOR: review whether original, color study, digitized version, or collector card. Filename suggests a view/turnaround or part-specific image.","D:\github\ron-english-sketches-and-drawings\images\Sketches\grins\Wing Grin body ORIGINAL COLOR.png"
"Wing Grin body ORIGINAL.jpg",".jpg","183","True","Wing Grin","wing-grin.html","Original Drawing","True","Add to existing page","Filename suggests a view/turnaround or part-specific image.","D:\github\ron-english-sketches-and-drawings\images\Sketches\grins\Wing Grin body ORIGINAL.jpg"
"Wing Grin ORIGINAL COLOR.jpg",".jpg","150.1","True","Wing Grin","wing-grin.html","Original Drawing","True","Add to existing page","Contains ORIGINAL COLOR: review whether original, color study, digitized version, or collector card.","D:\github\ron-english-sketches-and-drawings\images\Sketches\grins\Wing Grin ORIGINAL COLOR.jpg"
"Wolf Grin B&W.jpg",".jpg","143.2","True","Wolf Grin","wolf-grin.html","Digitized Versions","True","Add to existing page","","D:\github\ron-english-sketches-and-drawings\images\Sketches\grins\Wolf Grin B&W.jpg"
"Wolf Grin COLOR.jpg",".jpg","145.7","True","Wolf Grin","wolf-grin.html","Digitized Versions","True","Add to existing page","","D:\github\ron-english-sketches-and-drawings\images\Sketches\grins\Wolf Grin COLOR.jpg"
"Wolf Grin ORIGINAL COLOR 2.jpg",".jpg","196.7","True","Wolf Grin","wolf-grin.html","Original Drawing","True","Add to existing page","Contains ORIGINAL COLOR: review whether original, color study, digitized version, or collector card.","D:\github\ron-english-sketches-and-drawings\images\Sketches\grins\Wolf Grin ORIGINAL COLOR 2.jpg"
"Wolf Grin ORIGINAL COLOR.jpg",".jpg","65.8","True","Wolf Grin","wolf-grin.html","Original Drawing","True","Add to existing page","Contains ORIGINAL COLOR: review whether original, color study, digitized version, or collector card.","D:\github\ron-english-sketches-and-drawings\images\Sketches\grins\Wolf Grin ORIGINAL COLOR.jpg"
"Wolf Grin ORIGINAL.jpg",".jpg","300.4","True","Wolf Grin","wolf-grin.html","Original Drawing","True","Add to existing page","","D:\github\ron-english-sketches-and-drawings\images\Sketches\grins\Wolf Grin ORIGINAL.jpg"
"Woodstock Grin B&W.jpg",".jpg","185.6","True","Woodstock Grin","woodstock-grin.html","Digitized Versions","True","Add to existing page","","D:\github\ron-english-sketches-and-drawings\images\Sketches\grins\Woodstock Grin B&W.jpg"
"Woodstock Grin COLOR.jpg",".jpg","101.8","True","Woodstock Grin","woodstock-grin.html","Digitized Versions","True","Add to existing page","","D:\github\ron-english-sketches-and-drawings\images\Sketches\grins\Woodstock Grin COLOR.jpg"
"Woodstock Grin ORIGINAL COLOR (2).jpg",".jpg","294.2","True","Woodstock Grin","woodstock-grin.html","Original Drawing","True","Add to existing page","Contains ORIGINAL COLOR: review whether original, color study, digitized version, or collector card.","D:\github\ron-english-sketches-and-drawings\images\Sketches\grins\Woodstock Grin ORIGINAL COLOR (2).jpg"
"Woodstock Grin ORIGINAL COLOR.jpg",".jpg","92.9","True","Woodstock Grin","woodstock-grin.html","Original Drawing","True","Add to existing page","Contains ORIGINAL COLOR: review whether original, color study, digitized version, or collector card.","D:\github\ron-english-sketches-and-drawings\images\Sketches\grins\Woodstock Grin ORIGINAL COLOR.jpg"
"Woodstock Grin ORIGINAL.jpg",".jpg","154.6","True","Woodstock Grin","woodstock-grin.html","Original Drawing","True","Add to existing page","","D:\github\ron-english-sketches-and-drawings\images\Sketches\grins\Woodstock Grin ORIGINAL.jpg"
"Woodstock Grin three quarters B&W.jpg",".jpg","89.8","True","Woodstock Grin","woodstock-grin.html","Digitized Versions","True","Add to existing page","Filename suggests a view/turnaround or part-specific image.","D:\github\ron-english-sketches-and-drawings\images\Sketches\grins\Woodstock Grin three quarters B&W.jpg"
"Woodstock Grin three quarters COLOR.jpg",".jpg","234.1","True","Woodstock Grin","woodstock-grin.html","Digitized Versions","True","Add to existing page","Filename suggests a view/turnaround or part-specific image.","D:\github\ron-english-sketches-and-drawings\images\Sketches\grins\Woodstock Grin three quarters COLOR.jpg"
"Woodstock Grin three quarters ORIGINAL.jpg",".jpg","148.5","True","Woodstock Grin","woodstock-grin.html","Original Drawing","True","Add to existing page","Filename suggests a view/turnaround or part-specific image.","D:\github\ron-english-sketches-and-drawings\images\Sketches\grins\Woodstock Grin three quarters ORIGINAL.jpg"
"Yellow Submarine Grin B&W.jpg",".jpg","170","True","Yellow Submarine Grin","yellow-submarine-grin.html","Digitized Versions","True","Add to existing page","","D:\github\ron-english-sketches-and-drawings\images\Sketches\grins\Yellow Submarine Grin B&W.jpg"
"Yellow Submarine Grin COLOR.jpg",".jpg","95.3","True","Yellow Submarine Grin","yellow-submarine-grin.html","Digitized Versions","True","Add to existing page","","D:\github\ron-english-sketches-and-drawings\images\Sketches\grins\Yellow Submarine Grin COLOR.jpg"
"Yellow Submarine Grin ORIGINAL.jpg",".jpg","85.8","True","Yellow Submarine Grin","yellow-submarine-grin.html","Original Drawing","True","Add to existing page","","D:\github\ron-english-sketches-and-drawings\images\Sketches\grins\Yellow Submarine Grin ORIGINAL.jpg"
"Yin Yang Face Grin COLOR.jpg",".jpg","392.2","True","Yin Yang Face Grin","yin-yang-face-grin.html","Digitized Versions","True","Add to existing page","Filename suggests a view/turnaround or part-specific image.","D:\github\ron-english-sketches-and-drawings\images\Sketches\grins\Yin Yang Face Grin COLOR.jpg"
"Yin Yang Face Grin ORIGINAL COLOR.jpg",".jpg","319.9","False","Yin Yang Face Grin","yin-yang-face-grin.html","Original Drawing","True","Add to existing page","Contains ORIGINAL COLOR: review whether original, color study, digitized version, or collector card. Filename suggests a view/turnaround or part-specific image.","D:\github\ron-english-sketches-and-drawings\images\Sketches\grins\Yin Yang Face Grin ORIGINAL COLOR.jpg"
"Yin Yang Grin 1 B&W.jpg",".jpg","173","True","Yin Yang Grin 1","yin-yang-grin-1.html","Digitized Versions","True","Add to existing page","","D:\github\ron-english-sketches-and-drawings\images\Sketches\grins\Yin Yang Grin 1 B&W.jpg"
"Yin Yang Grin 1 card.png",".png","166.2","True","Yin Yang Grin 1","yin-yang-grin-1.html","Collector Cards","True","Add to existing page","Filename suggests collector card.","D:\github\ron-english-sketches-and-drawings\images\Sketches\grins\Yin Yang Grin 1 card.png"
"Yin Yang Grin 1 COLOR.jpg",".jpg","111.2","True","Yin Yang Grin 1","yin-yang-grin-1.html","Digitized Versions","True","Add to existing page","","D:\github\ron-english-sketches-and-drawings\images\Sketches\grins\Yin Yang Grin 1 COLOR.jpg"
"Yin Yang Grin 1 ORIGINAL COLOR.jpg",".jpg","62.6","True","Yin Yang Grin 1","yin-yang-grin-1.html","Original Drawing","True","Add to existing page","Contains ORIGINAL COLOR: review whether original, color study, digitized version, or collector card.","D:\github\ron-english-sketches-and-drawings\images\Sketches\grins\Yin Yang Grin 1 ORIGINAL COLOR.jpg"
"Yin Yang Grin 1 ORIGINAL COLOR.png",".png","166.2","False","Yin Yang Grin 1","yin-yang-grin-1.html","Original Drawing","True","Add to existing page","Contains ORIGINAL COLOR: review whether original, color study, digitized version, or collector card.","D:\github\ron-english-sketches-and-drawings\images\Sketches\grins\Yin Yang Grin 1 ORIGINAL COLOR.png"
"Yin Yang Grin 2 B&W.jpg",".jpg","518.8","True","Yin Yang Grin 2","yin-yang-grin-2.html","Digitized Versions","True","Add to existing page","","D:\github\ron-english-sketches-and-drawings\images\Sketches\grins\Yin Yang Grin 2 B&W.jpg"
"Yin Yang Grin 2 COLOR.jpg",".jpg","797.6","True","Yin Yang Grin 2","yin-yang-grin-2.html","Digitized Versions","True","Add to existing page","","D:\github\ron-english-sketches-and-drawings\images\Sketches\grins\Yin Yang Grin 2 COLOR.jpg"
"Yin Yang Grin 2 ORIGINAL 2.jpg",".jpg","326.5","True","Yin Yang Grin 2","yin-yang-grin-2.html","Original Drawing","True","Add to existing page","","D:\github\ron-english-sketches-and-drawings\images\Sketches\grins\Yin Yang Grin 2 ORIGINAL 2.jpg"
"Yin Yang Grin 2 ORIGINAL COLOR.jpg",".jpg","150.1","True","Yin Yang Grin 2","yin-yang-grin-2.html","Original Drawing","True","Add to existing page","Contains ORIGINAL COLOR: review whether original, color study, digitized version, or collector card.","D:\github\ron-english-sketches-and-drawings\images\Sketches\grins\Yin Yang Grin 2 ORIGINAL COLOR.jpg"
"Yin Yang Grin 2 ORIGINAL.jpg",".jpg","191.8","True","Yin Yang Grin 2","yin-yang-grin-2.html","Original Drawing","True","Add to existing page","","D:\github\ron-english-sketches-and-drawings\images\Sketches\grins\Yin Yang Grin 2 ORIGINAL.jpg"
"Yogi Bear Grin B&W.jpg",".jpg","161.3","True","Yogi Bear Grin","yogi-bear-grin.html","Digitized Versions","True","Add to existing page","","D:\github\ron-english-sketches-and-drawings\images\Sketches\grins\Yogi Bear Grin B&W.jpg"
"Yogi Bear Grin COLOR.jpg",".jpg","155.9","True","Yogi Bear Grin","yogi-bear-grin.html","Digitized Versions","True","Add to existing page","","D:\github\ron-english-sketches-and-drawings\images\Sketches\grins\Yogi Bear Grin COLOR.jpg"
"Yogi Bear Grin ORIGINAL.jpg",".jpg","91.8","True","Yogi Bear Grin","yogi-bear-grin.html","Original Drawing","True","Add to existing page","","D:\github\ron-english-sketches-and-drawings\images\Sketches\grins\Yogi Bear Grin ORIGINAL.jpg"
"Yucky Charmer Grin B&W.jpg",".jpg","169.7","True","Yucky Charmer Grin","yucky-charmer-grin.html","Digitized Versions","True","Add to existing page","","D:\github\ron-english-sketches-and-drawings\images\Sketches\grins\Yucky Charmer Grin B&W.jpg"
"Yucky Charmer Grin COLOR.jpg",".jpg","196.3","True","Yucky Charmer Grin","yucky-charmer-grin.html","Digitized Versions","True","Add to existing page","","D:\github\ron-english-sketches-and-drawings\images\Sketches\grins\Yucky Charmer Grin COLOR.jpg"
"Yucky Charmer Grin ORIGINAL.jpg",".jpg","92.6","True","Yucky Charmer Grin","yucky-charmer-grin.html","Original Drawing","True","Add to existing page","","D:\github\ron-english-sketches-and-drawings\images\Sketches\grins\Yucky Charmer Grin ORIGINAL.jpg"
"Zephyr Zelephant Grin COLOR.png",".png","218.7","False","Zephyr Zelephant Grin","zephyr-zelephant-grin.html","Digitized Versions","True","Add to existing page","","D:\github\ron-english-sketches-and-drawings\images\Sketches\grins\Zephyr Zelephant Grin COLOR.png"
"Zephyr Zelephant Grin ORIGINAL.jpg",".jpg","165.9","True","Zephyr Zelephant Grin","zephyr-zelephant-grin.html","Original Drawing","True","Add to existing page","","D:\github\ron-english-sketches-and-drawings\images\Sketches\grins\Zephyr Zelephant Grin ORIGINAL.jpg"
