"FileName","Extension","SizeKB","UsedOnAnyGrinsHtmlPage","ProposedCharacter","ProposedPageFile","ProposedSection","PageAlreadyExists","ProposedAction","ReviewNotes","FullPath"
"Bart Grin front ORIGINAL COLOR.jpg",".jpg","168.8","False","Bart Grin","bart-grin.html","Original Drawing","True","Add to existing page","Contains ORIGINAL COLOR: review whether original, color study, digitized version, or collector card. Filename suggests a view/turnaround or part-specific image.","D:\github\ron-english-sketches-and-drawings\images\Sketches\grins\Bart Grin front ORIGINAL COLOR.jpg"
"Bart Grin side ORIGINAL COLOR.jpg",".jpg","153.2","False","Bart Grin","bart-grin.html","Original Drawing","True","Add to existing page","Contains ORIGINAL COLOR: review whether original, color study, digitized version, or collector card. Filename suggests a view/turnaround or part-specific image.","D:\github\ron-english-sketches-and-drawings\images\Sketches\grins\Bart Grin side ORIGINAL COLOR.jpg"
"Batman Grin Icon .jpg",".jpg","427.8","False","Batman Grin Icon","batman-grin-icon.html","Digitized Versions","True","Add to existing page","","D:\github\ron-english-sketches-and-drawings\images\Sketches\grins\Batman Grin Icon .jpg"
"Batman Grin ORIGINAL.jpg",".jpg","315.3","False","Batman Grin","batman-grin.html","Original Drawing","True","Add to existing page","","D:\github\ron-english-sketches-and-drawings\images\Sketches\grins\Batman Grin ORIGINAL.jpg"
"Big Boy Grin ORIGINAL COLOR.jpg",".jpg","264","False","Big Boy Grin","big-boy-grin.html","Original Drawing","True","Add to existing page","Contains ORIGINAL COLOR: review whether original, color study, digitized version, or collector card.","D:\github\ron-english-sketches-and-drawings\images\Sketches\grins\Big Boy Grin ORIGINAL COLOR.jpg"
"Butterfly Wings Grin 1.png",".png","156.6","False","Butterfly Wings Grin 1","butterfly-wings-grin-1.html","Digitized Versions","False","Likely create new page","","D:\github\ron-english-sketches-and-drawings\images\Sketches\grins\Butterfly Wings Grin 1.png"
"Butterfly Wings Grin 2.png",".png","142.5","False","Butterfly Wings Grin 2","butterfly-wings-grin-2.html","Digitized Versions","False","Likely create new page","","D:\github\ron-english-sketches-and-drawings\images\Sketches\grins\Butterfly Wings Grin 2.png"
"Darth Grin ORIGINAL.jpg",".jpg","276.3","False","Darth Grin","darth-grin.html","Original Drawing","False","Likely create new page","","D:\github\ron-english-sketches-and-drawings\images\Sketches\grins\Darth Grin ORIGINAL.jpg"
"Darth Vader Grin B&W.png",".png","97.1","False","Darth Vader Grin","darth-vader-grin.html","Digitized Versions","False","Likely create new page","","D:\github\ron-english-sketches-and-drawings\images\Sketches\grins\Darth Vader Grin B&W.png"
"Darth Vader Grin back ORIGINAL.jpg",".jpg","131.6","False","Darth Vader Grin","darth-vader-grin.html","Original Drawing","False","Likely create new page","Filename suggests a view/turnaround or part-specific image.","D:\github\ron-english-sketches-and-drawings\images\Sketches\grins\Darth Vader Grin back ORIGINAL.jpg"
"Darth Vader Grin COLOR.png",".png","159","False","Darth Vader Grin","darth-vader-grin.html","Digitized Versions","False","Likely create new page","","D:\github\ron-english-sketches-and-drawings\images\Sketches\grins\Darth Vader Grin COLOR.png"
"Darth Vader Grin ORIGINAL.jpg",".jpg","220.8","False","Darth Vader Grin","darth-vader-grin.html","Original Drawing","False","Likely create new page","","D:\github\ron-english-sketches-and-drawings\images\Sketches\grins\Darth Vader Grin ORIGINAL.jpg"
"Darth Vader Grin side B&W.jpg",".jpg","351.8","False","Darth Vader Grin","darth-vader-grin.html","Digitized Versions","False","Likely create new page","Filename suggests a view/turnaround or part-specific image.","D:\github\ron-english-sketches-and-drawings\images\Sketches\grins\Darth Vader Grin side B&W.jpg"
"Darth Vader Grin side COLOR.jpg",".jpg","295.1","False","Darth Vader Grin","darth-vader-grin.html","Digitized Versions","False","Likely create new page","Filename suggests a view/turnaround or part-specific image.","D:\github\ron-english-sketches-and-drawings\images\Sketches\grins\Darth Vader Grin side COLOR.jpg"
"Darth Vader Grin side ORIGINAL.jpg",".jpg","157.3","False","Darth Vader Grin","darth-vader-grin.html","Original Drawing","False","Likely create new page","Filename suggests a view/turnaround or part-specific image.","D:\github\ron-english-sketches-and-drawings\images\Sketches\grins\Darth Vader Grin side ORIGINAL.jpg"
"David Grin COLOR.jpg",".jpg","457.9","False","David Grin","david-grin.html","Digitized Versions","False","Likely create new page","","D:\github\ron-english-sketches-and-drawings\images\Sketches\grins\David Grin COLOR.jpg"
"David Grin ORIGINAL COLOR.jpg",".jpg","59.5","False","David Grin","david-grin.html","Original Drawing","False","Likely create new page","Contains ORIGINAL COLOR: review whether original, color study, digitized version, or collector card.","D:\github\ron-english-sketches-and-drawings\images\Sketches\grins\David Grin ORIGINAL COLOR.jpg"
"David Grin ORIGINAL.jpg",".jpg","485.3","False","David Grin","david-grin.html","Original Drawing","False","Likely create new page","","D:\github\ron-english-sketches-and-drawings\images\Sketches\grins\David Grin ORIGINAL.jpg"
"DEADMAU5 Grin B&W.jpg",".jpg","464.3","False","DEADMAU5 Grin","deadmau5-grin.html","Digitized Versions","True","Add to existing page","","D:\github\ron-english-sketches-and-drawings\images\Sketches\grins\DEADMAU5 Grin B&W.jpg"
"DEADMAU5 Grin back B&W.jpg",".jpg","440.8","False","DEADMAU5 Grin","deadmau5-grin.html","Digitized Versions","True","Add to existing page","Filename suggests a view/turnaround or part-specific image.","D:\github\ron-english-sketches-and-drawings\images\Sketches\grins\DEADMAU5 Grin back B&W.jpg"
"DEADMAU5 Grin back ORIGINAL.jpg",".jpg","266.6","False","DEADMAU5 Grin","deadmau5-grin.html","Original Drawing","True","Add to existing page","Filename suggests a view/turnaround or part-specific image.","D:\github\ron-english-sketches-and-drawings\images\Sketches\grins\DEADMAU5 Grin back ORIGINAL.jpg"
"DEADMAU5 Grin COLOR 1.jpg",".jpg","273.1","False","DEADMAU5 Grin","deadmau5-grin.html","Digitized Versions","True","Add to existing page","","D:\github\ron-english-sketches-and-drawings\images\Sketches\grins\DEADMAU5 Grin COLOR 1.jpg"
"DEADMAU5 Grin COLOR 4.jpg",".jpg","293.8","False","DEADMAU5 Grin","deadmau5-grin.html","Digitized Versions","True","Add to existing page","","D:\github\ron-english-sketches-and-drawings\images\Sketches\grins\DEADMAU5 Grin COLOR 4.jpg"
"DEADMAU5 Grin COLOR 6.jpg",".jpg","287.4","False","DEADMAU5 Grin","deadmau5-grin.html","Digitized Versions","True","Add to existing page","","D:\github\ron-english-sketches-and-drawings\images\Sketches\grins\DEADMAU5 Grin COLOR 6.jpg"
"DEADMAU5 Grin ORIGINAL.jpg",".jpg","280.7","False","DEADMAU5 Grin","deadmau5-grin.html","Original Drawing","True","Add to existing page","","D:\github\ron-english-sketches-and-drawings\images\Sketches\grins\DEADMAU5 Grin ORIGINAL.jpg"
"DEADMAU5 Grin Running B&W.jpg",".jpg","410.8","False","DEADMAU5 Grin Running","deadmau5-grin-running.html","Digitized Versions","False","Likely create new page","","D:\github\ron-english-sketches-and-drawings\images\Sketches\grins\DEADMAU5 Grin Running B&W.jpg"
"DEADMAU5 Grin Running ORIGINAL.jpg",".jpg","181.1","False","DEADMAU5 Grin Running","deadmau5-grin-running.html","Original Drawing","False","Likely create new page","","D:\github\ron-english-sketches-and-drawings\images\Sketches\grins\DEADMAU5 Grin Running ORIGINAL.jpg"
"DEADMAU5 Grin side B&W.jpg",".jpg","292","False","DEADMAU5 Grin","deadmau5-grin.html","Digitized Versions","True","Add to existing page","Filename suggests a view/turnaround or part-specific image.","D:\github\ron-english-sketches-and-drawings\images\Sketches\grins\DEADMAU5 Grin side B&W.jpg"
"DEADMAU5 Grin side ORIGINAL.jpg",".jpg","231.2","False","DEADMAU5 Grin","deadmau5-grin.html","Original Drawing","True","Add to existing page","Filename suggests a view/turnaround or part-specific image.","D:\github\ron-english-sketches-and-drawings\images\Sketches\grins\DEADMAU5 Grin side ORIGINAL.jpg"
"DEADMAU5 Grin three quarters B&W.jpg",".jpg","335.9","False","DEADMAU5 Grin","deadmau5-grin.html","Digitized Versions","True","Add to existing page","Filename suggests a view/turnaround or part-specific image.","D:\github\ron-english-sketches-and-drawings\images\Sketches\grins\DEADMAU5 Grin three quarters B&W.jpg"
"DEADMAU5 Grin three quarters ORIGINAL.jpg",".jpg","239.5","False","DEADMAU5 Grin","deadmau5-grin.html","Original Drawing","True","Add to existing page","Filename suggests a view/turnaround or part-specific image.","D:\github\ron-english-sketches-and-drawings\images\Sketches\grins\DEADMAU5 Grin three quarters ORIGINAL.jpg"
"Dementon Grin B&W.jpg",".jpg","422.2","False","Dementon Grin","dementon-grin.html","Digitized Versions","False","Likely create new page","","D:\github\ron-english-sketches-and-drawings\images\Sketches\grins\Dementon Grin B&W.jpg"
"Dementon Grin COLOR.jpg",".jpg","324.8","False","Dementon Grin","dementon-grin.html","Digitized Versions","False","Likely create new page","","D:\github\ron-english-sketches-and-drawings\images\Sketches\grins\Dementon Grin COLOR.jpg"
"Dementon Grin ORIGINAL.jpg",".jpg","313.5","False","Dementon Grin","dementon-grin.html","Original Drawing","False","Likely create new page","","D:\github\ron-english-sketches-and-drawings\images\Sketches\grins\Dementon Grin ORIGINAL.jpg"
"Deputy Dog Grin B&W.jpg",".jpg","415","False","Deputy Dog Grin","deputy-dog-grin.html","Digitized Versions","True","Add to existing page","","D:\github\ron-english-sketches-and-drawings\images\Sketches\grins\Deputy Dog Grin B&W.jpg"
"Devil Grin B&W.jpg",".jpg","258.2","False","Devil Grin","devil-grin.html","Digitized Versions","False","Likely create new page","","D:\github\ron-english-sketches-and-drawings\images\Sketches\grins\Devil Grin B&W.jpg"
"Devil Grin COLOR.jpg",".jpg","394.2","False","Devil Grin","devil-grin.html","Digitized Versions","False","Likely create new page","","D:\github\ron-english-sketches-and-drawings\images\Sketches\grins\Devil Grin COLOR.jpg"
"Devil Grin ORIGINAL COLOR.jpg",".jpg","65.4","False","Devil Grin","devil-grin.html","Original Drawing","False","Likely create new page","Contains ORIGINAL COLOR: review whether original, color study, digitized version, or collector card.","D:\github\ron-english-sketches-and-drawings\images\Sketches\grins\Devil Grin ORIGINAL COLOR.jpg"
"Devine Devil COLOR.jpg",".jpg","250.5","False","Devine Devil","devine-devil.html","Digitized Versions","False","Likely create new page","","D:\github\ron-english-sketches-and-drawings\images\Sketches\grins\Devine Devil COLOR.jpg"
"Dino Heart Grin B&W.png",".png","82","False","Dino Heart Grin","dino-heart-grin.html","Digitized Versions","False","Likely create new page","","D:\github\ron-english-sketches-and-drawings\images\Sketches\grins\Dino Heart Grin B&W.png"
"Dino Heart Grin COLOR.png",".png","105.1","False","Dino Heart Grin","dino-heart-grin.html","Digitized Versions","False","Likely create new page","","D:\github\ron-english-sketches-and-drawings\images\Sketches\grins\Dino Heart Grin COLOR.png"
"Dino Heart Grin ORIGINAL.jpg",".jpg","440.4","False","Dino Heart Grin","dino-heart-grin.html","Original Drawing","False","Likely create new page","","D:\github\ron-english-sketches-and-drawings\images\Sketches\grins\Dino Heart Grin ORIGINAL.jpg"
"DJ Grin B&W.jpg",".jpg","362","False","DJ Grin","dj-grin.html","Digitized Versions","False","Likely create new page","","D:\github\ron-english-sketches-and-drawings\images\Sketches\grins\DJ Grin B&W.jpg"
"DJ Grin COLOR.jpg",".jpg","322.9","False","DJ Grin","dj-grin.html","Digitized Versions","False","Likely create new page","","D:\github\ron-english-sketches-and-drawings\images\Sketches\grins\DJ Grin COLOR.jpg"
"Dog Grin B&W.png",".png","76.1","False","Dog Grin","dog-grin.html","Digitized Versions","False","Likely create new page","","D:\github\ron-english-sketches-and-drawings\images\Sketches\grins\Dog Grin B&W.png"
"Dog Grin COLOR.jpg",".jpg","302.3","False","Dog Grin","dog-grin.html","Digitized Versions","False","Likely create new page","","D:\github\ron-english-sketches-and-drawings\images\Sketches\grins\Dog Grin COLOR.jpg"
"Dog Grin ORIGINAL COLOR 1.jpg",".jpg","68","False","Dog Grin","dog-grin.html","Original Drawing","False","Likely create new page","Contains ORIGINAL COLOR: review whether original, color study, digitized version, or collector card.","D:\github\ron-english-sketches-and-drawings\images\Sketches\grins\Dog Grin ORIGINAL COLOR 1.jpg"
"Dog Grin ORIGINAL COLOR 2.jpg",".jpg","152.7","False","Dog Grin","dog-grin.html","Original Drawing","False","Likely create new page","Contains ORIGINAL COLOR: review whether original, color study, digitized version, or collector card.","D:\github\ron-english-sketches-and-drawings\images\Sketches\grins\Dog Grin ORIGINAL COLOR 2.jpg"
"Dog Grin ORIGINAL.jpg",".jpg","307.5","False","Dog Grin","dog-grin.html","Original Drawing","False","Likely create new page","","D:\github\ron-english-sketches-and-drawings\images\Sketches\grins\Dog Grin ORIGINAL.jpg"
"Dog Head Grin B&W.jpg",".jpg","306.6","False","Dog Head Grin","dog-head-grin.html","Digitized Versions","False","Likely create new page","Filename suggests a view/turnaround or part-specific image.","D:\github\ron-english-sketches-and-drawings\images\Sketches\grins\Dog Head Grin B&W.jpg"
"Dog Head Grin COLOR.jpg",".jpg","355.9","False","Dog Head Grin","dog-head-grin.html","Digitized Versions","False","Likely create new page","Filename suggests a view/turnaround or part-specific image.","D:\github\ron-english-sketches-and-drawings\images\Sketches\grins\Dog Head Grin COLOR.jpg"
"Dog Head Grin ORIGINAL.jpg",".jpg","184.3","False","Dog Head Grin","dog-head-grin.html","Original Drawing","False","Likely create new page","Filename suggests a view/turnaround or part-specific image.","D:\github\ron-english-sketches-and-drawings\images\Sketches\grins\Dog Head Grin ORIGINAL.jpg"
"Dr Bub Quack Grin B&W.jpg",".jpg","383","False","Dr Bub Quack Grin","dr-bub-quack-grin.html","Digitized Versions","True","Add to existing page","","D:\github\ron-english-sketches-and-drawings\images\Sketches\grins\Dr Bub Quack Grin B&W.jpg"
"Dripping Grin B&W.jpg",".jpg","294.6","False","Dripping Grin","dripping-grin.html","Digitized Versions","True","Add to existing page","","D:\github\ron-english-sketches-and-drawings\images\Sketches\grins\Dripping Grin B&W.jpg"
"Dripping Grin head B&W.jpg",".jpg","442.7","False","Dripping Grin","dripping-grin.html","Digitized Versions","True","Add to existing page","Filename suggests a view/turnaround or part-specific image.","D:\github\ron-english-sketches-and-drawings\images\Sketches\grins\Dripping Grin head B&W.jpg"
"Dripping Grin ORIGINAL COLOR.jpg",".jpg","504.2","False","Dripping Grin","dripping-grin.html","Original Drawing","True","Add to existing page","Contains ORIGINAL COLOR: review whether original, color study, digitized version, or collector card.","D:\github\ron-english-sketches-and-drawings\images\Sketches\grins\Dripping Grin ORIGINAL COLOR.jpg"
"Droopy Dog Grin COLOR.jpg",".jpg","345.9","False","Droopy Dog Grin","droopy-dog-grin.html","Digitized Versions","True","Add to existing page","","D:\github\ron-english-sketches-and-drawings\images\Sketches\grins\Droopy Dog Grin COLOR.jpg"
"Dunny Grin B&W.jpg",".jpg","252.5","False","Dunny Grin","dunny-grin.html","Digitized Versions","True","Add to existing page","","D:\github\ron-english-sketches-and-drawings\images\Sketches\grins\Dunny Grin B&W.jpg"
"Dunny Grin COLOR.jpg",".jpg","445.6","False","Dunny Grin","dunny-grin.html","Digitized Versions","True","Add to existing page","","D:\github\ron-english-sketches-and-drawings\images\Sketches\grins\Dunny Grin COLOR.jpg"
"Elefanka Grin Side View B&W.png",".png","80.7","False","Elefanka Grin","elefanka-grin.html","Digitized Versions","False","Likely create new page","Filename suggests a view/turnaround or part-specific image.","D:\github\ron-english-sketches-and-drawings\images\Sketches\grins\Elefanka Grin Side View B&W.png"
"Elefanka Grin Side View COLOR.jpg",".jpg","110","False","Elefanka Grin","elefanka-grin.html","Digitized Versions","False","Likely create new page","Filename suggests a view/turnaround or part-specific image.","D:\github\ron-english-sketches-and-drawings\images\Sketches\grins\Elefanka Grin Side View COLOR.jpg"
"Elefanka Grin Side View COLOR.png",".png","125.8","False","Elefanka Grin","elefanka-grin.html","Digitized Versions","False","Likely create new page","Filename suggests a view/turnaround or part-specific image.","D:\github\ron-english-sketches-and-drawings\images\Sketches\grins\Elefanka Grin Side View COLOR.png"
"Elefanka With Angel Wings Grin B&W.jpg",".jpg","262.9","False","Elefanka With Angel Wings Grin","elefanka-with-angel-wings-grin.html","Digitized Versions","False","Likely create new page","","D:\github\ron-english-sketches-and-drawings\images\Sketches\grins\Elefanka With Angel Wings Grin B&W.jpg"
"Elefanka With Angel Wings Grin COLOR.jpg",".jpg","294.4","False","Elefanka With Angel Wings Grin","elefanka-with-angel-wings-grin.html","Digitized Versions","False","Likely create new page","","D:\github\ron-english-sketches-and-drawings\images\Sketches\grins\Elefanka With Angel Wings Grin COLOR.jpg"
"Elephant Grin B&W.jpg",".jpg","296.5","False","Elephant Grin","elephant-grin.html","Digitized Versions","True","Add to existing page","","D:\github\ron-english-sketches-and-drawings\images\Sketches\grins\Elephant Grin B&W.jpg"
"Elephant Grin COLOR.jpg",".jpg","507.1","False","Elephant Grin","elephant-grin.html","Digitized Versions","True","Add to existing page","","D:\github\ron-english-sketches-and-drawings\images\Sketches\grins\Elephant Grin COLOR.jpg"
"Elephant Grin ORIGINAL COLOR 2.jpg",".jpg","135","False","Elephant Grin","elephant-grin.html","Original Drawing","True","Add to existing page","Contains ORIGINAL COLOR: review whether original, color study, digitized version, or collector card.","D:\github\ron-english-sketches-and-drawings\images\Sketches\grins\Elephant Grin ORIGINAL COLOR 2.jpg"
"Eminem Grin COLOR.jpg",".jpg","300.8","False","Eminem Grin","eminem-grin.html","Digitized Versions","True","Add to existing page","","D:\github\ron-english-sketches-and-drawings\images\Sketches\grins\Eminem Grin COLOR.jpg"
"Ernie Grin B&W.jpg",".jpg","54.9","False","Ernie Grin","ernie-grin.html","Digitized Versions","True","Add to existing page","","D:\github\ron-english-sketches-and-drawings\images\Sketches\grins\Ernie Grin B&W.jpg"
"EZ Nuts Grin 1 COLOR.jpg",".jpg","218.9","False","EZ Nuts Grin 1","ez-nuts-grin-1.html","Digitized Versions","False","Likely create new page","","D:\github\ron-english-sketches-and-drawings\images\Sketches\grins\EZ Nuts Grin 1 COLOR.jpg"
"EZ Nuts Grin 2 COLOR.jpg",".jpg","207.8","False","EZ Nuts Grin 2","ez-nuts-grin-2.html","Digitized Versions","False","Likely create new page","","D:\github\ron-english-sketches-and-drawings\images\Sketches\grins\EZ Nuts Grin 2 COLOR.jpg"
"EZ Nuts Grin 3 COLOR.jpg",".jpg","214.7","False","EZ Nuts Grin 3","ez-nuts-grin-3.html","Digitized Versions","False","Likely create new page","","D:\github\ron-english-sketches-and-drawings\images\Sketches\grins\EZ Nuts Grin 3 COLOR.jpg"
"Faze Banks Grin B&W.jpg",".jpg","334.1","False","Faze Banks Grin","faze-banks-grin.html","Digitized Versions","True","Add to existing page","","D:\github\ron-english-sketches-and-drawings\images\Sketches\grins\Faze Banks Grin B&W.jpg"
"Felix Grin Front B&W.jpg",".jpg","321.7","False","Felix Grin","felix-grin.html","Digitized Versions","True","Add to existing page","Filename suggests a view/turnaround or part-specific image.","D:\github\ron-english-sketches-and-drawings\images\Sketches\grins\Felix Grin Front B&W.jpg"
"Felix Grin ORIGINAL COLOR.jpg",".jpg","137.6","False","Felix Grin","felix-grin.html","Original Drawing","True","Add to existing page","Contains ORIGINAL COLOR: review whether original, color study, digitized version, or collector card.","D:\github\ron-english-sketches-and-drawings\images\Sketches\grins\Felix Grin ORIGINAL COLOR.jpg"
"Felix Grin side B&W.jpg",".jpg","259.1","False","Felix Grin","felix-grin.html","Digitized Versions","True","Add to existing page","Filename suggests a view/turnaround or part-specific image.","D:\github\ron-english-sketches-and-drawings\images\Sketches\grins\Felix Grin side B&W.jpg"
"Finn Grin B&W.jpg",".jpg","304","False","Finn Grin","finn-grin.html","Digitized Versions","False","Likely create new page","","D:\github\ron-english-sketches-and-drawings\images\Sketches\grins\Finn Grin B&W.jpg"
"Finn Grin COLOR.jpg",".jpg","429.7","False","Finn Grin","finn-grin.html","Digitized Versions","False","Likely create new page","","D:\github\ron-english-sketches-and-drawings\images\Sketches\grins\Finn Grin COLOR.jpg"
"Finn Grin ORIGINAL COLOR.jpg",".jpg","125","False","Finn Grin","finn-grin.html","Original Drawing","False","Likely create new page","Contains ORIGINAL COLOR: review whether original, color study, digitized version, or collector card.","D:\github\ron-english-sketches-and-drawings\images\Sketches\grins\Finn Grin ORIGINAL COLOR.jpg"
"Flaming O Grin B&W.jpg",".jpg","241.8","False","Flaming O Grin","flaming-o-grin.html","Digitized Versions","True","Add to existing page","","D:\github\ron-english-sketches-and-drawings\images\Sketches\grins\Flaming O Grin B&W.jpg"
"Flaming O Grin COLOR.jpg",".jpg","271.2","False","Flaming O Grin","flaming-o-grin.html","Digitized Versions","True","Add to existing page","","D:\github\ron-english-sketches-and-drawings\images\Sketches\grins\Flaming O Grin COLOR.jpg"
"Flower Brain Grin ORIGINAL COLOR.jpg",".jpg","169.8","False","Flower Brain Grin","flower-brain-grin.html","Original Drawing","True","Add to existing page","Contains ORIGINAL COLOR: review whether original, color study, digitized version, or collector card.","D:\github\ron-english-sketches-and-drawings\images\Sketches\grins\Flower Brain Grin ORIGINAL COLOR.jpg"
"Flower Grin COLOR.jpg",".jpg","384.4","False","Flower Grin","flower-grin.html","Digitized Versions","True","Add to existing page","","D:\github\ron-english-sketches-and-drawings\images\Sketches\grins\Flower Grin COLOR.jpg"
"Flying Grinnie B&W.jpg",".jpg","302.2","False","Flying Grinnie","flying-grinnie.html","Digitized Versions","True","Add to existing page","","D:\github\ron-english-sketches-and-drawings\images\Sketches\grins\Flying Grinnie B&W.jpg"
"Flying Grinnie COLOR.jpg",".jpg","369.8","False","Flying Grinnie","flying-grinnie.html","Digitized Versions","True","Add to existing page","","D:\github\ron-english-sketches-and-drawings\images\Sketches\grins\Flying Grinnie COLOR.jpg"
"Football Player Grin B&W.jpg",".jpg","240.5","False","Football Player Grin","football-player-grin.html","Digitized Versions","True","Add to existing page","","D:\github\ron-english-sketches-and-drawings\images\Sketches\grins\Football Player Grin B&W.jpg"
"Football Player Grin COLOR.jpg",".jpg","255.6","False","Football Player Grin","football-player-grin.html","Digitized Versions","True","Add to existing page","","D:\github\ron-english-sketches-and-drawings\images\Sketches\grins\Football Player Grin COLOR.jpg"
"Franken Fat Grin B&W.jpg",".jpg","410.3","False","Franken Fat Grin","franken-fat-grin.html","Digitized Versions","True","Add to existing page","","D:\github\ron-english-sketches-and-drawings\images\Sketches\grins\Franken Fat Grin B&W.jpg"
"Franken Grin ORIGINAL COLOR.png",".png","242.7","False","Franken Grin","franken-grin.html","Original Drawing","True","Add to existing page","Contains ORIGINAL COLOR: review whether original, color study, digitized version, or collector card.","D:\github\ron-english-sketches-and-drawings\images\Sketches\grins\Franken Grin ORIGINAL COLOR.png"
"Freak Bro Afro Stache COLOR.jpg",".jpg","470.3","False","Freak Bro Afro Stache","freak-bro-afro-stache.html","Digitized Versions","True","Add to existing page","","D:\github\ron-english-sketches-and-drawings\images\Sketches\grins\Freak Bro Afro Stache COLOR.jpg"
"Freak Bro Grin COLOR.jpg",".jpg","539.8","False","Freak Bro Grin","freak-bro-grin.html","Digitized Versions","True","Add to existing page","","D:\github\ron-english-sketches-and-drawings\images\Sketches\grins\Freak Bro Grin COLOR.jpg"
"Freak Cat B&W.jpg",".jpg","296.8","False","Freak Cat","freak-cat.html","Digitized Versions","True","Add to existing page","","D:\github\ron-english-sketches-and-drawings\images\Sketches\grins\Freak Cat B&W.jpg"
"Freak Cat COLOR.jpg",".jpg","440.2","False","Freak Cat","freak-cat.html","Digitized Versions","True","Add to existing page","","D:\github\ron-english-sketches-and-drawings\images\Sketches\grins\Freak Cat COLOR.jpg"
"Freddy Funko Grin 2 B&W.jpg",".jpg","313.5","False","Freddy Funko Grin 2","freddy-funko-grin-2.html","Digitized Versions","False","Likely create new page","","D:\github\ron-english-sketches-and-drawings\images\Sketches\grins\Freddy Funko Grin 2 B&W.jpg"
"Freddy Funko Grin 2 COLOR.jpg",".jpg","357","False","Freddy Funko Grin 2","freddy-funko-grin-2.html","Digitized Versions","False","Likely create new page","","D:\github\ron-english-sketches-and-drawings\images\Sketches\grins\Freddy Funko Grin 2 COLOR.jpg"
"Freddy Funko Grin B&W.jpg",".jpg","323.9","False","Freddy Funko Grin","freddy-funko-grin.html","Digitized Versions","False","Likely create new page","","D:\github\ron-english-sketches-and-drawings\images\Sketches\grins\Freddy Funko Grin B&W.jpg"
"Freddy Funko Grin COLOR.jpg",".jpg","380.2","False","Freddy Funko Grin","freddy-funko-grin.html","Digitized Versions","False","Likely create new page","","D:\github\ron-english-sketches-and-drawings\images\Sketches\grins\Freddy Funko Grin COLOR.jpg"
"Garfield Grin B&W.jpg",".jpg","386.2","False","Garfield Grin","garfield-grin.html","Digitized Versions","True","Add to existing page","","D:\github\ron-english-sketches-and-drawings\images\Sketches\grins\Garfield Grin B&W.jpg"
"Garfield Grin COLOR.1.jpg",".jpg","194.2","False","Garfield Grin COLOR.1","garfield-grin-color-1.html","Digitized Versions","False","Likely create new page","","D:\github\ron-english-sketches-and-drawings\images\Sketches\grins\Garfield Grin COLOR.1.jpg"
"Garfield Grin COLOR.jpg",".jpg","306.6","False","Garfield Grin","garfield-grin.html","Digitized Versions","True","Add to existing page","","D:\github\ron-english-sketches-and-drawings\images\Sketches\grins\Garfield Grin COLOR.jpg"
"George Jetson Grin B&W.jpg",".jpg","329.5","False","George Jetson Grin","george-jetson-grin.html","Digitized Versions","True","Add to existing page","","D:\github\ron-english-sketches-and-drawings\images\Sketches\grins\George Jetson Grin B&W.jpg"
"George Jetson Grin COLOR.jpg",".jpg","343.9","False","George Jetson Grin","george-jetson-grin.html","Digitized Versions","True","Add to existing page","","D:\github\ron-english-sketches-and-drawings\images\Sketches\grins\George Jetson Grin COLOR.jpg"
"Globe Grin ORIGINAL COLOR.jpg",".jpg","91.8","False","Globe Grin","globe-grin.html","Original Drawing","False","Likely create new page","Contains ORIGINAL COLOR: review whether original, color study, digitized version, or collector card.","D:\github\ron-english-sketches-and-drawings\images\Sketches\grins\Globe Grin ORIGINAL COLOR.jpg"
"Godzilla Heart Grin B&W.jpg",".jpg","401.4","False","Godzilla Heart Grin","godzilla-heart-grin.html","Digitized Versions","True","Add to existing page","","D:\github\ron-english-sketches-and-drawings\images\Sketches\grins\Godzilla Heart Grin B&W.jpg"
"Gorilla Grin 2 back B&W.jpg",".jpg","370.2","False","Gorilla Grin 2","gorilla-grin-2.html","Digitized Versions","True","Add to existing page","Filename suggests a view/turnaround or part-specific image.","D:\github\ron-english-sketches-and-drawings\images\Sketches\grins\Gorilla Grin 2 back B&W.jpg"
"Gorilla Grin 2 Front B&W.jpg",".jpg","344.5","False","Gorilla Grin 2","gorilla-grin-2.html","Digitized Versions","True","Add to existing page","Filename suggests a view/turnaround or part-specific image.","D:\github\ron-english-sketches-and-drawings\images\Sketches\grins\Gorilla Grin 2 Front B&W.jpg"
"Gorilla Grin 2 side COLOR.jpg",".jpg","316","False","Gorilla Grin 2","gorilla-grin-2.html","Digitized Versions","True","Add to existing page","Filename suggests a view/turnaround or part-specific image.","D:\github\ron-english-sketches-and-drawings\images\Sketches\grins\Gorilla Grin 2 side COLOR.jpg"
"Gorilla Grin COLOR.jpg",".jpg","358.7","False","Gorilla Grin","gorilla-grin.html","Digitized Versions","True","Add to existing page","","D:\github\ron-english-sketches-and-drawings\images\Sketches\grins\Gorilla Grin COLOR.jpg"
"Gorilla grin ORIGINAL COLOR 2.png",".png","222.2","False","Gorilla grin","gorilla-grin.html","Original Drawing","True","Add to existing page","Contains ORIGINAL COLOR: review whether original, color study, digitized version, or collector card.","D:\github\ron-english-sketches-and-drawings\images\Sketches\grins\Gorilla grin ORIGINAL COLOR 2.png"
"Grim Grin (Grin Reaper) B&W.jpg",".jpg","380","False","Grim Grin (Grin Reaper)","grim-grin-grin-reaper.html","Digitized Versions","True","Add to existing page","","D:\github\ron-english-sketches-and-drawings\images\Sketches\grins\Grim Grin (Grin Reaper) B&W.jpg"
"Grim Grin (Grin Reaper) COLOR.jpg",".jpg","284.8","False","Grim Grin (Grin Reaper)","grim-grin-grin-reaper.html","Digitized Versions","True","Add to existing page","","D:\github\ron-english-sketches-and-drawings\images\Sketches\grins\Grim Grin (Grin Reaper) COLOR.jpg"
"Grim Reaper Grin ORIGINAL COLOR 2.jpg",".jpg","143.8","False","Grim Reaper Grin","grim-reaper-grin.html","Original Drawing","True","Add to existing page","Contains ORIGINAL COLOR: review whether original, color study, digitized version, or collector card.","D:\github\ron-english-sketches-and-drawings\images\Sketches\grins\Grim Reaper Grin ORIGINAL COLOR 2.jpg"
"Grim Reefer COLOR.jpg",".jpg","321.4","False","Grim Reefer","grim-reefer.html","Digitized Versions","True","Add to existing page","","D:\github\ron-english-sketches-and-drawings\images\Sketches\grins\Grim Reefer COLOR.jpg"
"Grin animation back B&W.jpg",".jpg","274.6","False","Grin animation","grin-animation.html","Digitized Versions","True","Add to existing page","Filename suggests a view/turnaround or part-specific image.","D:\github\ron-english-sketches-and-drawings\images\Sketches\grins\Grin animation back B&W.jpg"
"Grin animation back COLOR.jpg",".jpg","449.7","False","Grin animation","grin-animation.html","Digitized Versions","True","Add to existing page","Filename suggests a view/turnaround or part-specific image.","D:\github\ron-english-sketches-and-drawings\images\Sketches\grins\Grin animation back COLOR.jpg"
"Grin B&W.jpg",".jpg","380.9","False","Grin","grin.html","Digitized Versions","False","Likely create new page","","D:\github\ron-english-sketches-and-drawings\images\Sketches\grins\Grin B&W.jpg"
"Grin Brain Cone B&W.jpg",".jpg","518.6","False","Grin Brain Cone","grin-brain-cone.html","Digitized Versions","True","Add to existing page","","D:\github\ron-english-sketches-and-drawings\images\Sketches\grins\Grin Brain Cone B&W.jpg"
"Grin Bunny Three Ears COLOR.jpg",".jpg","403.9","False","Grin Bunny Three Ears","grin-bunny-three-ears.html","Digitized Versions","True","Add to existing page","","D:\github\ron-english-sketches-and-drawings\images\Sketches\grins\Grin Bunny Three Ears COLOR.jpg"
"Grin Car back B&W.jpg",".jpg","458","False","Grin Car","grin-car.html","Digitized Versions","True","Add to existing page","Filename suggests a view/turnaround or part-specific image.","D:\github\ron-english-sketches-and-drawings\images\Sketches\grins\Grin Car back B&W.jpg"
"Grin Car front COLOR.jpg",".jpg","439","False","Grin Car","grin-car.html","Digitized Versions","True","Add to existing page","Filename suggests a view/turnaround or part-specific image.","D:\github\ron-english-sketches-and-drawings\images\Sketches\grins\Grin Car front COLOR.jpg"
"Grin Car side B&W.jpg",".jpg","477.4","False","Grin Car","grin-car.html","Digitized Versions","True","Add to existing page","Filename suggests a view/turnaround or part-specific image.","D:\github\ron-english-sketches-and-drawings\images\Sketches\grins\Grin Car side B&W.jpg"
"Grin Car three quarters COLOR.jpg",".jpg","333.8","False","Grin Car","grin-car.html","Digitized Versions","True","Add to existing page","Filename suggests a view/turnaround or part-specific image.","D:\github\ron-english-sketches-and-drawings\images\Sketches\grins\Grin Car three quarters COLOR.jpg"
"Grin Flower B&W.jpg",".jpg","332.7","False","Grin Flower","grin-flower.html","Digitized Versions","True","Add to existing page","","D:\github\ron-english-sketches-and-drawings\images\Sketches\grins\Grin Flower B&W.jpg"
"Grin God back B&W.jpg",".jpg","351.2","False","Grin God","grin-god.html","Digitized Versions","True","Add to existing page","Filename suggests a view/turnaround or part-specific image.","D:\github\ron-english-sketches-and-drawings\images\Sketches\grins\Grin God back B&W.jpg"
"Grin God back COLOR.jpg",".jpg","313.5","False","Grin God","grin-god.html","Digitized Versions","True","Add to existing page","Filename suggests a view/turnaround or part-specific image.","D:\github\ron-english-sketches-and-drawings\images\Sketches\grins\Grin God back COLOR.jpg"
"Grin God COLOR.jpg",".jpg","270","False","Grin God","grin-god.html","Digitized Versions","True","Add to existing page","","D:\github\ron-english-sketches-and-drawings\images\Sketches\grins\Grin God COLOR.jpg"
"Grin Planet COLOR.jpg",".jpg","302.4","False","Grin Planet","grin-planet.html","Digitized Versions","True","Add to existing page","","D:\github\ron-english-sketches-and-drawings\images\Sketches\grins\Grin Planet COLOR.jpg"
"Grin Reaper version 2 COLOR.jpg",".jpg","431.8","False","Grin Reaper version 2","grin-reaper-version-2.html","Digitized Versions","True","Add to existing page","","D:\github\ron-english-sketches-and-drawings\images\Sketches\grins\Grin Reaper version 2 COLOR.jpg"
"Grin Smoker B&W.jpg",".jpg","370.6","False","Grin Smoker","grin-smoker.html","Digitized Versions","True","Add to existing page","","D:\github\ron-english-sketches-and-drawings\images\Sketches\grins\Grin Smoker B&W.jpg"
"Grinch Grin COLOR.jpg",".jpg","292.8","False","Grinch Grin","grinch-grin.html","Digitized Versions","True","Add to existing page","","D:\github\ron-english-sketches-and-drawings\images\Sketches\grins\Grinch Grin COLOR.jpg"
"Grinnie COLOR.jpg",".jpg","443.5","False","Grinnie","grinnie.html","Digitized Versions","True","Add to existing page","","D:\github\ron-english-sketches-and-drawings\images\Sketches\grins\Grinnie COLOR.jpg"
"Grinnie Delusionville Pilot in plane side B&W.jpg",".jpg","398.7","False","Grinnie Delusionville Pilot in plane","grinnie-delusionville-pilot-in-plane.html","Digitized Versions","True","Add to existing page","Filename suggests a view/turnaround or part-specific image.","D:\github\ron-english-sketches-and-drawings\images\Sketches\grins\Grinnie Delusionville Pilot in plane side B&W.jpg"
"Grinnie Delusionville Pilot in plane side COLOR.jpg",".jpg","417.4","False","Grinnie Delusionville Pilot in plane","grinnie-delusionville-pilot-in-plane.html","Digitized Versions","True","Add to existing page","Filename suggests a view/turnaround or part-specific image.","D:\github\ron-english-sketches-and-drawings\images\Sketches\grins\Grinnie Delusionville Pilot in plane side COLOR.jpg"
"Grinnie Delusionville Pilot in plane three quarters B&W.png",".png","73.2","False","Grinnie Delusionville Pilot in plane","grinnie-delusionville-pilot-in-plane.html","Digitized Versions","True","Add to existing page","Filename suggests a view/turnaround or part-specific image.","D:\github\ron-english-sketches-and-drawings\images\Sketches\grins\Grinnie Delusionville Pilot in plane three quarters B&W.png"
"Grinnie Delusionville Pilot side B&W.jpg",".jpg","383.6","False","Grinnie Delusionville Pilot","grinnie-delusionville-pilot.html","Digitized Versions","True","Add to existing page","Filename suggests a view/turnaround or part-specific image.","D:\github\ron-english-sketches-and-drawings\images\Sketches\grins\Grinnie Delusionville Pilot side B&W.jpg"
"Grinnie Sideview Eyeball B&W.jpg",".jpg","327.2","False","Grinnie Sideview Eyeball","grinnie-sideview-eyeball.html","Digitized Versions","False","Likely create new page","Filename suggests a view/turnaround or part-specific image.","D:\github\ron-english-sketches-and-drawings\images\Sketches\grins\Grinnie Sideview Eyeball B&W.jpg"
"Grinnie Sideview Eyeball COLOR.jpg",".jpg","469.7","False","Grinnie Sideview Eyeball","grinnie-sideview-eyeball.html","Digitized Versions","False","Likely create new page","Filename suggests a view/turnaround or part-specific image.","D:\github\ron-english-sketches-and-drawings\images\Sketches\grins\Grinnie Sideview Eyeball COLOR.jpg"
"Grinnies Grin B&W.jpg",".jpg","289.5","False","Grinnies Grin","grinnies-grin.html","Digitized Versions","True","Add to existing page","","D:\github\ron-english-sketches-and-drawings\images\Sketches\grins\Grinnies Grin B&W.jpg"
"Grinnies Grin ORIGINAL.jpg",".jpg","452.5","False","Grinnies Grin","grinnies-grin.html","Original Drawing","True","Add to existing page","","D:\github\ron-english-sketches-and-drawings\images\Sketches\grins\Grinnies Grin ORIGINAL.jpg"
"Grinnies on TV COLOR.jpg",".jpg","262.2","False","Grinnies on TV","grinnies-on-tv.html","Digitized Versions","True","Add to existing page","","D:\github\ron-english-sketches-and-drawings\images\Sketches\grins\Grinnies on TV COLOR.jpg"
"Grinnies Twins B&W.jpg",".jpg","413.9","False","Grinnies Twins","grinnies-twins.html","Digitized Versions","True","Add to existing page","","D:\github\ron-english-sketches-and-drawings\images\Sketches\grins\Grinnies Twins B&W.jpg"
"Grogu Grin B&W.jpg",".jpg","274.1","False","Grogu Grin","grogu-grin.html","Digitized Versions","False","Likely create new page","","D:\github\ron-english-sketches-and-drawings\images\Sketches\grins\Grogu Grin B&W.jpg"
"Grogu Grin COLOR.jpg",".jpg","55.2","False","Grogu Grin","grogu-grin.html","Digitized Versions","False","Likely create new page","","D:\github\ron-english-sketches-and-drawings\images\Sketches\grins\Grogu Grin COLOR.jpg"
"Grouch Grin B&W.jpg",".jpg","493.4","False","Grouch Grin","grouch-grin.html","Digitized Versions","True","Add to existing page","","D:\github\ron-english-sketches-and-drawings\images\Sketches\grins\Grouch Grin B&W.jpg"
"Grouch Grin COLOR.jpg",".jpg","392","False","Grouch Grin","grouch-grin.html","Digitized Versions","True","Add to existing page","","D:\github\ron-english-sketches-and-drawings\images\Sketches\grins\Grouch Grin COLOR.jpg"
"Gummy Bear Grin B&W.jpg",".jpg","347.1","False","Gummy Bear Grin","gummy-bear-grin.html","Digitized Versions","True","Add to existing page","","D:\github\ron-english-sketches-and-drawings\images\Sketches\grins\Gummy Bear Grin B&W.jpg"
"Gummy Bear Grin COLOR.jpg",".jpg","546","False","Gummy Bear Grin","gummy-bear-grin.html","Digitized Versions","True","Add to existing page","","D:\github\ron-english-sketches-and-drawings\images\Sketches\grins\Gummy Bear Grin COLOR.jpg"
"Hawaiian Punch Grin B&W.jpg",".jpg","430.7","False","Hawaiian Punch Grin","hawaiian-punch-grin.html","Digitized Versions","True","Add to existing page","","D:\github\ron-english-sketches-and-drawings\images\Sketches\grins\Hawaiian Punch Grin B&W.jpg"
"Hawaiian Punch Grin COLOR.jpg",".jpg","451.3","False","Hawaiian Punch Grin","hawaiian-punch-grin.html","Digitized Versions","True","Add to existing page","","D:\github\ron-english-sketches-and-drawings\images\Sketches\grins\Hawaiian Punch Grin COLOR.jpg"
"Hello Kitty Grin B&W.jpg",".jpg","313.2","False","Hello Kitty Grin","hello-kitty-grin.html","Digitized Versions","True","Add to existing page","","D:\github\ron-english-sketches-and-drawings\images\Sketches\grins\Hello Kitty Grin B&W.jpg"
"Hello Kitty Grin COLOR.jpg",".jpg","481.9","False","Hello Kitty Grin","hello-kitty-grin.html","Digitized Versions","True","Add to existing page","","D:\github\ron-english-sketches-and-drawings\images\Sketches\grins\Hello Kitty Grin COLOR.jpg"
"Hello Kitty Grin left side COLOR.jpg",".jpg","413.6","False","Hello Kitty Grin","hello-kitty-grin.html","Digitized Versions","True","Add to existing page","Filename suggests a view/turnaround or part-specific image.","D:\github\ron-english-sketches-and-drawings\images\Sketches\grins\Hello Kitty Grin left side COLOR.jpg"
"Hello Kitty Grin ORIGINAL COLOR.jpg",".jpg","208.5","False","Hello Kitty Grin","hello-kitty-grin.html","Original Drawing","True","Add to existing page","Contains ORIGINAL COLOR: review whether original, color study, digitized version, or collector card.","D:\github\ron-english-sketches-and-drawings\images\Sketches\grins\Hello Kitty Grin ORIGINAL COLOR.jpg"
"Hello Kitty Grin right side COLOR.jpg",".jpg","381.5","False","Hello Kitty Grin","hello-kitty-grin.html","Digitized Versions","True","Add to existing page","Filename suggests a view/turnaround or part-specific image.","D:\github\ron-english-sketches-and-drawings\images\Sketches\grins\Hello Kitty Grin right side COLOR.jpg"
"Hello Kitty ORIGINAL COLOR.jpg",".jpg","129","False","Hello Kitty","hello-kitty.html","Original Drawing","False","Likely create new page","Contains ORIGINAL COLOR: review whether original, color study, digitized version, or collector card.","D:\github\ron-english-sketches-and-drawings\images\Sketches\grins\Hello Kitty ORIGINAL COLOR.jpg"
"Homer Grin 3 back B&W.jpg",".jpg","402.9","False","Homer Grin 3","homer-grin-3.html","Digitized Versions","True","Add to existing page","Filename suggests a view/turnaround or part-specific image.","D:\github\ron-english-sketches-and-drawings\images\Sketches\grins\Homer Grin 3 back B&W.jpg"
"Homer Grin 3 back COLOR.jpg",".jpg","430.3","False","Homer Grin 3","homer-grin-3.html","Digitized Versions","True","Add to existing page","Filename suggests a view/turnaround or part-specific image.","D:\github\ron-english-sketches-and-drawings\images\Sketches\grins\Homer Grin 3 back COLOR.jpg"
"Homer Grin 3 left side B&W.jpg",".jpg","290.5","False","Homer Grin 3","homer-grin-3.html","Digitized Versions","True","Add to existing page","Filename suggests a view/turnaround or part-specific image.","D:\github\ron-english-sketches-and-drawings\images\Sketches\grins\Homer Grin 3 left side B&W.jpg"
"Homer Grin 3 left side COLOR.jpg",".jpg","306.8","False","Homer Grin 3","homer-grin-3.html","Digitized Versions","True","Add to existing page","Filename suggests a view/turnaround or part-specific image.","D:\github\ron-english-sketches-and-drawings\images\Sketches\grins\Homer Grin 3 left side COLOR.jpg"
"Homer Grin 3 right side B&W.jpg",".jpg","289.7","False","Homer Grin 3","homer-grin-3.html","Digitized Versions","True","Add to existing page","Filename suggests a view/turnaround or part-specific image.","D:\github\ron-english-sketches-and-drawings\images\Sketches\grins\Homer Grin 3 right side B&W.jpg"
"Homer Grin 3 right side COLOR.jpg",".jpg","305.7","False","Homer Grin 3","homer-grin-3.html","Digitized Versions","True","Add to existing page","Filename suggests a view/turnaround or part-specific image.","D:\github\ron-english-sketches-and-drawings\images\Sketches\grins\Homer Grin 3 right side COLOR.jpg"
"Homer Grin B&W.jpg",".jpg","298.7","False","Homer Grin","homer-grin.html","Digitized Versions","True","Add to existing page","","D:\github\ron-english-sketches-and-drawings\images\Sketches\grins\Homer Grin B&W.jpg"
"Homer Grin COLOR.jpg",".jpg","522.8","False","Homer Grin","homer-grin.html","Digitized Versions","True","Add to existing page","","D:\github\ron-english-sketches-and-drawings\images\Sketches\grins\Homer Grin COLOR.jpg"
"Homer Grin Flying B&W.jpg",".jpg","321.6","False","Homer Grin Flying","homer-grin-flying.html","Digitized Versions","True","Add to existing page","","D:\github\ron-english-sketches-and-drawings\images\Sketches\grins\Homer Grin Flying B&W.jpg"
"Homer Grin Flying COLOR.jpg",".jpg","479.9","False","Homer Grin Flying","homer-grin-flying.html","Digitized Versions","True","Add to existing page","","D:\github\ron-english-sketches-and-drawings\images\Sketches\grins\Homer Grin Flying COLOR.jpg"
"Homer Grin headshot B&W.jpg",".jpg","343.3","False","Homer Grin","homer-grin.html","Digitized Versions","True","Add to existing page","Filename suggests a view/turnaround or part-specific image.","D:\github\ron-english-sketches-and-drawings\images\Sketches\grins\Homer Grin headshot B&W.jpg"
"Homer Grin headshot side B&W.jpg",".jpg","302.9","False","Homer Grin","homer-grin.html","Digitized Versions","True","Add to existing page","Filename suggests a view/turnaround or part-specific image.","D:\github\ron-english-sketches-and-drawings\images\Sketches\grins\Homer Grin headshot side B&W.jpg"
"Homer grin version 2 back B&W.jpg",".jpg","382","False","Homer grin version 2","homer-grin-version-2.html","Digitized Versions","True","Add to existing page","Filename suggests a view/turnaround or part-specific image.","D:\github\ron-english-sketches-and-drawings\images\Sketches\grins\Homer grin version 2 back B&W.jpg"
"Homer grin version 2 back COLOR.jpg",".jpg","377.4","False","Homer grin version 2","homer-grin-version-2.html","Digitized Versions","True","Add to existing page","Filename suggests a view/turnaround or part-specific image.","D:\github\ron-english-sketches-and-drawings\images\Sketches\grins\Homer grin version 2 back COLOR.jpg"
"Homer Grin version 2 left side B&W.jpg",".jpg","305.1","False","Homer Grin version 2","homer-grin-version-2.html","Digitized Versions","True","Add to existing page","Filename suggests a view/turnaround or part-specific image.","D:\github\ron-english-sketches-and-drawings\images\Sketches\grins\Homer Grin version 2 left side B&W.jpg"
"Homer Grin version 2 left side COLOR.jpg",".jpg","329.1","False","Homer Grin version 2","homer-grin-version-2.html","Digitized Versions","True","Add to existing page","Filename suggests a view/turnaround or part-specific image.","D:\github\ron-english-sketches-and-drawings\images\Sketches\grins\Homer Grin version 2 left side COLOR.jpg"
"Homer Grin version 2 right side B&W.jpg",".jpg","322","False","Homer Grin version 2","homer-grin-version-2.html","Digitized Versions","True","Add to existing page","Filename suggests a view/turnaround or part-specific image.","D:\github\ron-english-sketches-and-drawings\images\Sketches\grins\Homer Grin version 2 right side B&W.jpg"
"Homer Grin version 2 right side COLOR.jpg",".jpg","346.5","False","Homer Grin version 2","homer-grin-version-2.html","Digitized Versions","True","Add to existing page","Filename suggests a view/turnaround or part-specific image.","D:\github\ron-english-sketches-and-drawings\images\Sketches\grins\Homer Grin version 2 right side COLOR.jpg"
"Honey Butts Grin COLOR.jpg",".jpg","486.5","False","Honey Butts Grin","honey-butts-grin.html","Digitized Versions","True","Add to existing page","","D:\github\ron-english-sketches-and-drawings\images\Sketches\grins\Honey Butts Grin COLOR.jpg"
"HR Puffenstuff Grin B&W.jpg",".jpg","342","False","HR Puffenstuff Grin","hr-puffenstuff-grin.html","Digitized Versions","True","Add to existing page","","D:\github\ron-english-sketches-and-drawings\images\Sketches\grins\HR Puffenstuff Grin B&W.jpg"
"Jake Grin ORIGINAL COLOR.jpg",".jpg","135.3","False","Jake Grin","jake-grin.html","Original Drawing","False","Likely create new page","Contains ORIGINAL COLOR: review whether original, color study, digitized version, or collector card.","D:\github\ron-english-sketches-and-drawings\images\Sketches\grins\Jake Grin ORIGINAL COLOR.jpg"
"Jake the Dog Grin B&W.jpg",".jpg","317.7","False","Jake the Dog Grin","jake-the-dog-grin.html","Digitized Versions","True","Add to existing page","","D:\github\ron-english-sketches-and-drawings\images\Sketches\grins\Jake the Dog Grin B&W.jpg"
"Jake the Dog Grin COLOR.jpg",".jpg","489.7","False","Jake the Dog Grin","jake-the-dog-grin.html","Digitized Versions","True","Add to existing page","","D:\github\ron-english-sketches-and-drawings\images\Sketches\grins\Jake the Dog Grin COLOR.jpg"
"Jake the Dog Grin ORIGINAL COLOR.jpg",".jpg","245.2","False","Jake the Dog Grin","jake-the-dog-grin.html","Original Drawing","True","Add to existing page","Contains ORIGINAL COLOR: review whether original, color study, digitized version, or collector card.","D:\github\ron-english-sketches-and-drawings\images\Sketches\grins\Jake the Dog Grin ORIGINAL COLOR.jpg"
"Jane Jetson Grin B&W.jpg",".jpg","491.3","False","Jane Jetson Grin","jane-jetson-grin.html","Digitized Versions","True","Add to existing page","","D:\github\ron-english-sketches-and-drawings\images\Sketches\grins\Jane Jetson Grin B&W.jpg"
"Jane Jetson Grin COLOR.1.jpg",".jpg","326.5","False","Jane Jetson Grin COLOR.1","jane-jetson-grin-color-1.html","Digitized Versions","False","Likely create new page","","D:\github\ron-english-sketches-and-drawings\images\Sketches\grins\Jane Jetson Grin COLOR.1.jpg"
"Jane Jetson Grin COLOR.jpg",".jpg","292","False","Jane Jetson Grin","jane-jetson-grin.html","Digitized Versions","True","Add to existing page","","D:\github\ron-english-sketches-and-drawings\images\Sketches\grins\Jane Jetson Grin COLOR.jpg"
"Joker Grin COLOR.jpg",".jpg","305.3","False","Joker Grin","joker-grin.html","Digitized Versions","True","Add to existing page","","D:\github\ron-english-sketches-and-drawings\images\Sketches\grins\Joker Grin COLOR.jpg"
"Kanegon Grin B&W.jpg",".jpg","432.5","False","Kanegon Grin","kanegon-grin.html","Digitized Versions","True","Add to existing page","","D:\github\ron-english-sketches-and-drawings\images\Sketches\grins\Kanegon Grin B&W.jpg"
"Kevin Durant Grin With Ball B&W.jpg",".jpg","361.7","False","Kevin Durant Grin","kevin-durant-grin.html","Digitized Versions","True","Add to existing page","","D:\github\ron-english-sketches-and-drawings\images\Sketches\grins\Kevin Durant Grin With Ball B&W.jpg"
"Kevin Durant Grin With Ball COLOR.jpg",".jpg","271.8","False","Kevin Durant Grin","kevin-durant-grin.html","Digitized Versions","True","Add to existing page","","D:\github\ron-english-sketches-and-drawings\images\Sketches\grins\Kevin Durant Grin With Ball COLOR.jpg"
"Kiss Gene Grin B&W.jpg",".jpg","384.2","False","Kiss Gene Grin","kiss-gene-grin.html","Digitized Versions","True","Add to existing page","","D:\github\ron-english-sketches-and-drawings\images\Sketches\grins\Kiss Gene Grin B&W.jpg"
"Kiss Gene Grin COLOR.jpg",".jpg","478.1","False","Kiss Gene Grin","kiss-gene-grin.html","Digitized Versions","True","Add to existing page","","D:\github\ron-english-sketches-and-drawings\images\Sketches\grins\Kiss Gene Grin COLOR.jpg"
"Krusty the Clown Grin front COLOR.jpg",".jpg","462.8","False","Krusty the Clown Grin","krusty-the-clown-grin.html","Digitized Versions","True","Add to existing page","Filename suggests a view/turnaround or part-specific image.","D:\github\ron-english-sketches-and-drawings\images\Sketches\grins\Krusty the Clown Grin front COLOR.jpg"
"Kursed Grin Side View B&W.jpg",".jpg","518.7","False","Kursed Grin","kursed-grin.html","Digitized Versions","True","Add to existing page","Filename suggests a view/turnaround or part-specific image.","D:\github\ron-english-sketches-and-drawings\images\Sketches\grins\Kursed Grin Side View B&W.jpg"
"Lagoon Creature Grin COLOR.jpg",".jpg","176.4","False","Lagoon Creature Grin","lagoon-creature-grin.html","Digitized Versions","False","Likely create new page","","D:\github\ron-english-sketches-and-drawings\images\Sketches\grins\Lagoon Creature Grin COLOR.jpg"
"Lemon Boy grin B&W.jpg",".jpg","266.1","False","Lemon Boy grin","lemon-boy-grin.html","Digitized Versions","True","Add to existing page","","D:\github\ron-english-sketches-and-drawings\images\Sketches\grins\Lemon Boy grin B&W.jpg"
"Liberty Grin B&W 2.jpeg",".jpeg","143.2","False","Liberty Grin","liberty-grin.html","Digitized Versions","True","Add to existing page","JPEG extension: verify exact extension is preserved.","D:\github\ron-english-sketches-and-drawings\images\Sketches\grins\Liberty Grin B&W 2.jpeg"
"Liberty Grin COLOR.jpg",".jpg","45.2","False","Liberty Grin","liberty-grin.html","Digitized Versions","True","Add to existing page","","D:\github\ron-english-sketches-and-drawings\images\Sketches\grins\Liberty Grin COLOR.jpg"
"Lion Face Grin B&W.png",".png","109.9","False","Lion Face Grin","lion-face-grin.html","Digitized Versions","False","Likely create new page","Filename suggests a view/turnaround or part-specific image.","D:\github\ron-english-sketches-and-drawings\images\Sketches\grins\Lion Face Grin B&W.png"
"Lion Face Grin COLOR 1.png",".png","194.5","False","Lion Face Grin","lion-face-grin.html","Digitized Versions","False","Likely create new page","Filename suggests a view/turnaround or part-specific image.","D:\github\ron-english-sketches-and-drawings\images\Sketches\grins\Lion Face Grin COLOR 1.png"
"Lion Face Grin COLOR 2.jpg",".jpg","320.6","False","Lion Face Grin","lion-face-grin.html","Digitized Versions","False","Likely create new page","Filename suggests a view/turnaround or part-specific image.","D:\github\ron-english-sketches-and-drawings\images\Sketches\grins\Lion Face Grin COLOR 2.jpg"
"Lisa Grin front B&W.jpg",".jpg","429.2","False","Lisa Grin","lisa-grin.html","Digitized Versions","True","Add to existing page","Filename suggests a view/turnaround or part-specific image.","D:\github\ron-english-sketches-and-drawings\images\Sketches\grins\Lisa Grin front B&W.jpg"
"Lisa Grin left side B&W.jpg",".jpg","406.4","False","Lisa Grin","lisa-grin.html","Digitized Versions","True","Add to existing page","Filename suggests a view/turnaround or part-specific image.","D:\github\ron-english-sketches-and-drawings\images\Sketches\grins\Lisa Grin left side B&W.jpg"
"Lisa Grin right side B&W.jpg",".jpg","425.8","False","Lisa Grin","lisa-grin.html","Digitized Versions","True","Add to existing page","Filename suggests a view/turnaround or part-specific image.","D:\github\ron-english-sketches-and-drawings\images\Sketches\grins\Lisa Grin right side B&W.jpg"
"Lisa Grin right side COLOR.jpg",".jpg","499.8","False","Lisa Grin","lisa-grin.html","Digitized Versions","True","Add to existing page","Filename suggests a view/turnaround or part-specific image.","D:\github\ron-english-sketches-and-drawings\images\Sketches\grins\Lisa Grin right side COLOR.jpg"
"Lucky Cat Grin B&W.jpg",".jpg","514.3","False","Lucky Cat Grin","lucky-cat-grin.html","Digitized Versions","True","Add to existing page","","D:\github\ron-english-sketches-and-drawings\images\Sketches\grins\Lucky Cat Grin B&W.jpg"
"Mad Mickey Grin ORIGINAL COLOR.jpg",".jpg","308.4","False","Mad Mickey Grin","mad-mickey-grin.html","Original Drawing","False","Likely create new page","Contains ORIGINAL COLOR: review whether original, color study, digitized version, or collector card.","D:\github\ron-english-sketches-and-drawings\images\Sketches\grins\Mad Mickey Grin ORIGINAL COLOR.jpg"
"Maggie Grin back B&W.jpg",".jpg","305.5","False","Maggie Grin","maggie-grin.html","Digitized Versions","True","Add to existing page","Filename suggests a view/turnaround or part-specific image.","D:\github\ron-english-sketches-and-drawings\images\Sketches\grins\Maggie Grin back B&W.jpg"
"Maggie Grin back COLOR.jpg",".jpg","381.1","False","Maggie Grin","maggie-grin.html","Digitized Versions","True","Add to existing page","Filename suggests a view/turnaround or part-specific image.","D:\github\ron-english-sketches-and-drawings\images\Sketches\grins\Maggie Grin back COLOR.jpg"
"Maggie Grin front B&W.jpg",".jpg","402.5","False","Maggie Grin","maggie-grin.html","Digitized Versions","True","Add to existing page","Filename suggests a view/turnaround or part-specific image.","D:\github\ron-english-sketches-and-drawings\images\Sketches\grins\Maggie Grin front B&W.jpg"
"Maggie Grin side B&W.jpg",".jpg","422.3","False","Maggie Grin","maggie-grin.html","Digitized Versions","True","Add to existing page","Filename suggests a view/turnaround or part-specific image.","D:\github\ron-english-sketches-and-drawings\images\Sketches\grins\Maggie Grin side B&W.jpg"
"Man Shark COLORED.jpg",".jpg","344.4","False","Man Shark COLORED","man-shark-colored.html","Digitized Versions","False","Likely create new page","","D:\github\ron-english-sketches-and-drawings\images\Sketches\grins\Man Shark COLORED.jpg"
"Manny Pacquaio Grin B&W.jpg",".jpg","290","False","Manny Pacquaio Grin","manny-pacquaio-grin.html","Digitized Versions","True","Add to existing page","","D:\github\ron-english-sketches-and-drawings\images\Sketches\grins\Manny Pacquaio Grin B&W.jpg"
"Marge Grin front COLOR.jpg",".jpg","391.2","False","Marge Grin","marge-grin.html","Digitized Versions","True","Add to existing page","Filename suggests a view/turnaround or part-specific image.","D:\github\ron-english-sketches-and-drawings\images\Sketches\grins\Marge Grin front COLOR.jpg"
"Marge Grin left side B&W.jpg",".jpg","343.2","False","Marge Grin","marge-grin.html","Digitized Versions","True","Add to existing page","Filename suggests a view/turnaround or part-specific image.","D:\github\ron-english-sketches-and-drawings\images\Sketches\grins\Marge Grin left side B&W.jpg"
"Marge Grin left side COLOR.jpg",".jpg","314.8","False","Marge Grin","marge-grin.html","Digitized Versions","True","Add to existing page","Filename suggests a view/turnaround or part-specific image.","D:\github\ron-english-sketches-and-drawings\images\Sketches\grins\Marge Grin left side COLOR.jpg"
"Marge Grin right side B&W.jpg",".jpg","343","False","Marge Grin","marge-grin.html","Digitized Versions","True","Add to existing page","Filename suggests a view/turnaround or part-specific image.","D:\github\ron-english-sketches-and-drawings\images\Sketches\grins\Marge Grin right side B&W.jpg"
"Marge Grin right side COLOR.jpg",".jpg","316.4","False","Marge Grin","marge-grin.html","Digitized Versions","True","Add to existing page","Filename suggests a view/turnaround or part-specific image.","D:\github\ron-english-sketches-and-drawings\images\Sketches\grins\Marge Grin right side COLOR.jpg"
"Mario Grin front B&W.jpg",".jpg","326.7","False","Mario Grin","mario-grin.html","Digitized Versions","True","Add to existing page","Filename suggests a view/turnaround or part-specific image.","D:\github\ron-english-sketches-and-drawings\images\Sketches\grins\Mario Grin front B&W.jpg"
"Mario Grin front COLOR.jpg",".jpg","378.1","False","Mario Grin","mario-grin.html","Digitized Versions","True","Add to existing page","Filename suggests a view/turnaround or part-specific image.","D:\github\ron-english-sketches-and-drawings\images\Sketches\grins\Mario Grin front COLOR.jpg"
"Mario Grin left side COLOR.jpg",".jpg","322.2","False","Mario Grin","mario-grin.html","Digitized Versions","True","Add to existing page","Filename suggests a view/turnaround or part-specific image.","D:\github\ron-english-sketches-and-drawings\images\Sketches\grins\Mario Grin left side COLOR.jpg"
"Max Grin COLOR.jpg",".jpg","374.9","False","Max Grin","max-grin.html","Digitized Versions","False","Likely create new page","","D:\github\ron-english-sketches-and-drawings\images\Sketches\grins\Max Grin COLOR.jpg"
"Max Grin ORIGINAL.jpg",".jpg","144.1","False","Max Grin","max-grin.html","Original Drawing","False","Likely create new page","","D:\github\ron-english-sketches-and-drawings\images\Sketches\grins\Max Grin ORIGINAL.jpg"
"Max Grin png.jpg",".jpg","369.6","False","Max Grin png","max-grin-png.html","Digitized Versions","False","Likely create new page","","D:\github\ron-english-sketches-and-drawings\images\Sketches\grins\Max Grin png.jpg"
"MC Grin B&W.jpg",".jpg","306.9","False","MC Grin","mc-grin.html","Digitized Versions","True","Add to existing page","","D:\github\ron-english-sketches-and-drawings\images\Sketches\grins\MC Grin B&W.jpg"
"MC Grin COLOR.jpg",".jpg","284.5","False","MC Grin","mc-grin.html","Digitized Versions","True","Add to existing page","","D:\github\ron-english-sketches-and-drawings\images\Sketches\grins\MC Grin COLOR.jpg"
"MC Grin ORIGINAL COLOR 2.png",".png","220.4","False","MC Grin","mc-grin.html","Original Drawing","True","Add to existing page","Contains ORIGINAL COLOR: review whether original, color study, digitized version, or collector card.","D:\github\ron-english-sketches-and-drawings\images\Sketches\grins\MC Grin ORIGINAL COLOR 2.png"
"MC Grin ORIGINAL COLOR.jpg",".jpg","148.7","False","MC Grin","mc-grin.html","Original Drawing","True","Add to existing page","Contains ORIGINAL COLOR: review whether original, color study, digitized version, or collector card.","D:\github\ron-english-sketches-and-drawings\images\Sketches\grins\MC Grin ORIGINAL COLOR.jpg"
"MC Supersize Grin Flying B&W.jpg",".jpg","344.8","False","MC Supersize Grin Flying","mc-supersize-grin-flying.html","Digitized Versions","True","Add to existing page","","D:\github\ron-english-sketches-and-drawings\images\Sketches\grins\MC Supersize Grin Flying B&W.jpg"
"MC Supersize Grin Flying COLOR.1.jpg",".jpg","299","False","MC Supersize Grin Flying COLOR.1","mc-supersize-grin-flying-color-1.html","Digitized Versions","False","Likely create new page","","D:\github\ron-english-sketches-and-drawings\images\Sketches\grins\MC Supersize Grin Flying COLOR.1.jpg"
"MC Supersize Grin Flying COLOR.jpg",".jpg","179.6","False","MC Supersize Grin Flying","mc-supersize-grin-flying.html","Digitized Versions","True","Add to existing page","","D:\github\ron-english-sketches-and-drawings\images\Sketches\grins\MC Supersize Grin Flying COLOR.jpg"
"MC Supersized Grin 2 B&W.jpg",".jpg","455.9","False","MC Supersized Grin 2","mc-supersized-grin-2.html","Digitized Versions","True","Add to existing page","","D:\github\ron-english-sketches-and-drawings\images\Sketches\grins\MC Supersized Grin 2 B&W.jpg"
"MC Supersized Grin B&W.jpg",".jpg","435.7","False","MC Supersized Grin","mc-supersized-grin.html","Digitized Versions","True","Add to existing page","","D:\github\ron-english-sketches-and-drawings\images\Sketches\grins\MC Supersized Grin B&W.jpg"
"MC Supersized Grin COLOR.jpg",".jpg","338.9","False","MC Supersized Grin","mc-supersized-grin.html","Digitized Versions","True","Add to existing page","","D:\github\ron-english-sketches-and-drawings\images\Sketches\grins\MC Supersized Grin COLOR.jpg"
"MC Supersized Grin side COLOR.jpg",".jpg","86.2","False","MC Supersized Grin","mc-supersized-grin.html","Digitized Versions","True","Add to existing page","Filename suggests a view/turnaround or part-specific image.","D:\github\ron-english-sketches-and-drawings\images\Sketches\grins\MC Supersized Grin side COLOR.jpg"
"Melting Monster Grin B&W.jpg",".jpg","464.2","False","Melting Monster Grin","melting-monster-grin.html","Digitized Versions","True","Add to existing page","","D:\github\ron-english-sketches-and-drawings\images\Sketches\grins\Melting Monster Grin B&W.jpg"
"Melting Monster Grin COLOR.jpg",".jpg","315.4","False","Melting Monster Grin","melting-monster-grin.html","Digitized Versions","True","Add to existing page","","D:\github\ron-english-sketches-and-drawings\images\Sketches\grins\Melting Monster Grin COLOR.jpg"
"Mentadusa COLOR.jpg",".jpg","323.5","False","Mentadusa","mentadusa.html","Digitized Versions","True","Add to existing page","","D:\github\ron-english-sketches-and-drawings\images\Sketches\grins\Mentadusa COLOR.jpg"
"Mickey Grin ORIGINAL COLOR.jpg",".jpg","130.1","False","Mickey Grin","mickey-grin.html","Original Drawing","True","Add to existing page","Contains ORIGINAL COLOR: review whether original, color study, digitized version, or collector card.","D:\github\ron-english-sketches-and-drawings\images\Sketches\grins\Mickey Grin ORIGINAL COLOR.jpg"
"Mickey Mouse Grin 2 B&W.jpg",".jpg","287.4","False","Mickey Mouse Grin 2","mickey-mouse-grin-2.html","Digitized Versions","True","Add to existing page","","D:\github\ron-english-sketches-and-drawings\images\Sketches\grins\Mickey Mouse Grin 2 B&W.jpg"
"Mickey Mouse Grin back B&W.jpg",".jpg","468.7","False","Mickey Mouse Grin","mickey-mouse-grin.html","Digitized Versions","True","Add to existing page","Filename suggests a view/turnaround or part-specific image.","D:\github\ron-english-sketches-and-drawings\images\Sketches\grins\Mickey Mouse Grin back B&W.jpg"
"Mickey Mouse Grin COLOR.png",".png","114.7","False","Mickey Mouse Grin","mickey-mouse-grin.html","Digitized Versions","True","Add to existing page","","D:\github\ron-english-sketches-and-drawings\images\Sketches\grins\Mickey Mouse Grin COLOR.png"
"Mickey Mouse Grin Flying B&W.jpg",".jpg","462.4","False","Mickey Mouse Grin Flying","mickey-mouse-grin-flying.html","Digitized Versions","True","Add to existing page","","D:\github\ron-english-sketches-and-drawings\images\Sketches\grins\Mickey Mouse Grin Flying B&W.jpg"
"Mickey Mouse Grin Flying COLOR.1.jpg",".jpg","295.6","False","Mickey Mouse Grin Flying COLOR.1","mickey-mouse-grin-flying-color-1.html","Digitized Versions","False","Likely create new page","","D:\github\ron-english-sketches-and-drawings\images\Sketches\grins\Mickey Mouse Grin Flying COLOR.1.jpg"
"Mickey Mouse Grin Flying COLOR.jpg",".jpg","295.6","False","Mickey Mouse Grin Flying","mickey-mouse-grin-flying.html","Digitized Versions","True","Add to existing page","","D:\github\ron-english-sketches-and-drawings\images\Sketches\grins\Mickey Mouse Grin Flying COLOR.jpg"
"Mickey Mouse Grin left side COLOR.jpg",".jpg","390.1","False","Mickey Mouse Grin","mickey-mouse-grin.html","Digitized Versions","True","Add to existing page","Filename suggests a view/turnaround or part-specific image.","D:\github\ron-english-sketches-and-drawings\images\Sketches\grins\Mickey Mouse Grin left side COLOR.jpg"
"Mishka Eyeball Grin B&W.jpg",".jpg","327.6","False","Mishka Eyeball Grin","mishka-eyeball-grin.html","Digitized Versions","True","Add to existing page","","D:\github\ron-english-sketches-and-drawings\images\Sketches\grins\Mishka Eyeball Grin B&W.jpg"
"Modzilla Grin Front B&W.jpg",".jpg","413.5","False","Modzilla Grin","modzilla-grin.html","Digitized Versions","True","Add to existing page","Filename suggests a view/turnaround or part-specific image.","D:\github\ron-english-sketches-and-drawings\images\Sketches\grins\Modzilla Grin Front B&W.jpg"
"Modzilla Grin Side B&W.jpg",".jpg","352.3","False","Modzilla Grin","modzilla-grin.html","Digitized Versions","True","Add to existing page","Filename suggests a view/turnaround or part-specific image.","D:\github\ron-english-sketches-and-drawings\images\Sketches\grins\Modzilla Grin Side B&W.jpg"
"Mogul Grin B&W.jpg",".jpg","314.5","False","Mogul Grin","mogul-grin.html","Digitized Versions","True","Add to existing page","","D:\github\ron-english-sketches-and-drawings\images\Sketches\grins\Mogul Grin B&W.jpg"
"Mogul Grin back B&W.jpg",".jpg","411.8","False","Mogul Grin","mogul-grin.html","Digitized Versions","True","Add to existing page","Filename suggests a view/turnaround or part-specific image.","D:\github\ron-english-sketches-and-drawings\images\Sketches\grins\Mogul Grin back B&W.jpg"
"Mogul Grin back COLOR.jpg",".jpg","524.9","False","Mogul Grin","mogul-grin.html","Digitized Versions","True","Add to existing page","Filename suggests a view/turnaround or part-specific image.","D:\github\ron-english-sketches-and-drawings\images\Sketches\grins\Mogul Grin back COLOR.jpg"
"Mogul Grin right side B&W.jpg",".jpg","434.7","False","Mogul Grin","mogul-grin.html","Digitized Versions","True","Add to existing page","Filename suggests a view/turnaround or part-specific image.","D:\github\ron-english-sketches-and-drawings\images\Sketches\grins\Mogul Grin right side B&W.jpg"
"Mogul Grin right side COLOR.jpg",".jpg","498.7","False","Mogul Grin","mogul-grin.html","Digitized Versions","True","Add to existing page","Filename suggests a view/turnaround or part-specific image.","D:\github\ron-english-sketches-and-drawings\images\Sketches\grins\Mogul Grin right side COLOR.jpg"
"Mogul Grin Standing B&W.jpg",".jpg","364.2","False","Mogul Grin Standing","mogul-grin-standing.html","Digitized Versions","True","Add to existing page","","D:\github\ron-english-sketches-and-drawings\images\Sketches\grins\Mogul Grin Standing B&W.jpg"
"Monkey Grin Mouth B&W.jpg",".jpg","361.8","False","Monkey Grin Mouth","monkey-grin-mouth.html","Digitized Versions","True","Add to existing page","","D:\github\ron-english-sketches-and-drawings\images\Sketches\grins\Monkey Grin Mouth B&W.jpg"
"Monkey Shiner Angel Grin ORINGINAL (1).jpg",".jpg","260.1","False","Monkey Shiner Angel Grin ORINGINAL (1)","monkey-shiner-angel-grin-oringinal-1.html","Digitized Versions","False","Likely create new page","","D:\github\ron-english-sketches-and-drawings\images\Sketches\grins\Monkey Shiner Angel Grin ORINGINAL (1).jpg"
"Monkey Shriner Grin COLOR.jpg",".jpg","131.4","False","Monkey Shriner Grin","monkey-shriner-grin.html","Digitized Versions","True","Add to existing page","","D:\github\ron-english-sketches-and-drawings\images\Sketches\grins\Monkey Shriner Grin COLOR.jpg"
"Monkey Shriner Grin ORIGINAL COLOR.jpg",".jpg","66.9","False","Monkey Shriner Grin","monkey-shriner-grin.html","Original Drawing","True","Add to existing page","Contains ORIGINAL COLOR: review whether original, color study, digitized version, or collector card.","D:\github\ron-english-sketches-and-drawings\images\Sketches\grins\Monkey Shriner Grin ORIGINAL COLOR.jpg"
"Mounted Gorilla Grin B&W.jpg",".jpg","293.6","False","Mounted Gorilla Grin","mounted-gorilla-grin.html","Digitized Versions","True","Add to existing page","","D:\github\ron-english-sketches-and-drawings\images\Sketches\grins\Mounted Gorilla Grin B&W.jpg"
"Mounted Gorilla Grin COLOR.jpg",".jpg","454.1","False","Mounted Gorilla Grin","mounted-gorilla-grin.html","Digitized Versions","True","Add to existing page","","D:\github\ron-english-sketches-and-drawings\images\Sketches\grins\Mounted Gorilla Grin COLOR.jpg"
"Mouth Grin B&W.jpg",".jpg","344.1","False","Mouth Grin","mouth-grin.html","Digitized Versions","True","Add to existing page","","D:\github\ron-english-sketches-and-drawings\images\Sketches\grins\Mouth Grin B&W.jpg"
"Mr Met Grin B&W.jpg",".jpg","323","False","Mr Met Grin","mr-met-grin.html","Digitized Versions","True","Add to existing page","","D:\github\ron-english-sketches-and-drawings\images\Sketches\grins\Mr Met Grin B&W.jpg"
"Mr Met Grin COLOR.jpg",".jpg","517.7","False","Mr Met Grin","mr-met-grin.html","Digitized Versions","True","Add to existing page","","D:\github\ron-english-sketches-and-drawings\images\Sketches\grins\Mr Met Grin COLOR.jpg"
"Mr Potato Grin B&W.jpg",".jpg","374.7","False","Mr Potato Grin","mr-potato-grin.html","Digitized Versions","True","Add to existing page","","D:\github\ron-english-sketches-and-drawings\images\Sketches\grins\Mr Potato Grin B&W.jpg"
"Mummy Grin 2 COLOR.jpg",".jpg","177.8","False","Mummy Grin 2","mummy-grin-2.html","Digitized Versions","False","Likely create new page","","D:\github\ron-english-sketches-and-drawings\images\Sketches\grins\Mummy Grin 2 COLOR.jpg"
"Mummy Grin B&W.jpg",".jpg","243.6","False","Mummy Grin","mummy-grin.html","Digitized Versions","True","Add to existing page","","D:\github\ron-english-sketches-and-drawings\images\Sketches\grins\Mummy Grin B&W.jpg"
"Mush Man grin COLOR.jpg",".jpg","390.8","False","Mush Man grin","mush-man-grin.html","Digitized Versions","True","Add to existing page","","D:\github\ron-english-sketches-and-drawings\images\Sketches\grins\Mush Man grin COLOR.jpg"
"Mush Man Grin side view COLOR.jpg",".jpg","314","False","Mush Man Grin","mush-man-grin.html","Digitized Versions","True","Add to existing page","Filename suggests a view/turnaround or part-specific image.","D:\github\ron-english-sketches-and-drawings\images\Sketches\grins\Mush Man Grin side view COLOR.jpg"
"Mutley Grin B&W.jpg",".jpg","381.7","False","Mutley Grin","mutley-grin.html","Digitized Versions","True","Add to existing page","","D:\github\ron-english-sketches-and-drawings\images\Sketches\grins\Mutley Grin B&W.jpg"
"Mutley Grin COLOR.1.jpg",".jpg","342.1","False","Mutley Grin COLOR.1","mutley-grin-color-1.html","Digitized Versions","False","Likely create new page","","D:\github\ron-english-sketches-and-drawings\images\Sketches\grins\Mutley Grin COLOR.1.jpg"
"Mutley Grin COLOR.jpg",".jpg","296.8","False","Mutley Grin","mutley-grin.html","Digitized Versions","True","Add to existing page","","D:\github\ron-english-sketches-and-drawings\images\Sketches\grins\Mutley Grin COLOR.jpg"
"Negative Positive Grin ORIGINAL COLOR.jpg",".jpg","125","False","Negative Positive Grin","negative-positive-grin.html","Original Drawing","False","Likely create new page","Contains ORIGINAL COLOR: review whether original, color study, digitized version, or collector card.","D:\github\ron-english-sketches-and-drawings\images\Sketches\grins\Negative Positive Grin ORIGINAL COLOR.jpg"
"Ninja Turtle Grin B&W.jpg",".jpg","440.5","False","Ninja Turtle Grin","ninja-turtle-grin.html","Digitized Versions","True","Add to existing page","","D:\github\ron-english-sketches-and-drawings\images\Sketches\grins\Ninja Turtle Grin B&W.jpg"
"Ninja Turtle Grin ORIGINAL COLOR.jpg",".jpg","177.4","False","Ninja Turtle Grin","ninja-turtle-grin.html","Original Drawing","True","Add to existing page","Contains ORIGINAL COLOR: review whether original, color study, digitized version, or collector card.","D:\github\ron-english-sketches-and-drawings\images\Sketches\grins\Ninja Turtle Grin ORIGINAL COLOR.jpg"
"Olive Oil Grin B&W.jpg",".jpg","322.9","False","Olive Oil Grin","olive-oil-grin.html","Digitized Versions","True","Add to existing page","","D:\github\ron-english-sketches-and-drawings\images\Sketches\grins\Olive Oil Grin B&W.jpg"
"Olive Oil Grin COLOR.jpg",".jpg","473.1","False","Olive Oil Grin","olive-oil-grin.html","Digitized Versions","True","Add to existing page","","D:\github\ron-english-sketches-and-drawings\images\Sketches\grins\Olive Oil Grin COLOR.jpg"
"Orion Grin side ORIGINAL Colorway 1.jpg",".jpg","123.4","False","Orion Grin","orion-grin.html","Original Drawing","True","Add to existing page","Filename suggests a view/turnaround or part-specific image.","D:\github\ron-english-sketches-and-drawings\images\Sketches\grins\Orion Grin side ORIGINAL Colorway 1.jpg"
"Orion Grin side ORIGINAL Colorway 10 (2).jpg",".jpg","130.7","False","Orion Grin side ORIGINAL Colorway 10 (2)","orion-grin-side-original-colorway-10-2.html","Original Drawing","False","Likely create new page","Filename suggests a view/turnaround or part-specific image.","D:\github\ron-english-sketches-and-drawings\images\Sketches\grins\Orion Grin side ORIGINAL Colorway 10 (2).jpg"
"Orion Grin side ORIGINAL Colorway 10.jpg",".jpg","101.8","False","Orion Grin","orion-grin.html","Original Drawing","True","Add to existing page","Filename suggests a view/turnaround or part-specific image.","D:\github\ron-english-sketches-and-drawings\images\Sketches\grins\Orion Grin side ORIGINAL Colorway 10.jpg"
"Orion Grin side ORIGINAL Colorway 11 (2).jpg",".jpg","132.1","False","Orion Grin side ORIGINAL Colorway 11 (2)","orion-grin-side-original-colorway-11-2.html","Original Drawing","False","Likely create new page","Filename suggests a view/turnaround or part-specific image.","D:\github\ron-english-sketches-and-drawings\images\Sketches\grins\Orion Grin side ORIGINAL Colorway 11 (2).jpg"
"Orion Grin side ORIGINAL Colorway 11.jpg",".jpg","94.3","False","Orion Grin","orion-grin.html","Original Drawing","True","Add to existing page","Filename suggests a view/turnaround or part-specific image.","D:\github\ron-english-sketches-and-drawings\images\Sketches\grins\Orion Grin side ORIGINAL Colorway 11.jpg"
"Orion Grin side ORIGINAL Colorway 12.jpg",".jpg","128.5","False","Orion Grin","orion-grin.html","Original Drawing","True","Add to existing page","Filename suggests a view/turnaround or part-specific image.","D:\github\ron-english-sketches-and-drawings\images\Sketches\grins\Orion Grin side ORIGINAL Colorway 12.jpg"
"Orion Grin side ORIGINAL Colorway 2.jpg",".jpg","124.6","False","Orion Grin","orion-grin.html","Original Drawing","True","Add to existing page","Filename suggests a view/turnaround or part-specific image.","D:\github\ron-english-sketches-and-drawings\images\Sketches\grins\Orion Grin side ORIGINAL Colorway 2.jpg"
"Orion Grin side ORIGINAL Colorway 3.jpg",".jpg","123.4","False","Orion Grin","orion-grin.html","Original Drawing","True","Add to existing page","Filename suggests a view/turnaround or part-specific image.","D:\github\ron-english-sketches-and-drawings\images\Sketches\grins\Orion Grin side ORIGINAL Colorway 3.jpg"
"Orion Grin side ORIGINAL Colorway 4.jpg",".jpg","120.5","False","Orion Grin","orion-grin.html","Original Drawing","True","Add to existing page","Filename suggests a view/turnaround or part-specific image.","D:\github\ron-english-sketches-and-drawings\images\Sketches\grins\Orion Grin side ORIGINAL Colorway 4.jpg"
"Orion Grin side ORIGINAL Colorway 5.jpg",".jpg","152","False","Orion Grin","orion-grin.html","Original Drawing","True","Add to existing page","Filename suggests a view/turnaround or part-specific image.","D:\github\ron-english-sketches-and-drawings\images\Sketches\grins\Orion Grin side ORIGINAL Colorway 5.jpg"
"Orion Grin side ORIGINAL Colorway 6.jpg",".jpg","155.5","False","Orion Grin","orion-grin.html","Original Drawing","True","Add to existing page","Filename suggests a view/turnaround or part-specific image.","D:\github\ron-english-sketches-and-drawings\images\Sketches\grins\Orion Grin side ORIGINAL Colorway 6.jpg"
"Orion Grin side ORIGINAL Colorway 7.jpg",".jpg","154.8","False","Orion Grin","orion-grin.html","Original Drawing","True","Add to existing page","Filename suggests a view/turnaround or part-specific image.","D:\github\ron-english-sketches-and-drawings\images\Sketches\grins\Orion Grin side ORIGINAL Colorway 7.jpg"
"Orion Grin side ORIGINAL Colorway 8.jpg",".jpg","156.2","False","Orion Grin","orion-grin.html","Original Drawing","True","Add to existing page","Filename suggests a view/turnaround or part-specific image.","D:\github\ron-english-sketches-and-drawings\images\Sketches\grins\Orion Grin side ORIGINAL Colorway 8.jpg"
"Orion Grin side ORIGINAL Colorway 9 (2).jpg",".jpg","129.4","False","Orion Grin side ORIGINAL Colorway 9 (2)","orion-grin-side-original-colorway-9-2.html","Original Drawing","False","Likely create new page","Filename suggests a view/turnaround or part-specific image.","D:\github\ron-english-sketches-and-drawings\images\Sketches\grins\Orion Grin side ORIGINAL Colorway 9 (2).jpg"
"Orion Grin side ORIGINAL Colorway 9.jpg",".jpg","101","False","Orion Grin","orion-grin.html","Original Drawing","True","Add to existing page","Filename suggests a view/turnaround or part-specific image.","D:\github\ron-english-sketches-and-drawings\images\Sketches\grins\Orion Grin side ORIGINAL Colorway 9.jpg"
"Panda Bear Grin B&W.jpg",".jpg","321.7","False","Panda Bear Grin","panda-bear-grin.html","Digitized Versions","True","Add to existing page","","D:\github\ron-english-sketches-and-drawings\images\Sketches\grins\Panda Bear Grin B&W.jpg"
"Panda Grin B&W.jpg",".jpg","283.2","False","Panda Grin","panda-grin.html","Digitized Versions","True","Add to existing page","","D:\github\ron-english-sketches-and-drawings\images\Sketches\grins\Panda Grin B&W.jpg"
"Panda Grin COLOR.jpg",".jpg","344.1","False","Panda Grin","panda-grin.html","Digitized Versions","True","Add to existing page","","D:\github\ron-english-sketches-and-drawings\images\Sketches\grins\Panda Grin COLOR.jpg"
"Panda Grin ORIGINAL COLOR.jpg",".jpg","118","False","Panda Grin","panda-grin.html","Original Drawing","True","Add to existing page","Contains ORIGINAL COLOR: review whether original, color study, digitized version, or collector card.","D:\github\ron-english-sketches-and-drawings\images\Sketches\grins\Panda Grin ORIGINAL COLOR.jpg"
"Patrick Grin B&W.jpg",".jpg","282","False","Patrick Grin","patrick-grin.html","Digitized Versions","True","Add to existing page","","D:\github\ron-english-sketches-and-drawings\images\Sketches\grins\Patrick Grin B&W.jpg"
"Patrick Grin ORIGINAL COLOR 2.jpg",".jpg","123.8","False","Patrick Grin","patrick-grin.html","Original Drawing","True","Add to existing page","Contains ORIGINAL COLOR: review whether original, color study, digitized version, or collector card.","D:\github\ron-english-sketches-and-drawings\images\Sketches\grins\Patrick Grin ORIGINAL COLOR 2.jpg"
"Peko Girl Grin COLOR.jpg",".jpg","330.1","False","Peko Girl Grin","peko-girl-grin.html","Digitized Versions","True","Add to existing page","","D:\github\ron-english-sketches-and-drawings\images\Sketches\grins\Peko Girl Grin COLOR.jpg"
"Pepz Boy Grin B&W.jpg",".jpg","319","False","Pepz Boy Grin","pepz-boy-grin.html","Digitized Versions","True","Add to existing page","","D:\github\ron-english-sketches-and-drawings\images\Sketches\grins\Pepz Boy Grin B&W.jpg"
"Pepz Boy Grin COLOR.jpg",".jpg","366","False","Pepz Boy Grin","pepz-boy-grin.html","Digitized Versions","True","Add to existing page","","D:\github\ron-english-sketches-and-drawings\images\Sketches\grins\Pepz Boy Grin COLOR.jpg"
"Peter Grin B&W.jpg",".jpg","313.9","False","Peter Grin","peter-grin.html","Digitized Versions","True","Add to existing page","","D:\github\ron-english-sketches-and-drawings\images\Sketches\grins\Peter Grin B&W.jpg"
"Peter Grin COLOR.jpg",".jpg","527","False","Peter Grin","peter-grin.html","Digitized Versions","True","Add to existing page","","D:\github\ron-english-sketches-and-drawings\images\Sketches\grins\Peter Grin COLOR.jpg"
"Peter Potamus Grin B&W.jpg",".jpg","323.9","False","Peter Potamus Grin","peter-potamus-grin.html","Digitized Versions","True","Add to existing page","","D:\github\ron-english-sketches-and-drawings\images\Sketches\grins\Peter Potamus Grin B&W.jpg"
"Peter Potamus Grin COLOR.jpg",".jpg","459","False","Peter Potamus Grin","peter-potamus-grin.html","Digitized Versions","True","Add to existing page","","D:\github\ron-english-sketches-and-drawings\images\Sketches\grins\Peter Potamus Grin COLOR.jpg"
"Pinocchio Grin front COLOR.jpg",".jpg","422.5","False","Pinocchio Grin","pinocchio-grin.html","Digitized Versions","True","Add to existing page","Filename suggests a view/turnaround or part-specific image.","D:\github\ron-english-sketches-and-drawings\images\Sketches\grins\Pinocchio Grin front COLOR.jpg"
"pinocchio grin left side - B&W - Trace girl.jpg",".jpg","481.5","False","pinocchio grin left side - B&W - Trace girl","pinocchio-grin-left-side-b-and-w-trace-girl.html","Digitized Versions","False","Likely create new page","Filename suggests a view/turnaround or part-specific image.","D:\github\ron-english-sketches-and-drawings\images\Sketches\grins\pinocchio grin left side - B&W - Trace girl.jpg"
"Pinocchio Grin Right Side B&W.jpg",".jpg","475.1","False","Pinocchio Grin","pinocchio-grin.html","Digitized Versions","True","Add to existing page","Filename suggests a view/turnaround or part-specific image.","D:\github\ron-english-sketches-and-drawings\images\Sketches\grins\Pinocchio Grin Right Side B&W.jpg"
"Pizza This Grin B&W.jpg",".jpg","254.4","False","Pizza This Grin","pizza-this-grin.html","Digitized Versions","False","Likely create new page","","D:\github\ron-english-sketches-and-drawings\images\Sketches\grins\Pizza This Grin B&W.jpg"
"Pizza This Grin COLOR.jpg",".jpg","272","False","Pizza This Grin","pizza-this-grin.html","Digitized Versions","False","Likely create new page","","D:\github\ron-english-sketches-and-drawings\images\Sketches\grins\Pizza This Grin COLOR.jpg"
"Plush Bear Grin front ORIGINAL COLOR.jpg",".jpg","284.3","False","Plush Bear Grin","plush-bear-grin.html","Original Drawing","True","Add to existing page","Contains ORIGINAL COLOR: review whether original, color study, digitized version, or collector card. Filename suggests a view/turnaround or part-specific image.","D:\github\ron-english-sketches-and-drawings\images\Sketches\grins\Plush Bear Grin front ORIGINAL COLOR.jpg"
"Popeye Butthead Grin B&W.jpg",".jpg","321.8","False","Popeye Butthead Grin","popeye-butthead-grin.html","Digitized Versions","True","Add to existing page","Filename suggests a view/turnaround or part-specific image.","D:\github\ron-english-sketches-and-drawings\images\Sketches\grins\Popeye Butthead Grin B&W.jpg"
"Popeye Butthead Grin COLOR.jpg",".jpg","451.6","False","Popeye Butthead Grin","popeye-butthead-grin.html","Digitized Versions","True","Add to existing page","Filename suggests a view/turnaround or part-specific image.","D:\github\ron-english-sketches-and-drawings\images\Sketches\grins\Popeye Butthead Grin COLOR.jpg"
"Powerpuff Girl Bubbles Grin B&W.jpg",".jpg","324.5","False","Powerpuff Girl Bubbles Grin","powerpuff-girl-bubbles-grin.html","Digitized Versions","True","Add to existing page","","D:\github\ron-english-sketches-and-drawings\images\Sketches\grins\Powerpuff Girl Bubbles Grin B&W.jpg"
"Powerpuff Girl Bubbles Grin COLOR.jpg",".jpg","472","False","Powerpuff Girl Bubbles Grin","powerpuff-girl-bubbles-grin.html","Digitized Versions","True","Add to existing page","","D:\github\ron-english-sketches-and-drawings\images\Sketches\grins\Powerpuff Girl Bubbles Grin COLOR.jpg"
"Pumpkin Grin B&W.jpg",".jpg","344.3","False","Pumpkin Grin","pumpkin-grin.html","Digitized Versions","True","Add to existing page","","D:\github\ron-english-sketches-and-drawings\images\Sketches\grins\Pumpkin Grin B&W.jpg"
"Pumpkin Grin Side View B&W.jpg",".jpg","389.6","False","Pumpkin Grin","pumpkin-grin.html","Digitized Versions","True","Add to existing page","Filename suggests a view/turnaround or part-specific image.","D:\github\ron-english-sketches-and-drawings\images\Sketches\grins\Pumpkin Grin Side View B&W.jpg"
"Qhrist Grin 1 B&W.jpg",".jpg","376","False","Qhrist Grin 1","qhrist-grin-1.html","Digitized Versions","True","Add to existing page","","D:\github\ron-english-sketches-and-drawings\images\Sketches\grins\Qhrist Grin 1 B&W.jpg"
"Qhrist Grin 2 COLOR.jpg",".jpg","236.4","False","Qhrist Grin 2","qhrist-grin-2.html","Digitized Versions","True","Add to existing page","","D:\github\ron-english-sketches-and-drawings\images\Sketches\grins\Qhrist Grin 2 COLOR.jpg"
"Qhrist Grin 2 ORIGINAL COLOR.jpg",".jpg","176.1","False","Qhrist Grin 2","qhrist-grin-2.html","Original Drawing","True","Add to existing page","Contains ORIGINAL COLOR: review whether original, color study, digitized version, or collector card.","D:\github\ron-english-sketches-and-drawings\images\Sketches\grins\Qhrist Grin 2 ORIGINAL COLOR.jpg"
"Quick Draw McGraw Grin B&W.jpg",".jpg","331.9","False","Quick Draw McGraw Grin","quick-draw-mcgraw-grin.html","Digitized Versions","True","Add to existing page","","D:\github\ron-english-sketches-and-drawings\images\Sketches\grins\Quick Draw McGraw Grin B&W.jpg"
"Quick Draw McGraw Grin COLOR.jpg",".jpg","292.3","False","Quick Draw McGraw Grin","quick-draw-mcgraw-grin.html","Digitized Versions","True","Add to existing page","","D:\github\ron-english-sketches-and-drawings\images\Sketches\grins\Quick Draw McGraw Grin COLOR.jpg"
"Rabbbit Double Grin Mouth COLOR.jpg",".jpg","490.9","False","Rabbbit Double Grin Mouth","rabbbit-double-grin-mouth.html","Digitized Versions","True","Add to existing page","","D:\github\ron-english-sketches-and-drawings\images\Sketches\grins\Rabbbit Double Grin Mouth COLOR.jpg"
"Rabbbit Grin COLOR (2).jpg",".jpg","380.4","False","Rabbbit Grin","rabbbit-grin.html","Digitized Versions","True","Add to existing page","","D:\github\ron-english-sketches-and-drawings\images\Sketches\grins\Rabbbit Grin COLOR (2).jpg"
"Rabbbit Grin mouth B&W.jpg",".jpg","310.2","False","Rabbbit Grin mouth","rabbbit-grin-mouth.html","Digitized Versions","True","Add to existing page","","D:\github\ron-english-sketches-and-drawings\images\Sketches\grins\Rabbbit Grin mouth B&W.jpg"
"Rabbbit Grin Mouth COLOR.jpg",".jpg","272.1","False","Rabbbit Grin Mouth","rabbbit-grin-mouth.html","Digitized Versions","True","Add to existing page","","D:\github\ron-english-sketches-and-drawings\images\Sketches\grins\Rabbbit Grin Mouth COLOR.jpg"
"Rabbbit Grin version 2 back B&W.jpg",".jpg","282.4","False","Rabbbit Grin version 2","rabbbit-grin-version-2.html","Digitized Versions","True","Add to existing page","Filename suggests a view/turnaround or part-specific image.","D:\github\ron-english-sketches-and-drawings\images\Sketches\grins\Rabbbit Grin version 2 back B&W.jpg"
"Rabbbit Grin version 2 back COLOR.jpg",".jpg","380.6","False","Rabbbit Grin version 2","rabbbit-grin-version-2.html","Digitized Versions","True","Add to existing page","Filename suggests a view/turnaround or part-specific image.","D:\github\ron-english-sketches-and-drawings\images\Sketches\grins\Rabbbit Grin version 2 back COLOR.jpg"
"Rabbbit Grin version 2 three quarters B&W.jpg",".jpg","366.5","False","Rabbbit Grin version 2","rabbbit-grin-version-2.html","Digitized Versions","True","Add to existing page","Filename suggests a view/turnaround or part-specific image.","D:\github\ron-english-sketches-and-drawings\images\Sketches\grins\Rabbbit Grin version 2 three quarters B&W.jpg"
"Rabbbit Skull Grin COLOR.jpg",".jpg","279.5","False","Rabbbit Skull Grin","rabbbit-skull-grin.html","Digitized Versions","True","Add to existing page","","D:\github\ron-english-sketches-and-drawings\images\Sketches\grins\Rabbbit Skull Grin COLOR.jpg"
"Rabbbit with Fangs side B&W.jpg",".jpg","278.4","False","Rabbbit with Fangs","rabbbit-with-fangs.html","Digitized Versions","True","Add to existing page","Filename suggests a view/turnaround or part-specific image.","D:\github\ron-english-sketches-and-drawings\images\Sketches\grins\Rabbbit with Fangs side B&W.jpg"
"Rabbit Grin 2 B&W.jpg",".jpg","429.8","False","Rabbit Grin 2","rabbit-grin-2.html","Digitized Versions","True","Add to existing page","","D:\github\ron-english-sketches-and-drawings\images\Sketches\grins\Rabbit Grin 2 B&W.jpg"
"Rabbit Grin B&W.jpg",".jpg","346.6","False","Rabbit Grin","rabbit-grin.html","Digitized Versions","True","Add to existing page","","D:\github\ron-english-sketches-and-drawings\images\Sketches\grins\Rabbit Grin B&W.jpg"
"Rabbit Grin COLOR.jpg",".jpg","295.1","False","Rabbit Grin","rabbit-grin.html","Digitized Versions","True","Add to existing page","","D:\github\ron-english-sketches-and-drawings\images\Sketches\grins\Rabbit Grin COLOR.jpg"
"Richie Grin COLOR.jpg",".jpg","494.2","False","Richie Grin","richie-grin.html","Digitized Versions","True","Add to existing page","","D:\github\ron-english-sketches-and-drawings\images\Sketches\grins\Richie Grin COLOR.jpg"
"Richie Grin ORIGINAL COLOR 2.jpg",".jpg","133.1","False","Richie Grin","richie-grin.html","Original Drawing","True","Add to existing page","Contains ORIGINAL COLOR: review whether original, color study, digitized version, or collector card.","D:\github\ron-english-sketches-and-drawings\images\Sketches\grins\Richie Grin ORIGINAL COLOR 2.jpg"
"Ring Racer 1 ORIGINAL COLOR.png",".png","328.6","False","Ring Racer 1","ring-racer-1.html","Original Drawing","False","Likely create new page","Contains ORIGINAL COLOR: review whether original, color study, digitized version, or collector card.","D:\github\ron-english-sketches-and-drawings\images\Sketches\grins\Ring Racer 1 ORIGINAL COLOR.png"
"Ring Racer 2 ORIGINAL COLOR.png",".png","347.7","False","Ring Racer 2","ring-racer-2.html","Original Drawing","False","Likely create new page","Contains ORIGINAL COLOR: review whether original, color study, digitized version, or collector card.","D:\github\ron-english-sketches-and-drawings\images\Sketches\grins\Ring Racer 2 ORIGINAL COLOR.png"
"Ring Racer 3 ORIGINAL COLOR.jpg",".jpg","333.6","False","Ring Racer 3","ring-racer-3.html","Original Drawing","False","Likely create new page","Contains ORIGINAL COLOR: review whether original, color study, digitized version, or collector card.","D:\github\ron-english-sketches-and-drawings\images\Sketches\grins\Ring Racer 3 ORIGINAL COLOR.jpg"
"Ring Racer 4 ORIGINAL COLOR.jpg",".jpg","342.8","False","Ring Racer 4","ring-racer-4.html","Original Drawing","False","Likely create new page","Contains ORIGINAL COLOR: review whether original, color study, digitized version, or collector card.","D:\github\ron-english-sketches-and-drawings\images\Sketches\grins\Ring Racer 4 ORIGINAL COLOR.jpg"
"Ring Racer 5 ORIGINAL COLOR.jpg",".jpg","217.1","False","Ring Racer 5","ring-racer-5.html","Original Drawing","False","Likely create new page","Contains ORIGINAL COLOR: review whether original, color study, digitized version, or collector card.","D:\github\ron-english-sketches-and-drawings\images\Sketches\grins\Ring Racer 5 ORIGINAL COLOR.jpg"
"Ring Racer 5 ORIGINAL COLOR.png",".png","352","False","Ring Racer 5","ring-racer-5.html","Original Drawing","False","Likely create new page","Contains ORIGINAL COLOR: review whether original, color study, digitized version, or collector card.","D:\github\ron-english-sketches-and-drawings\images\Sketches\grins\Ring Racer 5 ORIGINAL COLOR.png"
"Ring Racer 6 ORIGINAL COLOR.png",".png","347.6","False","Ring Racer 6","ring-racer-6.html","Original Drawing","False","Likely create new page","Contains ORIGINAL COLOR: review whether original, color study, digitized version, or collector card.","D:\github\ron-english-sketches-and-drawings\images\Sketches\grins\Ring Racer 6 ORIGINAL COLOR.png"
"Ring Racer 7 ORIGINAL COLOR.png",".png","347.2","False","Ring Racer 7","ring-racer-7.html","Original Drawing","False","Likely create new page","Contains ORIGINAL COLOR: review whether original, color study, digitized version, or collector card.","D:\github\ron-english-sketches-and-drawings\images\Sketches\grins\Ring Racer 7 ORIGINAL COLOR.png"
"Ring Racer 8 ORIGINAL COLOR.png",".png","333.2","False","Ring Racer 8","ring-racer-8.html","Original Drawing","False","Likely create new page","Contains ORIGINAL COLOR: review whether original, color study, digitized version, or collector card.","D:\github\ron-english-sketches-and-drawings\images\Sketches\grins\Ring Racer 8 ORIGINAL COLOR.png"
"Ring Racer 9 ORIGINAL COLOR.png",".png","323.8","False","Ring Racer 9","ring-racer-9.html","Original Drawing","False","Likely create new page","Contains ORIGINAL COLOR: review whether original, color study, digitized version, or collector card.","D:\github\ron-english-sketches-and-drawings\images\Sketches\grins\Ring Racer 9 ORIGINAL COLOR.png"
"Ring Racer ORIGINAL COLOR.1.jpg",".jpg","230.9","False","Ring Racer ORIGINAL COLOR.1","ring-racer-original-color-1.html","Original Drawing","False","Likely create new page","Contains ORIGINAL COLOR: review whether original, color study, digitized version, or collector card.","D:\github\ron-english-sketches-and-drawings\images\Sketches\grins\Ring Racer ORIGINAL COLOR.1.jpg"
"Ring Racer ORIGINAL COLOR.jpg",".jpg","466.7","False","Ring Racer","ring-racer.html","Original Drawing","False","Likely create new page","Contains ORIGINAL COLOR: review whether original, color study, digitized version, or collector card.","D:\github\ron-english-sketches-and-drawings\images\Sketches\grins\Ring Racer ORIGINAL COLOR.jpg"
"Robbie Spray Grin B&W.jpg",".jpg","447.3","False","Robbie Spray Grin","robbie-spray-grin.html","Digitized Versions","True","Add to existing page","","D:\github\ron-english-sketches-and-drawings\images\Sketches\grins\Robbie Spray Grin B&W.jpg"
"Robbie Spray Grin ORIGINAL.jpg",".jpg","136.4","False","Robbie Spray Grin","robbie-spray-grin.html","Original Drawing","True","Add to existing page","","D:\github\ron-english-sketches-and-drawings\images\Sketches\grins\Robbie Spray Grin ORIGINAL.jpg"
"Robby Robot Grin COLOR.jpg",".jpg","318.6","False","Robby Robot Grin","robby-robot-grin.html","Digitized Versions","True","Add to existing page","","D:\github\ron-english-sketches-and-drawings\images\Sketches\grins\Robby Robot Grin COLOR.jpg"
"Ron Grin Face Icon ORIGINAL COLOR.jpg",".jpg","194.2","False","Ron Grin Face Icon","ron-grin-face-icon.html","Original Drawing","False","Likely create new page","Contains ORIGINAL COLOR: review whether original, color study, digitized version, or collector card. Filename suggests a view/turnaround or part-specific image.","D:\github\ron-english-sketches-and-drawings\images\Sketches\grins\Ron Grin Face Icon ORIGINAL COLOR.jpg"
"Rosie Jetson Grin B&W.jpg",".jpg","479.6","False","Rosie Jetson Grin","rosie-jetson-grin.html","Digitized Versions","True","Add to existing page","","D:\github\ron-english-sketches-and-drawings\images\Sketches\grins\Rosie Jetson Grin B&W.jpg"
"Rosie Jetson Grin COLOR.jpg",".jpg","377.8","False","Rosie Jetson Grin","rosie-jetson-grin.html","Digitized Versions","True","Add to existing page","","D:\github\ron-english-sketches-and-drawings\images\Sketches\grins\Rosie Jetson Grin COLOR.jpg"
"Rugrat Grin B&W.jpg",".jpg","306.8","False","Rugrat Grin","rugrat-grin.html","Digitized Versions","True","Add to existing page","","D:\github\ron-english-sketches-and-drawings\images\Sketches\grins\Rugrat Grin B&W.jpg"
"Rugrat Grin COLOR.jpg",".jpg","529.4","False","Rugrat Grin","rugrat-grin.html","Digitized Versions","True","Add to existing page","","D:\github\ron-english-sketches-and-drawings\images\Sketches\grins\Rugrat Grin COLOR.jpg"
"Santa Cruz Hand Grin B&W.jpg",".jpg","332.1","False","Santa Cruz Hand Grin","santa-cruz-hand-grin.html","Digitized Versions","True","Add to existing page","","D:\github\ron-english-sketches-and-drawings\images\Sketches\grins\Santa Cruz Hand Grin B&W.jpg"
"Santa Grin 1 B&W.jpg",".jpg","466.7","False","Santa Grin 1","santa-grin-1.html","Digitized Versions","True","Add to existing page","","D:\github\ron-english-sketches-and-drawings\images\Sketches\grins\Santa Grin 1 B&W.jpg"
"Santa Grin 1 ORIGINAL COLOR.jpg",".jpg","168.1","False","Santa Grin 1","santa-grin-1.html","Original Drawing","True","Add to existing page","Contains ORIGINAL COLOR: review whether original, color study, digitized version, or collector card.","D:\github\ron-english-sketches-and-drawings\images\Sketches\grins\Santa Grin 1 ORIGINAL COLOR.jpg"
"Santa Grin 2 B&W.jpg",".jpg","444.2","False","Santa Grin 2","santa-grin-2.html","Digitized Versions","True","Add to existing page","","D:\github\ron-english-sketches-and-drawings\images\Sketches\grins\Santa Grin 2 B&W.jpg"
"Santa Grin 3 B&W.jpg",".jpg","358.7","False","Santa Grin 3","santa-grin-3.html","Digitized Versions","True","Add to existing page","","D:\github\ron-english-sketches-and-drawings\images\Sketches\grins\Santa Grin 3 B&W.jpg"
"Santa Grin 3 COLOR.jpg",".jpg","276.6","False","Santa Grin 3","santa-grin-3.html","Digitized Versions","True","Add to existing page","","D:\github\ron-english-sketches-and-drawings\images\Sketches\grins\Santa Grin 3 COLOR.jpg"
"Scooby Doo Grin B&W.jpg",".jpg","335.2","False","Scooby Doo Grin","scooby-doo-grin.html","Digitized Versions","True","Add to existing page","","D:\github\ron-english-sketches-and-drawings\images\Sketches\grins\Scooby Doo Grin B&W.jpg"
"Scooby Doo Grin COLOR.jpg",".jpg","298.3","False","Scooby Doo Grin","scooby-doo-grin.html","Digitized Versions","True","Add to existing page","","D:\github\ron-english-sketches-and-drawings\images\Sketches\grins\Scooby Doo Grin COLOR.jpg"
"Scream Grin B&W.jpg",".jpg","339.9","False","Scream Grin","scream-grin.html","Digitized Versions","True","Add to existing page","","D:\github\ron-english-sketches-and-drawings\images\Sketches\grins\Scream Grin B&W.jpg"
"Sever Fairy Landshark Grin (Mickey Fin) B&W.png",".png","62.2","False","Sever Fairy Landshark Grin (Mickey Fin)","sever-fairy-landshark-grin-mickey-fin.html","Digitized Versions","True","Add to existing page","","D:\github\ron-english-sketches-and-drawings\images\Sketches\grins\Sever Fairy Landshark Grin (Mickey Fin) B&W.png"
"Sever Fairy Landshark Grin Front (Mickey Fin) COLOR.png",".png","203","False","Sever Fairy Landshark Grin Front (Mickey Fin)","sever-fairy-landshark-grin-front-mickey-fin.html","Digitized Versions","True","Add to existing page","Filename suggests a view/turnaround or part-specific image.","D:\github\ron-english-sketches-and-drawings\images\Sketches\grins\Sever Fairy Landshark Grin Front (Mickey Fin) COLOR.png"
"Sever Fairy Landshark Grin three quarters png.jpg",".jpg","330.6","False","Sever Fairy Landshark Grin three quarters png","sever-fairy-landshark-grin-three-quarters-png.html","Digitized Versions","False","Likely create new page","Filename suggests a view/turnaround or part-specific image.","D:\github\ron-english-sketches-and-drawings\images\Sketches\grins\Sever Fairy Landshark Grin three quarters png.jpg"
"Shark Grin B&W.jpg",".jpg","358.1","False","Shark Grin","shark-grin.html","Digitized Versions","True","Add to existing page","","D:\github\ron-english-sketches-and-drawings\images\Sketches\grins\Shark Grin B&W.jpg"
"Shark Grin Hotrod COLOR.jpg",".jpg","224","False","Shark Grin Hotrod","shark-grin-hotrod.html","Digitized Versions","True","Add to existing page","","D:\github\ron-english-sketches-and-drawings\images\Sketches\grins\Shark Grin Hotrod COLOR.jpg"
"Shark Man Grin B&W.jpg",".jpg","59.3","False","Shark Man Grin","shark-man-grin.html","Digitized Versions","True","Add to existing page","","D:\github\ron-english-sketches-and-drawings\images\Sketches\grins\Shark Man Grin B&W.jpg"
"Skeleton Grin front B&W.jpg",".jpg","481.8","False","Skeleton Grin","skeleton-grin.html","Digitized Versions","True","Add to existing page","Filename suggests a view/turnaround or part-specific image.","D:\github\ron-english-sketches-and-drawings\images\Sketches\grins\Skeleton Grin front B&W.jpg"
"Skeleton Grin side B&W.jpg",".jpg","406.6","False","Skeleton Grin","skeleton-grin.html","Digitized Versions","True","Add to existing page","Filename suggests a view/turnaround or part-specific image.","D:\github\ron-english-sketches-and-drawings\images\Sketches\grins\Skeleton Grin side B&W.jpg"
"Slo Moe Grin Portrait B&W.jpg",".jpg","64","False","Slo Moe Grin","slo-moe-grin.html","Digitized Versions","True","Add to existing page","","D:\github\ron-english-sketches-and-drawings\images\Sketches\grins\Slo Moe Grin Portrait B&W.jpg"
"Slow Moe Grin B&W.jpg",".jpg","364.8","False","Slow Moe Grin","slow-moe-grin.html","Digitized Versions","True","Add to existing page","","D:\github\ron-english-sketches-and-drawings\images\Sketches\grins\Slow Moe Grin B&W.jpg"
"Slushsquatch Grin B&W.jpg",".jpg","286","False","Slushsquatch Grin","slushsquatch-grin.html","Digitized Versions","True","Add to existing page","","D:\github\ron-english-sketches-and-drawings\images\Sketches\grins\Slushsquatch Grin B&W.jpg"
"Slushsquatch Grin COLOR.jpg",".jpg","402.7","False","Slushsquatch Grin","slushsquatch-grin.html","Digitized Versions","True","Add to existing page","","D:\github\ron-english-sketches-and-drawings\images\Sketches\grins\Slushsquatch Grin COLOR.jpg"
"Smack, Crack, Pop Grin B&W.jpg",".jpg","468.7","False","Smack, Crack, Pop Grin","smack-crack-pop-grin.html","Digitized Versions","True","Add to existing page","","D:\github\ron-english-sketches-and-drawings\images\Sketches\grins\Smack, Crack, Pop Grin B&W.jpg"
"Smack, Crack, Pop Grin COLOR.jpg",".jpg","362.2","False","Smack, Crack, Pop Grin","smack-crack-pop-grin.html","Digitized Versions","True","Add to existing page","","D:\github\ron-english-sketches-and-drawings\images\Sketches\grins\Smack, Crack, Pop Grin COLOR.jpg"
"Smiley Face Dog Grin Newcastle B&W.jpg",".jpg","387.5","False","Smiley Face Dog Grin Newcastle","smiley-face-dog-grin-newcastle.html","Digitized Versions","True","Add to existing page","Filename suggests a view/turnaround or part-specific image.","D:\github\ron-english-sketches-and-drawings\images\Sketches\grins\Smiley Face Dog Grin Newcastle B&W.jpg"
"Smoking Grin B&W.jpg",".jpg","390","False","Smoking Grin","smoking-grin.html","Digitized Versions","True","Add to existing page","","D:\github\ron-english-sketches-and-drawings\images\Sketches\grins\Smoking Grin B&W.jpg"
"Smoking Grin COLOR.jpg",".jpg","407.5","False","Smoking Grin","smoking-grin.html","Digitized Versions","True","Add to existing page","","D:\github\ron-english-sketches-and-drawings\images\Sketches\grins\Smoking Grin COLOR.jpg"
"Smoking Grin ORIGINAL COLOR 2.jpg",".jpg","95.1","False","Smoking Grin","smoking-grin.html","Original Drawing","True","Add to existing page","Contains ORIGINAL COLOR: review whether original, color study, digitized version, or collector card.","D:\github\ron-english-sketches-and-drawings\images\Sketches\grins\Smoking Grin ORIGINAL COLOR 2.jpg"
"Smoking Grin ORIGINAL COLOR.1.jpg",".jpg","290.5","False","Smoking Grin ORIGINAL COLOR.1","smoking-grin-original-color-1.html","Original Drawing","False","Likely create new page","Contains ORIGINAL COLOR: review whether original, color study, digitized version, or collector card.","D:\github\ron-english-sketches-and-drawings\images\Sketches\grins\Smoking Grin ORIGINAL COLOR.1.jpg"
"Smoking Grin ORIGINAL COLOR.jpg",".jpg","222.6","False","Smoking Grin","smoking-grin.html","Original Drawing","True","Add to existing page","Contains ORIGINAL COLOR: review whether original, color study, digitized version, or collector card.","D:\github\ron-english-sketches-and-drawings\images\Sketches\grins\Smoking Grin ORIGINAL COLOR.jpg"
"Smurf Grin B&W.jpg",".jpg","299.6","False","Smurf Grin","smurf-grin.html","Digitized Versions","True","Add to existing page","","D:\github\ron-english-sketches-and-drawings\images\Sketches\grins\Smurf Grin B&W.jpg"
"Smurf Grin COLOR.jpg",".jpg","504.9","False","Smurf Grin","smurf-grin.html","Digitized Versions","True","Add to existing page","","D:\github\ron-english-sketches-and-drawings\images\Sketches\grins\Smurf Grin COLOR.jpg"
"Smurfette Grin B&W.jpg",".jpg","431.8","False","Smurfette Grin","smurfette-grin.html","Digitized Versions","True","Add to existing page","","D:\github\ron-english-sketches-and-drawings\images\Sketches\grins\Smurfette Grin B&W.jpg"
"Smurfette Grin ORIGINAL COLOR.jpg",".jpg","180.1","False","Smurfette Grin","smurfette-grin.html","Original Drawing","True","Add to existing page","Contains ORIGINAL COLOR: review whether original, color study, digitized version, or collector card.","D:\github\ron-english-sketches-and-drawings\images\Sketches\grins\Smurfette Grin ORIGINAL COLOR.jpg"
"Snoopy Grin B&W.jpg",".jpg","263.6","False","Snoopy Grin","snoopy-grin.html","Digitized Versions","True","Add to existing page","","D:\github\ron-english-sketches-and-drawings\images\Sketches\grins\Snoopy Grin B&W.jpg"
"Snoopy Grin back B&W.jpg",".jpg","308.5","False","Snoopy Grin","snoopy-grin.html","Digitized Versions","True","Add to existing page","Filename suggests a view/turnaround or part-specific image.","D:\github\ron-english-sketches-and-drawings\images\Sketches\grins\Snoopy Grin back B&W.jpg"
"Snoopy Grin back COLOR.1.jpg",".jpg","398.2","False","Snoopy Grin back COLOR.1","snoopy-grin-back-color-1.html","Digitized Versions","False","Likely create new page","Filename suggests a view/turnaround or part-specific image.","D:\github\ron-english-sketches-and-drawings\images\Sketches\grins\Snoopy Grin back COLOR.1.jpg"
"Snoopy Grin back COLOR.jpg",".jpg","289.6","False","Snoopy Grin","snoopy-grin.html","Digitized Versions","True","Add to existing page","Filename suggests a view/turnaround or part-specific image.","D:\github\ron-english-sketches-and-drawings\images\Sketches\grins\Snoopy Grin back COLOR.jpg"
"Snoopy Grin COLOR.jpg",".jpg","317","False","Snoopy Grin","snoopy-grin.html","Digitized Versions","True","Add to existing page","","D:\github\ron-english-sketches-and-drawings\images\Sketches\grins\Snoopy Grin COLOR.jpg"
"Snoopy Grin front B&W.jpg",".jpg","438.7","False","Snoopy Grin","snoopy-grin.html","Digitized Versions","True","Add to existing page","Filename suggests a view/turnaround or part-specific image.","D:\github\ron-english-sketches-and-drawings\images\Sketches\grins\Snoopy Grin front B&W.jpg"
"Snoopy Grin ORIGINAL COLOR.jpg",".jpg","109.4","False","Snoopy Grin","snoopy-grin.html","Original Drawing","True","Add to existing page","Contains ORIGINAL COLOR: review whether original, color study, digitized version, or collector card.","D:\github\ron-english-sketches-and-drawings\images\Sketches\grins\Snoopy Grin ORIGINAL COLOR.jpg"
"Sock Monkey Grin COLOR.jpg",".jpg","339.5","False","Sock Monkey Grin","sock-monkey-grin.html","Digitized Versions","True","Add to existing page","","D:\github\ron-english-sketches-and-drawings\images\Sketches\grins\Sock Monkey Grin COLOR.jpg"
"Sock Monkey Grin ORIGINAL COLOR 1.jpg",".jpg","145.1","False","Sock Monkey Grin","sock-monkey-grin.html","Original Drawing","True","Add to existing page","Contains ORIGINAL COLOR: review whether original, color study, digitized version, or collector card.","D:\github\ron-english-sketches-and-drawings\images\Sketches\grins\Sock Monkey Grin ORIGINAL COLOR 1.jpg"
"Sonic Grin COLOR.jpg",".jpg","328.6","False","Sonic Grin","sonic-grin.html","Digitized Versions","True","Add to existing page","","D:\github\ron-english-sketches-and-drawings\images\Sketches\grins\Sonic Grin COLOR.jpg"
"Space Shark Grin ORIGINAL.jpg",".jpg","84.1","False","Space Shark Grin","space-shark-grin.html","Original Drawing","True","Add to existing page","","D:\github\ron-english-sketches-and-drawings\images\Sketches\grins\Space Shark Grin ORIGINAL.jpg"
"Spaz Grin ORIGINAL COLOR.jpg",".jpg","216.7","False","Spaz Grin","spaz-grin.html","Original Drawing","True","Add to existing page","Contains ORIGINAL COLOR: review whether original, color study, digitized version, or collector card.","D:\github\ron-english-sketches-and-drawings\images\Sketches\grins\Spaz Grin ORIGINAL COLOR.jpg"
"Speak More Evil Grin B&W.jpg",".jpg","358.6","False","Speak More Evil Grin","speak-more-evil-grin.html","Digitized Versions","True","Add to existing page","","D:\github\ron-english-sketches-and-drawings\images\Sketches\grins\Speak More Evil Grin B&W.jpg"
"Spitting Grin B&W.jpg",".jpg","248.8","False","Spitting Grin","spitting-grin.html","Digitized Versions","False","Likely create new page","","D:\github\ron-english-sketches-and-drawings\images\Sketches\grins\Spitting Grin B&W.jpg"
"Spitting Grin COLOR.jpg",".jpg","418.2","False","Spitting Grin","spitting-grin.html","Digitized Versions","False","Likely create new page","","D:\github\ron-english-sketches-and-drawings\images\Sketches\grins\Spitting Grin COLOR.jpg"
"Spongebob Grin B&W.jpg",".jpg","438.3","False","Spongebob Grin","spongebob-grin.html","Digitized Versions","True","Add to existing page","","D:\github\ron-english-sketches-and-drawings\images\Sketches\grins\Spongebob Grin B&W.jpg"
"Spongebob Grin ORIGINAL COLOR.jpg",".jpg","79.8","False","Spongebob Grin","spongebob-grin.html","Original Drawing","True","Add to existing page","Contains ORIGINAL COLOR: review whether original, color study, digitized version, or collector card.","D:\github\ron-english-sketches-and-drawings\images\Sketches\grins\Spongebob Grin ORIGINAL COLOR.jpg"
"Squirrel Squirt Grin B&W.jpg",".jpg","237.6","False","Squirrel Squirt Grin","squirrel-squirt-grin.html","Digitized Versions","True","Add to existing page","","D:\github\ron-english-sketches-and-drawings\images\Sketches\grins\Squirrel Squirt Grin B&W.jpg"
"squirrel squirt grin head - B&W - trace girl - png.jpg",".jpg","275.4","False","squirrel squirt grin head - B&W - trace girl - png","squirrel-squirt-grin-head-b-and-w-trace-girl-png.html","Digitized Versions","False","Likely create new page","Filename suggests a view/turnaround or part-specific image.","D:\github\ron-english-sketches-and-drawings\images\Sketches\grins\squirrel squirt grin head - B&W - trace girl - png.jpg"
"Staples Pigeon Grin front B&W.jpg",".jpg","422.4","False","Staples Pigeon Grin","staples-pigeon-grin.html","Digitized Versions","True","Add to existing page","Filename suggests a view/turnaround or part-specific image.","D:\github\ron-english-sketches-and-drawings\images\Sketches\grins\Staples Pigeon Grin front B&W.jpg"
"Staples Pigeon Grin front COLOR.jpg",".jpg","507.4","False","Staples Pigeon Grin","staples-pigeon-grin.html","Digitized Versions","True","Add to existing page","Filename suggests a view/turnaround or part-specific image.","D:\github\ron-english-sketches-and-drawings\images\Sketches\grins\Staples Pigeon Grin front COLOR.jpg"
"Staples Pigeon Grin side B&W.jpg",".jpg","456.9","False","Staples Pigeon Grin","staples-pigeon-grin.html","Digitized Versions","True","Add to existing page","Filename suggests a view/turnaround or part-specific image.","D:\github\ron-english-sketches-and-drawings\images\Sketches\grins\Staples Pigeon Grin side B&W.jpg"
"Starskull Trooper Grin B&W.jpg",".jpg","437.4","False","Starskull Trooper Grin","starskull-trooper-grin.html","Digitized Versions","True","Add to existing page","","D:\github\ron-english-sketches-and-drawings\images\Sketches\grins\Starskull Trooper Grin B&W.jpg"
"Starskull Trooper Grin COLOR.jpg",".jpg","297.9","False","Starskull Trooper Grin","starskull-trooper-grin.html","Digitized Versions","True","Add to existing page","","D:\github\ron-english-sketches-and-drawings\images\Sketches\grins\Starskull Trooper Grin COLOR.jpg"
"Stewie Grin B&W.jpg",".jpg","326.5","False","Stewie Grin","stewie-grin.html","Digitized Versions","True","Add to existing page","","D:\github\ron-english-sketches-and-drawings\images\Sketches\grins\Stewie Grin B&W.jpg"
"Stewie Grin COLOR.jpg",".jpg","388.7","False","Stewie Grin","stewie-grin.html","Digitized Versions","True","Add to existing page","","D:\github\ron-english-sketches-and-drawings\images\Sketches\grins\Stewie Grin COLOR.jpg"
"Stitch Grin COLOR.jpg",".jpg","444.7","False","Stitch Grin","stitch-grin.html","Digitized Versions","True","Add to existing page","","D:\github\ron-english-sketches-and-drawings\images\Sketches\grins\Stitch Grin COLOR.jpg"
"Stitch Grin ORIGINAL COLOR.jpg",".jpg","132","False","Stitch Grin","stitch-grin.html","Original Drawing","True","Add to existing page","Contains ORIGINAL COLOR: review whether original, color study, digitized version, or collector card.","D:\github\ron-english-sketches-and-drawings\images\Sketches\grins\Stitch Grin ORIGINAL COLOR.jpg"
"Stormtrooper Grin B&W.jpg",".jpg","299.8","False","Stormtrooper Grin","stormtrooper-grin.html","Digitized Versions","True","Add to existing page","","D:\github\ron-english-sketches-and-drawings\images\Sketches\grins\Stormtrooper Grin B&W.jpg"
"Stormtrooper Grin COLOR.jpg",".jpg","449.7","False","Stormtrooper Grin","stormtrooper-grin.html","Digitized Versions","True","Add to existing page","","D:\github\ron-english-sketches-and-drawings\images\Sketches\grins\Stormtrooper Grin COLOR.jpg"
"Street Fighter Guile Grin COLOR.jpg",".jpg","390.9","False","Street Fighter Guile Grin","street-fighter-guile-grin.html","Digitized Versions","True","Add to existing page","","D:\github\ron-english-sketches-and-drawings\images\Sketches\grins\Street Fighter Guile Grin COLOR.jpg"
"Sugar Clown Grin B&W.jpg",".jpg","346.4","False","Sugar Clown Grin","sugar-clown-grin.html","Digitized Versions","True","Add to existing page","","D:\github\ron-english-sketches-and-drawings\images\Sketches\grins\Sugar Clown Grin B&W.jpg"
"Sugar Clown Grin back B&W.jpg",".jpg","440.6","False","Sugar Clown Grin","sugar-clown-grin.html","Digitized Versions","True","Add to existing page","Filename suggests a view/turnaround or part-specific image.","D:\github\ron-english-sketches-and-drawings\images\Sketches\grins\Sugar Clown Grin back B&W.jpg"
"Sugar Clown Grin back COLOR.jpg",".jpg","306.6","False","Sugar Clown Grin","sugar-clown-grin.html","Digitized Versions","True","Add to existing page","Filename suggests a view/turnaround or part-specific image.","D:\github\ron-english-sketches-and-drawings\images\Sketches\grins\Sugar Clown Grin back COLOR.jpg"
"Sugar Clown Grin left side COLOR.jpg",".jpg","452.5","False","Sugar Clown Grin","sugar-clown-grin.html","Digitized Versions","True","Add to existing page","Filename suggests a view/turnaround or part-specific image.","D:\github\ron-english-sketches-and-drawings\images\Sketches\grins\Sugar Clown Grin left side COLOR.jpg"
"Sugar Clown Grin right side B&W.jpg",".jpg","272.7","False","Sugar Clown Grin","sugar-clown-grin.html","Digitized Versions","True","Add to existing page","Filename suggests a view/turnaround or part-specific image.","D:\github\ron-english-sketches-and-drawings\images\Sketches\grins\Sugar Clown Grin right side B&W.jpg"
"Sugar Clown Grin right side COLOR.jpg",".jpg","395.8","False","Sugar Clown Grin","sugar-clown-grin.html","Digitized Versions","True","Add to existing page","Filename suggests a view/turnaround or part-specific image.","D:\github\ron-english-sketches-and-drawings\images\Sketches\grins\Sugar Clown Grin right side COLOR.jpg"
"Sugar Diabetic Bear Grin B&W.jpg",".jpg","443.1","False","Sugar Diabetic Bear Grin","sugar-diabetic-bear-grin.html","Digitized Versions","True","Add to existing page","","D:\github\ron-english-sketches-and-drawings\images\Sketches\grins\Sugar Diabetic Bear Grin B&W.jpg"
"Sugar Smack Grin B&W.jpg",".jpg","285.9","False","Sugar Smack Grin","sugar-smack-grin.html","Digitized Versions","True","Add to existing page","","D:\github\ron-english-sketches-and-drawings\images\Sketches\grins\Sugar Smack Grin B&W.jpg"
"Sugar Smack Grin COLOR.jpg",".jpg","304.1","False","Sugar Smack Grin","sugar-smack-grin.html","Digitized Versions","True","Add to existing page","","D:\github\ron-english-sketches-and-drawings\images\Sketches\grins\Sugar Smack Grin COLOR.jpg"
"Surf Girl Grin ORIGINAL COLOR 2.jpg",".jpg","207.8","False","Surf Girl Grin","surf-girl-grin.html","Original Drawing","True","Add to existing page","Contains ORIGINAL COLOR: review whether original, color study, digitized version, or collector card.","D:\github\ron-english-sketches-and-drawings\images\Sketches\grins\Surf Girl Grin ORIGINAL COLOR 2.jpg"
"Surf Girl Grin ORIGINAL COLOR.jpg",".jpg","96.5","False","Surf Girl Grin","surf-girl-grin.html","Original Drawing","True","Add to existing page","Contains ORIGINAL COLOR: review whether original, color study, digitized version, or collector card.","D:\github\ron-english-sketches-and-drawings\images\Sketches\grins\Surf Girl Grin ORIGINAL COLOR.jpg"
"Taz Grin B&W.jpg",".jpg","400.9","False","Taz Grin","taz-grin.html","Digitized Versions","True","Add to existing page","","D:\github\ron-english-sketches-and-drawings\images\Sketches\grins\Taz Grin B&W.jpg"
"Taz Grin circle COLOR.jpg",".jpg","324.1","False","Taz Grin","taz-grin.html","Digitized Versions","True","Add to existing page","","D:\github\ron-english-sketches-and-drawings\images\Sketches\grins\Taz Grin circle COLOR.jpg"
"Taz Grin COLOR.jpg",".jpg","291.2","False","Taz Grin","taz-grin.html","Digitized Versions","True","Add to existing page","","D:\github\ron-english-sketches-and-drawings\images\Sketches\grins\Taz Grin COLOR.jpg"
"Taz Grin Flower Face ORIGINAL.jpg",".jpg","53.8","False","Taz Grin Flower","taz-grin-flower.html","Original Drawing","True","Add to existing page","Filename suggests a view/turnaround or part-specific image.","D:\github\ron-english-sketches-and-drawings\images\Sketches\grins\Taz Grin Flower Face ORIGINAL.jpg"
"Techno Kitten Grin B&W.jpg",".jpg","252.4","False","Techno Kitten Grin","techno-kitten-grin.html","Digitized Versions","True","Add to existing page","","D:\github\ron-english-sketches-and-drawings\images\Sketches\grins\Techno Kitten Grin B&W.jpg"
"Techno Kitten Grin COLOR.jpg",".jpg","407.9","False","Techno Kitten Grin","techno-kitten-grin.html","Digitized Versions","True","Add to existing page","","D:\github\ron-english-sketches-and-drawings\images\Sketches\grins\Techno Kitten Grin COLOR.jpg"
"Teddy Bear Grin ORIGINAL COLOR.jpg",".jpg","100.4","False","Teddy Bear Grin","teddy-bear-grin.html","Original Drawing","True","Add to existing page","Contains ORIGINAL COLOR: review whether original, color study, digitized version, or collector card.","D:\github\ron-english-sketches-and-drawings\images\Sketches\grins\Teddy Bear Grin ORIGINAL COLOR.jpg"
"Teddy Bear Grin Standing B&W.jpg",".jpg","509.9","False","Teddy Bear Grin Standing","teddy-bear-grin-standing.html","Digitized Versions","True","Add to existing page","","D:\github\ron-english-sketches-and-drawings\images\Sketches\grins\Teddy Bear Grin Standing B&W.jpg"
"Teddy Bear Grin Standing COLOR.jpg",".jpg","423.7","False","Teddy Bear Grin Standing","teddy-bear-grin-standing.html","Digitized Versions","True","Add to existing page","","D:\github\ron-english-sketches-and-drawings\images\Sketches\grins\Teddy Bear Grin Standing COLOR.jpg"
"Teddy Bear Grin Standing ORIGINAL COLOR 2.png",".png","212.6","False","Teddy Bear Grin Standing","teddy-bear-grin-standing.html","Original Drawing","True","Add to existing page","Contains ORIGINAL COLOR: review whether original, color study, digitized version, or collector card.","D:\github\ron-english-sketches-and-drawings\images\Sketches\grins\Teddy Bear Grin Standing ORIGINAL COLOR 2.png"
"Telegrinnie B&W.jpg",".jpg","346.4","False","Telegrinnie","telegrinnie.html","Digitized Versions","True","Add to existing page","","D:\github\ron-english-sketches-and-drawings\images\Sketches\grins\Telegrinnie B&W.jpg"
"Telegrinnie ORIGINAL COLOR.jpg",".jpg","63","False","Telegrinnie","telegrinnie.html","Original Drawing","True","Add to existing page","Contains ORIGINAL COLOR: review whether original, color study, digitized version, or collector card.","D:\github\ron-english-sketches-and-drawings\images\Sketches\grins\Telegrinnie ORIGINAL COLOR.jpg"
"Teletubby Grin Flying B&W.jpg",".jpg","381.6","False","Teletubby Grin Flying","teletubby-grin-flying.html","Digitized Versions","True","Add to existing page","","D:\github\ron-english-sketches-and-drawings\images\Sketches\grins\Teletubby Grin Flying B&W.jpg"
"Teletubby Grin Flying COLOR.jpg",".jpg","440.7","False","Teletubby Grin Flying","teletubby-grin-flying.html","Digitized Versions","True","Add to existing page","","D:\github\ron-english-sketches-and-drawings\images\Sketches\grins\Teletubby Grin Flying COLOR.jpg"
"Tiger Grin 2 ORIGINAL colorway 1.jpg",".jpg","191.8","False","Tiger Grin 2","tiger-grin-2.html","Original Drawing","True","Add to existing page","","D:\github\ron-english-sketches-and-drawings\images\Sketches\grins\Tiger Grin 2 ORIGINAL colorway 1.jpg"
"Tiger Grin 2 ORIGINAL colorway 2.jpg",".jpg","186.6","False","Tiger Grin 2","tiger-grin-2.html","Original Drawing","True","Add to existing page","","D:\github\ron-english-sketches-and-drawings\images\Sketches\grins\Tiger Grin 2 ORIGINAL colorway 2.jpg"
"Tiger Sphinx B&W.jpg",".jpg","400.2","False","Tiger Sphinx","tiger-sphinx.html","Digitized Versions","True","Add to existing page","","D:\github\ron-english-sketches-and-drawings\images\Sketches\grins\Tiger Sphinx B&W.jpg"
"Tiger Sphinx side COLOR.jpg",".jpg","416.4","False","Tiger Sphinx","tiger-sphinx.html","Digitized Versions","True","Add to existing page","Filename suggests a view/turnaround or part-specific image.","D:\github\ron-english-sketches-and-drawings\images\Sketches\grins\Tiger Sphinx side COLOR.jpg"
"Timid Shark Grin COLOR.jpg",".jpg","487.5","False","Timid Shark Grin","timid-shark-grin.html","Digitized Versions","True","Add to existing page","","D:\github\ron-english-sketches-and-drawings\images\Sketches\grins\Timid Shark Grin COLOR.jpg"
"Timmy Turner Grin COLOR.jpg",".jpg","387","False","Timmy Turner Grin","timmy-turner-grin.html","Digitized Versions","True","Add to existing page","","D:\github\ron-english-sketches-and-drawings\images\Sketches\grins\Timmy Turner Grin COLOR.jpg"
"Tmnt Leonardo Grin B&W.jpg",".jpg","417.7","False","Tmnt Leonardo Grin","tmnt-leonardo-grin.html","Digitized Versions","True","Add to existing page","","D:\github\ron-english-sketches-and-drawings\images\Sketches\grins\Tmnt Leonardo Grin B&W.jpg"
"Tmnt Michelangelo Grin COLOR.jpg",".jpg","304.9","False","Tmnt Michelangelo Grin","tmnt-michelangelo-grin.html","Digitized Versions","True","Add to existing page","","D:\github\ron-english-sketches-and-drawings\images\Sketches\grins\Tmnt Michelangelo Grin COLOR.jpg"
"Tmnt Raphael Grin B&W.jpg",".jpg","307.6","False","Tmnt Raphael Grin","tmnt-raphael-grin.html","Digitized Versions","True","Add to existing page","","D:\github\ron-english-sketches-and-drawings\images\Sketches\grins\Tmnt Raphael Grin B&W.jpg"
"Tony Grin ORIGINAL COLOR.jpg",".jpg","170.1","False","Tony Grin","tony-grin.html","Original Drawing","False","Likely create new page","Contains ORIGINAL COLOR: review whether original, color study, digitized version, or collector card.","D:\github\ron-english-sketches-and-drawings\images\Sketches\grins\Tony Grin ORIGINAL COLOR.jpg"
"Tony Tiger Grin 1 B&W.jpg",".jpg","369.4","False","Tony Tiger Grin 1","tony-tiger-grin-1.html","Digitized Versions","True","Add to existing page","","D:\github\ron-english-sketches-and-drawings\images\Sketches\grins\Tony Tiger Grin 1 B&W.jpg"
"Tony Tiger Grin 1 COLOR.jpg",".jpg","296.9","False","Tony Tiger Grin 1","tony-tiger-grin-1.html","Digitized Versions","True","Add to existing page","","D:\github\ron-english-sketches-and-drawings\images\Sketches\grins\Tony Tiger Grin 1 COLOR.jpg"
"Tony Tiger Grin 1 ORIGINAL COLOR.jpg",".jpg","227.2","False","Tony Tiger Grin 1","tony-tiger-grin-1.html","Original Drawing","True","Add to existing page","Contains ORIGINAL COLOR: review whether original, color study, digitized version, or collector card.","D:\github\ron-english-sketches-and-drawings\images\Sketches\grins\Tony Tiger Grin 1 ORIGINAL COLOR.jpg"
"Tony Tiger Grin 2 B&W.jpg",".jpg","446.2","False","Tony Tiger Grin 2","tony-tiger-grin-2.html","Digitized Versions","True","Add to existing page","","D:\github\ron-english-sketches-and-drawings\images\Sketches\grins\Tony Tiger Grin 2 B&W.jpg"
"Topcat Grin B&W.jpg",".jpg","329.2","False","Topcat Grin","topcat-grin.html","Digitized Versions","True","Add to existing page","","D:\github\ron-english-sketches-and-drawings\images\Sketches\grins\Topcat Grin B&W.jpg"
"Topcat Grin COLOR.jpg",".jpg","304.2","False","Topcat Grin","topcat-grin.html","Digitized Versions","True","Add to existing page","","D:\github\ron-english-sketches-and-drawings\images\Sketches\grins\Topcat Grin COLOR.jpg"
"Trippy Grin COLOR.jpg",".jpg","372.3","False","Trippy Grin","trippy-grin.html","Digitized Versions","True","Add to existing page","","D:\github\ron-english-sketches-and-drawings\images\Sketches\grins\Trippy Grin COLOR.jpg"
"Tupac Grin B&W.jpg",".jpg","456.1","False","Tupac Grin","tupac-grin.html","Digitized Versions","True","Add to existing page","","D:\github\ron-english-sketches-and-drawings\images\Sketches\grins\Tupac Grin B&W.jpg"
"Tupac Grin ORIGINAL COLOR 1.jpg",".jpg","76.6","False","Tupac Grin","tupac-grin.html","Original Drawing","True","Add to existing page","Contains ORIGINAL COLOR: review whether original, color study, digitized version, or collector card.","D:\github\ron-english-sketches-and-drawings\images\Sketches\grins\Tupac Grin ORIGINAL COLOR 1.jpg"
"Tupac Grin ORIGINAL COLOR 2.jpg",".jpg","73.9","False","Tupac Grin","tupac-grin.html","Original Drawing","True","Add to existing page","Contains ORIGINAL COLOR: review whether original, color study, digitized version, or collector card.","D:\github\ron-english-sketches-and-drawings\images\Sketches\grins\Tupac Grin ORIGINAL COLOR 2.jpg"
"Tweetie Grin ORIGINAL COLOR.jpg",".jpg","288.1","False","Tweetie Grin","tweetie-grin.html","Original Drawing","True","Add to existing page","Contains ORIGINAL COLOR: review whether original, color study, digitized version, or collector card.","D:\github\ron-english-sketches-and-drawings\images\Sketches\grins\Tweetie Grin ORIGINAL COLOR.jpg"
"Two-Faced Rabbbit Grin back B&W.jpg",".jpg","473.4","False","Two-Faced Rabbbit Grin","two-faced-rabbbit-grin.html","Digitized Versions","True","Add to existing page","Filename suggests a view/turnaround or part-specific image.","D:\github\ron-english-sketches-and-drawings\images\Sketches\grins\Two-Faced Rabbbit Grin back B&W.jpg"
"Two-Faced Rabbbit Grin back COLOR.jpg",".jpg","394.8","False","Two-Faced Rabbbit Grin","two-faced-rabbbit-grin.html","Digitized Versions","True","Add to existing page","Filename suggests a view/turnaround or part-specific image.","D:\github\ron-english-sketches-and-drawings\images\Sketches\grins\Two-Faced Rabbbit Grin back COLOR.jpg"
"Two-Faced Rabbbit Grin side B&W.jpg",".jpg","337.2","False","Two-Faced Rabbbit Grin","two-faced-rabbbit-grin.html","Digitized Versions","True","Add to existing page","Filename suggests a view/turnaround or part-specific image.","D:\github\ron-english-sketches-and-drawings\images\Sketches\grins\Two-Faced Rabbbit Grin side B&W.jpg"
"Two-Faced Rabbbit Grin side COLOR.jpg",".jpg","301.1","False","Two-Faced Rabbbit Grin","two-faced-rabbbit-grin.html","Digitized Versions","True","Add to existing page","Filename suggests a view/turnaround or part-specific image.","D:\github\ron-english-sketches-and-drawings\images\Sketches\grins\Two-Faced Rabbbit Grin side COLOR.jpg"
"Unicorn Grin skewered ORIGINAL 1.png",".png","183.7","False","Unicorn Grin skewered","unicorn-grin-skewered.html","Original Drawing","False","Likely create new page","","D:\github\ron-english-sketches-and-drawings\images\Sketches\grins\Unicorn Grin skewered ORIGINAL 1.png"
"Unicorn Grin skewered ORIGINAL 2.png",".png","190.5","False","Unicorn Grin skewered","unicorn-grin-skewered.html","Original Drawing","False","Likely create new page","","D:\github\ron-english-sketches-and-drawings\images\Sketches\grins\Unicorn Grin skewered ORIGINAL 2.png"
"Unicorn Grin skewered ORIGINAL 3.png",".png","179","False","Unicorn Grin skewered","unicorn-grin-skewered.html","Original Drawing","False","Likely create new page","","D:\github\ron-english-sketches-and-drawings\images\Sketches\grins\Unicorn Grin skewered ORIGINAL 3.png"
"Unicorn Grin skewered ORIGINAL 4.png",".png","187.3","False","Unicorn Grin skewered","unicorn-grin-skewered.html","Original Drawing","False","Likely create new page","","D:\github\ron-english-sketches-and-drawings\images\Sketches\grins\Unicorn Grin skewered ORIGINAL 4.png"
"Unicorn Grin skewered ORIGINAL 5.png",".png","189.8","False","Unicorn Grin skewered","unicorn-grin-skewered.html","Original Drawing","False","Likely create new page","","D:\github\ron-english-sketches-and-drawings\images\Sketches\grins\Unicorn Grin skewered ORIGINAL 5.png"
"Unicorn Grin skewered ORIGINAL 6.png",".png","179.2","False","Unicorn Grin skewered","unicorn-grin-skewered.html","Original Drawing","False","Likely create new page","","D:\github\ron-english-sketches-and-drawings\images\Sketches\grins\Unicorn Grin skewered ORIGINAL 6.png"
"Unicorn Grin skewered ORIGINAL 7.png",".png","195.5","False","Unicorn Grin skewered","unicorn-grin-skewered.html","Original Drawing","False","Likely create new page","","D:\github\ron-english-sketches-and-drawings\images\Sketches\grins\Unicorn Grin skewered ORIGINAL 7.png"
"Unicorn Grin skewered ORIGINAL 8.png",".png","185.3","False","Unicorn Grin skewered","unicorn-grin-skewered.html","Original Drawing","False","Likely create new page","","D:\github\ron-english-sketches-and-drawings\images\Sketches\grins\Unicorn Grin skewered ORIGINAL 8.png"
"Wing Grin body ORIGINAL COLOR.png",".png","172.7","False","Wing Grin","wing-grin.html","Original Drawing","True","Add to existing page","Contains ORIGINAL COLOR: review whether original, color study, digitized version, or collector card. Filename suggests a view/turnaround or part-specific image.","D:\github\ron-english-sketches-and-drawings\images\Sketches\grins\Wing Grin body ORIGINAL COLOR.png"
"Yin Yang Face Grin ORIGINAL COLOR.jpg",".jpg","319.9","False","Yin Yang Face Grin","yin-yang-face-grin.html","Original Drawing","True","Add to existing page","Contains ORIGINAL COLOR: review whether original, color study, digitized version, or collector card. Filename suggests a view/turnaround or part-specific image.","D:\github\ron-english-sketches-and-drawings\images\Sketches\grins\Yin Yang Face Grin ORIGINAL COLOR.jpg"
"Yin Yang Grin 1 ORIGINAL COLOR.png",".png","166.2","False","Yin Yang Grin 1","yin-yang-grin-1.html","Original Drawing","True","Add to existing page","Contains ORIGINAL COLOR: review whether original, color study, digitized version, or collector card.","D:\github\ron-english-sketches-and-drawings\images\Sketches\grins\Yin Yang Grin 1 ORIGINAL COLOR.png"
"Zephyr Zelephant Grin COLOR.png",".png","218.7","False","Zephyr Zelephant Grin","zephyr-zelephant-grin.html","Digitized Versions","True","Add to existing page","","D:\github\ron-english-sketches-and-drawings\images\Sketches\grins\Zephyr Zelephant Grin COLOR.png"
