"HtmlPage","PageTitle","RawReference","DecodedFileName","ResolvedPath","ExistsInImageFolder"
"alien-baby-grin.html","Alien Baby Grin","../../images/Sketches/grins/Alien%20Baby%20Grin%20colorway%201.jpg","Alien Baby Grin colorway 1.jpg","D:\github\ron-english-sketches-and-drawings\images\Sketches\grins\Alien Baby Grin colorway 1.jpg","True"
"alien-baby-grin.html","Alien Baby Grin","../../images/Sketches/grins/Alien%20Baby%20Grin%20colorway%201.jpg","Alien Baby Grin colorway 1.jpg","D:\github\ron-english-sketches-and-drawings\images\Sketches\grins\Alien Baby Grin colorway 1.jpg","True"
"alien-baby-grin.html","Alien Baby Grin","../../images/Sketches/grins/Alien%20Baby%20Grin%20colorway%202.jpg","Alien Baby Grin colorway 2.jpg","D:\github\ron-english-sketches-and-drawings\images\Sketches\grins\Alien Baby Grin colorway 2.jpg","True"
"alien-baby-grin.html","Alien Baby Grin","../../images/Sketches/grins/Alien%20Baby%20Grin%20colorway%202.jpg","Alien Baby Grin colorway 2.jpg","D:\github\ron-english-sketches-and-drawings\images\Sketches\grins\Alien Baby Grin colorway 2.jpg","True"
"alien-baby-grin.html","Alien Baby Grin","../../images/Sketches/grins/Alien%20Baby%20Grin%20colorway%203.jpg","Alien Baby Grin colorway 3.jpg","D:\github\ron-english-sketches-and-drawings\images\Sketches\grins\Alien Baby Grin colorway 3.jpg","True"
"alien-baby-grin.html","Alien Baby Grin","../../images/Sketches/grins/Alien%20Baby%20Grin%20colorway%203.jpg","Alien Baby Grin colorway 3.jpg","D:\github\ron-english-sketches-and-drawings\images\Sketches\grins\Alien Baby Grin colorway 3.jpg","True"
"alien-grin.html","Alien Grin","../../images/Sketches/grins/Alien%20Grin%20COLOR.png","Alien Grin COLOR.png","D:\github\ron-english-sketches-and-drawings\images\Sketches\grins\Alien Grin COLOR.png","True"
"alien-grin.html","Alien Grin","../../images/Sketches/grins/Alien%20Grin%20COLOR.png","Alien Grin COLOR.png","D:\github\ron-english-sketches-and-drawings\images\Sketches\grins\Alien Grin COLOR.png","True"
"alien-grin.html","Alien Grin","../../images/Sketches/grins/Alien%20Grin%20side%20view.png","Alien Grin side view.png","D:\github\ron-english-sketches-and-drawings\images\Sketches\grins\Alien Grin side view.png","True"
"alien-grin.html","Alien Grin","../../images/Sketches/grins/Alien%20Grin%20side%20view.png","Alien Grin side view.png","D:\github\ron-english-sketches-and-drawings\images\Sketches\grins\Alien Grin side view.png","True"
"alien-grin.html","Alien Grin","../../images/Sketches/grins/Alien%20Grin%20side%20view%20(2).png","Alien Grin side view (2).png","D:\github\ron-english-sketches-and-drawings\images\Sketches\grins\Alien Grin side view (2).png","True"
"alien-grin.html","Alien Grin","../../images/Sketches/grins/Alien%20Grin%20side%20view%20(2).png","Alien Grin side view (2).png","D:\github\ron-english-sketches-and-drawings\images\Sketches\grins\Alien Grin side view (2).png","True"
"alien-grin.html","Alien Grin","../../images/Sketches/grins/Alien%20Grin%20side%20view%20(3).png","Alien Grin side view (3).png","D:\github\ron-english-sketches-and-drawings\images\Sketches\grins\Alien Grin side view (3).png","True"
"alien-grin.html","Alien Grin","../../images/Sketches/grins/Alien%20Grin%20side%20view%20(3).png","Alien Grin side view (3).png","D:\github\ron-english-sketches-and-drawings\images\Sketches\grins\Alien Grin side view (3).png","True"
"alien-grin.html","Alien Grin","../../images/Sketches/grins/Alien%20Grin%20side%20view%20(4).png","Alien Grin side view (4).png","D:\github\ron-english-sketches-and-drawings\images\Sketches\grins\Alien Grin side view (4).png","True"
"alien-grin.html","Alien Grin","../../images/Sketches/grins/Alien%20Grin%20side%20view%20(4).png","Alien Grin side view (4).png","D:\github\ron-english-sketches-and-drawings\images\Sketches\grins\Alien Grin side view (4).png","True"
"alien-grin.html","Alien Grin","../../images/Sketches/grins/Alien%20Grin%20side%20view%20(5).png","Alien Grin side view (5).png","D:\github\ron-english-sketches-and-drawings\images\Sketches\grins\Alien Grin side view (5).png","True"
"alien-grin.html","Alien Grin","../../images/Sketches/grins/Alien%20Grin%20side%20view%20(5).png","Alien Grin side view (5).png","D:\github\ron-english-sketches-and-drawings\images\Sketches\grins\Alien Grin side view (5).png","True"
"alien-grin.html","Alien Grin","../../images/Sketches/grins/Alien%20Grin%20side%20view%20(6)%20copy.png","Alien Grin side view (6) copy.png","D:\github\ron-english-sketches-and-drawings\images\Sketches\grins\Alien Grin side view (6) copy.png","True"
"alien-grin.html","Alien Grin","../../images/Sketches/grins/Alien%20Grin%20side%20view%20(6)%20copy.png","Alien Grin side view (6) copy.png","D:\github\ron-english-sketches-and-drawings\images\Sketches\grins\Alien Grin side view (6) copy.png","True"
"alien-grin.html","Alien Grin","../../images/Sketches/grins/Alien%20Grin%20side%20view%20(7).png","Alien Grin side view (7).png","D:\github\ron-english-sketches-and-drawings\images\Sketches\grins\Alien Grin side view (7).png","True"
"alien-grin.html","Alien Grin","../../images/Sketches/grins/Alien%20Grin%20side%20view%20(7).png","Alien Grin side view (7).png","D:\github\ron-english-sketches-and-drawings\images\Sketches\grins\Alien Grin side view (7).png","True"
"angel-grin.html","Angel Grin","../../images/Sketches/grins/Angel%20Grin%20B&amp;W.jpg","Angel Grin B&W.jpg","D:\github\ron-english-sketches-and-drawings\images\Sketches\grins\Angel Grin B&W.jpg","True"
"angel-grin.html","Angel Grin","../../images/Sketches/grins/Angel%20Grin%20B&amp;W.jpg","Angel Grin B&W.jpg","D:\github\ron-english-sketches-and-drawings\images\Sketches\grins\Angel Grin B&W.jpg","True"
"angel-grin.html","Angel Grin","../../images/Sketches/grins/Angel%20Grin%20card.jpg","Angel Grin card.jpg","D:\github\ron-english-sketches-and-drawings\images\Sketches\grins\Angel Grin card.jpg","True"
"angel-grin.html","Angel Grin","../../images/Sketches/grins/Angel%20Grin%20card.jpg","Angel Grin card.jpg","D:\github\ron-english-sketches-and-drawings\images\Sketches\grins\Angel Grin card.jpg","True"
"angel-grin.html","Angel Grin","../../images/Sketches/grins/Angel%20Grin%20card.png","Angel Grin card.png","D:\github\ron-english-sketches-and-drawings\images\Sketches\grins\Angel Grin card.png","True"
"angel-grin.html","Angel Grin","../../images/Sketches/grins/Angel%20Grin%20card.png","Angel Grin card.png","D:\github\ron-english-sketches-and-drawings\images\Sketches\grins\Angel Grin card.png","True"
"angel-wings-grin.html","Angel Wings Grin","../../images/Sketches/grins/Angel%20Wings%20Grin%201.png","Angel Wings Grin 1.png","D:\github\ron-english-sketches-and-drawings\images\Sketches\grins\Angel Wings Grin 1.png","True"
"angel-wings-grin.html","Angel Wings Grin","../../images/Sketches/grins/Angel%20Wings%20Grin%201.png","Angel Wings Grin 1.png","D:\github\ron-english-sketches-and-drawings\images\Sketches\grins\Angel Wings Grin 1.png","True"
"angel-wings-grin.html","Angel Wings Grin","../../images/Sketches/grins/Angel%20Wings%20Grin%202.png","Angel Wings Grin 2.png","D:\github\ron-english-sketches-and-drawings\images\Sketches\grins\Angel Wings Grin 2.png","True"
"angel-wings-grin.html","Angel Wings Grin","../../images/Sketches/grins/Angel%20Wings%20Grin%202.png","Angel Wings Grin 2.png","D:\github\ron-english-sketches-and-drawings\images\Sketches\grins\Angel Wings Grin 2.png","True"
"angel-wings-grin.html","Angel Wings Grin","../../images/Sketches/grins/Angel%20Wings%20Grin%203.png","Angel Wings Grin 3.png","D:\github\ron-english-sketches-and-drawings\images\Sketches\grins\Angel Wings Grin 3.png","True"
"angel-wings-grin.html","Angel Wings Grin","../../images/Sketches/grins/Angel%20Wings%20Grin%203.png","Angel Wings Grin 3.png","D:\github\ron-english-sketches-and-drawings\images\Sketches\grins\Angel Wings Grin 3.png","True"
"artist-grin.html","Artist Grin","../../images/Sketches/grins/Artist%20Grin%20B&amp;W.jpg","Artist Grin B&W.jpg","D:\github\ron-english-sketches-and-drawings\images\Sketches\grins\Artist Grin B&W.jpg","True"
"artist-grin.html","Artist Grin","../../images/Sketches/grins/Artist%20Grin%20B&amp;W.jpg","Artist Grin B&W.jpg","D:\github\ron-english-sketches-and-drawings\images\Sketches\grins\Artist Grin B&W.jpg","True"
"artist-grin.html","Artist Grin","../../images/Sketches/grins/Artist%20Grin%20COLOR.jpg","Artist Grin COLOR.jpg","D:\github\ron-english-sketches-and-drawings\images\Sketches\grins\Artist Grin COLOR.jpg","True"
"artist-grin.html","Artist Grin","../../images/Sketches/grins/Artist%20Grin%20COLOR.jpg","Artist Grin COLOR.jpg","D:\github\ron-english-sketches-and-drawings\images\Sketches\grins\Artist Grin COLOR.jpg","True"
"artist-grin.html","Artist Grin","../../images/Sketches/grins/Artist%20Grin%20card.jpg","Artist Grin card.jpg","D:\github\ron-english-sketches-and-drawings\images\Sketches\grins\Artist Grin card.jpg","True"
"artist-grin.html","Artist Grin","../../images/Sketches/grins/Artist%20Grin%20card.jpg","Artist Grin card.jpg","D:\github\ron-english-sketches-and-drawings\images\Sketches\grins\Artist Grin card.jpg","True"
"artist-grin.html","Artist Grin","../../images/Sketches/grins/Artist%20Grin%20card.png","Artist Grin card.png","D:\github\ron-english-sketches-and-drawings\images\Sketches\grins\Artist Grin card.png","True"
"artist-grin.html","Artist Grin","../../images/Sketches/grins/Artist%20Grin%20card.png","Artist Grin card.png","D:\github\ron-english-sketches-and-drawings\images\Sketches\grins\Artist Grin card.png","True"
"astro-boy-grin.html","Astro Boy Grin","../../images/Sketches/grins/Astro%20Boy%20Grin%20COLOR.jpg","Astro Boy Grin COLOR.jpg","D:\github\ron-english-sketches-and-drawings\images\Sketches\grins\Astro Boy Grin COLOR.jpg","True"
"astro-boy-grin.html","Astro Boy Grin","../../images/Sketches/grins/Astro%20Boy%20Grin%20COLOR.jpg","Astro Boy Grin COLOR.jpg","D:\github\ron-english-sketches-and-drawings\images\Sketches\grins\Astro Boy Grin COLOR.jpg","True"
"astro-boy-grin.html","Astro Boy Grin","../../images/Sketches/grins/Astro%20Boy%20Grin%20card.jpg","Astro Boy Grin card.jpg","D:\github\ron-english-sketches-and-drawings\images\Sketches\grins\Astro Boy Grin card.jpg","True"
"astro-boy-grin.html","Astro Boy Grin","../../images/Sketches/grins/Astro%20Boy%20Grin%20card.jpg","Astro Boy Grin card.jpg","D:\github\ron-english-sketches-and-drawings\images\Sketches\grins\Astro Boy Grin card.jpg","True"
"astrogrin.html","Astrogrin","../../images/Sketches/grins/Astrogrin%20ORIGINAL.jpg","Astrogrin ORIGINAL.jpg","D:\github\ron-english-sketches-and-drawings\images\Sketches\grins\Astrogrin ORIGINAL.jpg","True"
"astrogrin.html","Astrogrin","../../images/Sketches/grins/Astrogrin%20ORIGINAL.jpg","Astrogrin ORIGINAL.jpg","D:\github\ron-english-sketches-and-drawings\images\Sketches\grins\Astrogrin ORIGINAL.jpg","True"
"astrogrin.html","Astrogrin","../../images/Sketches/grins/Astrogrin%20B&amp;W.jpg","Astrogrin B&W.jpg","D:\github\ron-english-sketches-and-drawings\images\Sketches\grins\Astrogrin B&W.jpg","True"
"astrogrin.html","Astrogrin","../../images/Sketches/grins/Astrogrin%20B&amp;W.jpg","Astrogrin B&W.jpg","D:\github\ron-english-sketches-and-drawings\images\Sketches\grins\Astrogrin B&W.jpg","True"
"astrogrin.html","Astrogrin","../../images/Sketches/grins/Astrogrin%20COLOR.jpg","Astrogrin COLOR.jpg","D:\github\ron-english-sketches-and-drawings\images\Sketches\grins\Astrogrin COLOR.jpg","True"
"astrogrin.html","Astrogrin","../../images/Sketches/grins/Astrogrin%20COLOR.jpg","Astrogrin COLOR.jpg","D:\github\ron-english-sketches-and-drawings\images\Sketches\grins\Astrogrin COLOR.jpg","True"
"babalouie-grin.html","Babalouie Grin","../../images/Sketches/grins/Babalouie%20Grin%20ORIGINAL.jpg","Babalouie Grin ORIGINAL.jpg","D:\github\ron-english-sketches-and-drawings\images\Sketches\grins\Babalouie Grin ORIGINAL.jpg","True"
"babalouie-grin.html","Babalouie Grin","../../images/Sketches/grins/Babalouie%20Grin%20ORIGINAL.jpg","Babalouie Grin ORIGINAL.jpg","D:\github\ron-english-sketches-and-drawings\images\Sketches\grins\Babalouie Grin ORIGINAL.jpg","True"
"babalouie-grin.html","Babalouie Grin","../../images/Sketches/grins/Babalouie%20Grin%20B&amp;W.jpg","Babalouie Grin B&W.jpg","D:\github\ron-english-sketches-and-drawings\images\Sketches\grins\Babalouie Grin B&W.jpg","True"
"babalouie-grin.html","Babalouie Grin","../../images/Sketches/grins/Babalouie%20Grin%20B&amp;W.jpg","Babalouie Grin B&W.jpg","D:\github\ron-english-sketches-and-drawings\images\Sketches\grins\Babalouie Grin B&W.jpg","True"
"babalouie-grin.html","Babalouie Grin","../../images/Sketches/grins/Babalouie%20Grin%20COLOR.jpg","Babalouie Grin COLOR.jpg","D:\github\ron-english-sketches-and-drawings\images\Sketches\grins\Babalouie Grin COLOR.jpg","True"
"babalouie-grin.html","Babalouie Grin","../../images/Sketches/grins/Babalouie%20Grin%20COLOR.jpg","Babalouie Grin COLOR.jpg","D:\github\ron-english-sketches-and-drawings\images\Sketches\grins\Babalouie Grin COLOR.jpg","True"
"baby-grin.html","Baby Grin","../../images/Sketches/grins/Baby%20Grin%20ORIGINAL%202.jpg","Baby Grin ORIGINAL 2.jpg","D:\github\ron-english-sketches-and-drawings\images\Sketches\grins\Baby Grin ORIGINAL 2.jpg","True"
"baby-grin.html","Baby Grin","../../images/Sketches/grins/Baby%20Grin%20ORIGINAL%202.jpg","Baby Grin ORIGINAL 2.jpg","D:\github\ron-english-sketches-and-drawings\images\Sketches\grins\Baby Grin ORIGINAL 2.jpg","True"
"baby-grin.html","Baby Grin","../../images/Sketches/grins/Baby%20Grin%20ORIGINAL.jpg","Baby Grin ORIGINAL.jpg","D:\github\ron-english-sketches-and-drawings\images\Sketches\grins\Baby Grin ORIGINAL.jpg","True"
"baby-grin.html","Baby Grin","../../images/Sketches/grins/Baby%20Grin%20ORIGINAL.jpg","Baby Grin ORIGINAL.jpg","D:\github\ron-english-sketches-and-drawings\images\Sketches\grins\Baby Grin ORIGINAL.jpg","True"
"baby-grin.html","Baby Grin","../../images/Sketches/grins/Baby%20Grin%20COLOR.jpg","Baby Grin COLOR.jpg","D:\github\ron-english-sketches-and-drawings\images\Sketches\grins\Baby Grin COLOR.jpg","True"
"baby-grin.html","Baby Grin","../../images/Sketches/grins/Baby%20Grin%20COLOR.jpg","Baby Grin COLOR.jpg","D:\github\ron-english-sketches-and-drawings\images\Sketches\grins\Baby Grin COLOR.jpg","True"
"baby-grin.html","Baby Grin","../../images/Sketches/grins/Baby%20Grin%20ORIGINAL%20COLOR.jpg","Baby Grin ORIGINAL COLOR.jpg","D:\github\ron-english-sketches-and-drawings\images\Sketches\grins\Baby Grin ORIGINAL COLOR.jpg","True"
"baby-grin.html","Baby Grin","../../images/Sketches/grins/Baby%20Grin%20ORIGINAL%20COLOR.jpg","Baby Grin ORIGINAL COLOR.jpg","D:\github\ron-english-sketches-and-drawings\images\Sketches\grins\Baby Grin ORIGINAL COLOR.jpg","True"
"baby-grin-2.html","Baby Grin 2","../../images/Sketches/grins/Baby%20Grin%202%20ORIGINAL.jpg","Baby Grin 2 ORIGINAL.jpg","D:\github\ron-english-sketches-and-drawings\images\Sketches\grins\Baby Grin 2 ORIGINAL.jpg","True"
"baby-grin-2.html","Baby Grin 2","../../images/Sketches/grins/Baby%20Grin%202%20ORIGINAL.jpg","Baby Grin 2 ORIGINAL.jpg","D:\github\ron-english-sketches-and-drawings\images\Sketches\grins\Baby Grin 2 ORIGINAL.jpg","True"
"baby-grin-2.html","Baby Grin 2","../../images/Sketches/grins/Baby%20Grin%202%20B&amp;W.jpg","Baby Grin 2 B&W.jpg","D:\github\ron-english-sketches-and-drawings\images\Sketches\grins\Baby Grin 2 B&W.jpg","True"
"baby-grin-2.html","Baby Grin 2","../../images/Sketches/grins/Baby%20Grin%202%20B&amp;W.jpg","Baby Grin 2 B&W.jpg","D:\github\ron-english-sketches-and-drawings\images\Sketches\grins\Baby Grin 2 B&W.jpg","True"
"baby-grin-2.html","Baby Grin 2","../../images/Sketches/grins/Baby%20Grin%202%20COLOR.jpg","Baby Grin 2 COLOR.jpg","D:\github\ron-english-sketches-and-drawings\images\Sketches\grins\Baby Grin 2 COLOR.jpg","True"
"baby-grin-2.html","Baby Grin 2","../../images/Sketches/grins/Baby%20Grin%202%20COLOR.jpg","Baby Grin 2 COLOR.jpg","D:\github\ron-english-sketches-and-drawings\images\Sketches\grins\Baby Grin 2 COLOR.jpg","True"
"baby-grin-2.html","Baby Grin 2","../../images/Sketches/grins/Baby%20Grin%202%20card.png","Baby Grin 2 card.png","D:\github\ron-english-sketches-and-drawings\images\Sketches\grins\Baby Grin 2 card.png","True"
"baby-grin-2.html","Baby Grin 2","../../images/Sketches/grins/Baby%20Grin%202%20card.png","Baby Grin 2 card.png","D:\github\ron-english-sketches-and-drawings\images\Sketches\grins\Baby Grin 2 card.png","True"
"badly-drawn-batman-grin.html","Badly Drawn Batman Grin","../../images/Sketches/grins/Badly%20Drawn%20Batman%20Grin%20ORIGINAL%20COLOR.jpg","Badly Drawn Batman Grin ORIGINAL COLOR.jpg","D:\github\ron-english-sketches-and-drawings\images\Sketches\grins\Badly Drawn Batman Grin ORIGINAL COLOR.jpg","True"
"badly-drawn-batman-grin.html","Badly Drawn Batman Grin","../../images/Sketches/grins/Badly%20Drawn%20Batman%20Grin%20ORIGINAL%20COLOR.jpg","Badly Drawn Batman Grin ORIGINAL COLOR.jpg","D:\github\ron-english-sketches-and-drawings\images\Sketches\grins\Badly Drawn Batman Grin ORIGINAL COLOR.jpg","True"
"barney-grin.html","Barney Grin","../../images/Sketches/grins/Barney%20Grin%20front%201%20ORIGINAL.jpg","Barney Grin front 1 ORIGINAL.jpg","D:\github\ron-english-sketches-and-drawings\images\Sketches\grins\Barney Grin front 1 ORIGINAL.jpg","True"
"barney-grin.html","Barney Grin","../../images/Sketches/grins/Barney%20Grin%20front%201%20ORIGINAL.jpg","Barney Grin front 1 ORIGINAL.jpg","D:\github\ron-english-sketches-and-drawings\images\Sketches\grins\Barney Grin front 1 ORIGINAL.jpg","True"
"barney-grin.html","Barney Grin","../../images/Sketches/grins/Barney%20Grin%20front%202%20ORIGINAL.jpg","Barney Grin front 2 ORIGINAL.jpg","D:\github\ron-english-sketches-and-drawings\images\Sketches\grins\Barney Grin front 2 ORIGINAL.jpg","True"
"barney-grin.html","Barney Grin","../../images/Sketches/grins/Barney%20Grin%20front%202%20ORIGINAL.jpg","Barney Grin front 2 ORIGINAL.jpg","D:\github\ron-english-sketches-and-drawings\images\Sketches\grins\Barney Grin front 2 ORIGINAL.jpg","True"
"barney-grin.html","Barney Grin","../../images/Sketches/grins/Barney%20Grin%20back%20ORIGINAL.jpg","Barney Grin back ORIGINAL.jpg","D:\github\ron-english-sketches-and-drawings\images\Sketches\grins\Barney Grin back ORIGINAL.jpg","True"
"barney-grin.html","Barney Grin","../../images/Sketches/grins/Barney%20Grin%20back%20ORIGINAL.jpg","Barney Grin back ORIGINAL.jpg","D:\github\ron-english-sketches-and-drawings\images\Sketches\grins\Barney Grin back ORIGINAL.jpg","True"
"barney-grin.html","Barney Grin","../../images/Sketches/grins/Barney%20Grin%20side%20ORIGINAL%202.jpg","Barney Grin side ORIGINAL 2.jpg","D:\github\ron-english-sketches-and-drawings\images\Sketches\grins\Barney Grin side ORIGINAL 2.jpg","True"
"barney-grin.html","Barney Grin","../../images/Sketches/grins/Barney%20Grin%20side%20ORIGINAL%202.jpg","Barney Grin side ORIGINAL 2.jpg","D:\github\ron-english-sketches-and-drawings\images\Sketches\grins\Barney Grin side ORIGINAL 2.jpg","True"
"barney-grin.html","Barney Grin","../../images/Sketches/grins/Barney%20Grin%20side%20ORIGINAL%20closeup.jpg","Barney Grin side ORIGINAL closeup.jpg","D:\github\ron-english-sketches-and-drawings\images\Sketches\grins\Barney Grin side ORIGINAL closeup.jpg","True"
"barney-grin.html","Barney Grin","../../images/Sketches/grins/Barney%20Grin%20side%20ORIGINAL%20closeup.jpg","Barney Grin side ORIGINAL closeup.jpg","D:\github\ron-english-sketches-and-drawings\images\Sketches\grins\Barney Grin side ORIGINAL closeup.jpg","True"
"barney-grin.html","Barney Grin","../../images/Sketches/grins/Barney%20Grin%20side%20ORIGINAL.jpg","Barney Grin side ORIGINAL.jpg","D:\github\ron-english-sketches-and-drawings\images\Sketches\grins\Barney Grin side ORIGINAL.jpg","True"
"barney-grin.html","Barney Grin","../../images/Sketches/grins/Barney%20Grin%20side%20ORIGINAL.jpg","Barney Grin side ORIGINAL.jpg","D:\github\ron-english-sketches-and-drawings\images\Sketches\grins\Barney Grin side ORIGINAL.jpg","True"
"barney-grin.html","Barney Grin","../../images/Sketches/grins/Barney%20Grin%20Flying%20ORIGINAL.jpg","Barney Grin Flying ORIGINAL.jpg","D:\github\ron-english-sketches-and-drawings\images\Sketches\grins\Barney Grin Flying ORIGINAL.jpg","True"
"barney-grin.html","Barney Grin","../../images/Sketches/grins/Barney%20Grin%20Flying%20ORIGINAL.jpg","Barney Grin Flying ORIGINAL.jpg","D:\github\ron-english-sketches-and-drawings\images\Sketches\grins\Barney Grin Flying ORIGINAL.jpg","True"
"barney-grin.html","Barney Grin","../../images/Sketches/grins/Barney%20Grin%20ORIGINAL.jpg","Barney Grin ORIGINAL.jpg","D:\github\ron-english-sketches-and-drawings\images\Sketches\grins\Barney Grin ORIGINAL.jpg","True"
"barney-grin.html","Barney Grin","../../images/Sketches/grins/Barney%20Grin%20ORIGINAL.jpg","Barney Grin ORIGINAL.jpg","D:\github\ron-english-sketches-and-drawings\images\Sketches\grins\Barney Grin ORIGINAL.jpg","True"
"barney-grin.html","Barney Grin","../../images/Sketches/grins/Barney%20Grin%20front%201%20B&amp;W.jpg","Barney Grin front 1 B&W.jpg","D:\github\ron-english-sketches-and-drawings\images\Sketches\grins\Barney Grin front 1 B&W.jpg","True"
"barney-grin.html","Barney Grin","../../images/Sketches/grins/Barney%20Grin%20front%201%20B&amp;W.jpg","Barney Grin front 1 B&W.jpg","D:\github\ron-english-sketches-and-drawings\images\Sketches\grins\Barney Grin front 1 B&W.jpg","True"
"barney-grin.html","Barney Grin","../../images/Sketches/grins/Barney%20Grin%20front%202%20B&amp;W.jpg","Barney Grin front 2 B&W.jpg","D:\github\ron-english-sketches-and-drawings\images\Sketches\grins\Barney Grin front 2 B&W.jpg","True"
"barney-grin.html","Barney Grin","../../images/Sketches/grins/Barney%20Grin%20front%202%20B&amp;W.jpg","Barney Grin front 2 B&W.jpg","D:\github\ron-english-sketches-and-drawings\images\Sketches\grins\Barney Grin front 2 B&W.jpg","True"
"barney-grin.html","Barney Grin","../../images/Sketches/grins/Barney%20Grin%20back%20B&amp;W.jpg","Barney Grin back B&W.jpg","D:\github\ron-english-sketches-and-drawings\images\Sketches\grins\Barney Grin back B&W.jpg","True"
"barney-grin.html","Barney Grin","../../images/Sketches/grins/Barney%20Grin%20back%20B&amp;W.jpg","Barney Grin back B&W.jpg","D:\github\ron-english-sketches-and-drawings\images\Sketches\grins\Barney Grin back B&W.jpg","True"
"barney-grin.html","Barney Grin","../../images/Sketches/grins/Barney%20Grin%20front%201%20COLOR.jpg","Barney Grin front 1 COLOR.jpg","D:\github\ron-english-sketches-and-drawings\images\Sketches\grins\Barney Grin front 1 COLOR.jpg","True"
"barney-grin.html","Barney Grin","../../images/Sketches/grins/Barney%20Grin%20front%201%20COLOR.jpg","Barney Grin front 1 COLOR.jpg","D:\github\ron-english-sketches-and-drawings\images\Sketches\grins\Barney Grin front 1 COLOR.jpg","True"
"barney-grin.html","Barney Grin","../../images/Sketches/grins/Barney%20Grin%20front%202%20COLOR.jpg","Barney Grin front 2 COLOR.jpg","D:\github\ron-english-sketches-and-drawings\images\Sketches\grins\Barney Grin front 2 COLOR.jpg","True"
"barney-grin.html","Barney Grin","../../images/Sketches/grins/Barney%20Grin%20front%202%20COLOR.jpg","Barney Grin front 2 COLOR.jpg","D:\github\ron-english-sketches-and-drawings\images\Sketches\grins\Barney Grin front 2 COLOR.jpg","True"
"barney-grin.html","Barney Grin","../../images/Sketches/grins/Barney%20Grin%20back%20COLOR.jpg","Barney Grin back COLOR.jpg","D:\github\ron-english-sketches-and-drawings\images\Sketches\grins\Barney Grin back COLOR.jpg","True"
"barney-grin.html","Barney Grin","../../images/Sketches/grins/Barney%20Grin%20back%20COLOR.jpg","Barney Grin back COLOR.jpg","D:\github\ron-english-sketches-and-drawings\images\Sketches\grins\Barney Grin back COLOR.jpg","True"
"barney-grin.html","Barney Grin","../../images/Sketches/grins/Barney%20Grin%20side%20B&amp;W.jpg","Barney Grin side B&W.jpg","D:\github\ron-english-sketches-and-drawings\images\Sketches\grins\Barney Grin side B&W.jpg","True"
"barney-grin.html","Barney Grin","../../images/Sketches/grins/Barney%20Grin%20side%20B&amp;W.jpg","Barney Grin side B&W.jpg","D:\github\ron-english-sketches-and-drawings\images\Sketches\grins\Barney Grin side B&W.jpg","True"
"barney-grin.html","Barney Grin","../../images/Sketches/grins/Barney%20Grin%20side%20COLOR.jpg","Barney Grin side COLOR.jpg","D:\github\ron-english-sketches-and-drawings\images\Sketches\grins\Barney Grin side COLOR.jpg","True"
"barney-grin.html","Barney Grin","../../images/Sketches/grins/Barney%20Grin%20side%20COLOR.jpg","Barney Grin side COLOR.jpg","D:\github\ron-english-sketches-and-drawings\images\Sketches\grins\Barney Grin side COLOR.jpg","True"
"barney-grin.html","Barney Grin","../../images/Sketches/grins/Barney%20Grin%20B&amp;W.jpg","Barney Grin B&W.jpg","D:\github\ron-english-sketches-and-drawings\images\Sketches\grins\Barney Grin B&W.jpg","True"
"barney-grin.html","Barney Grin","../../images/Sketches/grins/Barney%20Grin%20B&amp;W.jpg","Barney Grin B&W.jpg","D:\github\ron-english-sketches-and-drawings\images\Sketches\grins\Barney Grin B&W.jpg","True"
"barney-grin.html","Barney Grin","../../images/Sketches/grins/Barney%20Grin%20Flying%20B&amp;W.jpg","Barney Grin Flying B&W.jpg","D:\github\ron-english-sketches-and-drawings\images\Sketches\grins\Barney Grin Flying B&W.jpg","True"
"barney-grin.html","Barney Grin","../../images/Sketches/grins/Barney%20Grin%20Flying%20B&amp;W.jpg","Barney Grin Flying B&W.jpg","D:\github\ron-english-sketches-and-drawings\images\Sketches\grins\Barney Grin Flying B&W.jpg","True"
"barney-grin.html","Barney Grin","../../images/Sketches/grins/Barney%20Grin%20COLOR.jpg","Barney Grin COLOR.jpg","D:\github\ron-english-sketches-and-drawings\images\Sketches\grins\Barney Grin COLOR.jpg","True"
"barney-grin.html","Barney Grin","../../images/Sketches/grins/Barney%20Grin%20COLOR.jpg","Barney Grin COLOR.jpg","D:\github\ron-english-sketches-and-drawings\images\Sketches\grins\Barney Grin COLOR.jpg","True"
"barney-grin.html","Barney Grin","../../images/Sketches/grins/Barney%20Grin%20Flying%20COLOR.jpg","Barney Grin Flying COLOR.jpg","D:\github\ron-english-sketches-and-drawings\images\Sketches\grins\Barney Grin Flying COLOR.jpg","True"
"barney-grin.html","Barney Grin","../../images/Sketches/grins/Barney%20Grin%20Flying%20COLOR.jpg","Barney Grin Flying COLOR.jpg","D:\github\ron-english-sketches-and-drawings\images\Sketches\grins\Barney Grin Flying COLOR.jpg","True"
"barney-grin-flying.html","Barney Grin Flying","../../images/Sketches/grins/Barney%20Grin%20Flying%20ORIGINAL.jpg","Barney Grin Flying ORIGINAL.jpg","D:\github\ron-english-sketches-and-drawings\images\Sketches\grins\Barney Grin Flying ORIGINAL.jpg","True"
"barney-grin-flying.html","Barney Grin Flying","../../images/Sketches/grins/Barney%20Grin%20Flying%20ORIGINAL.jpg","Barney Grin Flying ORIGINAL.jpg","D:\github\ron-english-sketches-and-drawings\images\Sketches\grins\Barney Grin Flying ORIGINAL.jpg","True"
"barney-grin-flying.html","Barney Grin Flying","../../images/Sketches/grins/Barney%20Grin%20Flying%20B&amp;W.jpg","Barney Grin Flying B&W.jpg","D:\github\ron-english-sketches-and-drawings\images\Sketches\grins\Barney Grin Flying B&W.jpg","True"
"barney-grin-flying.html","Barney Grin Flying","../../images/Sketches/grins/Barney%20Grin%20Flying%20B&amp;W.jpg","Barney Grin Flying B&W.jpg","D:\github\ron-english-sketches-and-drawings\images\Sketches\grins\Barney Grin Flying B&W.jpg","True"
"barney-grin-flying.html","Barney Grin Flying","../../images/Sketches/grins/Barney%20Grin%20Flying%20COLOR.jpg","Barney Grin Flying COLOR.jpg","D:\github\ron-english-sketches-and-drawings\images\Sketches\grins\Barney Grin Flying COLOR.jpg","True"
"barney-grin-flying.html","Barney Grin Flying","../../images/Sketches/grins/Barney%20Grin%20Flying%20COLOR.jpg","Barney Grin Flying COLOR.jpg","D:\github\ron-english-sketches-and-drawings\images\Sketches\grins\Barney Grin Flying COLOR.jpg","True"
"barney-grin-guernical.html","Barney Grin Guernical","../../images/Sketches/grins/Barney%20Grin%20Guernical%20ORIGINAL.jpg","Barney Grin Guernical ORIGINAL.jpg","D:\github\ron-english-sketches-and-drawings\images\Sketches\grins\Barney Grin Guernical ORIGINAL.jpg","True"
"barney-grin-guernical.html","Barney Grin Guernical","../../images/Sketches/grins/Barney%20Grin%20Guernical%20ORIGINAL.jpg","Barney Grin Guernical ORIGINAL.jpg","D:\github\ron-english-sketches-and-drawings\images\Sketches\grins\Barney Grin Guernical ORIGINAL.jpg","True"
"barney-grin-guernical.html","Barney Grin Guernical","../../images/Sketches/grins/Barney%20Grin%20Guernical%20B&amp;W.jpg","Barney Grin Guernical B&W.jpg","D:\github\ron-english-sketches-and-drawings\images\Sketches\grins\Barney Grin Guernical B&W.jpg","True"
"barney-grin-guernical.html","Barney Grin Guernical","../../images/Sketches/grins/Barney%20Grin%20Guernical%20B&amp;W.jpg","Barney Grin Guernical B&W.jpg","D:\github\ron-english-sketches-and-drawings\images\Sketches\grins\Barney Grin Guernical B&W.jpg","True"
"barney-grin-guernical.html","Barney Grin Guernical","../../images/Sketches/grins/Barney%20Grin%20Guernical%20COLOR.jpg","Barney Grin Guernical COLOR.jpg","D:\github\ron-english-sketches-and-drawings\images\Sketches\grins\Barney Grin Guernical COLOR.jpg","True"
"barney-grin-guernical.html","Barney Grin Guernical","../../images/Sketches/grins/Barney%20Grin%20Guernical%20COLOR.jpg","Barney Grin Guernical COLOR.jpg","D:\github\ron-english-sketches-and-drawings\images\Sketches\grins\Barney Grin Guernical COLOR.jpg","True"
"bart-grin.html","Bart Grin","../../images/Sketches/grins/Bart%20Grin%20Chubby%20front%20ORIGINAL.jpg","Bart Grin Chubby front ORIGINAL.jpg","D:\github\ron-english-sketches-and-drawings\images\Sketches\grins\Bart Grin Chubby front ORIGINAL.jpg","True"
"bart-grin.html","Bart Grin","../../images/Sketches/grins/Bart%20Grin%20Chubby%20front%20ORIGINAL.jpg","Bart Grin Chubby front ORIGINAL.jpg","D:\github\ron-english-sketches-and-drawings\images\Sketches\grins\Bart Grin Chubby front ORIGINAL.jpg","True"
"bart-grin.html","Bart Grin","../../images/Sketches/grins/Bart%20Grin%20chubby%20back%20ORIGINAL.jpg","Bart Grin chubby back ORIGINAL.jpg","D:\github\ron-english-sketches-and-drawings\images\Sketches\grins\Bart Grin chubby back ORIGINAL.jpg","True"
"bart-grin.html","Bart Grin","../../images/Sketches/grins/Bart%20Grin%20chubby%20back%20ORIGINAL.jpg","Bart Grin chubby back ORIGINAL.jpg","D:\github\ron-english-sketches-and-drawings\images\Sketches\grins\Bart Grin chubby back ORIGINAL.jpg","True"
"bart-grin.html","Bart Grin","../../images/Sketches/grins/Bart%20Grin%20chubby%20side%20ORIGINAL.jpg","Bart Grin chubby side ORIGINAL.jpg","D:\github\ron-english-sketches-and-drawings\images\Sketches\grins\Bart Grin chubby side ORIGINAL.jpg","True"
"bart-grin.html","Bart Grin","../../images/Sketches/grins/Bart%20Grin%20chubby%20side%20ORIGINAL.jpg","Bart Grin chubby side ORIGINAL.jpg","D:\github\ron-english-sketches-and-drawings\images\Sketches\grins\Bart Grin chubby side ORIGINAL.jpg","True"
"bart-grin.html","Bart Grin","../../images/Sketches/grins/Bart%20Grin%20side%20ORIGINAL.jpg","Bart Grin side ORIGINAL.jpg","D:\github\ron-english-sketches-and-drawings\images\Sketches\grins\Bart Grin side ORIGINAL.jpg","True"
"bart-grin.html","Bart Grin","../../images/Sketches/grins/Bart%20Grin%20side%20ORIGINAL.jpg","Bart Grin side ORIGINAL.jpg","D:\github\ron-english-sketches-and-drawings\images\Sketches\grins\Bart Grin side ORIGINAL.jpg","True"
"bart-grin.html","Bart Grin","../../images/Sketches/grins/Bart%20Grin%20Chubby%20front%20B&amp;W.jpg","Bart Grin Chubby front B&W.jpg","D:\github\ron-english-sketches-and-drawings\images\Sketches\grins\Bart Grin Chubby front B&W.jpg","True"
"bart-grin.html","Bart Grin","../../images/Sketches/grins/Bart%20Grin%20Chubby%20front%20B&amp;W.jpg","Bart Grin Chubby front B&W.jpg","D:\github\ron-english-sketches-and-drawings\images\Sketches\grins\Bart Grin Chubby front B&W.jpg","True"
"bart-grin.html","Bart Grin","../../images/Sketches/grins/Bart%20Grin%20front%20B&amp;W.jpg","Bart Grin front B&W.jpg","D:\github\ron-english-sketches-and-drawings\images\Sketches\grins\Bart Grin front B&W.jpg","True"
"bart-grin.html","Bart Grin","../../images/Sketches/grins/Bart%20Grin%20front%20B&amp;W.jpg","Bart Grin front B&W.jpg","D:\github\ron-english-sketches-and-drawings\images\Sketches\grins\Bart Grin front B&W.jpg","True"
"bart-grin.html","Bart Grin","../../images/Sketches/grins/Bart%20Grin%20Chubby%20front%20COLOR.jpg","Bart Grin Chubby front COLOR.jpg","D:\github\ron-english-sketches-and-drawings\images\Sketches\grins\Bart Grin Chubby front COLOR.jpg","True"
"bart-grin.html","Bart Grin","../../images/Sketches/grins/Bart%20Grin%20Chubby%20front%20COLOR.jpg","Bart Grin Chubby front COLOR.jpg","D:\github\ron-english-sketches-and-drawings\images\Sketches\grins\Bart Grin Chubby front COLOR.jpg","True"
"bart-grin.html","Bart Grin","../../images/Sketches/grins/Bart%20Grin%20front%20COLOR.jpg","Bart Grin front COLOR.jpg","D:\github\ron-english-sketches-and-drawings\images\Sketches\grins\Bart Grin front COLOR.jpg","True"
"bart-grin.html","Bart Grin","../../images/Sketches/grins/Bart%20Grin%20front%20COLOR.jpg","Bart Grin front COLOR.jpg","D:\github\ron-english-sketches-and-drawings\images\Sketches\grins\Bart Grin front COLOR.jpg","True"
"bart-grin.html","Bart Grin","../../images/Sketches/grins/Bart%20Grin%20short%20front%20COLOR.jpg","Bart Grin short front COLOR.jpg","D:\github\ron-english-sketches-and-drawings\images\Sketches\grins\Bart Grin short front COLOR.jpg","True"
"bart-grin.html","Bart Grin","../../images/Sketches/grins/Bart%20Grin%20short%20front%20COLOR.jpg","Bart Grin short front COLOR.jpg","D:\github\ron-english-sketches-and-drawings\images\Sketches\grins\Bart Grin short front COLOR.jpg","True"
"bart-grin.html","Bart Grin","../../images/Sketches/grins/Bart%20Grin%20short%20front%20COLOR.png","Bart Grin short front COLOR.png","D:\github\ron-english-sketches-and-drawings\images\Sketches\grins\Bart Grin short front COLOR.png","True"
"bart-grin.html","Bart Grin","../../images/Sketches/grins/Bart%20Grin%20short%20front%20COLOR.png","Bart Grin short front COLOR.png","D:\github\ron-english-sketches-and-drawings\images\Sketches\grins\Bart Grin short front COLOR.png","True"
"bart-grin.html","Bart Grin","../../images/Sketches/grins/Bart%20Grin%20Chubby%20side%20B&amp;W.jpg","Bart Grin Chubby side B&W.jpg","D:\github\ron-english-sketches-and-drawings\images\Sketches\grins\Bart Grin Chubby side B&W.jpg","True"
"bart-grin.html","Bart Grin","../../images/Sketches/grins/Bart%20Grin%20Chubby%20side%20B&amp;W.jpg","Bart Grin Chubby side B&W.jpg","D:\github\ron-english-sketches-and-drawings\images\Sketches\grins\Bart Grin Chubby side B&W.jpg","True"
"bart-grin.html","Bart Grin","../../images/Sketches/grins/Bart%20Grin%20side%20B&amp;W.jpg","Bart Grin side B&W.jpg","D:\github\ron-english-sketches-and-drawings\images\Sketches\grins\Bart Grin side B&W.jpg","True"
"bart-grin.html","Bart Grin","../../images/Sketches/grins/Bart%20Grin%20side%20B&amp;W.jpg","Bart Grin side B&W.jpg","D:\github\ron-english-sketches-and-drawings\images\Sketches\grins\Bart Grin side B&W.jpg","True"
"bart-grin.html","Bart Grin","../../images/Sketches/grins/Bart%20Grin%20chubby%20side%20raw%20file%20copy.jpg","Bart Grin chubby side raw file copy.jpg","D:\github\ron-english-sketches-and-drawings\images\Sketches\grins\Bart Grin chubby side raw file copy.jpg","True"
"bart-grin.html","Bart Grin","../../images/Sketches/grins/Bart%20Grin%20chubby%20side%20raw%20file%20copy.jpg","Bart Grin chubby side raw file copy.jpg","D:\github\ron-english-sketches-and-drawings\images\Sketches\grins\Bart Grin chubby side raw file copy.jpg","True"
"bart-grin.html","Bart Grin","../../images/Sketches/grins/Bart%20Grin%20side%20COLOR.jpg","Bart Grin side COLOR.jpg","D:\github\ron-english-sketches-and-drawings\images\Sketches\grins\Bart Grin side COLOR.jpg","True"
"bart-grin.html","Bart Grin","../../images/Sketches/grins/Bart%20Grin%20side%20COLOR.jpg","Bart Grin side COLOR.jpg","D:\github\ron-english-sketches-and-drawings\images\Sketches\grins\Bart Grin side COLOR.jpg","True"
"bart-grin-chubby.html","Bart Grin chubby","../../images/Sketches/grins/Bart%20Grin%20Chubby%20front%20ORIGINAL.jpg","Bart Grin Chubby front ORIGINAL.jpg","D:\github\ron-english-sketches-and-drawings\images\Sketches\grins\Bart Grin Chubby front ORIGINAL.jpg","True"
"bart-grin-chubby.html","Bart Grin chubby","../../images/Sketches/grins/Bart%20Grin%20Chubby%20front%20ORIGINAL.jpg","Bart Grin Chubby front ORIGINAL.jpg","D:\github\ron-english-sketches-and-drawings\images\Sketches\grins\Bart Grin Chubby front ORIGINAL.jpg","True"
"bart-grin-chubby.html","Bart Grin chubby","../../images/Sketches/grins/Bart%20Grin%20chubby%20back%20ORIGINAL.jpg","Bart Grin chubby back ORIGINAL.jpg","D:\github\ron-english-sketches-and-drawings\images\Sketches\grins\Bart Grin chubby back ORIGINAL.jpg","True"
"bart-grin-chubby.html","Bart Grin chubby","../../images/Sketches/grins/Bart%20Grin%20chubby%20back%20ORIGINAL.jpg","Bart Grin chubby back ORIGINAL.jpg","D:\github\ron-english-sketches-and-drawings\images\Sketches\grins\Bart Grin chubby back ORIGINAL.jpg","True"
"bart-grin-chubby.html","Bart Grin chubby","../../images/Sketches/grins/Bart%20Grin%20chubby%20side%20ORIGINAL.jpg","Bart Grin chubby side ORIGINAL.jpg","D:\github\ron-english-sketches-and-drawings\images\Sketches\grins\Bart Grin chubby side ORIGINAL.jpg","True"
"bart-grin-chubby.html","Bart Grin chubby","../../images/Sketches/grins/Bart%20Grin%20chubby%20side%20ORIGINAL.jpg","Bart Grin chubby side ORIGINAL.jpg","D:\github\ron-english-sketches-and-drawings\images\Sketches\grins\Bart Grin chubby side ORIGINAL.jpg","True"
"bart-grin-chubby.html","Bart Grin chubby","../../images/Sketches/grins/Bart%20Grin%20Chubby%20front%20B&amp;W.jpg","Bart Grin Chubby front B&W.jpg","D:\github\ron-english-sketches-and-drawings\images\Sketches\grins\Bart Grin Chubby front B&W.jpg","True"
"bart-grin-chubby.html","Bart Grin chubby","../../images/Sketches/grins/Bart%20Grin%20Chubby%20front%20B&amp;W.jpg","Bart Grin Chubby front B&W.jpg","D:\github\ron-english-sketches-and-drawings\images\Sketches\grins\Bart Grin Chubby front B&W.jpg","True"
"bart-grin-chubby.html","Bart Grin chubby","../../images/Sketches/grins/Bart%20Grin%20Chubby%20front%20COLOR.jpg","Bart Grin Chubby front COLOR.jpg","D:\github\ron-english-sketches-and-drawings\images\Sketches\grins\Bart Grin Chubby front COLOR.jpg","True"
"bart-grin-chubby.html","Bart Grin chubby","../../images/Sketches/grins/Bart%20Grin%20Chubby%20front%20COLOR.jpg","Bart Grin Chubby front COLOR.jpg","D:\github\ron-english-sketches-and-drawings\images\Sketches\grins\Bart Grin Chubby front COLOR.jpg","True"
"bart-grin-chubby.html","Bart Grin chubby","../../images/Sketches/grins/Bart%20Grin%20Chubby%20side%20B&amp;W.jpg","Bart Grin Chubby side B&W.jpg","D:\github\ron-english-sketches-and-drawings\images\Sketches\grins\Bart Grin Chubby side B&W.jpg","True"
"bart-grin-chubby.html","Bart Grin chubby","../../images/Sketches/grins/Bart%20Grin%20Chubby%20side%20B&amp;W.jpg","Bart Grin Chubby side B&W.jpg","D:\github\ron-english-sketches-and-drawings\images\Sketches\grins\Bart Grin Chubby side B&W.jpg","True"
"bart-grin-chubby.html","Bart Grin chubby","../../images/Sketches/grins/Bart%20Grin%20chubby%20side%20raw%20file%20copy.jpg","Bart Grin chubby side raw file copy.jpg","D:\github\ron-english-sketches-and-drawings\images\Sketches\grins\Bart Grin chubby side raw file copy.jpg","True"
"bart-grin-chubby.html","Bart Grin chubby","../../images/Sketches/grins/Bart%20Grin%20chubby%20side%20raw%20file%20copy.jpg","Bart Grin chubby side raw file copy.jpg","D:\github\ron-english-sketches-and-drawings\images\Sketches\grins\Bart Grin chubby side raw file copy.jpg","True"
"bart-grin-short.html","Bart Grin short","../../images/Sketches/grins/Bart%20Grin%20short%20front%20COLOR.jpg","Bart Grin short front COLOR.jpg","D:\github\ron-english-sketches-and-drawings\images\Sketches\grins\Bart Grin short front COLOR.jpg","True"
"bart-grin-short.html","Bart Grin short","../../images/Sketches/grins/Bart%20Grin%20short%20front%20COLOR.jpg","Bart Grin short front COLOR.jpg","D:\github\ron-english-sketches-and-drawings\images\Sketches\grins\Bart Grin short front COLOR.jpg","True"
"bart-grin-short.html","Bart Grin short","../../images/Sketches/grins/Bart%20Grin%20short%20front%20COLOR.png","Bart Grin short front COLOR.png","D:\github\ron-english-sketches-and-drawings\images\Sketches\grins\Bart Grin short front COLOR.png","True"
"bart-grin-short.html","Bart Grin short","../../images/Sketches/grins/Bart%20Grin%20short%20front%20COLOR.png","Bart Grin short front COLOR.png","D:\github\ron-english-sketches-and-drawings\images\Sketches\grins\Bart Grin short front COLOR.png","True"
"bartman-grin.html","Bartman Grin","../../images/Sketches/grins/Bartman%20Grin%20flying%20ORIGINAL.jpg","Bartman Grin flying ORIGINAL.jpg","D:\github\ron-english-sketches-and-drawings\images\Sketches\grins\Bartman Grin flying ORIGINAL.jpg","True"
"bartman-grin.html","Bartman Grin","../../images/Sketches/grins/Bartman%20Grin%20flying%20ORIGINAL.jpg","Bartman Grin flying ORIGINAL.jpg","D:\github\ron-english-sketches-and-drawings\images\Sketches\grins\Bartman Grin flying ORIGINAL.jpg","True"
"bartman-grin.html","Bartman Grin","../../images/Sketches/grins/Bartman%20Grin%20flying%20ORIGINAL%20COLOR.jpg","Bartman Grin flying ORIGINAL COLOR.jpg","D:\github\ron-english-sketches-and-drawings\images\Sketches\grins\Bartman Grin flying ORIGINAL COLOR.jpg","True"
"bartman-grin.html","Bartman Grin","../../images/Sketches/grins/Bartman%20Grin%20flying%20ORIGINAL%20COLOR.jpg","Bartman Grin flying ORIGINAL COLOR.jpg","D:\github\ron-english-sketches-and-drawings\images\Sketches\grins\Bartman Grin flying ORIGINAL COLOR.jpg","True"
"bartman-grin.html","Bartman Grin","../../images/Sketches/grins/Bartman%20Grin%20flying%20B&amp;W.jpg","Bartman Grin flying B&W.jpg","D:\github\ron-english-sketches-and-drawings\images\Sketches\grins\Bartman Grin flying B&W.jpg","True"
"bartman-grin.html","Bartman Grin","../../images/Sketches/grins/Bartman%20Grin%20flying%20B&amp;W.jpg","Bartman Grin flying B&W.jpg","D:\github\ron-english-sketches-and-drawings\images\Sketches\grins\Bartman Grin flying B&W.jpg","True"
"bartman-grin.html","Bartman Grin","../../images/Sketches/grins/Bartman%20Grin%20flying%20COLOR.jpg","Bartman Grin flying COLOR.jpg","D:\github\ron-english-sketches-and-drawings\images\Sketches\grins\Bartman Grin flying COLOR.jpg","True"
"bartman-grin.html","Bartman Grin","../../images/Sketches/grins/Bartman%20Grin%20flying%20COLOR.jpg","Bartman Grin flying COLOR.jpg","D:\github\ron-english-sketches-and-drawings\images\Sketches\grins\Bartman Grin flying COLOR.jpg","True"
"bartman-grin-flying.html","Bartman Grin flying","../../images/Sketches/grins/Bartman%20Grin%20flying%20ORIGINAL.jpg","Bartman Grin flying ORIGINAL.jpg","D:\github\ron-english-sketches-and-drawings\images\Sketches\grins\Bartman Grin flying ORIGINAL.jpg","True"
"bartman-grin-flying.html","Bartman Grin flying","../../images/Sketches/grins/Bartman%20Grin%20flying%20ORIGINAL.jpg","Bartman Grin flying ORIGINAL.jpg","D:\github\ron-english-sketches-and-drawings\images\Sketches\grins\Bartman Grin flying ORIGINAL.jpg","True"
"bartman-grin-flying.html","Bartman Grin flying","../../images/Sketches/grins/Bartman%20Grin%20flying%20ORIGINAL%20COLOR.jpg","Bartman Grin flying ORIGINAL COLOR.jpg","D:\github\ron-english-sketches-and-drawings\images\Sketches\grins\Bartman Grin flying ORIGINAL COLOR.jpg","True"
"bartman-grin-flying.html","Bartman Grin flying","../../images/Sketches/grins/Bartman%20Grin%20flying%20ORIGINAL%20COLOR.jpg","Bartman Grin flying ORIGINAL COLOR.jpg","D:\github\ron-english-sketches-and-drawings\images\Sketches\grins\Bartman Grin flying ORIGINAL COLOR.jpg","True"
"bartman-grin-flying.html","Bartman Grin flying","../../images/Sketches/grins/Bartman%20Grin%20flying%20B&amp;W.jpg","Bartman Grin flying B&W.jpg","D:\github\ron-english-sketches-and-drawings\images\Sketches\grins\Bartman Grin flying B&W.jpg","True"
"bartman-grin-flying.html","Bartman Grin flying","../../images/Sketches/grins/Bartman%20Grin%20flying%20B&amp;W.jpg","Bartman Grin flying B&W.jpg","D:\github\ron-english-sketches-and-drawings\images\Sketches\grins\Bartman Grin flying B&W.jpg","True"
"bartman-grin-flying.html","Bartman Grin flying","../../images/Sketches/grins/Bartman%20Grin%20flying%20COLOR.jpg","Bartman Grin flying COLOR.jpg","D:\github\ron-english-sketches-and-drawings\images\Sketches\grins\Bartman Grin flying COLOR.jpg","True"
"bartman-grin-flying.html","Bartman Grin flying","../../images/Sketches/grins/Bartman%20Grin%20flying%20COLOR.jpg","Bartman Grin flying COLOR.jpg","D:\github\ron-english-sketches-and-drawings\images\Sketches\grins\Bartman Grin flying COLOR.jpg","True"
"baseball-grin.html","Baseball Grin","../../images/Sketches/grins/Baseball%20Grin%20ORIGINAL.jpg","Baseball Grin ORIGINAL.jpg","D:\github\ron-english-sketches-and-drawings\images\Sketches\grins\Baseball Grin ORIGINAL.jpg","True"
"baseball-grin.html","Baseball Grin","../../images/Sketches/grins/Baseball%20Grin%20ORIGINAL.jpg","Baseball Grin ORIGINAL.jpg","D:\github\ron-english-sketches-and-drawings\images\Sketches\grins\Baseball Grin ORIGINAL.jpg","True"
"baseball-grin.html","Baseball Grin","../../images/Sketches/grins/Baseball%20Grin%20B&amp;W.jpg","Baseball Grin B&W.jpg","D:\github\ron-english-sketches-and-drawings\images\Sketches\grins\Baseball Grin B&W.jpg","True"
"baseball-grin.html","Baseball Grin","../../images/Sketches/grins/Baseball%20Grin%20B&amp;W.jpg","Baseball Grin B&W.jpg","D:\github\ron-english-sketches-and-drawings\images\Sketches\grins\Baseball Grin B&W.jpg","True"
"baseball-grin.html","Baseball Grin","../../images/Sketches/grins/Baseball%20Grin%20COLOR.jpg","Baseball Grin COLOR.jpg","D:\github\ron-english-sketches-and-drawings\images\Sketches\grins\Baseball Grin COLOR.jpg","True"
"baseball-grin.html","Baseball Grin","../../images/Sketches/grins/Baseball%20Grin%20COLOR.jpg","Baseball Grin COLOR.jpg","D:\github\ron-english-sketches-and-drawings\images\Sketches\grins\Baseball Grin COLOR.jpg","True"
"baseball-grin.html","Baseball Grin","../../images/Sketches/grins/Baseball%20Grin%20card.png","Baseball Grin card.png","D:\github\ron-english-sketches-and-drawings\images\Sketches\grins\Baseball Grin card.png","True"
"baseball-grin.html","Baseball Grin","../../images/Sketches/grins/Baseball%20Grin%20card.png","Baseball Grin card.png","D:\github\ron-english-sketches-and-drawings\images\Sketches\grins\Baseball Grin card.png","True"
"baseball-grin.html","Baseball Grin","../../images/Sketches/grins/Baseball%20Grin%20ORIGINAL%20COLOR%202.jpg","Baseball Grin ORIGINAL COLOR 2.jpg","D:\github\ron-english-sketches-and-drawings\images\Sketches\grins\Baseball Grin ORIGINAL COLOR 2.jpg","True"
"baseball-grin.html","Baseball Grin","../../images/Sketches/grins/Baseball%20Grin%20ORIGINAL%20COLOR%202.jpg","Baseball Grin ORIGINAL COLOR 2.jpg","D:\github\ron-english-sketches-and-drawings\images\Sketches\grins\Baseball Grin ORIGINAL COLOR 2.jpg","True"
"baseball-grin.html","Baseball Grin","../../images/Sketches/grins/Baseball%20Grin%20ORIGINAL%20COLOR%203.jpg","Baseball Grin ORIGINAL COLOR 3.jpg","D:\github\ron-english-sketches-and-drawings\images\Sketches\grins\Baseball Grin ORIGINAL COLOR 3.jpg","True"
"baseball-grin.html","Baseball Grin","../../images/Sketches/grins/Baseball%20Grin%20ORIGINAL%20COLOR%203.jpg","Baseball Grin ORIGINAL COLOR 3.jpg","D:\github\ron-english-sketches-and-drawings\images\Sketches\grins\Baseball Grin ORIGINAL COLOR 3.jpg","True"
"basketball-bulldog-grin.html","Basketball Bulldog Grin","../../images/Sketches/grins/Basketball%20Bulldog%20Grin%20B&amp;W.jpg","Basketball Bulldog Grin B&W.jpg","D:\github\ron-english-sketches-and-drawings\images\Sketches\grins\Basketball Bulldog Grin B&W.jpg","True"
"basketball-bulldog-grin.html","Basketball Bulldog Grin","../../images/Sketches/grins/Basketball%20Bulldog%20Grin%20B&amp;W.jpg","Basketball Bulldog Grin B&W.jpg","D:\github\ron-english-sketches-and-drawings\images\Sketches\grins\Basketball Bulldog Grin B&W.jpg","True"
"basketball-bulldog-grin.html","Basketball Bulldog Grin","../../images/Sketches/grins/Basketball%20Bulldog%20Grin%20COLOR.jpg","Basketball Bulldog Grin COLOR.jpg","D:\github\ron-english-sketches-and-drawings\images\Sketches\grins\Basketball Bulldog Grin COLOR.jpg","True"
"basketball-bulldog-grin.html","Basketball Bulldog Grin","../../images/Sketches/grins/Basketball%20Bulldog%20Grin%20COLOR.jpg","Basketball Bulldog Grin COLOR.jpg","D:\github\ron-english-sketches-and-drawings\images\Sketches\grins\Basketball Bulldog Grin COLOR.jpg","True"
"basketball-grin.html","Basketball Grin","../../images/Sketches/grins/Basketball%20Grin%20back%20ORIGINAL.jpg","Basketball Grin back ORIGINAL.jpg","D:\github\ron-english-sketches-and-drawings\images\Sketches\grins\Basketball Grin back ORIGINAL.jpg","True"
"basketball-grin.html","Basketball Grin","../../images/Sketches/grins/Basketball%20Grin%20back%20ORIGINAL.jpg","Basketball Grin back ORIGINAL.jpg","D:\github\ron-english-sketches-and-drawings\images\Sketches\grins\Basketball Grin back ORIGINAL.jpg","True"
"basketball-grin.html","Basketball Grin","../../images/Sketches/grins/Basketball%20Grin%20back%20ORIGINAL%20colorway%201.jpg","Basketball Grin back ORIGINAL colorway 1.jpg","D:\github\ron-english-sketches-and-drawings\images\Sketches\grins\Basketball Grin back ORIGINAL colorway 1.jpg","True"
"basketball-grin.html","Basketball Grin","../../images/Sketches/grins/Basketball%20Grin%20back%20ORIGINAL%20colorway%201.jpg","Basketball Grin back ORIGINAL colorway 1.jpg","D:\github\ron-english-sketches-and-drawings\images\Sketches\grins\Basketball Grin back ORIGINAL colorway 1.jpg","True"
"basketball-grin.html","Basketball Grin","../../images/Sketches/grins/Basketball%20Grin%20back%20ORIGINAL%20colorway%202.jpg","Basketball Grin back ORIGINAL colorway 2.jpg","D:\github\ron-english-sketches-and-drawings\images\Sketches\grins\Basketball Grin back ORIGINAL colorway 2.jpg","True"
"basketball-grin.html","Basketball Grin","../../images/Sketches/grins/Basketball%20Grin%20back%20ORIGINAL%20colorway%202.jpg","Basketball Grin back ORIGINAL colorway 2.jpg","D:\github\ron-english-sketches-and-drawings\images\Sketches\grins\Basketball Grin back ORIGINAL colorway 2.jpg","True"
"basketball-grin.html","Basketball Grin","../../images/Sketches/grins/Basketball%20Grin%20back%20ORIGINAL%20colorway%203.jpg","Basketball Grin back ORIGINAL colorway 3.jpg","D:\github\ron-english-sketches-and-drawings\images\Sketches\grins\Basketball Grin back ORIGINAL colorway 3.jpg","True"
"basketball-grin.html","Basketball Grin","../../images/Sketches/grins/Basketball%20Grin%20back%20ORIGINAL%20colorway%203.jpg","Basketball Grin back ORIGINAL colorway 3.jpg","D:\github\ron-english-sketches-and-drawings\images\Sketches\grins\Basketball Grin back ORIGINAL colorway 3.jpg","True"
"basketball-grin.html","Basketball Grin","../../images/Sketches/grins/Basketball%20Grin%20side%20ORIGINAL.jpg","Basketball Grin side ORIGINAL.jpg","D:\github\ron-english-sketches-and-drawings\images\Sketches\grins\Basketball Grin side ORIGINAL.jpg","True"
"basketball-grin.html","Basketball Grin","../../images/Sketches/grins/Basketball%20Grin%20side%20ORIGINAL.jpg","Basketball Grin side ORIGINAL.jpg","D:\github\ron-english-sketches-and-drawings\images\Sketches\grins\Basketball Grin side ORIGINAL.jpg","True"
"basketball-grin.html","Basketball Grin","../../images/Sketches/grins/Basketball%20Grin%20ORIGINAL%20%20colorway%202.jpg","Basketball Grin ORIGINAL  colorway 2.jpg","D:\github\ron-english-sketches-and-drawings\images\Sketches\grins\Basketball Grin ORIGINAL  colorway 2.jpg","True"
"basketball-grin.html","Basketball Grin","../../images/Sketches/grins/Basketball%20Grin%20ORIGINAL%20%20colorway%202.jpg","Basketball Grin ORIGINAL  colorway 2.jpg","D:\github\ron-english-sketches-and-drawings\images\Sketches\grins\Basketball Grin ORIGINAL  colorway 2.jpg","True"
"basketball-grin.html","Basketball Grin","../../images/Sketches/grins/Basketball%20Grin%20ORIGINAL%20%20colorway%203.jpg","Basketball Grin ORIGINAL  colorway 3.jpg","D:\github\ron-english-sketches-and-drawings\images\Sketches\grins\Basketball Grin ORIGINAL  colorway 3.jpg","True"
"basketball-grin.html","Basketball Grin","../../images/Sketches/grins/Basketball%20Grin%20ORIGINAL%20%20colorway%203.jpg","Basketball Grin ORIGINAL  colorway 3.jpg","D:\github\ron-english-sketches-and-drawings\images\Sketches\grins\Basketball Grin ORIGINAL  colorway 3.jpg","True"
"basketball-grin.html","Basketball Grin","../../images/Sketches/grins/Basketball%20Grin%20ORIGINAL%20colorway%201.jpg","Basketball Grin ORIGINAL colorway 1.jpg","D:\github\ron-english-sketches-and-drawings\images\Sketches\grins\Basketball Grin ORIGINAL colorway 1.jpg","True"
"basketball-grin.html","Basketball Grin","../../images/Sketches/grins/Basketball%20Grin%20ORIGINAL%20colorway%201.jpg","Basketball Grin ORIGINAL colorway 1.jpg","D:\github\ron-english-sketches-and-drawings\images\Sketches\grins\Basketball Grin ORIGINAL colorway 1.jpg","True"
"basketball-grin.html","Basketball Grin","../../images/Sketches/grins/Basketball%20Grin%20back%20B&amp;W.jpg","Basketball Grin back B&W.jpg","D:\github\ron-english-sketches-and-drawings\images\Sketches\grins\Basketball Grin back B&W.jpg","True"
"basketball-grin.html","Basketball Grin","../../images/Sketches/grins/Basketball%20Grin%20back%20B&amp;W.jpg","Basketball Grin back B&W.jpg","D:\github\ron-english-sketches-and-drawings\images\Sketches\grins\Basketball Grin back B&W.jpg","True"
"basketball-grin.html","Basketball Grin","../../images/Sketches/grins/Basketball%20Grin%20back%20COLOR.jpg","Basketball Grin back COLOR.jpg","D:\github\ron-english-sketches-and-drawings\images\Sketches\grins\Basketball Grin back COLOR.jpg","True"
"basketball-grin.html","Basketball Grin","../../images/Sketches/grins/Basketball%20Grin%20back%20COLOR.jpg","Basketball Grin back COLOR.jpg","D:\github\ron-english-sketches-and-drawings\images\Sketches\grins\Basketball Grin back COLOR.jpg","True"
"basketball-grin.html","Basketball Grin","../../images/Sketches/grins/Basketball%20Grin%20side%20B&amp;W.jpg","Basketball Grin side B&W.jpg","D:\github\ron-english-sketches-and-drawings\images\Sketches\grins\Basketball Grin side B&W.jpg","True"
"basketball-grin.html","Basketball Grin","../../images/Sketches/grins/Basketball%20Grin%20side%20B&amp;W.jpg","Basketball Grin side B&W.jpg","D:\github\ron-english-sketches-and-drawings\images\Sketches\grins\Basketball Grin side B&W.jpg","True"
"basketball-grin.html","Basketball Grin","../../images/Sketches/grins/Basketball%20Grin%20side%20COLOR.jpg","Basketball Grin side COLOR.jpg","D:\github\ron-english-sketches-and-drawings\images\Sketches\grins\Basketball Grin side COLOR.jpg","True"
"basketball-grin.html","Basketball Grin","../../images/Sketches/grins/Basketball%20Grin%20side%20COLOR.jpg","Basketball Grin side COLOR.jpg","D:\github\ron-english-sketches-and-drawings\images\Sketches\grins\Basketball Grin side COLOR.jpg","True"
"basketball-grin.html","Basketball Grin","../../images/Sketches/grins/Basketball%20Grin%20head.jpg","Basketball Grin head.jpg","D:\github\ron-english-sketches-and-drawings\images\Sketches\grins\Basketball Grin head.jpg","True"
"basketball-grin.html","Basketball Grin","../../images/Sketches/grins/Basketball%20Grin%20head.jpg","Basketball Grin head.jpg","D:\github\ron-english-sketches-and-drawings\images\Sketches\grins\Basketball Grin head.jpg","True"
"basketball-grin.html","Basketball Grin","../../images/Sketches/grins/Basketball%20Grin%20B&amp;W.jpg","Basketball Grin B&W.jpg","D:\github\ron-english-sketches-and-drawings\images\Sketches\grins\Basketball Grin B&W.jpg","True"
"basketball-grin.html","Basketball Grin","../../images/Sketches/grins/Basketball%20Grin%20B&amp;W.jpg","Basketball Grin B&W.jpg","D:\github\ron-english-sketches-and-drawings\images\Sketches\grins\Basketball Grin B&W.jpg","True"
"basketball-grin.html","Basketball Grin","../../images/Sketches/grins/Basketball%20Grin%20COLOR.jpg","Basketball Grin COLOR.jpg","D:\github\ron-english-sketches-and-drawings\images\Sketches\grins\Basketball Grin COLOR.jpg","True"
"basketball-grin.html","Basketball Grin","../../images/Sketches/grins/Basketball%20Grin%20COLOR.jpg","Basketball Grin COLOR.jpg","D:\github\ron-english-sketches-and-drawings\images\Sketches\grins\Basketball Grin COLOR.jpg","True"
"basketball-grin.html","Basketball Grin","../../images/Sketches/grins/Basketball%20Grin%20ORIGINAL%20COLOR.jpg","Basketball Grin ORIGINAL COLOR.jpg","D:\github\ron-english-sketches-and-drawings\images\Sketches\grins\Basketball Grin ORIGINAL COLOR.jpg","True"
"basketball-grin.html","Basketball Grin","../../images/Sketches/grins/Basketball%20Grin%20ORIGINAL%20COLOR.jpg","Basketball Grin ORIGINAL COLOR.jpg","D:\github\ron-english-sketches-and-drawings\images\Sketches\grins\Basketball Grin ORIGINAL COLOR.jpg","True"
"bat-grin.html","Bat Grin","../../images/Sketches/grins/Bat%20Grin%20front%20ORIGINAL.jpg","Bat Grin front ORIGINAL.jpg","D:\github\ron-english-sketches-and-drawings\images\Sketches\grins\Bat Grin front ORIGINAL.jpg","True"
"bat-grin.html","Bat Grin","../../images/Sketches/grins/Bat%20Grin%20front%20ORIGINAL.jpg","Bat Grin front ORIGINAL.jpg","D:\github\ron-english-sketches-and-drawings\images\Sketches\grins\Bat Grin front ORIGINAL.jpg","True"
"bat-grin.html","Bat Grin","../../images/Sketches/grins/Bat%20Grin%20side%20ORIGINAL.jpg","Bat Grin side ORIGINAL.jpg","D:\github\ron-english-sketches-and-drawings\images\Sketches\grins\Bat Grin side ORIGINAL.jpg","True"
"bat-grin.html","Bat Grin","../../images/Sketches/grins/Bat%20Grin%20side%20ORIGINAL.jpg","Bat Grin side ORIGINAL.jpg","D:\github\ron-english-sketches-and-drawings\images\Sketches\grins\Bat Grin side ORIGINAL.jpg","True"
"bat-grin.html","Bat Grin","../../images/Sketches/grins/Bat%20Grin%20front%20B&amp;W.jpg","Bat Grin front B&W.jpg","D:\github\ron-english-sketches-and-drawings\images\Sketches\grins\Bat Grin front B&W.jpg","True"
"bat-grin.html","Bat Grin","../../images/Sketches/grins/Bat%20Grin%20front%20B&amp;W.jpg","Bat Grin front B&W.jpg","D:\github\ron-english-sketches-and-drawings\images\Sketches\grins\Bat Grin front B&W.jpg","True"
"bat-grin.html","Bat Grin","../../images/Sketches/grins/Bat%20Grin%20front%20COLOR.jpg","Bat Grin front COLOR.jpg","D:\github\ron-english-sketches-and-drawings\images\Sketches\grins\Bat Grin front COLOR.jpg","True"
"bat-grin.html","Bat Grin","../../images/Sketches/grins/Bat%20Grin%20front%20COLOR.jpg","Bat Grin front COLOR.jpg","D:\github\ron-english-sketches-and-drawings\images\Sketches\grins\Bat Grin front COLOR.jpg","True"
"bat-grin.html","Bat Grin","../../images/Sketches/grins/Bat%20Grin%20side%20B&amp;W.jpg","Bat Grin side B&W.jpg","D:\github\ron-english-sketches-and-drawings\images\Sketches\grins\Bat Grin side B&W.jpg","True"
"bat-grin.html","Bat Grin","../../images/Sketches/grins/Bat%20Grin%20side%20B&amp;W.jpg","Bat Grin side B&W.jpg","D:\github\ron-english-sketches-and-drawings\images\Sketches\grins\Bat Grin side B&W.jpg","True"
"bat-grin.html","Bat Grin","../../images/Sketches/grins/Bat%20Grin%20side%20COLOR.jpg","Bat Grin side COLOR.jpg","D:\github\ron-english-sketches-and-drawings\images\Sketches\grins\Bat Grin side COLOR.jpg","True"
"bat-grin.html","Bat Grin","../../images/Sketches/grins/Bat%20Grin%20side%20COLOR.jpg","Bat Grin side COLOR.jpg","D:\github\ron-english-sketches-and-drawings\images\Sketches\grins\Bat Grin side COLOR.jpg","True"
"bat-grin-version-2.html","Bat Grin version 2","../../images/Sketches/grins/Bat%20Grin%20version%202%20front%20ORIGINAL.jpg","Bat Grin version 2 front ORIGINAL.jpg","D:\github\ron-english-sketches-and-drawings\images\Sketches\grins\Bat Grin version 2 front ORIGINAL.jpg","True"
"bat-grin-version-2.html","Bat Grin version 2","../../images/Sketches/grins/Bat%20Grin%20version%202%20front%20ORIGINAL.jpg","Bat Grin version 2 front ORIGINAL.jpg","D:\github\ron-english-sketches-and-drawings\images\Sketches\grins\Bat Grin version 2 front ORIGINAL.jpg","True"
"bat-grin-version-2.html","Bat Grin version 2","../../images/Sketches/grins/Bat%20Grin%20version%202%20side%20ORIGINAL.jpg","Bat Grin version 2 side ORIGINAL.jpg","D:\github\ron-english-sketches-and-drawings\images\Sketches\grins\Bat Grin version 2 side ORIGINAL.jpg","True"
"bat-grin-version-2.html","Bat Grin version 2","../../images/Sketches/grins/Bat%20Grin%20version%202%20side%20ORIGINAL.jpg","Bat Grin version 2 side ORIGINAL.jpg","D:\github\ron-english-sketches-and-drawings\images\Sketches\grins\Bat Grin version 2 side ORIGINAL.jpg","True"
"bat-grin-version-2.html","Bat Grin version 2","../../images/Sketches/grins/Bat%20Grin%20version%202%20front%20B&amp;W.jpg","Bat Grin version 2 front B&W.jpg","D:\github\ron-english-sketches-and-drawings\images\Sketches\grins\Bat Grin version 2 front B&W.jpg","True"
"bat-grin-version-2.html","Bat Grin version 2","../../images/Sketches/grins/Bat%20Grin%20version%202%20front%20B&amp;W.jpg","Bat Grin version 2 front B&W.jpg","D:\github\ron-english-sketches-and-drawings\images\Sketches\grins\Bat Grin version 2 front B&W.jpg","True"
"bat-grin-version-2.html","Bat Grin version 2","../../images/Sketches/grins/Bat%20Grin%20version%202%20front%20COLOR.jpg","Bat Grin version 2 front COLOR.jpg","D:\github\ron-english-sketches-and-drawings\images\Sketches\grins\Bat Grin version 2 front COLOR.jpg","True"
"bat-grin-version-2.html","Bat Grin version 2","../../images/Sketches/grins/Bat%20Grin%20version%202%20front%20COLOR.jpg","Bat Grin version 2 front COLOR.jpg","D:\github\ron-english-sketches-and-drawings\images\Sketches\grins\Bat Grin version 2 front COLOR.jpg","True"
"bat-grin-version-2.html","Bat Grin version 2","../../images/Sketches/grins/Bat%20Grin%20version%202%20side%20B&amp;W.jpg","Bat Grin version 2 side B&W.jpg","D:\github\ron-english-sketches-and-drawings\images\Sketches\grins\Bat Grin version 2 side B&W.jpg","True"
"bat-grin-version-2.html","Bat Grin version 2","../../images/Sketches/grins/Bat%20Grin%20version%202%20side%20B&amp;W.jpg","Bat Grin version 2 side B&W.jpg","D:\github\ron-english-sketches-and-drawings\images\Sketches\grins\Bat Grin version 2 side B&W.jpg","True"
"bat-grin-version-2.html","Bat Grin version 2","../../images/Sketches/grins/Bat%20Grin%20version%202%20side%20COLOR.jpg","Bat Grin version 2 side COLOR.jpg","D:\github\ron-english-sketches-and-drawings\images\Sketches\grins\Bat Grin version 2 side COLOR.jpg","True"
"bat-grin-version-2.html","Bat Grin version 2","../../images/Sketches/grins/Bat%20Grin%20version%202%20side%20COLOR.jpg","Bat Grin version 2 side COLOR.jpg","D:\github\ron-english-sketches-and-drawings\images\Sketches\grins\Bat Grin version 2 side COLOR.jpg","True"
"batman-grin.html","Batman Grin","../../images/Sketches/grins/Batman%20Grin%20ORIGINAL%202.jpg","Batman Grin ORIGINAL 2.jpg","D:\github\ron-english-sketches-and-drawings\images\Sketches\grins\Batman Grin ORIGINAL 2.jpg","True"
"batman-grin.html","Batman Grin","../../images/Sketches/grins/Batman%20Grin%20ORIGINAL%202.jpg","Batman Grin ORIGINAL 2.jpg","D:\github\ron-english-sketches-and-drawings\images\Sketches\grins\Batman Grin ORIGINAL 2.jpg","True"
"batman-grin.html","Batman Grin","../../images/Sketches/grins/Batman%20Grin%20side%20ORIGINAL.jpg","Batman Grin side ORIGINAL.jpg","D:\github\ron-english-sketches-and-drawings\images\Sketches\grins\Batman Grin side ORIGINAL.jpg","True"
"batman-grin.html","Batman Grin","../../images/Sketches/grins/Batman%20Grin%20side%20ORIGINAL.jpg","Batman Grin side ORIGINAL.jpg","D:\github\ron-english-sketches-and-drawings\images\Sketches\grins\Batman Grin side ORIGINAL.jpg","True"
"batman-grin.html","Batman Grin","../../images/Sketches/grins/Batman%20Grin%20side%20B&amp;W.jpg","Batman Grin side B&W.jpg","D:\github\ron-english-sketches-and-drawings\images\Sketches\grins\Batman Grin side B&W.jpg","True"
"batman-grin.html","Batman Grin","../../images/Sketches/grins/Batman%20Grin%20side%20B&amp;W.jpg","Batman Grin side B&W.jpg","D:\github\ron-english-sketches-and-drawings\images\Sketches\grins\Batman Grin side B&W.jpg","True"
"batman-grin.html","Batman Grin","../../images/Sketches/grins/Batman%20Grin%20side%20COLOR.jpg","Batman Grin side COLOR.jpg","D:\github\ron-english-sketches-and-drawings\images\Sketches\grins\Batman Grin side COLOR.jpg","True"
"batman-grin.html","Batman Grin","../../images/Sketches/grins/Batman%20Grin%20side%20COLOR.jpg","Batman Grin side COLOR.jpg","D:\github\ron-english-sketches-and-drawings\images\Sketches\grins\Batman Grin side COLOR.jpg","True"
"batman-grin.html","Batman Grin","../../images/Sketches/grins/Batman%20Grin%20B&amp;W.jpg","Batman Grin B&W.jpg","D:\github\ron-english-sketches-and-drawings\images\Sketches\grins\Batman Grin B&W.jpg","True"
"batman-grin.html","Batman Grin","../../images/Sketches/grins/Batman%20Grin%20B&amp;W.jpg","Batman Grin B&W.jpg","D:\github\ron-english-sketches-and-drawings\images\Sketches\grins\Batman Grin B&W.jpg","True"
"batman-grin.html","Batman Grin","../../images/Sketches/grins/Batman%20Grin%20COLOR.jpg","Batman Grin COLOR.jpg","D:\github\ron-english-sketches-and-drawings\images\Sketches\grins\Batman Grin COLOR.jpg","True"
"batman-grin.html","Batman Grin","../../images/Sketches/grins/Batman%20Grin%20COLOR.jpg","Batman Grin COLOR.jpg","D:\github\ron-english-sketches-and-drawings\images\Sketches\grins\Batman Grin COLOR.jpg","True"
"batman-grin.html","Batman Grin","../../images/Sketches/grins/Batman%20Grin%20ORIGINAL%20COLOR.jpg","Batman Grin ORIGINAL COLOR.jpg","D:\github\ron-english-sketches-and-drawings\images\Sketches\grins\Batman Grin ORIGINAL COLOR.jpg","True"
"batman-grin.html","Batman Grin","../../images/Sketches/grins/Batman%20Grin%20ORIGINAL%20COLOR.jpg","Batman Grin ORIGINAL COLOR.jpg","D:\github\ron-english-sketches-and-drawings\images\Sketches\grins\Batman Grin ORIGINAL COLOR.jpg","True"
"batman-grin-and-robin-2.html","Batman Grin and Robin 2","../../images/Sketches/grins/Batman%20Grin%20and%20Robin%202%20ORIGINAL.jpg","Batman Grin and Robin 2 ORIGINAL.jpg","D:\github\ron-english-sketches-and-drawings\images\Sketches\grins\Batman Grin and Robin 2 ORIGINAL.jpg","True"
"batman-grin-and-robin-2.html","Batman Grin and Robin 2","../../images/Sketches/grins/Batman%20Grin%20and%20Robin%202%20ORIGINAL.jpg","Batman Grin and Robin 2 ORIGINAL.jpg","D:\github\ron-english-sketches-and-drawings\images\Sketches\grins\Batman Grin and Robin 2 ORIGINAL.jpg","True"
"batman-grin-icon.html","Batman Grin Icon","../../images/Sketches/grins/Batman%20Grin%20Icon%20B&amp;W.jpg","Batman Grin Icon B&W.jpg","D:\github\ron-english-sketches-and-drawings\images\Sketches\grins\Batman Grin Icon B&W.jpg","True"
"batman-grin-icon.html","Batman Grin Icon","../../images/Sketches/grins/Batman%20Grin%20Icon%20B&amp;W.jpg","Batman Grin Icon B&W.jpg","D:\github\ron-english-sketches-and-drawings\images\Sketches\grins\Batman Grin Icon B&W.jpg","True"
"batman-grin-icon.html","Batman Grin Icon","../../images/Sketches/grins/Batman%20Grin%20Icon%20COLOR.jpg","Batman Grin Icon COLOR.jpg","D:\github\ron-english-sketches-and-drawings\images\Sketches\grins\Batman Grin Icon COLOR.jpg","True"
"batman-grin-icon.html","Batman Grin Icon","../../images/Sketches/grins/Batman%20Grin%20Icon%20COLOR.jpg","Batman Grin Icon COLOR.jpg","D:\github\ron-english-sketches-and-drawings\images\Sketches\grins\Batman Grin Icon COLOR.jpg","True"
"batman-grin-torso.html","Batman Grin Torso","../../images/Sketches/grins/Batman%20Grin%20three%20quarters%20COLOR%201.png","Batman Grin three quarters COLOR 1.png","D:\github\ron-english-sketches-and-drawings\images\Sketches\grins\Batman Grin three quarters COLOR 1.png","True"
"batman-grin-torso.html","Batman Grin Torso","../../images/Sketches/grins/Batman%20Grin%20three%20quarters%20COLOR%201.png","Batman Grin three quarters COLOR 1.png","D:\github\ron-english-sketches-and-drawings\images\Sketches\grins\Batman Grin three quarters COLOR 1.png","True"
"batman-grin-torso.html","Batman Grin Torso","../../images/Sketches/grins/Batman%20Grin%20three%20quarters%20COLOR%202.png","Batman Grin three quarters COLOR 2.png","D:\github\ron-english-sketches-and-drawings\images\Sketches\grins\Batman Grin three quarters COLOR 2.png","True"
"batman-grin-torso.html","Batman Grin Torso","../../images/Sketches/grins/Batman%20Grin%20three%20quarters%20COLOR%202.png","Batman Grin three quarters COLOR 2.png","D:\github\ron-english-sketches-and-drawings\images\Sketches\grins\Batman Grin three quarters COLOR 2.png","True"
"batman-grin-torso.html","Batman Grin Torso","../../images/Sketches/grins/Batman%20Grin%20three%20quarters%20COLOR%203.png","Batman Grin three quarters COLOR 3.png","D:\github\ron-english-sketches-and-drawings\images\Sketches\grins\Batman Grin three quarters COLOR 3.png","True"
"batman-grin-torso.html","Batman Grin Torso","../../images/Sketches/grins/Batman%20Grin%20three%20quarters%20COLOR%203.png","Batman Grin three quarters COLOR 3.png","D:\github\ron-english-sketches-and-drawings\images\Sketches\grins\Batman Grin three quarters COLOR 3.png","True"
"batman-grin-torso.html","Batman Grin Torso","../../images/Sketches/grins/Batman%20Grin%20three%20quarters%20COLOR%204.png","Batman Grin three quarters COLOR 4.png","D:\github\ron-english-sketches-and-drawings\images\Sketches\grins\Batman Grin three quarters COLOR 4.png","True"
"batman-grin-torso.html","Batman Grin Torso","../../images/Sketches/grins/Batman%20Grin%20three%20quarters%20COLOR%204.png","Batman Grin three quarters COLOR 4.png","D:\github\ron-english-sketches-and-drawings\images\Sketches\grins\Batman Grin three quarters COLOR 4.png","True"
"battle-cat-grin.html","Battle Cat Grin","../../images/Sketches/grins/Battle%20Cat%20Grin%20Crouching%20ORIGINAL.jpg","Battle Cat Grin Crouching ORIGINAL.jpg","D:\github\ron-english-sketches-and-drawings\images\Sketches\grins\Battle Cat Grin Crouching ORIGINAL.jpg","True"
"battle-cat-grin.html","Battle Cat Grin","../../images/Sketches/grins/Battle%20Cat%20Grin%20Crouching%20ORIGINAL.jpg","Battle Cat Grin Crouching ORIGINAL.jpg","D:\github\ron-english-sketches-and-drawings\images\Sketches\grins\Battle Cat Grin Crouching ORIGINAL.jpg","True"
"battle-cat-grin.html","Battle Cat Grin","../../images/Sketches/grins/Battle%20Cat%20Grin%20ORIGINAL.jpg","Battle Cat Grin ORIGINAL.jpg","D:\github\ron-english-sketches-and-drawings\images\Sketches\grins\Battle Cat Grin ORIGINAL.jpg","True"
"battle-cat-grin.html","Battle Cat Grin","../../images/Sketches/grins/Battle%20Cat%20Grin%20ORIGINAL.jpg","Battle Cat Grin ORIGINAL.jpg","D:\github\ron-english-sketches-and-drawings\images\Sketches\grins\Battle Cat Grin ORIGINAL.jpg","True"
"battle-cat-grin.html","Battle Cat Grin","../../images/Sketches/grins/Battle%20Cat%20Grin%20B&amp;W.jpg","Battle Cat Grin B&W.jpg","D:\github\ron-english-sketches-and-drawings\images\Sketches\grins\Battle Cat Grin B&W.jpg","True"
"battle-cat-grin.html","Battle Cat Grin","../../images/Sketches/grins/Battle%20Cat%20Grin%20B&amp;W.jpg","Battle Cat Grin B&W.jpg","D:\github\ron-english-sketches-and-drawings\images\Sketches\grins\Battle Cat Grin B&W.jpg","True"
"battle-cat-grin.html","Battle Cat Grin","../../images/Sketches/grins/Battle%20Cat%20Grin%20Crouching%20B&amp;W.jpg","Battle Cat Grin Crouching B&W.jpg","D:\github\ron-english-sketches-and-drawings\images\Sketches\grins\Battle Cat Grin Crouching B&W.jpg","True"
"battle-cat-grin.html","Battle Cat Grin","../../images/Sketches/grins/Battle%20Cat%20Grin%20Crouching%20B&amp;W.jpg","Battle Cat Grin Crouching B&W.jpg","D:\github\ron-english-sketches-and-drawings\images\Sketches\grins\Battle Cat Grin Crouching B&W.jpg","True"
"battle-cat-grin.html","Battle Cat Grin","../../images/Sketches/grins/Battle%20Cat%20Grin%20COLOR.jpg","Battle Cat Grin COLOR.jpg","D:\github\ron-english-sketches-and-drawings\images\Sketches\grins\Battle Cat Grin COLOR.jpg","True"
"battle-cat-grin.html","Battle Cat Grin","../../images/Sketches/grins/Battle%20Cat%20Grin%20COLOR.jpg","Battle Cat Grin COLOR.jpg","D:\github\ron-english-sketches-and-drawings\images\Sketches\grins\Battle Cat Grin COLOR.jpg","True"
"battle-cat-grin.html","Battle Cat Grin","../../images/Sketches/grins/Battle%20Cat%20Grin%20Crouching%20COLOR.jpg","Battle Cat Grin Crouching COLOR.jpg","D:\github\ron-english-sketches-and-drawings\images\Sketches\grins\Battle Cat Grin Crouching COLOR.jpg","True"
"battle-cat-grin.html","Battle Cat Grin","../../images/Sketches/grins/Battle%20Cat%20Grin%20Crouching%20COLOR.jpg","Battle Cat Grin Crouching COLOR.jpg","D:\github\ron-english-sketches-and-drawings\images\Sketches\grins\Battle Cat Grin Crouching COLOR.jpg","True"
"battle-cat-grin-crouching.html","Battle Cat Grin Crouching","../../images/Sketches/grins/Battle%20Cat%20Grin%20Crouching%20ORIGINAL.jpg","Battle Cat Grin Crouching ORIGINAL.jpg","D:\github\ron-english-sketches-and-drawings\images\Sketches\grins\Battle Cat Grin Crouching ORIGINAL.jpg","True"
"battle-cat-grin-crouching.html","Battle Cat Grin Crouching","../../images/Sketches/grins/Battle%20Cat%20Grin%20Crouching%20ORIGINAL.jpg","Battle Cat Grin Crouching ORIGINAL.jpg","D:\github\ron-english-sketches-and-drawings\images\Sketches\grins\Battle Cat Grin Crouching ORIGINAL.jpg","True"
"battle-cat-grin-crouching.html","Battle Cat Grin Crouching","../../images/Sketches/grins/Battle%20Cat%20Grin%20Crouching%20B&amp;W.jpg","Battle Cat Grin Crouching B&W.jpg","D:\github\ron-english-sketches-and-drawings\images\Sketches\grins\Battle Cat Grin Crouching B&W.jpg","True"
"battle-cat-grin-crouching.html","Battle Cat Grin Crouching","../../images/Sketches/grins/Battle%20Cat%20Grin%20Crouching%20B&amp;W.jpg","Battle Cat Grin Crouching B&W.jpg","D:\github\ron-english-sketches-and-drawings\images\Sketches\grins\Battle Cat Grin Crouching B&W.jpg","True"
"battle-cat-grin-crouching.html","Battle Cat Grin Crouching","../../images/Sketches/grins/Battle%20Cat%20Grin%20Crouching%20COLOR.jpg","Battle Cat Grin Crouching COLOR.jpg","D:\github\ron-english-sketches-and-drawings\images\Sketches\grins\Battle Cat Grin Crouching COLOR.jpg","True"
"battle-cat-grin-crouching.html","Battle Cat Grin Crouching","../../images/Sketches/grins/Battle%20Cat%20Grin%20Crouching%20COLOR.jpg","Battle Cat Grin Crouching COLOR.jpg","D:\github\ron-english-sketches-and-drawings\images\Sketches\grins\Battle Cat Grin Crouching COLOR.jpg","True"
"battle-skull-grin.html","Battle Skull Grin","../../images/Sketches/grins/Battle%20Skull%20Grin%20ORIGINAL.jpg","Battle Skull Grin ORIGINAL.jpg","D:\github\ron-english-sketches-and-drawings\images\Sketches\grins\Battle Skull Grin ORIGINAL.jpg","True"
"battle-skull-grin.html","Battle Skull Grin","../../images/Sketches/grins/Battle%20Skull%20Grin%20ORIGINAL.jpg","Battle Skull Grin ORIGINAL.jpg","D:\github\ron-english-sketches-and-drawings\images\Sketches\grins\Battle Skull Grin ORIGINAL.jpg","True"
"battle-skull-grin.html","Battle Skull Grin","../../images/Sketches/grins/Battle%20Skull%20Grin%20B&amp;W.jpg","Battle Skull Grin B&W.jpg","D:\github\ron-english-sketches-and-drawings\images\Sketches\grins\Battle Skull Grin B&W.jpg","True"
"battle-skull-grin.html","Battle Skull Grin","../../images/Sketches/grins/Battle%20Skull%20Grin%20B&amp;W.jpg","Battle Skull Grin B&W.jpg","D:\github\ron-english-sketches-and-drawings\images\Sketches\grins\Battle Skull Grin B&W.jpg","True"
"battle-skull-grin.html","Battle Skull Grin","../../images/Sketches/grins/Battle%20Skull%20Grin%20COLOR%201.jpg","Battle Skull Grin COLOR 1.jpg","D:\github\ron-english-sketches-and-drawings\images\Sketches\grins\Battle Skull Grin COLOR 1.jpg","True"
"battle-skull-grin.html","Battle Skull Grin","../../images/Sketches/grins/Battle%20Skull%20Grin%20COLOR%201.jpg","Battle Skull Grin COLOR 1.jpg","D:\github\ron-english-sketches-and-drawings\images\Sketches\grins\Battle Skull Grin COLOR 1.jpg","True"
"battle-skull-grin.html","Battle Skull Grin","../../images/Sketches/grins/Battle%20Skull%20Grin%20COLOR%202.jpg","Battle Skull Grin COLOR 2.jpg","D:\github\ron-english-sketches-and-drawings\images\Sketches\grins\Battle Skull Grin COLOR 2.jpg","True"
"battle-skull-grin.html","Battle Skull Grin","../../images/Sketches/grins/Battle%20Skull%20Grin%20COLOR%202.jpg","Battle Skull Grin COLOR 2.jpg","D:\github\ron-english-sketches-and-drawings\images\Sketches\grins\Battle Skull Grin COLOR 2.jpg","True"
"bearbrick-skull.html","Bearbrick Skull","../../images/Sketches/grins/Bearbrick%20Skull%20ORIGINAL.jpg","Bearbrick Skull ORIGINAL.jpg","D:\github\ron-english-sketches-and-drawings\images\Sketches\grins\Bearbrick Skull ORIGINAL.jpg","True"
"bearbrick-skull.html","Bearbrick Skull","../../images/Sketches/grins/Bearbrick%20Skull%20ORIGINAL.jpg","Bearbrick Skull ORIGINAL.jpg","D:\github\ron-english-sketches-and-drawings\images\Sketches\grins\Bearbrick Skull ORIGINAL.jpg","True"
"bearbrick-skull.html","Bearbrick Skull","../../images/Sketches/grins/Bearbrick%20Skull%20B&amp;W.jpg","Bearbrick Skull B&W.jpg","D:\github\ron-english-sketches-and-drawings\images\Sketches\grins\Bearbrick Skull B&W.jpg","True"
"bearbrick-skull.html","Bearbrick Skull","../../images/Sketches/grins/Bearbrick%20Skull%20B&amp;W.jpg","Bearbrick Skull B&W.jpg","D:\github\ron-english-sketches-and-drawings\images\Sketches\grins\Bearbrick Skull B&W.jpg","True"
"bearbrick-skull.html","Bearbrick Skull","../../images/Sketches/grins/Bearbrick%20Skull%20COLOR.jpg","Bearbrick Skull COLOR.jpg","D:\github\ron-english-sketches-and-drawings\images\Sketches\grins\Bearbrick Skull COLOR.jpg","True"
"bearbrick-skull.html","Bearbrick Skull","../../images/Sketches/grins/Bearbrick%20Skull%20COLOR.jpg","Bearbrick Skull COLOR.jpg","D:\github\ron-english-sketches-and-drawings\images\Sketches\grins\Bearbrick Skull COLOR.jpg","True"
"bear-grin-forked-tongue.html","Bear Grin Forked Tongue","../../images/Sketches/grins/Bear%20Grin%20Forked%20Tongue%20ORIGINAL.jpg","Bear Grin Forked Tongue ORIGINAL.jpg","D:\github\ron-english-sketches-and-drawings\images\Sketches\grins\Bear Grin Forked Tongue ORIGINAL.jpg","True"
"bear-grin-forked-tongue.html","Bear Grin Forked Tongue","../../images/Sketches/grins/Bear%20Grin%20Forked%20Tongue%20ORIGINAL.jpg","Bear Grin Forked Tongue ORIGINAL.jpg","D:\github\ron-english-sketches-and-drawings\images\Sketches\grins\Bear Grin Forked Tongue ORIGINAL.jpg","True"
"bear-grin-forked-tongue.html","Bear Grin Forked Tongue","../../images/Sketches/grins/Bear%20Grin%20Forked%20Tongue%20ORIGINAL%20COLOR.jpg","Bear Grin Forked Tongue ORIGINAL COLOR.jpg","D:\github\ron-english-sketches-and-drawings\images\Sketches\grins\Bear Grin Forked Tongue ORIGINAL COLOR.jpg","True"
"bear-grin-forked-tongue.html","Bear Grin Forked Tongue","../../images/Sketches/grins/Bear%20Grin%20Forked%20Tongue%20ORIGINAL%20COLOR.jpg","Bear Grin Forked Tongue ORIGINAL COLOR.jpg","D:\github\ron-english-sketches-and-drawings\images\Sketches\grins\Bear Grin Forked Tongue ORIGINAL COLOR.jpg","True"
"bear-grin-forked-tongue.html","Bear Grin Forked Tongue","../../images/Sketches/grins/Bear%20Grin%20Forked%20Tongue%20B&amp;W.jpg","Bear Grin Forked Tongue B&W.jpg","D:\github\ron-english-sketches-and-drawings\images\Sketches\grins\Bear Grin Forked Tongue B&W.jpg","True"
"bear-grin-forked-tongue.html","Bear Grin Forked Tongue","../../images/Sketches/grins/Bear%20Grin%20Forked%20Tongue%20B&amp;W.jpg","Bear Grin Forked Tongue B&W.jpg","D:\github\ron-english-sketches-and-drawings\images\Sketches\grins\Bear Grin Forked Tongue B&W.jpg","True"
"bear-grin-forked-tongue.html","Bear Grin Forked Tongue","../../images/Sketches/grins/Bear%20Grin%20Forked%20Tongue%20COLOR%201.jpg","Bear Grin Forked Tongue COLOR 1.jpg","D:\github\ron-english-sketches-and-drawings\images\Sketches\grins\Bear Grin Forked Tongue COLOR 1.jpg","True"
"bear-grin-forked-tongue.html","Bear Grin Forked Tongue","../../images/Sketches/grins/Bear%20Grin%20Forked%20Tongue%20COLOR%201.jpg","Bear Grin Forked Tongue COLOR 1.jpg","D:\github\ron-english-sketches-and-drawings\images\Sketches\grins\Bear Grin Forked Tongue COLOR 1.jpg","True"
"bear-grin-forked-tongue.html","Bear Grin Forked Tongue","../../images/Sketches/grins/Bear%20Grin%20Forked%20Tongue%20COLOR%202.jpg","Bear Grin Forked Tongue COLOR 2.jpg","D:\github\ron-english-sketches-and-drawings\images\Sketches\grins\Bear Grin Forked Tongue COLOR 2.jpg","True"
"bear-grin-forked-tongue.html","Bear Grin Forked Tongue","../../images/Sketches/grins/Bear%20Grin%20Forked%20Tongue%20COLOR%202.jpg","Bear Grin Forked Tongue COLOR 2.jpg","D:\github\ron-english-sketches-and-drawings\images\Sketches\grins\Bear Grin Forked Tongue COLOR 2.jpg","True"
"beast-man-grin.html","Beast Man Grin","../../images/Sketches/grins/Beast%20Man%20Grin%20ORIGINAL.jpg","Beast Man Grin ORIGINAL.jpg","D:\github\ron-english-sketches-and-drawings\images\Sketches\grins\Beast Man Grin ORIGINAL.jpg","True"
"beast-man-grin.html","Beast Man Grin","../../images/Sketches/grins/Beast%20Man%20Grin%20ORIGINAL.jpg","Beast Man Grin ORIGINAL.jpg","D:\github\ron-english-sketches-and-drawings\images\Sketches\grins\Beast Man Grin ORIGINAL.jpg","True"
"beast-man-grin.html","Beast Man Grin","../../images/Sketches/grins/Beast%20Man%20Grin%20B&amp;W.jpg","Beast Man Grin B&W.jpg","D:\github\ron-english-sketches-and-drawings\images\Sketches\grins\Beast Man Grin B&W.jpg","True"
"beast-man-grin.html","Beast Man Grin","../../images/Sketches/grins/Beast%20Man%20Grin%20B&amp;W.jpg","Beast Man Grin B&W.jpg","D:\github\ron-english-sketches-and-drawings\images\Sketches\grins\Beast Man Grin B&W.jpg","True"
"beast-man-grin.html","Beast Man Grin","../../images/Sketches/grins/Beast%20Man%20Grin%20COLOR.jpg","Beast Man Grin COLOR.jpg","D:\github\ron-english-sketches-and-drawings\images\Sketches\grins\Beast Man Grin COLOR.jpg","True"
"beast-man-grin.html","Beast Man Grin","../../images/Sketches/grins/Beast%20Man%20Grin%20COLOR.jpg","Beast Man Grin COLOR.jpg","D:\github\ron-english-sketches-and-drawings\images\Sketches\grins\Beast Man Grin COLOR.jpg","True"
"bert-grin.html","Bert Grin","../../images/Sketches/grins/Bert%20Grin%20ORIGINAL.jpg","Bert Grin ORIGINAL.jpg","D:\github\ron-english-sketches-and-drawings\images\Sketches\grins\Bert Grin ORIGINAL.jpg","True"
"bert-grin.html","Bert Grin","../../images/Sketches/grins/Bert%20Grin%20ORIGINAL.jpg","Bert Grin ORIGINAL.jpg","D:\github\ron-english-sketches-and-drawings\images\Sketches\grins\Bert Grin ORIGINAL.jpg","True"
"bert-grin.html","Bert Grin","../../images/Sketches/grins/Bert%20Grin%20ORIGINAL%20COLOR.jpg","Bert Grin ORIGINAL COLOR.jpg","D:\github\ron-english-sketches-and-drawings\images\Sketches\grins\Bert Grin ORIGINAL COLOR.jpg","True"
"bert-grin.html","Bert Grin","../../images/Sketches/grins/Bert%20Grin%20ORIGINAL%20COLOR.jpg","Bert Grin ORIGINAL COLOR.jpg","D:\github\ron-english-sketches-and-drawings\images\Sketches\grins\Bert Grin ORIGINAL COLOR.jpg","True"
"bert-grin.html","Bert Grin","../../images/Sketches/grins/Bert%20Grin%20B&amp;W.jpg","Bert Grin B&W.jpg","D:\github\ron-english-sketches-and-drawings\images\Sketches\grins\Bert Grin B&W.jpg","True"
"bert-grin.html","Bert Grin","../../images/Sketches/grins/Bert%20Grin%20B&amp;W.jpg","Bert Grin B&W.jpg","D:\github\ron-english-sketches-and-drawings\images\Sketches\grins\Bert Grin B&W.jpg","True"
"bert-grin.html","Bert Grin","../../images/Sketches/grins/Bert%20Grin%20COLOR.jpg","Bert Grin COLOR.jpg","D:\github\ron-english-sketches-and-drawings\images\Sketches\grins\Bert Grin COLOR.jpg","True"
"bert-grin.html","Bert Grin","../../images/Sketches/grins/Bert%20Grin%20COLOR.jpg","Bert Grin COLOR.jpg","D:\github\ron-english-sketches-and-drawings\images\Sketches\grins\Bert Grin COLOR.jpg","True"
"big-boy-grin.html","Big Boy Grin","../../images/Sketches/grins/Big%20Boy%20Grin%20ORIGINAL.jpg","Big Boy Grin ORIGINAL.jpg","D:\github\ron-english-sketches-and-drawings\images\Sketches\grins\Big Boy Grin ORIGINAL.jpg","True"
"big-boy-grin.html","Big Boy Grin","../../images/Sketches/grins/Big%20Boy%20Grin%20ORIGINAL.jpg","Big Boy Grin ORIGINAL.jpg","D:\github\ron-english-sketches-and-drawings\images\Sketches\grins\Big Boy Grin ORIGINAL.jpg","True"
"big-boy-grin.html","Big Boy Grin","../../images/Sketches/grins/Big%20Boy%20Grin%20B&amp;W.jpg","Big Boy Grin B&W.jpg","D:\github\ron-english-sketches-and-drawings\images\Sketches\grins\Big Boy Grin B&W.jpg","True"
"big-boy-grin.html","Big Boy Grin","../../images/Sketches/grins/Big%20Boy%20Grin%20B&amp;W.jpg","Big Boy Grin B&W.jpg","D:\github\ron-english-sketches-and-drawings\images\Sketches\grins\Big Boy Grin B&W.jpg","True"
"big-boy-grin.html","Big Boy Grin","../../images/Sketches/grins/Big%20Boy%20Grin%20COLOR.jpg","Big Boy Grin COLOR.jpg","D:\github\ron-english-sketches-and-drawings\images\Sketches\grins\Big Boy Grin COLOR.jpg","True"
"big-boy-grin.html","Big Boy Grin","../../images/Sketches/grins/Big%20Boy%20Grin%20COLOR.jpg","Big Boy Grin COLOR.jpg","D:\github\ron-english-sketches-and-drawings\images\Sketches\grins\Big Boy Grin COLOR.jpg","True"
"biggie-grin.html","Biggie Grin","../../images/Sketches/grins/Biggie%20Grin%20ORIGINAL%20COLOR.png","Biggie Grin ORIGINAL COLOR.png","D:\github\ron-english-sketches-and-drawings\images\Sketches\grins\Biggie Grin ORIGINAL COLOR.png","True"
"biggie-grin.html","Biggie Grin","../../images/Sketches/grins/Biggie%20Grin%20ORIGINAL%20COLOR.png","Biggie Grin ORIGINAL COLOR.png","D:\github\ron-english-sketches-and-drawings\images\Sketches\grins\Biggie Grin ORIGINAL COLOR.png","True"
"biggie-grin.html","Biggie Grin","../../images/Sketches/grins/Biggie%20Grin%20B&amp;W.jpg","Biggie Grin B&W.jpg","D:\github\ron-english-sketches-and-drawings\images\Sketches\grins\Biggie Grin B&W.jpg","True"
"biggie-grin.html","Biggie Grin","../../images/Sketches/grins/Biggie%20Grin%20B&amp;W.jpg","Biggie Grin B&W.jpg","D:\github\ron-english-sketches-and-drawings\images\Sketches\grins\Biggie Grin B&W.jpg","True"
"biggie-grin.html","Biggie Grin","../../images/Sketches/grins/Biggie%20Grin%20COLOR.jpg","Biggie Grin COLOR.jpg","D:\github\ron-english-sketches-and-drawings\images\Sketches\grins\Biggie Grin COLOR.jpg","True"
"biggie-grin.html","Biggie Grin","../../images/Sketches/grins/Biggie%20Grin%20COLOR.jpg","Biggie Grin COLOR.jpg","D:\github\ron-english-sketches-and-drawings\images\Sketches\grins\Biggie Grin COLOR.jpg","True"
"blanka-grin.html","Blanka Grin","../../images/Sketches/grins/Blanka%20Grin%20ORIGINAL.jpg","Blanka Grin ORIGINAL.jpg","D:\github\ron-english-sketches-and-drawings\images\Sketches\grins\Blanka Grin ORIGINAL.jpg","True"
"blanka-grin.html","Blanka Grin","../../images/Sketches/grins/Blanka%20Grin%20ORIGINAL.jpg","Blanka Grin ORIGINAL.jpg","D:\github\ron-english-sketches-and-drawings\images\Sketches\grins\Blanka Grin ORIGINAL.jpg","True"
"blotchy-grin.html","Blotchy Grin","../../images/Sketches/grins/Blotchy%20Grin%20ORIGINAL.jpg","Blotchy Grin ORIGINAL.jpg","D:\github\ron-english-sketches-and-drawings\images\Sketches\grins\Blotchy Grin ORIGINAL.jpg","True"
"blotchy-grin.html","Blotchy Grin","../../images/Sketches/grins/Blotchy%20Grin%20ORIGINAL.jpg","Blotchy Grin ORIGINAL.jpg","D:\github\ron-english-sketches-and-drawings\images\Sketches\grins\Blotchy Grin ORIGINAL.jpg","True"
"blotchy-grin.html","Blotchy Grin","../../images/Sketches/grins/Blotchy%20Grin%20B&amp;W.jpg","Blotchy Grin B&W.jpg","D:\github\ron-english-sketches-and-drawings\images\Sketches\grins\Blotchy Grin B&W.jpg","True"
"blotchy-grin.html","Blotchy Grin","../../images/Sketches/grins/Blotchy%20Grin%20B&amp;W.jpg","Blotchy Grin B&W.jpg","D:\github\ron-english-sketches-and-drawings\images\Sketches\grins\Blotchy Grin B&W.jpg","True"
"blue-from-blue-s-clues-grin.html","Blue From Blue’s Clues Grin","../../images/Sketches/grins/Blue%20From%20Blue%E2%80%99s%20Clues%20Grin%20ORIGINAL.jpg","Blue From Blue’s Clues Grin ORIGINAL.jpg","D:\github\ron-english-sketches-and-drawings\images\Sketches\grins\Blue From Blue’s Clues Grin ORIGINAL.jpg","True"
"blue-from-blue-s-clues-grin.html","Blue From Blue’s Clues Grin","../../images/Sketches/grins/Blue%20From%20Blue%E2%80%99s%20Clues%20Grin%20ORIGINAL.jpg","Blue From Blue’s Clues Grin ORIGINAL.jpg","D:\github\ron-english-sketches-and-drawings\images\Sketches\grins\Blue From Blue’s Clues Grin ORIGINAL.jpg","True"
"blue-from-blue-s-clues-grin.html","Blue From Blue’s Clues Grin","../../images/Sketches/grins/Blue%20From%20Blue%E2%80%99s%20Clues%20Grin%20B&amp;W.jpg","Blue From Blue’s Clues Grin B&W.jpg","D:\github\ron-english-sketches-and-drawings\images\Sketches\grins\Blue From Blue’s Clues Grin B&W.jpg","True"
"blue-from-blue-s-clues-grin.html","Blue From Blue’s Clues Grin","../../images/Sketches/grins/Blue%20From%20Blue%E2%80%99s%20Clues%20Grin%20B&amp;W.jpg","Blue From Blue’s Clues Grin B&W.jpg","D:\github\ron-english-sketches-and-drawings\images\Sketches\grins\Blue From Blue’s Clues Grin B&W.jpg","True"
"blue-from-blue-s-clues-grin.html","Blue From Blue’s Clues Grin","../../images/Sketches/grins/Blue%20From%20Blue%E2%80%99s%20Clues%20Grin%20COLOR.jpg","Blue From Blue’s Clues Grin COLOR.jpg","D:\github\ron-english-sketches-and-drawings\images\Sketches\grins\Blue From Blue’s Clues Grin COLOR.jpg","True"
"blue-from-blue-s-clues-grin.html","Blue From Blue’s Clues Grin","../../images/Sketches/grins/Blue%20From%20Blue%E2%80%99s%20Clues%20Grin%20COLOR.jpg","Blue From Blue’s Clues Grin COLOR.jpg","D:\github\ron-english-sketches-and-drawings\images\Sketches\grins\Blue From Blue’s Clues Grin COLOR.jpg","True"
"boba-fett-grin.html","Boba Fett Grin","../../images/Sketches/grins/Boba%20Fett%20Grin%20front%20ORIGINAL.jpg","Boba Fett Grin front ORIGINAL.jpg","D:\github\ron-english-sketches-and-drawings\images\Sketches\grins\Boba Fett Grin front ORIGINAL.jpg","True"
"boba-fett-grin.html","Boba Fett Grin","../../images/Sketches/grins/Boba%20Fett%20Grin%20front%20ORIGINAL.jpg","Boba Fett Grin front ORIGINAL.jpg","D:\github\ron-english-sketches-and-drawings\images\Sketches\grins\Boba Fett Grin front ORIGINAL.jpg","True"
"boba-fett-grin.html","Boba Fett Grin","../../images/Sketches/grins/Boba%20Fett%20Grin%20back%20ORIGINAL.jpg","Boba Fett Grin back ORIGINAL.jpg","D:\github\ron-english-sketches-and-drawings\images\Sketches\grins\Boba Fett Grin back ORIGINAL.jpg","True"
"boba-fett-grin.html","Boba Fett Grin","../../images/Sketches/grins/Boba%20Fett%20Grin%20back%20ORIGINAL.jpg","Boba Fett Grin back ORIGINAL.jpg","D:\github\ron-english-sketches-and-drawings\images\Sketches\grins\Boba Fett Grin back ORIGINAL.jpg","True"
"boba-fett-grin.html","Boba Fett Grin","../../images/Sketches/grins/Boba%20Fett%20Grin%20side%20ORIGINAL.jpg","Boba Fett Grin side ORIGINAL.jpg","D:\github\ron-english-sketches-and-drawings\images\Sketches\grins\Boba Fett Grin side ORIGINAL.jpg","True"
"boba-fett-grin.html","Boba Fett Grin","../../images/Sketches/grins/Boba%20Fett%20Grin%20side%20ORIGINAL.jpg","Boba Fett Grin side ORIGINAL.jpg","D:\github\ron-english-sketches-and-drawings\images\Sketches\grins\Boba Fett Grin side ORIGINAL.jpg","True"
"boba-fett-grin.html","Boba Fett Grin","../../images/Sketches/grins/Boba%20Fett%20Grin%20face%20ORIGINAL.jpg","Boba Fett Grin face ORIGINAL.jpg","D:\github\ron-english-sketches-and-drawings\images\Sketches\grins\Boba Fett Grin face ORIGINAL.jpg","True"
"boba-fett-grin.html","Boba Fett Grin","../../images/Sketches/grins/Boba%20Fett%20Grin%20face%20ORIGINAL.jpg","Boba Fett Grin face ORIGINAL.jpg","D:\github\ron-english-sketches-and-drawings\images\Sketches\grins\Boba Fett Grin face ORIGINAL.jpg","True"
"boba-fett-grin.html","Boba Fett Grin","../../images/Sketches/grins/Boba%20Fett%20Grin%20front%20B&amp;W.jpg","Boba Fett Grin front B&W.jpg","D:\github\ron-english-sketches-and-drawings\images\Sketches\grins\Boba Fett Grin front B&W.jpg","True"
"boba-fett-grin.html","Boba Fett Grin","../../images/Sketches/grins/Boba%20Fett%20Grin%20front%20B&amp;W.jpg","Boba Fett Grin front B&W.jpg","D:\github\ron-english-sketches-and-drawings\images\Sketches\grins\Boba Fett Grin front B&W.jpg","True"
"boba-fett-grin.html","Boba Fett Grin","../../images/Sketches/grins/Boba%20Fett%20Grin%20back%20B&amp;W.jpg","Boba Fett Grin back B&W.jpg","D:\github\ron-english-sketches-and-drawings\images\Sketches\grins\Boba Fett Grin back B&W.jpg","True"
"boba-fett-grin.html","Boba Fett Grin","../../images/Sketches/grins/Boba%20Fett%20Grin%20back%20B&amp;W.jpg","Boba Fett Grin back B&W.jpg","D:\github\ron-english-sketches-and-drawings\images\Sketches\grins\Boba Fett Grin back B&W.jpg","True"
"boba-fett-grin.html","Boba Fett Grin","../../images/Sketches/grins/Boba%20Fett%20Grin%20front%20COLOR.jpg","Boba Fett Grin front COLOR.jpg","D:\github\ron-english-sketches-and-drawings\images\Sketches\grins\Boba Fett Grin front COLOR.jpg","True"
"boba-fett-grin.html","Boba Fett Grin","../../images/Sketches/grins/Boba%20Fett%20Grin%20front%20COLOR.jpg","Boba Fett Grin front COLOR.jpg","D:\github\ron-english-sketches-and-drawings\images\Sketches\grins\Boba Fett Grin front COLOR.jpg","True"
"boba-fett-grin.html","Boba Fett Grin","../../images/Sketches/grins/Boba%20Fett%20Grin%20back%20COLOR.jpg","Boba Fett Grin back COLOR.jpg","D:\github\ron-english-sketches-and-drawings\images\Sketches\grins\Boba Fett Grin back COLOR.jpg","True"
"boba-fett-grin.html","Boba Fett Grin","../../images/Sketches/grins/Boba%20Fett%20Grin%20back%20COLOR.jpg","Boba Fett Grin back COLOR.jpg","D:\github\ron-english-sketches-and-drawings\images\Sketches\grins\Boba Fett Grin back COLOR.jpg","True"
"boba-fett-grin.html","Boba Fett Grin","../../images/Sketches/grins/Boba%20Fett%20Grin%20side%20B&amp;W.jpg","Boba Fett Grin side B&W.jpg","D:\github\ron-english-sketches-and-drawings\images\Sketches\grins\Boba Fett Grin side B&W.jpg","True"
"boba-fett-grin.html","Boba Fett Grin","../../images/Sketches/grins/Boba%20Fett%20Grin%20side%20B&amp;W.jpg","Boba Fett Grin side B&W.jpg","D:\github\ron-english-sketches-and-drawings\images\Sketches\grins\Boba Fett Grin side B&W.jpg","True"
"boba-fett-grin.html","Boba Fett Grin","../../images/Sketches/grins/Boba%20Fett%20Grin%20face%20B&amp;W.jpg","Boba Fett Grin face B&W.jpg","D:\github\ron-english-sketches-and-drawings\images\Sketches\grins\Boba Fett Grin face B&W.jpg","True"
"boba-fett-grin.html","Boba Fett Grin","../../images/Sketches/grins/Boba%20Fett%20Grin%20face%20B&amp;W.jpg","Boba Fett Grin face B&W.jpg","D:\github\ron-english-sketches-and-drawings\images\Sketches\grins\Boba Fett Grin face B&W.jpg","True"
"boba-fett-grin.html","Boba Fett Grin","../../images/Sketches/grins/Boba%20Fett%20Grin%20side%20COLOR.jpg","Boba Fett Grin side COLOR.jpg","D:\github\ron-english-sketches-and-drawings\images\Sketches\grins\Boba Fett Grin side COLOR.jpg","True"
"boba-fett-grin.html","Boba Fett Grin","../../images/Sketches/grins/Boba%20Fett%20Grin%20side%20COLOR.jpg","Boba Fett Grin side COLOR.jpg","D:\github\ron-english-sketches-and-drawings\images\Sketches\grins\Boba Fett Grin side COLOR.jpg","True"
"boba-fett-grin.html","Boba Fett Grin","../../images/Sketches/grins/Boba%20Fett%20Grin%20face%20COLOR.jpg","Boba Fett Grin face COLOR.jpg","D:\github\ron-english-sketches-and-drawings\images\Sketches\grins\Boba Fett Grin face COLOR.jpg","True"
"boba-fett-grin.html","Boba Fett Grin","../../images/Sketches/grins/Boba%20Fett%20Grin%20face%20COLOR.jpg","Boba Fett Grin face COLOR.jpg","D:\github\ron-english-sketches-and-drawings\images\Sketches\grins\Boba Fett Grin face COLOR.jpg","True"
"boo-boo-bear-grin.html","Boo Boo Bear Grin","../../images/Sketches/grins/Boo%20Boo%20Bear%20Grin%20ORIGINAL.jpg","Boo Boo Bear Grin ORIGINAL.jpg","D:\github\ron-english-sketches-and-drawings\images\Sketches\grins\Boo Boo Bear Grin ORIGINAL.jpg","True"
"boo-boo-bear-grin.html","Boo Boo Bear Grin","../../images/Sketches/grins/Boo%20Boo%20Bear%20Grin%20ORIGINAL.jpg","Boo Boo Bear Grin ORIGINAL.jpg","D:\github\ron-english-sketches-and-drawings\images\Sketches\grins\Boo Boo Bear Grin ORIGINAL.jpg","True"
"boo-boo-bear-grin.html","Boo Boo Bear Grin","../../images/Sketches/grins/Boo%20Boo%20Bear%20Grin%20B&amp;W.jpg","Boo Boo Bear Grin B&W.jpg","D:\github\ron-english-sketches-and-drawings\images\Sketches\grins\Boo Boo Bear Grin B&W.jpg","True"
"boo-boo-bear-grin.html","Boo Boo Bear Grin","../../images/Sketches/grins/Boo%20Boo%20Bear%20Grin%20B&amp;W.jpg","Boo Boo Bear Grin B&W.jpg","D:\github\ron-english-sketches-and-drawings\images\Sketches\grins\Boo Boo Bear Grin B&W.jpg","True"
"boo-boo-bear-grin.html","Boo Boo Bear Grin","../../images/Sketches/grins/Boo%20Boo%20Bear%20Grin%20COLOR.jpg","Boo Boo Bear Grin COLOR.jpg","D:\github\ron-english-sketches-and-drawings\images\Sketches\grins\Boo Boo Bear Grin COLOR.jpg","True"
"boo-boo-bear-grin.html","Boo Boo Bear Grin","../../images/Sketches/grins/Boo%20Boo%20Bear%20Grin%20COLOR.jpg","Boo Boo Bear Grin COLOR.jpg","D:\github\ron-english-sketches-and-drawings\images\Sketches\grins\Boo Boo Bear Grin COLOR.jpg","True"
"bored-ape-cowboy-grin.html","Bored Ape Cowboy Grin","../../images/Sketches/grins/Bored%20Ape%20Cowboy%20Grin%20COLOR.jpg","Bored Ape Cowboy Grin COLOR.jpg","D:\github\ron-english-sketches-and-drawings\images\Sketches\grins\Bored Ape Cowboy Grin COLOR.jpg","True"
"bored-ape-cowboy-grin.html","Bored Ape Cowboy Grin","../../images/Sketches/grins/Bored%20Ape%20Cowboy%20Grin%20COLOR.jpg","Bored Ape Cowboy Grin COLOR.jpg","D:\github\ron-english-sketches-and-drawings\images\Sketches\grins\Bored Ape Cowboy Grin COLOR.jpg","True"
"bored-ape-grin.html","Bored Ape Grin","../../images/Sketches/grins/Bored%20Ape%20Grin%20B&amp;W.jpg","Bored Ape Grin B&W.jpg","D:\github\ron-english-sketches-and-drawings\images\Sketches\grins\Bored Ape Grin B&W.jpg","True"
"bored-ape-grin.html","Bored Ape Grin","../../images/Sketches/grins/Bored%20Ape%20Grin%20B&amp;W.jpg","Bored Ape Grin B&W.jpg","D:\github\ron-english-sketches-and-drawings\images\Sketches\grins\Bored Ape Grin B&W.jpg","True"
"bored-ape-grin.html","Bored Ape Grin","../../images/Sketches/grins/Bored%20Ape%20Cowboy%20Grin%20COLOR%202.jpg","Bored Ape Cowboy Grin COLOR 2.jpg","D:\github\ron-english-sketches-and-drawings\images\Sketches\grins\Bored Ape Cowboy Grin COLOR 2.jpg","True"
"bored-ape-grin.html","Bored Ape Grin","../../images/Sketches/grins/Bored%20Ape%20Cowboy%20Grin%20COLOR%202.jpg","Bored Ape Cowboy Grin COLOR 2.jpg","D:\github\ron-english-sketches-and-drawings\images\Sketches\grins\Bored Ape Cowboy Grin COLOR 2.jpg","True"
"b-rex-grin.html","B-Rex Grin","../../images/Sketches/grins/B-Rex%20Grin%20front%20ORIGINAL.jpg","B-Rex Grin front ORIGINAL.jpg","D:\github\ron-english-sketches-and-drawings\images\Sketches\grins\B-Rex Grin front ORIGINAL.jpg","True"
"b-rex-grin.html","B-Rex Grin","../../images/Sketches/grins/B-Rex%20Grin%20front%20ORIGINAL.jpg","B-Rex Grin front ORIGINAL.jpg","D:\github\ron-english-sketches-and-drawings\images\Sketches\grins\B-Rex Grin front ORIGINAL.jpg","True"
"b-rex-grin.html","B-Rex Grin","../../images/Sketches/grins/B-Rex%20Grin%20side%20ORIGINAL%20COLOR%20%201.jpg","B-Rex Grin side ORIGINAL COLOR  1.jpg","D:\github\ron-english-sketches-and-drawings\images\Sketches\grins\B-Rex Grin side ORIGINAL COLOR  1.jpg","True"
"b-rex-grin.html","B-Rex Grin","../../images/Sketches/grins/B-Rex%20Grin%20side%20ORIGINAL%20COLOR%20%201.jpg","B-Rex Grin side ORIGINAL COLOR  1.jpg","D:\github\ron-english-sketches-and-drawings\images\Sketches\grins\B-Rex Grin side ORIGINAL COLOR  1.jpg","True"
"b-rex-grin.html","B-Rex Grin","../../images/Sketches/grins/B-Rex%20Grin%20side%20ORIGINAL%20COLOR%202.jpg","B-Rex Grin side ORIGINAL COLOR 2.jpg","D:\github\ron-english-sketches-and-drawings\images\Sketches\grins\B-Rex Grin side ORIGINAL COLOR 2.jpg","True"
"b-rex-grin.html","B-Rex Grin","../../images/Sketches/grins/B-Rex%20Grin%20side%20ORIGINAL%20COLOR%202.jpg","B-Rex Grin side ORIGINAL COLOR 2.jpg","D:\github\ron-english-sketches-and-drawings\images\Sketches\grins\B-Rex Grin side ORIGINAL COLOR 2.jpg","True"
"b-rex-grin.html","B-Rex Grin","../../images/Sketches/grins/B-Rex%20Grin%20side%20B&amp;W.jpg","B-Rex Grin side B&W.jpg","D:\github\ron-english-sketches-and-drawings\images\Sketches\grins\B-Rex Grin side B&W.jpg","True"
"b-rex-grin.html","B-Rex Grin","../../images/Sketches/grins/B-Rex%20Grin%20side%20B&amp;W.jpg","B-Rex Grin side B&W.jpg","D:\github\ron-english-sketches-and-drawings\images\Sketches\grins\B-Rex Grin side B&W.jpg","True"
"b-rex-grin.html","B-Rex Grin","../../images/Sketches/grins/B-Rex%20Grin%20side%20COLOR%201.jpg","B-Rex Grin side COLOR 1.jpg","D:\github\ron-english-sketches-and-drawings\images\Sketches\grins\B-Rex Grin side COLOR 1.jpg","True"
"b-rex-grin.html","B-Rex Grin","../../images/Sketches/grins/B-Rex%20Grin%20side%20COLOR%201.jpg","B-Rex Grin side COLOR 1.jpg","D:\github\ron-english-sketches-and-drawings\images\Sketches\grins\B-Rex Grin side COLOR 1.jpg","True"
"b-rex-grin.html","B-Rex Grin","../../images/Sketches/grins/B-Rex%20Grin%20side%20COLOR%202.jpg","B-Rex Grin side COLOR 2.jpg","D:\github\ron-english-sketches-and-drawings\images\Sketches\grins\B-Rex Grin side COLOR 2.jpg","True"
"b-rex-grin.html","B-Rex Grin","../../images/Sketches/grins/B-Rex%20Grin%20side%20COLOR%202.jpg","B-Rex Grin side COLOR 2.jpg","D:\github\ron-english-sketches-and-drawings\images\Sketches\grins\B-Rex Grin side COLOR 2.jpg","True"
"b-rex-grin.html","B-Rex Grin","../../images/Sketches/grins/B-Rex%20Grin%20ORIGINAL%20COLOR.jpg","B-Rex Grin ORIGINAL COLOR.jpg","D:\github\ron-english-sketches-and-drawings\images\Sketches\grins\B-Rex Grin ORIGINAL COLOR.jpg","True"
"b-rex-grin.html","B-Rex Grin","../../images/Sketches/grins/B-Rex%20Grin%20ORIGINAL%20COLOR.jpg","B-Rex Grin ORIGINAL COLOR.jpg","D:\github\ron-english-sketches-and-drawings\images\Sketches\grins\B-Rex Grin ORIGINAL COLOR.jpg","True"
"bugs-grin.html","Bugs Grin","../../images/Sketches/grins/Bugs%20Grin%20ORIGINAL.jpg","Bugs Grin ORIGINAL.jpg","D:\github\ron-english-sketches-and-drawings\images\Sketches\grins\Bugs Grin ORIGINAL.jpg","True"
"bugs-grin.html","Bugs Grin","../../images/Sketches/grins/Bugs%20Grin%20ORIGINAL.jpg","Bugs Grin ORIGINAL.jpg","D:\github\ron-english-sketches-and-drawings\images\Sketches\grins\Bugs Grin ORIGINAL.jpg","True"
"bugs-grin.html","Bugs Grin","../../images/Sketches/grins/Bugs%20Grin%20B&amp;W.jpg","Bugs Grin B&W.jpg","D:\github\ron-english-sketches-and-drawings\images\Sketches\grins\Bugs Grin B&W.jpg","True"
"bugs-grin.html","Bugs Grin","../../images/Sketches/grins/Bugs%20Grin%20B&amp;W.jpg","Bugs Grin B&W.jpg","D:\github\ron-english-sketches-and-drawings\images\Sketches\grins\Bugs Grin B&W.jpg","True"
"bugs-grin.html","Bugs Grin","../../images/Sketches/grins/Bugs%20Grin%20COLOR.jpg","Bugs Grin COLOR.jpg","D:\github\ron-english-sketches-and-drawings\images\Sketches\grins\Bugs Grin COLOR.jpg","True"
"bugs-grin.html","Bugs Grin","../../images/Sketches/grins/Bugs%20Grin%20COLOR.jpg","Bugs Grin COLOR.jpg","D:\github\ron-english-sketches-and-drawings\images\Sketches\grins\Bugs Grin COLOR.jpg","True"
"bulldog-grin.html","Bulldog Grin","../../images/Sketches/grins/Bulldog%20Grin%20B&amp;W.jpg","Bulldog Grin B&W.jpg","D:\github\ron-english-sketches-and-drawings\images\Sketches\grins\Bulldog Grin B&W.jpg","True"
"bulldog-grin.html","Bulldog Grin","../../images/Sketches/grins/Bulldog%20Grin%20B&amp;W.jpg","Bulldog Grin B&W.jpg","D:\github\ron-english-sketches-and-drawings\images\Sketches\grins\Bulldog Grin B&W.jpg","True"
"bulldog-grin.html","Bulldog Grin","../../images/Sketches/grins/Bulldog%20Grin%20COLOR.jpg","Bulldog Grin COLOR.jpg","D:\github\ron-english-sketches-and-drawings\images\Sketches\grins\Bulldog Grin COLOR.jpg","True"
"bulldog-grin.html","Bulldog Grin","../../images/Sketches/grins/Bulldog%20Grin%20COLOR.jpg","Bulldog Grin COLOR.jpg","D:\github\ron-english-sketches-and-drawings\images\Sketches\grins\Bulldog Grin COLOR.jpg","True"
"businessman-grin.html","Businessman Grin","../../images/Sketches/grins/Businessman%20grin%20back%20ORIGINAL.jpg","Businessman grin back ORIGINAL.jpg","D:\github\ron-english-sketches-and-drawings\images\Sketches\grins\Businessman grin back ORIGINAL.jpg","True"
"businessman-grin.html","Businessman Grin","../../images/Sketches/grins/Businessman%20grin%20back%20ORIGINAL.jpg","Businessman grin back ORIGINAL.jpg","D:\github\ron-english-sketches-and-drawings\images\Sketches\grins\Businessman grin back ORIGINAL.jpg","True"
"businessman-grin.html","Businessman Grin","../../images/Sketches/grins/Businessman%20grin%20left%20side%20ORIGINAL.jpg","Businessman grin left side ORIGINAL.jpg","D:\github\ron-english-sketches-and-drawings\images\Sketches\grins\Businessman grin left side ORIGINAL.jpg","True"
"businessman-grin.html","Businessman Grin","../../images/Sketches/grins/Businessman%20grin%20left%20side%20ORIGINAL.jpg","Businessman grin left side ORIGINAL.jpg","D:\github\ron-english-sketches-and-drawings\images\Sketches\grins\Businessman grin left side ORIGINAL.jpg","True"
"businessman-grin.html","Businessman Grin","../../images/Sketches/grins/Businessman%20grin%20right%20side%20ORIGINAL.jpg","Businessman grin right side ORIGINAL.jpg","D:\github\ron-english-sketches-and-drawings\images\Sketches\grins\Businessman grin right side ORIGINAL.jpg","True"
"businessman-grin.html","Businessman Grin","../../images/Sketches/grins/Businessman%20grin%20right%20side%20ORIGINAL.jpg","Businessman grin right side ORIGINAL.jpg","D:\github\ron-english-sketches-and-drawings\images\Sketches\grins\Businessman grin right side ORIGINAL.jpg","True"
"businessman-grin.html","Businessman Grin","../../images/Sketches/grins/Businessman%20Grin%20ORIGINAL.jpg","Businessman Grin ORIGINAL.jpg","D:\github\ron-english-sketches-and-drawings\images\Sketches\grins\Businessman Grin ORIGINAL.jpg","True"
"businessman-grin.html","Businessman Grin","../../images/Sketches/grins/Businessman%20Grin%20ORIGINAL.jpg","Businessman Grin ORIGINAL.jpg","D:\github\ron-english-sketches-and-drawings\images\Sketches\grins\Businessman Grin ORIGINAL.jpg","True"
"businessman-grin.html","Businessman Grin","../../images/Sketches/grins/Businessman%20grin%20back%20B&amp;W.jpg","Businessman grin back B&W.jpg","D:\github\ron-english-sketches-and-drawings\images\Sketches\grins\Businessman grin back B&W.jpg","True"
"businessman-grin.html","Businessman Grin","../../images/Sketches/grins/Businessman%20grin%20back%20B&amp;W.jpg","Businessman grin back B&W.jpg","D:\github\ron-english-sketches-and-drawings\images\Sketches\grins\Businessman grin back B&W.jpg","True"
"businessman-grin.html","Businessman Grin","../../images/Sketches/grins/Businessman%20grin%20back%20COLOR.jpg","Businessman grin back COLOR.jpg","D:\github\ron-english-sketches-and-drawings\images\Sketches\grins\Businessman grin back COLOR.jpg","True"
"businessman-grin.html","Businessman Grin","../../images/Sketches/grins/Businessman%20grin%20back%20COLOR.jpg","Businessman grin back COLOR.jpg","D:\github\ron-english-sketches-and-drawings\images\Sketches\grins\Businessman grin back COLOR.jpg","True"
"businessman-grin.html","Businessman Grin","../../images/Sketches/grins/Businessman%20grin%20left%20side%20B&amp;W.jpg","Businessman grin left side B&W.jpg","D:\github\ron-english-sketches-and-drawings\images\Sketches\grins\Businessman grin left side B&W.jpg","True"
"businessman-grin.html","Businessman Grin","../../images/Sketches/grins/Businessman%20grin%20left%20side%20B&amp;W.jpg","Businessman grin left side B&W.jpg","D:\github\ron-english-sketches-and-drawings\images\Sketches\grins\Businessman grin left side B&W.jpg","True"
"businessman-grin.html","Businessman Grin","../../images/Sketches/grins/Businessman%20grin%20right%20side%20B&amp;W.jpg","Businessman grin right side B&W.jpg","D:\github\ron-english-sketches-and-drawings\images\Sketches\grins\Businessman grin right side B&W.jpg","True"
"businessman-grin.html","Businessman Grin","../../images/Sketches/grins/Businessman%20grin%20right%20side%20B&amp;W.jpg","Businessman grin right side B&W.jpg","D:\github\ron-english-sketches-and-drawings\images\Sketches\grins\Businessman grin right side B&W.jpg","True"
"businessman-grin.html","Businessman Grin","../../images/Sketches/grins/Businessman%20grin%20left%20side%20COLOR.jpg","Businessman grin left side COLOR.jpg","D:\github\ron-english-sketches-and-drawings\images\Sketches\grins\Businessman grin left side COLOR.jpg","True"
"businessman-grin.html","Businessman Grin","../../images/Sketches/grins/Businessman%20grin%20left%20side%20COLOR.jpg","Businessman grin left side COLOR.jpg","D:\github\ron-english-sketches-and-drawings\images\Sketches\grins\Businessman grin left side COLOR.jpg","True"
"businessman-grin.html","Businessman Grin","../../images/Sketches/grins/Businessman%20grin%20right%20side%20COLOR.jpg","Businessman grin right side COLOR.jpg","D:\github\ron-english-sketches-and-drawings\images\Sketches\grins\Businessman grin right side COLOR.jpg","True"
"businessman-grin.html","Businessman Grin","../../images/Sketches/grins/Businessman%20grin%20right%20side%20COLOR.jpg","Businessman grin right side COLOR.jpg","D:\github\ron-english-sketches-and-drawings\images\Sketches\grins\Businessman grin right side COLOR.jpg","True"
"businessman-grin.html","Businessman Grin","../../images/Sketches/grins/Businessman%20Grin%20B&amp;W.jpg","Businessman Grin B&W.jpg","D:\github\ron-english-sketches-and-drawings\images\Sketches\grins\Businessman Grin B&W.jpg","True"
"businessman-grin.html","Businessman Grin","../../images/Sketches/grins/Businessman%20Grin%20B&amp;W.jpg","Businessman Grin B&W.jpg","D:\github\ron-english-sketches-and-drawings\images\Sketches\grins\Businessman Grin B&W.jpg","True"
"businessman-grin.html","Businessman Grin","../../images/Sketches/grins/Businessman%20Grin%20COLOR.jpg","Businessman Grin COLOR.jpg","D:\github\ron-english-sketches-and-drawings\images\Sketches\grins\Businessman Grin COLOR.jpg","True"
"businessman-grin.html","Businessman Grin","../../images/Sketches/grins/Businessman%20Grin%20COLOR.jpg","Businessman Grin COLOR.jpg","D:\github\ron-english-sketches-and-drawings\images\Sketches\grins\Businessman Grin COLOR.jpg","True"
"c3po-grin.html","C3PO Grin","../../images/Sketches/grins/C3PO%20Grin%20B&amp;W.jpg","C3PO Grin B&W.jpg","D:\github\ron-english-sketches-and-drawings\images\Sketches\grins\C3PO Grin B&W.jpg","True"
"c3po-grin.html","C3PO Grin","../../images/Sketches/grins/C3PO%20Grin%20B&amp;W.jpg","C3PO Grin B&W.jpg","D:\github\ron-english-sketches-and-drawings\images\Sketches\grins\C3PO Grin B&W.jpg","True"
"c3po-grin.html","C3PO Grin","../../images/Sketches/grins/C3PO%20Grin%20COLOR.jpg","C3PO Grin COLOR.jpg","D:\github\ron-english-sketches-and-drawings\images\Sketches\grins\C3PO Grin COLOR.jpg","True"
"c3po-grin.html","C3PO Grin","../../images/Sketches/grins/C3PO%20Grin%20COLOR.jpg","C3PO Grin COLOR.jpg","D:\github\ron-english-sketches-and-drawings\images\Sketches\grins\C3PO Grin COLOR.jpg","True"
"cafeteria-lady-grin.html","Cafeteria Lady Grin","../../images/Sketches/grins/Cafeteria%20Lady%20Grin%20ORIGINAL.jpg","Cafeteria Lady Grin ORIGINAL.jpg","D:\github\ron-english-sketches-and-drawings\images\Sketches\grins\Cafeteria Lady Grin ORIGINAL.jpg","True"
"cafeteria-lady-grin.html","Cafeteria Lady Grin","../../images/Sketches/grins/Cafeteria%20Lady%20Grin%20ORIGINAL.jpg","Cafeteria Lady Grin ORIGINAL.jpg","D:\github\ron-english-sketches-and-drawings\images\Sketches\grins\Cafeteria Lady Grin ORIGINAL.jpg","True"
"cafeteria-lady-grin.html","Cafeteria Lady Grin","../../images/Sketches/grins/Cafeteria%20Lady%20Grin%20B&amp;W.jpg","Cafeteria Lady Grin B&W.jpg","D:\github\ron-english-sketches-and-drawings\images\Sketches\grins\Cafeteria Lady Grin B&W.jpg","True"
"cafeteria-lady-grin.html","Cafeteria Lady Grin","../../images/Sketches/grins/Cafeteria%20Lady%20Grin%20B&amp;W.jpg","Cafeteria Lady Grin B&W.jpg","D:\github\ron-english-sketches-and-drawings\images\Sketches\grins\Cafeteria Lady Grin B&W.jpg","True"
"cafeteria-lady-grin.html","Cafeteria Lady Grin","../../images/Sketches/grins/Cafeteria%20Lady%20Grin%20COLOR.jpg","Cafeteria Lady Grin COLOR.jpg","D:\github\ron-english-sketches-and-drawings\images\Sketches\grins\Cafeteria Lady Grin COLOR.jpg","True"
"cafeteria-lady-grin.html","Cafeteria Lady Grin","../../images/Sketches/grins/Cafeteria%20Lady%20Grin%20COLOR.jpg","Cafeteria Lady Grin COLOR.jpg","D:\github\ron-english-sketches-and-drawings\images\Sketches\grins\Cafeteria Lady Grin COLOR.jpg","True"
"cap-n-cornstarch-grin.html","Cap’n Cornstarch Grin","../../images/Sketches/grins/Cap%E2%80%99n%20Cornstarch%20Grin%20ORIGINAL.jpg","Cap’n Cornstarch Grin ORIGINAL.jpg","D:\github\ron-english-sketches-and-drawings\images\Sketches\grins\Cap’n Cornstarch Grin ORIGINAL.jpg","True"
"cap-n-cornstarch-grin.html","Cap’n Cornstarch Grin","../../images/Sketches/grins/Cap%E2%80%99n%20Cornstarch%20Grin%20ORIGINAL.jpg","Cap’n Cornstarch Grin ORIGINAL.jpg","D:\github\ron-english-sketches-and-drawings\images\Sketches\grins\Cap’n Cornstarch Grin ORIGINAL.jpg","True"
"cap-n-cornstarch-grin.html","Cap’n Cornstarch Grin","../../images/Sketches/grins/Cap%E2%80%99n%20Cornstarch%20Grin%20B&amp;W.jpg","Cap’n Cornstarch Grin B&W.jpg","D:\github\ron-english-sketches-and-drawings\images\Sketches\grins\Cap’n Cornstarch Grin B&W.jpg","True"
"cap-n-cornstarch-grin.html","Cap’n Cornstarch Grin","../../images/Sketches/grins/Cap%E2%80%99n%20Cornstarch%20Grin%20B&amp;W.jpg","Cap’n Cornstarch Grin B&W.jpg","D:\github\ron-english-sketches-and-drawings\images\Sketches\grins\Cap’n Cornstarch Grin B&W.jpg","True"
"cap-n-cornstarch-grin.html","Cap’n Cornstarch Grin","../../images/Sketches/grins/Cap%E2%80%99n%20Cornstarch%20Grin%20COLOR.jpg","Cap’n Cornstarch Grin COLOR.jpg","D:\github\ron-english-sketches-and-drawings\images\Sketches\grins\Cap’n Cornstarch Grin COLOR.jpg","True"
"cap-n-cornstarch-grin.html","Cap’n Cornstarch Grin","../../images/Sketches/grins/Cap%E2%80%99n%20Cornstarch%20Grin%20COLOR.jpg","Cap’n Cornstarch Grin COLOR.jpg","D:\github\ron-english-sketches-and-drawings\images\Sketches\grins\Cap’n Cornstarch Grin COLOR.jpg","True"
"carmelo-grin.html","Carmelo Grin","../../images/Sketches/grins/Carmelo%20Grin%20ORIGINAL.jpg","Carmelo Grin ORIGINAL.jpg","D:\github\ron-english-sketches-and-drawings\images\Sketches\grins\Carmelo Grin ORIGINAL.jpg","True"
"carmelo-grin.html","Carmelo Grin","../../images/Sketches/grins/Carmelo%20Grin%20ORIGINAL.jpg","Carmelo Grin ORIGINAL.jpg","D:\github\ron-english-sketches-and-drawings\images\Sketches\grins\Carmelo Grin ORIGINAL.jpg","True"
"carmelo-grin.html","Carmelo Grin","../../images/Sketches/grins/Carmelo%20Grin%20ORIGINAL.png","Carmelo Grin ORIGINAL.png","D:\github\ron-english-sketches-and-drawings\images\Sketches\grins\Carmelo Grin ORIGINAL.png","True"
"carmelo-grin.html","Carmelo Grin","../../images/Sketches/grins/Carmelo%20Grin%20ORIGINAL.png","Carmelo Grin ORIGINAL.png","D:\github\ron-english-sketches-and-drawings\images\Sketches\grins\Carmelo Grin ORIGINAL.png","True"
"carmelo-grin.html","Carmelo Grin","../../images/Sketches/grins/Carmelo%20Grin%20B&amp;W.jpg","Carmelo Grin B&W.jpg","D:\github\ron-english-sketches-and-drawings\images\Sketches\grins\Carmelo Grin B&W.jpg","True"
"carmelo-grin.html","Carmelo Grin","../../images/Sketches/grins/Carmelo%20Grin%20B&amp;W.jpg","Carmelo Grin B&W.jpg","D:\github\ron-english-sketches-and-drawings\images\Sketches\grins\Carmelo Grin B&W.jpg","True"
"carmelo-grin.html","Carmelo Grin","../../images/Sketches/grins/Carmelo%20Grin%20COLOR.jpg","Carmelo Grin COLOR.jpg","D:\github\ron-english-sketches-and-drawings\images\Sketches\grins\Carmelo Grin COLOR.jpg","True"
"carmelo-grin.html","Carmelo Grin","../../images/Sketches/grins/Carmelo%20Grin%20COLOR.jpg","Carmelo Grin COLOR.jpg","D:\github\ron-english-sketches-and-drawings\images\Sketches\grins\Carmelo Grin COLOR.jpg","True"
"carousel-grinnie.html","Carousel Grinnie","../../images/Sketches/grins/Carousel%20Grinnie%20front%20ORIGINAL.jpg","Carousel Grinnie front ORIGINAL.jpg","D:\github\ron-english-sketches-and-drawings\images\Sketches\grins\Carousel Grinnie front ORIGINAL.jpg","True"
"carousel-grinnie.html","Carousel Grinnie","../../images/Sketches/grins/Carousel%20Grinnie%20front%20ORIGINAL.jpg","Carousel Grinnie front ORIGINAL.jpg","D:\github\ron-english-sketches-and-drawings\images\Sketches\grins\Carousel Grinnie front ORIGINAL.jpg","True"
"carousel-grinnie.html","Carousel Grinnie","../../images/Sketches/grins/Carousel%20Grinnie%20back%20ORIGINAL.jpg","Carousel Grinnie back ORIGINAL.jpg","D:\github\ron-english-sketches-and-drawings\images\Sketches\grins\Carousel Grinnie back ORIGINAL.jpg","True"
"carousel-grinnie.html","Carousel Grinnie","../../images/Sketches/grins/Carousel%20Grinnie%20back%20ORIGINAL.jpg","Carousel Grinnie back ORIGINAL.jpg","D:\github\ron-english-sketches-and-drawings\images\Sketches\grins\Carousel Grinnie back ORIGINAL.jpg","True"
"carousel-grinnie.html","Carousel Grinnie","../../images/Sketches/grins/Carousel%20Grinnie%20side%20ORIGINAL.jpg","Carousel Grinnie side ORIGINAL.jpg","D:\github\ron-english-sketches-and-drawings\images\Sketches\grins\Carousel Grinnie side ORIGINAL.jpg","True"
"carousel-grinnie.html","Carousel Grinnie","../../images/Sketches/grins/Carousel%20Grinnie%20side%20ORIGINAL.jpg","Carousel Grinnie side ORIGINAL.jpg","D:\github\ron-english-sketches-and-drawings\images\Sketches\grins\Carousel Grinnie side ORIGINAL.jpg","True"
"carousel-grinnie.html","Carousel Grinnie","../../images/Sketches/grins/Carousel%20Grinnie%20front%20B&amp;W.jpg","Carousel Grinnie front B&W.jpg","D:\github\ron-english-sketches-and-drawings\images\Sketches\grins\Carousel Grinnie front B&W.jpg","True"
"carousel-grinnie.html","Carousel Grinnie","../../images/Sketches/grins/Carousel%20Grinnie%20front%20B&amp;W.jpg","Carousel Grinnie front B&W.jpg","D:\github\ron-english-sketches-and-drawings\images\Sketches\grins\Carousel Grinnie front B&W.jpg","True"
"carousel-grinnie.html","Carousel Grinnie","../../images/Sketches/grins/Carousel%20Grinnie%20back%20B&amp;W.jpg","Carousel Grinnie back B&W.jpg","D:\github\ron-english-sketches-and-drawings\images\Sketches\grins\Carousel Grinnie back B&W.jpg","True"
"carousel-grinnie.html","Carousel Grinnie","../../images/Sketches/grins/Carousel%20Grinnie%20back%20B&amp;W.jpg","Carousel Grinnie back B&W.jpg","D:\github\ron-english-sketches-and-drawings\images\Sketches\grins\Carousel Grinnie back B&W.jpg","True"
"carousel-grinnie.html","Carousel Grinnie","../../images/Sketches/grins/Carousel%20Grinnie%20front%20COLOR.jpg","Carousel Grinnie front COLOR.jpg","D:\github\ron-english-sketches-and-drawings\images\Sketches\grins\Carousel Grinnie front COLOR.jpg","True"
"carousel-grinnie.html","Carousel Grinnie","../../images/Sketches/grins/Carousel%20Grinnie%20front%20COLOR.jpg","Carousel Grinnie front COLOR.jpg","D:\github\ron-english-sketches-and-drawings\images\Sketches\grins\Carousel Grinnie front COLOR.jpg","True"
"carousel-grinnie.html","Carousel Grinnie","../../images/Sketches/grins/Carousel%20Grinnie%20back%20COLOR.jpg","Carousel Grinnie back COLOR.jpg","D:\github\ron-english-sketches-and-drawings\images\Sketches\grins\Carousel Grinnie back COLOR.jpg","True"
"carousel-grinnie.html","Carousel Grinnie","../../images/Sketches/grins/Carousel%20Grinnie%20back%20COLOR.jpg","Carousel Grinnie back COLOR.jpg","D:\github\ron-english-sketches-and-drawings\images\Sketches\grins\Carousel Grinnie back COLOR.jpg","True"
"carousel-grinnie.html","Carousel Grinnie","../../images/Sketches/grins/Carousel%20Grinnie%20side%20B&amp;W.jpg","Carousel Grinnie side B&W.jpg","D:\github\ron-english-sketches-and-drawings\images\Sketches\grins\Carousel Grinnie side B&W.jpg","True"
"carousel-grinnie.html","Carousel Grinnie","../../images/Sketches/grins/Carousel%20Grinnie%20side%20B&amp;W.jpg","Carousel Grinnie side B&W.jpg","D:\github\ron-english-sketches-and-drawings\images\Sketches\grins\Carousel Grinnie side B&W.jpg","True"
"carousel-grinnie.html","Carousel Grinnie","../../images/Sketches/grins/Carousel%20Grinnie%20side%20COLOR.jpg","Carousel Grinnie side COLOR.jpg","D:\github\ron-english-sketches-and-drawings\images\Sketches\grins\Carousel Grinnie side COLOR.jpg","True"
"carousel-grinnie.html","Carousel Grinnie","../../images/Sketches/grins/Carousel%20Grinnie%20side%20COLOR.jpg","Carousel Grinnie side COLOR.jpg","D:\github\ron-english-sketches-and-drawings\images\Sketches\grins\Carousel Grinnie side COLOR.jpg","True"
"cartman-grin.html","Cartman Grin","../../images/Sketches/grins/Cartman%20Grin%20ORIGINAL.jpg","Cartman Grin ORIGINAL.jpg","D:\github\ron-english-sketches-and-drawings\images\Sketches\grins\Cartman Grin ORIGINAL.jpg","True"
"cartman-grin.html","Cartman Grin","../../images/Sketches/grins/Cartman%20Grin%20ORIGINAL.jpg","Cartman Grin ORIGINAL.jpg","D:\github\ron-english-sketches-and-drawings\images\Sketches\grins\Cartman Grin ORIGINAL.jpg","True"
"cartman-grin.html","Cartman Grin","../../images/Sketches/grins/Cartman%20Grin%20ORIGINAL%20COLOR%201.jpg","Cartman Grin ORIGINAL COLOR 1.jpg","D:\github\ron-english-sketches-and-drawings\images\Sketches\grins\Cartman Grin ORIGINAL COLOR 1.jpg","True"
"cartman-grin.html","Cartman Grin","../../images/Sketches/grins/Cartman%20Grin%20ORIGINAL%20COLOR%201.jpg","Cartman Grin ORIGINAL COLOR 1.jpg","D:\github\ron-english-sketches-and-drawings\images\Sketches\grins\Cartman Grin ORIGINAL COLOR 1.jpg","True"
"cartman-grin.html","Cartman Grin","../../images/Sketches/grins/Cartman%20Grin%20ORIGINAL%20COLOR%202.jpg","Cartman Grin ORIGINAL COLOR 2.jpg","D:\github\ron-english-sketches-and-drawings\images\Sketches\grins\Cartman Grin ORIGINAL COLOR 2.jpg","True"
"cartman-grin.html","Cartman Grin","../../images/Sketches/grins/Cartman%20Grin%20ORIGINAL%20COLOR%202.jpg","Cartman Grin ORIGINAL COLOR 2.jpg","D:\github\ron-english-sketches-and-drawings\images\Sketches\grins\Cartman Grin ORIGINAL COLOR 2.jpg","True"
"cartman-grin.html","Cartman Grin","../../images/Sketches/grins/Cartman%20Grin%20ORIGINAL%20COLOR%203.jpg","Cartman Grin ORIGINAL COLOR 3.jpg","D:\github\ron-english-sketches-and-drawings\images\Sketches\grins\Cartman Grin ORIGINAL COLOR 3.jpg","True"
"cartman-grin.html","Cartman Grin","../../images/Sketches/grins/Cartman%20Grin%20ORIGINAL%20COLOR%203.jpg","Cartman Grin ORIGINAL COLOR 3.jpg","D:\github\ron-english-sketches-and-drawings\images\Sketches\grins\Cartman Grin ORIGINAL COLOR 3.jpg","True"
"cartman-grin.html","Cartman Grin","../../images/Sketches/grins/Cartman%20Grin%20ORIGINAL%20COLOR%204.jpg","Cartman Grin ORIGINAL COLOR 4.jpg","D:\github\ron-english-sketches-and-drawings\images\Sketches\grins\Cartman Grin ORIGINAL COLOR 4.jpg","True"
"cartman-grin.html","Cartman Grin","../../images/Sketches/grins/Cartman%20Grin%20ORIGINAL%20COLOR%204.jpg","Cartman Grin ORIGINAL COLOR 4.jpg","D:\github\ron-english-sketches-and-drawings\images\Sketches\grins\Cartman Grin ORIGINAL COLOR 4.jpg","True"
"cartman-grin.html","Cartman Grin","../../images/Sketches/grins/Cartman%20Grin%20ORIGINAL%20COLOR%205.jpg","Cartman Grin ORIGINAL COLOR 5.jpg","D:\github\ron-english-sketches-and-drawings\images\Sketches\grins\Cartman Grin ORIGINAL COLOR 5.jpg","True"
"cartman-grin.html","Cartman Grin","../../images/Sketches/grins/Cartman%20Grin%20ORIGINAL%20COLOR%205.jpg","Cartman Grin ORIGINAL COLOR 5.jpg","D:\github\ron-english-sketches-and-drawings\images\Sketches\grins\Cartman Grin ORIGINAL COLOR 5.jpg","True"
"cartman-grin.html","Cartman Grin","../../images/Sketches/grins/Cartman%20Grin%20B&amp;W.jpg","Cartman Grin B&W.jpg","D:\github\ron-english-sketches-and-drawings\images\Sketches\grins\Cartman Grin B&W.jpg","True"
"cartman-grin.html","Cartman Grin","../../images/Sketches/grins/Cartman%20Grin%20B&amp;W.jpg","Cartman Grin B&W.jpg","D:\github\ron-english-sketches-and-drawings\images\Sketches\grins\Cartman Grin B&W.jpg","True"
"cartman-grin.html","Cartman Grin","../../images/Sketches/grins/Cartman%20Grin%20COLOR.jpg","Cartman Grin COLOR.jpg","D:\github\ron-english-sketches-and-drawings\images\Sketches\grins\Cartman Grin COLOR.jpg","True"
"cartman-grin.html","Cartman Grin","../../images/Sketches/grins/Cartman%20Grin%20COLOR.jpg","Cartman Grin COLOR.jpg","D:\github\ron-english-sketches-and-drawings\images\Sketches\grins\Cartman Grin COLOR.jpg","True"
"cartman-grin.html","Cartman Grin","../../images/Sketches/grins/Cartman%20Grin%20colorway%202.jpg","Cartman Grin colorway 2.jpg","D:\github\ron-english-sketches-and-drawings\images\Sketches\grins\Cartman Grin colorway 2.jpg","True"
"cartman-grin.html","Cartman Grin","../../images/Sketches/grins/Cartman%20Grin%20colorway%202.jpg","Cartman Grin colorway 2.jpg","D:\github\ron-english-sketches-and-drawings\images\Sketches\grins\Cartman Grin colorway 2.jpg","True"
"cartman-grin.html","Cartman Grin","../../images/Sketches/grins/Cartman%20Grin%20colorway%203.jpg","Cartman Grin colorway 3.jpg","D:\github\ron-english-sketches-and-drawings\images\Sketches\grins\Cartman Grin colorway 3.jpg","True"
"cartman-grin.html","Cartman Grin","../../images/Sketches/grins/Cartman%20Grin%20colorway%203.jpg","Cartman Grin colorway 3.jpg","D:\github\ron-english-sketches-and-drawings\images\Sketches\grins\Cartman Grin colorway 3.jpg","True"
"cartman-grin.html","Cartman Grin","../../images/Sketches/grins/Cartman%20Grin%20colorway%204.jpg","Cartman Grin colorway 4.jpg","D:\github\ron-english-sketches-and-drawings\images\Sketches\grins\Cartman Grin colorway 4.jpg","True"
"cartman-grin.html","Cartman Grin","../../images/Sketches/grins/Cartman%20Grin%20colorway%204.jpg","Cartman Grin colorway 4.jpg","D:\github\ron-english-sketches-and-drawings\images\Sketches\grins\Cartman Grin colorway 4.jpg","True"
"cartman-grin.html","Cartman Grin","../../images/Sketches/grins/Cartman%20Grin%20colorway%205.jpg","Cartman Grin colorway 5.jpg","D:\github\ron-english-sketches-and-drawings\images\Sketches\grins\Cartman Grin colorway 5.jpg","True"
"cartman-grin.html","Cartman Grin","../../images/Sketches/grins/Cartman%20Grin%20colorway%205.jpg","Cartman Grin colorway 5.jpg","D:\github\ron-english-sketches-and-drawings\images\Sketches\grins\Cartman Grin colorway 5.jpg","True"
"cartman-grin.html","Cartman Grin","../../images/Sketches/grins/Cartman%20Grin%20card.jpg","Cartman Grin card.jpg","D:\github\ron-english-sketches-and-drawings\images\Sketches\grins\Cartman Grin card.jpg","True"
"cartman-grin.html","Cartman Grin","../../images/Sketches/grins/Cartman%20Grin%20card.jpg","Cartman Grin card.jpg","D:\github\ron-english-sketches-and-drawings\images\Sketches\grins\Cartman Grin card.jpg","True"
"catbrain-grin.html","Catbrain Grin","../../images/Sketches/grins/Catbrain%20Grin%20ORIGINAL.jpg","Catbrain Grin ORIGINAL.jpg","D:\github\ron-english-sketches-and-drawings\images\Sketches\grins\Catbrain Grin ORIGINAL.jpg","True"
"catbrain-grin.html","Catbrain Grin","../../images/Sketches/grins/Catbrain%20Grin%20ORIGINAL.jpg","Catbrain Grin ORIGINAL.jpg","D:\github\ron-english-sketches-and-drawings\images\Sketches\grins\Catbrain Grin ORIGINAL.jpg","True"
"cat-grin.html","Cat Grin","../../images/Sketches/grins/Cat%20Grin%20card%203.jpg","Cat Grin card 3.jpg","D:\github\ron-english-sketches-and-drawings\images\Sketches\grins\Cat Grin card 3.jpg","True"
"cat-grin.html","Cat Grin","../../images/Sketches/grins/Cat%20Grin%20card%203.jpg","Cat Grin card 3.jpg","D:\github\ron-english-sketches-and-drawings\images\Sketches\grins\Cat Grin card 3.jpg","True"
"cat-grin.html","Cat Grin","../../images/Sketches/grins/Cat%20Grin%20card.jpg","Cat Grin card.jpg","D:\github\ron-english-sketches-and-drawings\images\Sketches\grins\Cat Grin card.jpg","True"
"cat-grin.html","Cat Grin","../../images/Sketches/grins/Cat%20Grin%20card.jpg","Cat Grin card.jpg","D:\github\ron-english-sketches-and-drawings\images\Sketches\grins\Cat Grin card.jpg","True"
"cat-grin-1.html","Cat Grin 1","../../images/Sketches/grins/Cat%20Grin%201%20B&amp;W.jpg","Cat Grin 1 B&W.jpg","D:\github\ron-english-sketches-and-drawings\images\Sketches\grins\Cat Grin 1 B&W.jpg","True"
"cat-grin-1.html","Cat Grin 1","../../images/Sketches/grins/Cat%20Grin%201%20B&amp;W.jpg","Cat Grin 1 B&W.jpg","D:\github\ron-english-sketches-and-drawings\images\Sketches\grins\Cat Grin 1 B&W.jpg","True"
"cat-grin-1.html","Cat Grin 1","../../images/Sketches/grins/Cat%20Grin%201%20COLOR.jpg","Cat Grin 1 COLOR.jpg","D:\github\ron-english-sketches-and-drawings\images\Sketches\grins\Cat Grin 1 COLOR.jpg","True"
"cat-grin-1.html","Cat Grin 1","../../images/Sketches/grins/Cat%20Grin%201%20COLOR.jpg","Cat Grin 1 COLOR.jpg","D:\github\ron-english-sketches-and-drawings\images\Sketches\grins\Cat Grin 1 COLOR.jpg","True"
"cat-grin-1.html","Cat Grin 1","../../images/Sketches/grins/Cat%20Grin%201%20card.png","Cat Grin 1 card.png","D:\github\ron-english-sketches-and-drawings\images\Sketches\grins\Cat Grin 1 card.png","True"
"cat-grin-1.html","Cat Grin 1","../../images/Sketches/grins/Cat%20Grin%201%20card.png","Cat Grin 1 card.png","D:\github\ron-english-sketches-and-drawings\images\Sketches\grins\Cat Grin 1 card.png","True"
"cat-grin-2.html","Cat Grin 2","../../images/Sketches/grins/Cat%20Grin%202%20ORIGINAL%202.jpg","Cat Grin 2 ORIGINAL 2.jpg","D:\github\ron-english-sketches-and-drawings\images\Sketches\grins\Cat Grin 2 ORIGINAL 2.jpg","True"
"cat-grin-2.html","Cat Grin 2","../../images/Sketches/grins/Cat%20Grin%202%20ORIGINAL%202.jpg","Cat Grin 2 ORIGINAL 2.jpg","D:\github\ron-english-sketches-and-drawings\images\Sketches\grins\Cat Grin 2 ORIGINAL 2.jpg","True"
"cat-grin-2.html","Cat Grin 2","../../images/Sketches/grins/Cat%20Grin%202%20ORIGINAL.jpg","Cat Grin 2 ORIGINAL.jpg","D:\github\ron-english-sketches-and-drawings\images\Sketches\grins\Cat Grin 2 ORIGINAL.jpg","True"
"cat-grin-2.html","Cat Grin 2","../../images/Sketches/grins/Cat%20Grin%202%20ORIGINAL.jpg","Cat Grin 2 ORIGINAL.jpg","D:\github\ron-english-sketches-and-drawings\images\Sketches\grins\Cat Grin 2 ORIGINAL.jpg","True"
"cat-grin-2.html","Cat Grin 2","../../images/Sketches/grins/Cat%20Grin%202%20B&amp;W.jpg","Cat Grin 2 B&W.jpg","D:\github\ron-english-sketches-and-drawings\images\Sketches\grins\Cat Grin 2 B&W.jpg","True"
"cat-grin-2.html","Cat Grin 2","../../images/Sketches/grins/Cat%20Grin%202%20B&amp;W.jpg","Cat Grin 2 B&W.jpg","D:\github\ron-english-sketches-and-drawings\images\Sketches\grins\Cat Grin 2 B&W.jpg","True"
"cat-grin-2.html","Cat Grin 2","../../images/Sketches/grins/Cat%20Grin%202%20COLOR.jpg","Cat Grin 2 COLOR.jpg","D:\github\ron-english-sketches-and-drawings\images\Sketches\grins\Cat Grin 2 COLOR.jpg","True"
"cat-grin-2.html","Cat Grin 2","../../images/Sketches/grins/Cat%20Grin%202%20COLOR.jpg","Cat Grin 2 COLOR.jpg","D:\github\ron-english-sketches-and-drawings\images\Sketches\grins\Cat Grin 2 COLOR.jpg","True"
"cat-in-hat-grin.html","Cat in Hat Grin","../../images/Sketches/grins/Cat%20in%20Hat%20Grin%20ORIGINAL.jpg","Cat in Hat Grin ORIGINAL.jpg","D:\github\ron-english-sketches-and-drawings\images\Sketches\grins\Cat in Hat Grin ORIGINAL.jpg","True"
"cat-in-hat-grin.html","Cat in Hat Grin","../../images/Sketches/grins/Cat%20in%20Hat%20Grin%20ORIGINAL.jpg","Cat in Hat Grin ORIGINAL.jpg","D:\github\ron-english-sketches-and-drawings\images\Sketches\grins\Cat in Hat Grin ORIGINAL.jpg","True"
"cat-in-hat-grin.html","Cat in Hat Grin","../../images/Sketches/grins/Cat%20in%20Hat%20Grin%20B&amp;W.jpg","Cat in Hat Grin B&W.jpg","D:\github\ron-english-sketches-and-drawings\images\Sketches\grins\Cat in Hat Grin B&W.jpg","True"
"cat-in-hat-grin.html","Cat in Hat Grin","../../images/Sketches/grins/Cat%20in%20Hat%20Grin%20B&amp;W.jpg","Cat in Hat Grin B&W.jpg","D:\github\ron-english-sketches-and-drawings\images\Sketches\grins\Cat in Hat Grin B&W.jpg","True"
"cat-in-hat-grin.html","Cat in Hat Grin","../../images/Sketches/grins/Cat%20in%20Hat%20Grin%20COLOR.jpg","Cat in Hat Grin COLOR.jpg","D:\github\ron-english-sketches-and-drawings\images\Sketches\grins\Cat in Hat Grin COLOR.jpg","True"
"cat-in-hat-grin.html","Cat in Hat Grin","../../images/Sketches/grins/Cat%20in%20Hat%20Grin%20COLOR.jpg","Cat in Hat Grin COLOR.jpg","D:\github\ron-english-sketches-and-drawings\images\Sketches\grins\Cat in Hat Grin COLOR.jpg","True"
"charlie-brown-grin.html","Charlie Brown Grin","../../images/Sketches/grins/Charlie%20Brown%20Grin%20back%20ORIGINAL.jpg","Charlie Brown Grin back ORIGINAL.jpg","D:\github\ron-english-sketches-and-drawings\images\Sketches\grins\Charlie Brown Grin back ORIGINAL.jpg","True"
"charlie-brown-grin.html","Charlie Brown Grin","../../images/Sketches/grins/Charlie%20Brown%20Grin%20back%20ORIGINAL.jpg","Charlie Brown Grin back ORIGINAL.jpg","D:\github\ron-english-sketches-and-drawings\images\Sketches\grins\Charlie Brown Grin back ORIGINAL.jpg","True"
"charlie-brown-grin.html","Charlie Brown Grin","../../images/Sketches/grins/Charlie%20Brown%20Grin%20left%20side%20ORIGINAL.jpg","Charlie Brown Grin left side ORIGINAL.jpg","D:\github\ron-english-sketches-and-drawings\images\Sketches\grins\Charlie Brown Grin left side ORIGINAL.jpg","True"
"charlie-brown-grin.html","Charlie Brown Grin","../../images/Sketches/grins/Charlie%20Brown%20Grin%20left%20side%20ORIGINAL.jpg","Charlie Brown Grin left side ORIGINAL.jpg","D:\github\ron-english-sketches-and-drawings\images\Sketches\grins\Charlie Brown Grin left side ORIGINAL.jpg","True"
"charlie-brown-grin.html","Charlie Brown Grin","../../images/Sketches/grins/Charlie%20Brown%20Grin%20right%20side%20ORIGINAL.jpg","Charlie Brown Grin right side ORIGINAL.jpg","D:\github\ron-english-sketches-and-drawings\images\Sketches\grins\Charlie Brown Grin right side ORIGINAL.jpg","True"
"charlie-brown-grin.html","Charlie Brown Grin","../../images/Sketches/grins/Charlie%20Brown%20Grin%20right%20side%20ORIGINAL.jpg","Charlie Brown Grin right side ORIGINAL.jpg","D:\github\ron-english-sketches-and-drawings\images\Sketches\grins\Charlie Brown Grin right side ORIGINAL.jpg","True"
"charlie-grin-flying.html","Charlie Grin Flying","../../images/Sketches/grins/Charlie%20Grin%20Flying%20ORIGINAL.jpg","Charlie Grin Flying ORIGINAL.jpg","D:\github\ron-english-sketches-and-drawings\images\Sketches\grins\Charlie Grin Flying ORIGINAL.jpg","True"
"charlie-grin-flying.html","Charlie Grin Flying","../../images/Sketches/grins/Charlie%20Grin%20Flying%20ORIGINAL.jpg","Charlie Grin Flying ORIGINAL.jpg","D:\github\ron-english-sketches-and-drawings\images\Sketches\grins\Charlie Grin Flying ORIGINAL.jpg","True"
"charlie-grin-flying.html","Charlie Grin Flying","../../images/Sketches/grins/Charlie%20Grin%20Flying%20B&amp;W.jpg","Charlie Grin Flying B&W.jpg","D:\github\ron-english-sketches-and-drawings\images\Sketches\grins\Charlie Grin Flying B&W.jpg","True"
"charlie-grin-flying.html","Charlie Grin Flying","../../images/Sketches/grins/Charlie%20Grin%20Flying%20B&amp;W.jpg","Charlie Grin Flying B&W.jpg","D:\github\ron-english-sketches-and-drawings\images\Sketches\grins\Charlie Grin Flying B&W.jpg","True"
"charlie-grin-flying.html","Charlie Grin Flying","../../images/Sketches/grins/Charlie%20Grin%20Flying%20COLOR.jpg","Charlie Grin Flying COLOR.jpg","D:\github\ron-english-sketches-and-drawings\images\Sketches\grins\Charlie Grin Flying COLOR.jpg","True"
"charlie-grin-flying.html","Charlie Grin Flying","../../images/Sketches/grins/Charlie%20Grin%20Flying%20COLOR.jpg","Charlie Grin Flying COLOR.jpg","D:\github\ron-english-sketches-and-drawings\images\Sketches\grins\Charlie Grin Flying COLOR.jpg","True"
"charlie-grin-x-ray.html","Charlie Grin X Ray","../../images/Sketches/grins/Charlie%20Grin%20X%20Ray%20ORIGINAL.jpg","Charlie Grin X Ray ORIGINAL.jpg","D:\github\ron-english-sketches-and-drawings\images\Sketches\grins\Charlie Grin X Ray ORIGINAL.jpg","True"
"charlie-grin-x-ray.html","Charlie Grin X Ray","../../images/Sketches/grins/Charlie%20Grin%20X%20Ray%20ORIGINAL.jpg","Charlie Grin X Ray ORIGINAL.jpg","D:\github\ron-english-sketches-and-drawings\images\Sketches\grins\Charlie Grin X Ray ORIGINAL.jpg","True"
"charlie-grin-x-ray.html","Charlie Grin X Ray","../../images/Sketches/grins/Charlie%20Grin%20X-Ray%20ORIGINAL%20COLOR.jpg","Charlie Grin X-Ray ORIGINAL COLOR.jpg","D:\github\ron-english-sketches-and-drawings\images\Sketches\grins\Charlie Grin X-Ray ORIGINAL COLOR.jpg","True"
"charlie-grin-x-ray.html","Charlie Grin X Ray","../../images/Sketches/grins/Charlie%20Grin%20X-Ray%20ORIGINAL%20COLOR.jpg","Charlie Grin X-Ray ORIGINAL COLOR.jpg","D:\github\ron-english-sketches-and-drawings\images\Sketches\grins\Charlie Grin X-Ray ORIGINAL COLOR.jpg","True"
"charlie-grin-x-ray.html","Charlie Grin X Ray","../../images/Sketches/grins/Charlie%20Grin%20X%20Ray%20B&amp;W.jpg","Charlie Grin X Ray B&W.jpg","D:\github\ron-english-sketches-and-drawings\images\Sketches\grins\Charlie Grin X Ray B&W.jpg","True"
"charlie-grin-x-ray.html","Charlie Grin X Ray","../../images/Sketches/grins/Charlie%20Grin%20X%20Ray%20B&amp;W.jpg","Charlie Grin X Ray B&W.jpg","D:\github\ron-english-sketches-and-drawings\images\Sketches\grins\Charlie Grin X Ray B&W.jpg","True"
"charlie-grin-x-ray.html","Charlie Grin X Ray","../../images/Sketches/grins/Charlie%20Grin%20X%20Ray%20COLOR.jpg","Charlie Grin X Ray COLOR.jpg","D:\github\ron-english-sketches-and-drawings\images\Sketches\grins\Charlie Grin X Ray COLOR.jpg","True"
"charlie-grin-x-ray.html","Charlie Grin X Ray","../../images/Sketches/grins/Charlie%20Grin%20X%20Ray%20COLOR.jpg","Charlie Grin X Ray COLOR.jpg","D:\github\ron-english-sketches-and-drawings\images\Sketches\grins\Charlie Grin X Ray COLOR.jpg","True"
"cheshire-cat-grin.html","Cheshire Cat Grin","../../images/Sketches/grins/Cheshire%20Cat%20Grin%20ORIGINAL.jpg","Cheshire Cat Grin ORIGINAL.jpg","D:\github\ron-english-sketches-and-drawings\images\Sketches\grins\Cheshire Cat Grin ORIGINAL.jpg","True"
"cheshire-cat-grin.html","Cheshire Cat Grin","../../images/Sketches/grins/Cheshire%20Cat%20Grin%20ORIGINAL.jpg","Cheshire Cat Grin ORIGINAL.jpg","D:\github\ron-english-sketches-and-drawings\images\Sketches\grins\Cheshire Cat Grin ORIGINAL.jpg","True"
"cheshire-cat-grin.html","Cheshire Cat Grin","../../images/Sketches/grins/Cheshire%20Cat%20Grin%20B&amp;W.jpg","Cheshire Cat Grin B&W.jpg","D:\github\ron-english-sketches-and-drawings\images\Sketches\grins\Cheshire Cat Grin B&W.jpg","True"
"cheshire-cat-grin.html","Cheshire Cat Grin","../../images/Sketches/grins/Cheshire%20Cat%20Grin%20B&amp;W.jpg","Cheshire Cat Grin B&W.jpg","D:\github\ron-english-sketches-and-drawings\images\Sketches\grins\Cheshire Cat Grin B&W.jpg","True"
"cheshire-cat-grin.html","Cheshire Cat Grin","../../images/Sketches/grins/Cheshire%20Cat%20Grin%20COLOR.jpg","Cheshire Cat Grin COLOR.jpg","D:\github\ron-english-sketches-and-drawings\images\Sketches\grins\Cheshire Cat Grin COLOR.jpg","True"
"cheshire-cat-grin.html","Cheshire Cat Grin","../../images/Sketches/grins/Cheshire%20Cat%20Grin%20COLOR.jpg","Cheshire Cat Grin COLOR.jpg","D:\github\ron-english-sketches-and-drawings\images\Sketches\grins\Cheshire Cat Grin COLOR.jpg","True"
"chico-roco.html","Chico Roco","../../images/Sketches/grins/Chico%20Roco%20front%20ORIGINAL.jpg","Chico Roco front ORIGINAL.jpg","D:\github\ron-english-sketches-and-drawings\images\Sketches\grins\Chico Roco front ORIGINAL.jpg","True"
"chico-roco.html","Chico Roco","../../images/Sketches/grins/Chico%20Roco%20front%20ORIGINAL.jpg","Chico Roco front ORIGINAL.jpg","D:\github\ron-english-sketches-and-drawings\images\Sketches\grins\Chico Roco front ORIGINAL.jpg","True"
"chico-roco.html","Chico Roco","../../images/Sketches/grins/Chico%20Roco%20back%20ORIGINAL.jpg","Chico Roco back ORIGINAL.jpg","D:\github\ron-english-sketches-and-drawings\images\Sketches\grins\Chico Roco back ORIGINAL.jpg","True"
"chico-roco.html","Chico Roco","../../images/Sketches/grins/Chico%20Roco%20back%20ORIGINAL.jpg","Chico Roco back ORIGINAL.jpg","D:\github\ron-english-sketches-and-drawings\images\Sketches\grins\Chico Roco back ORIGINAL.jpg","True"
"chico-roco.html","Chico Roco","../../images/Sketches/grins/Chico%20Roco%20left%20side%20ORIGINAL.jpg","Chico Roco left side ORIGINAL.jpg","D:\github\ron-english-sketches-and-drawings\images\Sketches\grins\Chico Roco left side ORIGINAL.jpg","True"
"chico-roco.html","Chico Roco","../../images/Sketches/grins/Chico%20Roco%20left%20side%20ORIGINAL.jpg","Chico Roco left side ORIGINAL.jpg","D:\github\ron-english-sketches-and-drawings\images\Sketches\grins\Chico Roco left side ORIGINAL.jpg","True"
"chico-roco.html","Chico Roco","../../images/Sketches/grins/Chico%20Roco%20bottom%20ORIGINAL.jpg","Chico Roco bottom ORIGINAL.jpg","D:\github\ron-english-sketches-and-drawings\images\Sketches\grins\Chico Roco bottom ORIGINAL.jpg","True"
"chico-roco.html","Chico Roco","../../images/Sketches/grins/Chico%20Roco%20bottom%20ORIGINAL.jpg","Chico Roco bottom ORIGINAL.jpg","D:\github\ron-english-sketches-and-drawings\images\Sketches\grins\Chico Roco bottom ORIGINAL.jpg","True"
"chico-roco.html","Chico Roco","../../images/Sketches/grins/Chico%20Roco%20top%20ORIGINAL.jpg","Chico Roco top ORIGINAL.jpg","D:\github\ron-english-sketches-and-drawings\images\Sketches\grins\Chico Roco top ORIGINAL.jpg","True"
"chico-roco.html","Chico Roco","../../images/Sketches/grins/Chico%20Roco%20top%20ORIGINAL.jpg","Chico Roco top ORIGINAL.jpg","D:\github\ron-english-sketches-and-drawings\images\Sketches\grins\Chico Roco top ORIGINAL.jpg","True"
"chico-roco.html","Chico Roco","../../images/Sketches/grins/Chico%20Roco%20front%20Variation%20B&amp;W.jpg","Chico Roco front Variation B&W.jpg","D:\github\ron-english-sketches-and-drawings\images\Sketches\grins\Chico Roco front Variation B&W.jpg","True"
"chico-roco.html","Chico Roco","../../images/Sketches/grins/Chico%20Roco%20front%20Variation%20B&amp;W.jpg","Chico Roco front Variation B&W.jpg","D:\github\ron-english-sketches-and-drawings\images\Sketches\grins\Chico Roco front Variation B&W.jpg","True"
"chico-roco.html","Chico Roco","../../images/Sketches/grins/Chico%20Roco%20back%20B&amp;W.jpg","Chico Roco back B&W.jpg","D:\github\ron-english-sketches-and-drawings\images\Sketches\grins\Chico Roco back B&W.jpg","True"
"chico-roco.html","Chico Roco","../../images/Sketches/grins/Chico%20Roco%20back%20B&amp;W.jpg","Chico Roco back B&W.jpg","D:\github\ron-english-sketches-and-drawings\images\Sketches\grins\Chico Roco back B&W.jpg","True"
"chico-roco.html","Chico Roco","../../images/Sketches/grins/chico%20roco%20back%20variation%20B&amp;W.jpg","chico roco back variation B&W.jpg","D:\github\ron-english-sketches-and-drawings\images\Sketches\grins\chico roco back variation B&W.jpg","True"
"chico-roco.html","Chico Roco","../../images/Sketches/grins/chico%20roco%20back%20variation%20B&amp;W.jpg","chico roco back variation B&W.jpg","D:\github\ron-english-sketches-and-drawings\images\Sketches\grins\chico roco back variation B&W.jpg","True"
"chico-roco.html","Chico Roco","../../images/Sketches/grins/Chico%20Roco%20left%20side%20B&amp;W.jpg","Chico Roco left side B&W.jpg","D:\github\ron-english-sketches-and-drawings\images\Sketches\grins\Chico Roco left side B&W.jpg","True"
"chico-roco.html","Chico Roco","../../images/Sketches/grins/Chico%20Roco%20left%20side%20B&amp;W.jpg","Chico Roco left side B&W.jpg","D:\github\ron-english-sketches-and-drawings\images\Sketches\grins\Chico Roco left side B&W.jpg","True"
"chico-roco.html","Chico Roco","../../images/Sketches/grins/Chico%20Roco%20left%20side%20Variation%20B&amp;W.jpg","Chico Roco left side Variation B&W.jpg","D:\github\ron-english-sketches-and-drawings\images\Sketches\grins\Chico Roco left side Variation B&W.jpg","True"
"chico-roco.html","Chico Roco","../../images/Sketches/grins/Chico%20Roco%20left%20side%20Variation%20B&amp;W.jpg","Chico Roco left side Variation B&W.jpg","D:\github\ron-english-sketches-and-drawings\images\Sketches\grins\Chico Roco left side Variation B&W.jpg","True"
"chico-roco.html","Chico Roco","../../images/Sketches/grins/Chico%20Roco%20right%20side%20Variation%20B&amp;W.jpg","Chico Roco right side Variation B&W.jpg","D:\github\ron-english-sketches-and-drawings\images\Sketches\grins\Chico Roco right side Variation B&W.jpg","True"
"chico-roco.html","Chico Roco","../../images/Sketches/grins/Chico%20Roco%20right%20side%20Variation%20B&amp;W.jpg","Chico Roco right side Variation B&W.jpg","D:\github\ron-english-sketches-and-drawings\images\Sketches\grins\Chico Roco right side Variation B&W.jpg","True"
"chico-roco.html","Chico Roco","../../images/Sketches/grins/Chico%20Roco%20bottom%20B&amp;W.jpg","Chico Roco bottom B&W.jpg","D:\github\ron-english-sketches-and-drawings\images\Sketches\grins\Chico Roco bottom B&W.jpg","True"
"chico-roco.html","Chico Roco","../../images/Sketches/grins/Chico%20Roco%20bottom%20B&amp;W.jpg","Chico Roco bottom B&W.jpg","D:\github\ron-english-sketches-and-drawings\images\Sketches\grins\Chico Roco bottom B&W.jpg","True"
"chico-roco.html","Chico Roco","../../images/Sketches/grins/Chico%20Roco%20top%20B&amp;W.jpg","Chico Roco top B&W.jpg","D:\github\ron-english-sketches-and-drawings\images\Sketches\grins\Chico Roco top B&W.jpg","True"
"chico-roco.html","Chico Roco","../../images/Sketches/grins/Chico%20Roco%20top%20B&amp;W.jpg","Chico Roco top B&W.jpg","D:\github\ron-english-sketches-and-drawings\images\Sketches\grins\Chico Roco top B&W.jpg","True"
"chico-roco.html","Chico Roco","../../images/Sketches/grins/Chico%20Roco.jpg","Chico Roco.jpg","D:\github\ron-english-sketches-and-drawings\images\Sketches\grins\Chico Roco.jpg","True"
"chico-roco.html","Chico Roco","../../images/Sketches/grins/Chico%20Roco.jpg","Chico Roco.jpg","D:\github\ron-english-sketches-and-drawings\images\Sketches\grins\Chico Roco.jpg","True"
"chico-roco-rabbit-grin.html","Chico Roco Rabbit Grin","../../images/Sketches/grins/Chico%20Roco%20Rabbit%20Grin%20blue.jpg","Chico Roco Rabbit Grin blue.jpg","D:\github\ron-english-sketches-and-drawings\images\Sketches\grins\Chico Roco Rabbit Grin blue.jpg","True"
"chico-roco-rabbit-grin.html","Chico Roco Rabbit Grin","../../images/Sketches/grins/Chico%20Roco%20Rabbit%20Grin%20blue.jpg","Chico Roco Rabbit Grin blue.jpg","D:\github\ron-english-sketches-and-drawings\images\Sketches\grins\Chico Roco Rabbit Grin blue.jpg","True"
"chico-roco-rabbit-grin.html","Chico Roco Rabbit Grin","../../images/Sketches/grins/Chico%20Roco%20Rabbit%20Grin%20green.jpg","Chico Roco Rabbit Grin green.jpg","D:\github\ron-english-sketches-and-drawings\images\Sketches\grins\Chico Roco Rabbit Grin green.jpg","True"
"chico-roco-rabbit-grin.html","Chico Roco Rabbit Grin","../../images/Sketches/grins/Chico%20Roco%20Rabbit%20Grin%20green.jpg","Chico Roco Rabbit Grin green.jpg","D:\github\ron-english-sketches-and-drawings\images\Sketches\grins\Chico Roco Rabbit Grin green.jpg","True"
"chico-roco-rabbit-grin.html","Chico Roco Rabbit Grin","../../images/Sketches/grins/Chico%20Roco%20Rabbit%20Grin%20pink.jpg","Chico Roco Rabbit Grin pink.jpg","D:\github\ron-english-sketches-and-drawings\images\Sketches\grins\Chico Roco Rabbit Grin pink.jpg","True"
"chico-roco-rabbit-grin.html","Chico Roco Rabbit Grin","../../images/Sketches/grins/Chico%20Roco%20Rabbit%20Grin%20pink.jpg","Chico Roco Rabbit Grin pink.jpg","D:\github\ron-english-sketches-and-drawings\images\Sketches\grins\Chico Roco Rabbit Grin pink.jpg","True"
"chico-roco-rabbit-grin.html","Chico Roco Rabbit Grin","../../images/Sketches/grins/Chico%20Roco%20Rabbit%20Grin%20yellow.jpg","Chico Roco Rabbit Grin yellow.jpg","D:\github\ron-english-sketches-and-drawings\images\Sketches\grins\Chico Roco Rabbit Grin yellow.jpg","True"
"chico-roco-rabbit-grin.html","Chico Roco Rabbit Grin","../../images/Sketches/grins/Chico%20Roco%20Rabbit%20Grin%20yellow.jpg","Chico Roco Rabbit Grin yellow.jpg","D:\github\ron-english-sketches-and-drawings\images\Sketches\grins\Chico Roco Rabbit Grin yellow.jpg","True"
"chico-roco-telephone.html","Chico Roco telephone","../../images/Sketches/grins/Chico%20Roco%20telephone.jpg","Chico Roco telephone.jpg","D:\github\ron-english-sketches-and-drawings\images\Sketches\grins\Chico Roco telephone.jpg","True"
"chico-roco-telephone.html","Chico Roco telephone","../../images/Sketches/grins/Chico%20Roco%20telephone.jpg","Chico Roco telephone.jpg","D:\github\ron-english-sketches-and-drawings\images\Sketches\grins\Chico Roco telephone.jpg","True"
"chuckie-grin.html","Chuckie Grin","../../images/Sketches/grins/Chuckie%20Grin%20ORIGINAL.jpg","Chuckie Grin ORIGINAL.jpg","D:\github\ron-english-sketches-and-drawings\images\Sketches\grins\Chuckie Grin ORIGINAL.jpg","True"
"chuckie-grin.html","Chuckie Grin","../../images/Sketches/grins/Chuckie%20Grin%20ORIGINAL.jpg","Chuckie Grin ORIGINAL.jpg","D:\github\ron-english-sketches-and-drawings\images\Sketches\grins\Chuckie Grin ORIGINAL.jpg","True"
"chuckie-grin.html","Chuckie Grin","../../images/Sketches/grins/Chuckie%20Grin%20ORIGINAL%20COLOR.jpg","Chuckie Grin ORIGINAL COLOR.jpg","D:\github\ron-english-sketches-and-drawings\images\Sketches\grins\Chuckie Grin ORIGINAL COLOR.jpg","True"
"chuckie-grin.html","Chuckie Grin","../../images/Sketches/grins/Chuckie%20Grin%20ORIGINAL%20COLOR.jpg","Chuckie Grin ORIGINAL COLOR.jpg","D:\github\ron-english-sketches-and-drawings\images\Sketches\grins\Chuckie Grin ORIGINAL COLOR.jpg","True"
"count-calorie-grin.html","Count Calorie Grin","../../images/Sketches/grins/Count%20Calorie%20Grin%20ORIGINAL.jpg","Count Calorie Grin ORIGINAL.jpg","D:\github\ron-english-sketches-and-drawings\images\Sketches\grins\Count Calorie Grin ORIGINAL.jpg","True"
"count-calorie-grin.html","Count Calorie Grin","../../images/Sketches/grins/Count%20Calorie%20Grin%20ORIGINAL.jpg","Count Calorie Grin ORIGINAL.jpg","D:\github\ron-english-sketches-and-drawings\images\Sketches\grins\Count Calorie Grin ORIGINAL.jpg","True"
"count-calorie-grin.html","Count Calorie Grin","../../images/Sketches/grins/Count%20Calorie%20Grin%20B&amp;W.jpg","Count Calorie Grin B&W.jpg","D:\github\ron-english-sketches-and-drawings\images\Sketches\grins\Count Calorie Grin B&W.jpg","True"
"count-calorie-grin.html","Count Calorie Grin","../../images/Sketches/grins/Count%20Calorie%20Grin%20B&amp;W.jpg","Count Calorie Grin B&W.jpg","D:\github\ron-english-sketches-and-drawings\images\Sketches\grins\Count Calorie Grin B&W.jpg","True"
"count-calorie-grin.html","Count Calorie Grin","../../images/Sketches/grins/Count%20Calorie%20Grin%20COLOR.jpg","Count Calorie Grin COLOR.jpg","D:\github\ron-english-sketches-and-drawings\images\Sketches\grins\Count Calorie Grin COLOR.jpg","True"
"count-calorie-grin.html","Count Calorie Grin","../../images/Sketches/grins/Count%20Calorie%20Grin%20COLOR.jpg","Count Calorie Grin COLOR.jpg","D:\github\ron-english-sketches-and-drawings\images\Sketches\grins\Count Calorie Grin COLOR.jpg","True"
"courage-dog-grin.html","Courage Dog Grin","../../images/Sketches/grins/Courage%20Dog%20Grin%20ORIGINAL.jpg","Courage Dog Grin ORIGINAL.jpg","D:\github\ron-english-sketches-and-drawings\images\Sketches\grins\Courage Dog Grin ORIGINAL.jpg","True"
"courage-dog-grin.html","Courage Dog Grin","../../images/Sketches/grins/Courage%20Dog%20Grin%20ORIGINAL.jpg","Courage Dog Grin ORIGINAL.jpg","D:\github\ron-english-sketches-and-drawings\images\Sketches\grins\Courage Dog Grin ORIGINAL.jpg","True"
"courage-dog-grin.html","Courage Dog Grin","../../images/Sketches/grins/Courage%20Dog%20Grin%20B&amp;W.jpg","Courage Dog Grin B&W.jpg","D:\github\ron-english-sketches-and-drawings\images\Sketches\grins\Courage Dog Grin B&W.jpg","True"
"courage-dog-grin.html","Courage Dog Grin","../../images/Sketches/grins/Courage%20Dog%20Grin%20B&amp;W.jpg","Courage Dog Grin B&W.jpg","D:\github\ron-english-sketches-and-drawings\images\Sketches\grins\Courage Dog Grin B&W.jpg","True"
"courage-dog-grin.html","Courage Dog Grin","../../images/Sketches/grins/Courage%20Dog%20Grin%20COLOR.jpg","Courage Dog Grin COLOR.jpg","D:\github\ron-english-sketches-and-drawings\images\Sketches\grins\Courage Dog Grin COLOR.jpg","True"
"courage-dog-grin.html","Courage Dog Grin","../../images/Sketches/grins/Courage%20Dog%20Grin%20COLOR.jpg","Courage Dog Grin COLOR.jpg","D:\github\ron-english-sketches-and-drawings\images\Sketches\grins\Courage Dog Grin COLOR.jpg","True"
"covid-grin.html","COVID Grin","../../images/Sketches/grins/COVID%20Grin%20ORIGINAL.jpg","COVID Grin ORIGINAL.jpg","D:\github\ron-english-sketches-and-drawings\images\Sketches\grins\COVID Grin ORIGINAL.jpg","True"
"covid-grin.html","COVID Grin","../../images/Sketches/grins/COVID%20Grin%20ORIGINAL.jpg","COVID Grin ORIGINAL.jpg","D:\github\ron-english-sketches-and-drawings\images\Sketches\grins\COVID Grin ORIGINAL.jpg","True"
"covid-grin.html","COVID Grin","../../images/Sketches/grins/COVID%20Grin%20B&amp;W.jpg","COVID Grin B&W.jpg","D:\github\ron-english-sketches-and-drawings\images\Sketches\grins\COVID Grin B&W.jpg","True"
"covid-grin.html","COVID Grin","../../images/Sketches/grins/COVID%20Grin%20B&amp;W.jpg","COVID Grin B&W.jpg","D:\github\ron-english-sketches-and-drawings\images\Sketches\grins\COVID Grin B&W.jpg","True"
"covid-grin.html","COVID Grin","../../images/Sketches/grins/COVID%20Grin%20COLOR.jpg","COVID Grin COLOR.jpg","D:\github\ron-english-sketches-and-drawings\images\Sketches\grins\COVID Grin COLOR.jpg","True"
"covid-grin.html","COVID Grin","../../images/Sketches/grins/COVID%20Grin%20COLOR.jpg","COVID Grin COLOR.jpg","D:\github\ron-english-sketches-and-drawings\images\Sketches\grins\COVID Grin COLOR.jpg","True"
"covid-grin.html","COVID Grin","../../images/Sketches/grins/COVID%20Grin%20card.jpg","COVID Grin card.jpg","D:\github\ron-english-sketches-and-drawings\images\Sketches\grins\COVID Grin card.jpg","True"
"covid-grin.html","COVID Grin","../../images/Sketches/grins/COVID%20Grin%20card.jpg","COVID Grin card.jpg","D:\github\ron-english-sketches-and-drawings\images\Sketches\grins\COVID Grin card.jpg","True"
"cow-grin.html","Cow Grin","../../images/Sketches/grins/Cow%20Grin%20ORIGINAL.jpg","Cow Grin ORIGINAL.jpg","D:\github\ron-english-sketches-and-drawings\images\Sketches\grins\Cow Grin ORIGINAL.jpg","True"
"cow-grin.html","Cow Grin","../../images/Sketches/grins/Cow%20Grin%20ORIGINAL.jpg","Cow Grin ORIGINAL.jpg","D:\github\ron-english-sketches-and-drawings\images\Sketches\grins\Cow Grin ORIGINAL.jpg","True"
"cow-grin.html","Cow Grin","../../images/Sketches/grins/Cow%20Grin%20B&amp;W.jpg","Cow Grin B&W.jpg","D:\github\ron-english-sketches-and-drawings\images\Sketches\grins\Cow Grin B&W.jpg","True"
"cow-grin.html","Cow Grin","../../images/Sketches/grins/Cow%20Grin%20B&amp;W.jpg","Cow Grin B&W.jpg","D:\github\ron-english-sketches-and-drawings\images\Sketches\grins\Cow Grin B&W.jpg","True"
"cow-grin.html","Cow Grin","../../images/Sketches/grins/Cow%20Grin%20COLOR.jpg","Cow Grin COLOR.jpg","D:\github\ron-english-sketches-and-drawings\images\Sketches\grins\Cow Grin COLOR.jpg","True"
"cow-grin.html","Cow Grin","../../images/Sketches/grins/Cow%20Grin%20COLOR.jpg","Cow Grin COLOR.jpg","D:\github\ron-english-sketches-and-drawings\images\Sketches\grins\Cow Grin COLOR.jpg","True"
"creepy-creature.html","Creepy Creature","../../images/Sketches/grins/Creepy%20Creature%20ORIGINAL.jpg","Creepy Creature ORIGINAL.jpg","D:\github\ron-english-sketches-and-drawings\images\Sketches\grins\Creepy Creature ORIGINAL.jpg","True"
"creepy-creature.html","Creepy Creature","../../images/Sketches/grins/Creepy%20Creature%20ORIGINAL.jpg","Creepy Creature ORIGINAL.jpg","D:\github\ron-english-sketches-and-drawings\images\Sketches\grins\Creepy Creature ORIGINAL.jpg","True"
"creepy-creature.html","Creepy Creature","../../images/Sketches/grins/Creepy%20Creature%20B&amp;W.jpg","Creepy Creature B&W.jpg","D:\github\ron-english-sketches-and-drawings\images\Sketches\grins\Creepy Creature B&W.jpg","True"
"creepy-creature.html","Creepy Creature","../../images/Sketches/grins/Creepy%20Creature%20B&amp;W.jpg","Creepy Creature B&W.jpg","D:\github\ron-english-sketches-and-drawings\images\Sketches\grins\Creepy Creature B&W.jpg","True"
"creepy-creature.html","Creepy Creature","../../images/Sketches/grins/Creepy%20Creature%20COLOR.jpg","Creepy Creature COLOR.jpg","D:\github\ron-english-sketches-and-drawings\images\Sketches\grins\Creepy Creature COLOR.jpg","True"
"creepy-creature.html","Creepy Creature","../../images/Sketches/grins/Creepy%20Creature%20COLOR.jpg","Creepy Creature COLOR.jpg","D:\github\ron-english-sketches-and-drawings\images\Sketches\grins\Creepy Creature COLOR.jpg","True"
"croc-grin.html","Croc Grin","../../images/Sketches/grins/Croc%20Grin%20ORIGINAL.jpg","Croc Grin ORIGINAL.jpg","D:\github\ron-english-sketches-and-drawings\images\Sketches\grins\Croc Grin ORIGINAL.jpg","True"
"croc-grin.html","Croc Grin","../../images/Sketches/grins/Croc%20Grin%20ORIGINAL.jpg","Croc Grin ORIGINAL.jpg","D:\github\ron-english-sketches-and-drawings\images\Sketches\grins\Croc Grin ORIGINAL.jpg","True"
"croc-grin.html","Croc Grin","../../images/Sketches/grins/Croc%20Grin%20ORIGINAL%20COLOR.jpg","Croc Grin ORIGINAL COLOR.jpg","D:\github\ron-english-sketches-and-drawings\images\Sketches\grins\Croc Grin ORIGINAL COLOR.jpg","True"
"croc-grin.html","Croc Grin","../../images/Sketches/grins/Croc%20Grin%20ORIGINAL%20COLOR.jpg","Croc Grin ORIGINAL COLOR.jpg","D:\github\ron-english-sketches-and-drawings\images\Sketches\grins\Croc Grin ORIGINAL COLOR.jpg","True"
"croc-grin.html","Croc Grin","../../images/Sketches/grins/Croc%20Grin%20B&amp;W.jpg","Croc Grin B&W.jpg","D:\github\ron-english-sketches-and-drawings\images\Sketches\grins\Croc Grin B&W.jpg","True"
"croc-grin.html","Croc Grin","../../images/Sketches/grins/Croc%20Grin%20B&amp;W.jpg","Croc Grin B&W.jpg","D:\github\ron-english-sketches-and-drawings\images\Sketches\grins\Croc Grin B&W.jpg","True"
"croc-grin.html","Croc Grin","../../images/Sketches/grins/Croc%20Grin%20COLOR.jpg","Croc Grin COLOR.jpg","D:\github\ron-english-sketches-and-drawings\images\Sketches\grins\Croc Grin COLOR.jpg","True"
"croc-grin.html","Croc Grin","../../images/Sketches/grins/Croc%20Grin%20COLOR.jpg","Croc Grin COLOR.jpg","D:\github\ron-english-sketches-and-drawings\images\Sketches\grins\Croc Grin COLOR.jpg","True"
"crossbones-crest-brooklyn-nets-grin-1.html","Crossbones Crest Brooklyn Nets Grin 1","../../images/Sketches/grins/Crossbones%20Crest%20Brooklyn%20Nets%20Grin%201.jpg","Crossbones Crest Brooklyn Nets Grin 1.jpg","D:\github\ron-english-sketches-and-drawings\images\Sketches\grins\Crossbones Crest Brooklyn Nets Grin 1.jpg","True"
"crossbones-crest-brooklyn-nets-grin-1.html","Crossbones Crest Brooklyn Nets Grin 1","../../images/Sketches/grins/Crossbones%20Crest%20Brooklyn%20Nets%20Grin%201.jpg","Crossbones Crest Brooklyn Nets Grin 1.jpg","D:\github\ron-english-sketches-and-drawings\images\Sketches\grins\Crossbones Crest Brooklyn Nets Grin 1.jpg","True"
"crossbones-crest-brooklyn-nets-grin-2.html","Crossbones Crest Brooklyn Nets Grin 2","../../images/Sketches/grins/Crossbones%20Crest%20Brooklyn%20Nets%20Grin%202.jpg","Crossbones Crest Brooklyn Nets Grin 2.jpg","D:\github\ron-english-sketches-and-drawings\images\Sketches\grins\Crossbones Crest Brooklyn Nets Grin 2.jpg","True"
"crossbones-crest-brooklyn-nets-grin-2.html","Crossbones Crest Brooklyn Nets Grin 2","../../images/Sketches/grins/Crossbones%20Crest%20Brooklyn%20Nets%20Grin%202.jpg","Crossbones Crest Brooklyn Nets Grin 2.jpg","D:\github\ron-english-sketches-and-drawings\images\Sketches\grins\Crossbones Crest Brooklyn Nets Grin 2.jpg","True"
"cryptopunk-grin.html","Cryptopunk Grin","../../images/Sketches/grins/Cryptopunk%20Grin%20COLOR.png","Cryptopunk Grin COLOR.png","D:\github\ron-english-sketches-and-drawings\images\Sketches\grins\Cryptopunk Grin COLOR.png","True"
"cryptopunk-grin.html","Cryptopunk Grin","../../images/Sketches/grins/Cryptopunk%20Grin%20COLOR.png","Cryptopunk Grin COLOR.png","D:\github\ron-english-sketches-and-drawings\images\Sketches\grins\Cryptopunk Grin COLOR.png","True"
"deadmau5-grin.html","DEADMAU5 Grin","../../images/Sketches/grins/DEADMAU5%20Grin%20COLOR%202.jpg","DEADMAU5 Grin COLOR 2.jpg","D:\github\ron-english-sketches-and-drawings\images\Sketches\grins\DEADMAU5 Grin COLOR 2.jpg","True"
"deadmau5-grin.html","DEADMAU5 Grin","../../images/Sketches/grins/DEADMAU5%20Grin%20COLOR%202.jpg","DEADMAU5 Grin COLOR 2.jpg","D:\github\ron-english-sketches-and-drawings\images\Sketches\grins\DEADMAU5 Grin COLOR 2.jpg","True"
"deadmau5-grin.html","DEADMAU5 Grin","../../images/Sketches/grins/DEADMAU5%20Grin%20COLOR%203.jpg","DEADMAU5 Grin COLOR 3.jpg","D:\github\ron-english-sketches-and-drawings\images\Sketches\grins\DEADMAU5 Grin COLOR 3.jpg","True"
"deadmau5-grin.html","DEADMAU5 Grin","../../images/Sketches/grins/DEADMAU5%20Grin%20COLOR%203.jpg","DEADMAU5 Grin COLOR 3.jpg","D:\github\ron-english-sketches-and-drawings\images\Sketches\grins\DEADMAU5 Grin COLOR 3.jpg","True"
"deadmau5-grin.html","DEADMAU5 Grin","../../images/Sketches/grins/DEADMAU5%20Grin%20COLOR%205.jpg","DEADMAU5 Grin COLOR 5.jpg","D:\github\ron-english-sketches-and-drawings\images\Sketches\grins\DEADMAU5 Grin COLOR 5.jpg","True"
"deadmau5-grin.html","DEADMAU5 Grin","../../images/Sketches/grins/DEADMAU5%20Grin%20COLOR%205.jpg","DEADMAU5 Grin COLOR 5.jpg","D:\github\ron-english-sketches-and-drawings\images\Sketches\grins\DEADMAU5 Grin COLOR 5.jpg","True"
"deadmau5-grin-running-colors.html","DEADMAU5 Grin Running COLORS","../../images/Sketches/grins/DEADMAU5%20Grin%20Running%20COLORS.jpg","DEADMAU5 Grin Running COLORS.jpg","D:\github\ron-english-sketches-and-drawings\images\Sketches\grins\DEADMAU5 Grin Running COLORS.jpg","True"
"deadmau5-grin-running-colors.html","DEADMAU5 Grin Running COLORS","../../images/Sketches/grins/DEADMAU5%20Grin%20Running%20COLORS.jpg","DEADMAU5 Grin Running COLORS.jpg","D:\github\ron-english-sketches-and-drawings\images\Sketches\grins\DEADMAU5 Grin Running COLORS.jpg","True"
"deadmaugrin-back-colors.html","DEADMAUGrin back COLORS","../../images/Sketches/grins/DEADMAUGrin%20back%20COLORS.jpg","DEADMAUGrin back COLORS.jpg","D:\github\ron-english-sketches-and-drawings\images\Sketches\grins\DEADMAUGrin back COLORS.jpg","True"
"deadmaugrin-back-colors.html","DEADMAUGrin back COLORS","../../images/Sketches/grins/DEADMAUGrin%20back%20COLORS.jpg","DEADMAUGrin back COLORS.jpg","D:\github\ron-english-sketches-and-drawings\images\Sketches\grins\DEADMAUGrin back COLORS.jpg","True"
"deadmaugrin-colors.html","DEADMAUGrin COLORS","../../images/Sketches/grins/DEADMAUGrin%20%20COLORS.jpg","DEADMAUGrin  COLORS.jpg","D:\github\ron-english-sketches-and-drawings\images\Sketches\grins\DEADMAUGrin  COLORS.jpg","True"
"deadmaugrin-colors.html","DEADMAUGrin COLORS","../../images/Sketches/grins/DEADMAUGrin%20%20COLORS.jpg","DEADMAUGrin  COLORS.jpg","D:\github\ron-english-sketches-and-drawings\images\Sketches\grins\DEADMAUGrin  COLORS.jpg","True"
"deadmaugrin-side-colors.html","DEADMAUGrin side COLORS","../../images/Sketches/grins/DEADMAUGrin%20side%20COLORS.jpg","DEADMAUGrin side COLORS.jpg","D:\github\ron-english-sketches-and-drawings\images\Sketches\grins\DEADMAUGrin side COLORS.jpg","True"
"deadmaugrin-side-colors.html","DEADMAUGrin side COLORS","../../images/Sketches/grins/DEADMAUGrin%20side%20COLORS.jpg","DEADMAUGrin side COLORS.jpg","D:\github\ron-english-sketches-and-drawings\images\Sketches\grins\DEADMAUGrin side COLORS.jpg","True"
"deputy-dog-grin.html","Deputy Dog Grin","../../images/Sketches/grins/Deputy%20Dog%20Grin%20COLOR.jpg","Deputy Dog Grin COLOR.jpg","D:\github\ron-english-sketches-and-drawings\images\Sketches\grins\Deputy Dog Grin COLOR.jpg","True"
"deputy-dog-grin.html","Deputy Dog Grin","../../images/Sketches/grins/Deputy%20Dog%20Grin%20COLOR.jpg","Deputy Dog Grin COLOR.jpg","D:\github\ron-english-sketches-and-drawings\images\Sketches\grins\Deputy Dog Grin COLOR.jpg","True"
"dr-bub-quack-animation-1.html","Dr Bub Quack Animation 1","../../images/Sketches/grins/Dr%20Bub%20Quack%20Animation%201.jpg","Dr Bub Quack Animation 1.jpg","D:\github\ron-english-sketches-and-drawings\images\Sketches\grins\Dr Bub Quack Animation 1.jpg","True"
"dr-bub-quack-animation-1.html","Dr Bub Quack Animation 1","../../images/Sketches/grins/Dr%20Bub%20Quack%20Animation%201.jpg","Dr Bub Quack Animation 1.jpg","D:\github\ron-english-sketches-and-drawings\images\Sketches\grins\Dr Bub Quack Animation 1.jpg","True"
"dr-bub-quack-animation-2.html","Dr Bub Quack Animation 2","../../images/Sketches/grins/Dr%20Bub%20Quack%20Animation%202.jpg","Dr Bub Quack Animation 2.jpg","D:\github\ron-english-sketches-and-drawings\images\Sketches\grins\Dr Bub Quack Animation 2.jpg","True"
"dr-bub-quack-animation-2.html","Dr Bub Quack Animation 2","../../images/Sketches/grins/Dr%20Bub%20Quack%20Animation%202.jpg","Dr Bub Quack Animation 2.jpg","D:\github\ron-english-sketches-and-drawings\images\Sketches\grins\Dr Bub Quack Animation 2.jpg","True"
"dr-bub-quack-grin.html","Dr Bub Quack Grin","../../images/Sketches/grins/Dr%20Bub%20Quack%20Grin%20COLOR.jpg","Dr Bub Quack Grin COLOR.jpg","D:\github\ron-english-sketches-and-drawings\images\Sketches\grins\Dr Bub Quack Grin COLOR.jpg","True"
"dr-bub-quack-grin.html","Dr Bub Quack Grin","../../images/Sketches/grins/Dr%20Bub%20Quack%20Grin%20COLOR.jpg","Dr Bub Quack Grin COLOR.jpg","D:\github\ron-english-sketches-and-drawings\images\Sketches\grins\Dr Bub Quack Grin COLOR.jpg","True"
"drink-the-koolaid-1.html","Drink the Koolaid 1","../../images/Sketches/grins/Drink%20the%20Koolaid%201.png","Drink the Koolaid 1.png","D:\github\ron-english-sketches-and-drawings\images\Sketches\grins\Drink the Koolaid 1.png","True"
"drink-the-koolaid-1.html","Drink the Koolaid 1","../../images/Sketches/grins/Drink%20the%20Koolaid%201.png","Drink the Koolaid 1.png","D:\github\ron-english-sketches-and-drawings\images\Sketches\grins\Drink the Koolaid 1.png","True"
"drink-the-koolaid-2.html","Drink the Koolaid 2","../../images/Sketches/grins/Drink%20the%20Koolaid%202.png","Drink the Koolaid 2.png","D:\github\ron-english-sketches-and-drawings\images\Sketches\grins\Drink the Koolaid 2.png","True"
"drink-the-koolaid-2.html","Drink the Koolaid 2","../../images/Sketches/grins/Drink%20the%20Koolaid%202.png","Drink the Koolaid 2.png","D:\github\ron-english-sketches-and-drawings\images\Sketches\grins\Drink the Koolaid 2.png","True"
"dripping-grin.html","Dripping Grin","../../images/Sketches/grins/Dripping%20Grin%20head%20ORIGINAL%20COLOR%201.jpg","Dripping Grin head ORIGINAL COLOR 1.jpg","D:\github\ron-english-sketches-and-drawings\images\Sketches\grins\Dripping Grin head ORIGINAL COLOR 1.jpg","True"
"dripping-grin.html","Dripping Grin","../../images/Sketches/grins/Dripping%20Grin%20head%20ORIGINAL%20COLOR%201.jpg","Dripping Grin head ORIGINAL COLOR 1.jpg","D:\github\ron-english-sketches-and-drawings\images\Sketches\grins\Dripping Grin head ORIGINAL COLOR 1.jpg","True"
"dripping-grin.html","Dripping Grin","../../images/Sketches/grins/Dripping%20Grin%20head%20ORIGINAL%20COLOR%202.jpg","Dripping Grin head ORIGINAL COLOR 2.jpg","D:\github\ron-english-sketches-and-drawings\images\Sketches\grins\Dripping Grin head ORIGINAL COLOR 2.jpg","True"
"dripping-grin.html","Dripping Grin","../../images/Sketches/grins/Dripping%20Grin%20head%20ORIGINAL%20COLOR%202.jpg","Dripping Grin head ORIGINAL COLOR 2.jpg","D:\github\ron-english-sketches-and-drawings\images\Sketches\grins\Dripping Grin head ORIGINAL COLOR 2.jpg","True"
"dripping-grin.html","Dripping Grin","../../images/Sketches/grins/Dripping%20Grin%20ORIGINAL%20COLOR%203.jpg","Dripping Grin ORIGINAL COLOR 3.jpg","D:\github\ron-english-sketches-and-drawings\images\Sketches\grins\Dripping Grin ORIGINAL COLOR 3.jpg","True"
"dripping-grin.html","Dripping Grin","../../images/Sketches/grins/Dripping%20Grin%20ORIGINAL%20COLOR%203.jpg","Dripping Grin ORIGINAL COLOR 3.jpg","D:\github\ron-english-sketches-and-drawings\images\Sketches\grins\Dripping Grin ORIGINAL COLOR 3.jpg","True"
"dripping-grin.html","Dripping Grin","../../images/Sketches/grins/Dripping%20Grin%20head%20COLOR%203.png","Dripping Grin head COLOR 3.png","D:\github\ron-english-sketches-and-drawings\images\Sketches\grins\Dripping Grin head COLOR 3.png","True"
"dripping-grin.html","Dripping Grin","../../images/Sketches/grins/Dripping%20Grin%20head%20COLOR%203.png","Dripping Grin head COLOR 3.png","D:\github\ron-english-sketches-and-drawings\images\Sketches\grins\Dripping Grin head COLOR 3.png","True"
"dripping-grin.html","Dripping Grin","../../images/Sketches/grins/Dripping%20Grin%20head%20COLOR.jpg","Dripping Grin head COLOR.jpg","D:\github\ron-english-sketches-and-drawings\images\Sketches\grins\Dripping Grin head COLOR.jpg","True"
"dripping-grin.html","Dripping Grin","../../images/Sketches/grins/Dripping%20Grin%20head%20COLOR.jpg","Dripping Grin head COLOR.jpg","D:\github\ron-english-sketches-and-drawings\images\Sketches\grins\Dripping Grin head COLOR.jpg","True"
"dripping-grin.html","Dripping Grin","../../images/Sketches/grins/Dripping%20Grin%20card.png","Dripping Grin card.png","D:\github\ron-english-sketches-and-drawings\images\Sketches\grins\Dripping Grin card.png","True"
"dripping-grin.html","Dripping Grin","../../images/Sketches/grins/Dripping%20Grin%20card.png","Dripping Grin card.png","D:\github\ron-english-sketches-and-drawings\images\Sketches\grins\Dripping Grin card.png","True"
"droopy-dog-grin.html","Droopy Dog Grin","../../images/Sketches/grins/Droopy%20Dog%20Grin%20ORIGINAL.jpg","Droopy Dog Grin ORIGINAL.jpg","D:\github\ron-english-sketches-and-drawings\images\Sketches\grins\Droopy Dog Grin ORIGINAL.jpg","True"
"droopy-dog-grin.html","Droopy Dog Grin","../../images/Sketches/grins/Droopy%20Dog%20Grin%20ORIGINAL.jpg","Droopy Dog Grin ORIGINAL.jpg","D:\github\ron-english-sketches-and-drawings\images\Sketches\grins\Droopy Dog Grin ORIGINAL.jpg","True"
"dunny-grin.html","Dunny Grin","../../images/Sketches/grins/Dunny%20Grin%20front%20ORIGINAL.jpg","Dunny Grin front ORIGINAL.jpg","D:\github\ron-english-sketches-and-drawings\images\Sketches\grins\Dunny Grin front ORIGINAL.jpg","True"
"dunny-grin.html","Dunny Grin","../../images/Sketches/grins/Dunny%20Grin%20front%20ORIGINAL.jpg","Dunny Grin front ORIGINAL.jpg","D:\github\ron-english-sketches-and-drawings\images\Sketches\grins\Dunny Grin front ORIGINAL.jpg","True"
"dunny-grin.html","Dunny Grin","../../images/Sketches/grins/Dunny%20Grin%20front%20ORIGINAL%20COLOR.jpg","Dunny Grin front ORIGINAL COLOR.jpg","D:\github\ron-english-sketches-and-drawings\images\Sketches\grins\Dunny Grin front ORIGINAL COLOR.jpg","True"
"dunny-grin.html","Dunny Grin","../../images/Sketches/grins/Dunny%20Grin%20front%20ORIGINAL%20COLOR.jpg","Dunny Grin front ORIGINAL COLOR.jpg","D:\github\ron-english-sketches-and-drawings\images\Sketches\grins\Dunny Grin front ORIGINAL COLOR.jpg","True"
"dunny-grin.html","Dunny Grin","../../images/Sketches/grins/Dunny%20Grin%20back%20ORIGINAL.jpg","Dunny Grin back ORIGINAL.jpg","D:\github\ron-english-sketches-and-drawings\images\Sketches\grins\Dunny Grin back ORIGINAL.jpg","True"
"dunny-grin.html","Dunny Grin","../../images/Sketches/grins/Dunny%20Grin%20back%20ORIGINAL.jpg","Dunny Grin back ORIGINAL.jpg","D:\github\ron-english-sketches-and-drawings\images\Sketches\grins\Dunny Grin back ORIGINAL.jpg","True"
"dunny-grin.html","Dunny Grin","../../images/Sketches/grins/Dunny%20Grin%20back%20ORIGINAL%20COLOR.jpg","Dunny Grin back ORIGINAL COLOR.jpg","D:\github\ron-english-sketches-and-drawings\images\Sketches\grins\Dunny Grin back ORIGINAL COLOR.jpg","True"
"dunny-grin.html","Dunny Grin","../../images/Sketches/grins/Dunny%20Grin%20back%20ORIGINAL%20COLOR.jpg","Dunny Grin back ORIGINAL COLOR.jpg","D:\github\ron-english-sketches-and-drawings\images\Sketches\grins\Dunny Grin back ORIGINAL COLOR.jpg","True"
"dunny-grin.html","Dunny Grin","../../images/Sketches/grins/Dunny%20Grin%20back%20B&amp;W.jpg","Dunny Grin back B&W.jpg","D:\github\ron-english-sketches-and-drawings\images\Sketches\grins\Dunny Grin back B&W.jpg","True"
"dunny-grin.html","Dunny Grin","../../images/Sketches/grins/Dunny%20Grin%20back%20B&amp;W.jpg","Dunny Grin back B&W.jpg","D:\github\ron-english-sketches-and-drawings\images\Sketches\grins\Dunny Grin back B&W.jpg","True"
"dunny-grin.html","Dunny Grin","../../images/Sketches/grins/Dunny%20Grin%20back%20COLOR.jpg","Dunny Grin back COLOR.jpg","D:\github\ron-english-sketches-and-drawings\images\Sketches\grins\Dunny Grin back COLOR.jpg","True"
"dunny-grin.html","Dunny Grin","../../images/Sketches/grins/Dunny%20Grin%20back%20COLOR.jpg","Dunny Grin back COLOR.jpg","D:\github\ron-english-sketches-and-drawings\images\Sketches\grins\Dunny Grin back COLOR.jpg","True"
"elefanka-grin-side-view.html","Elefanka Grin Side View","../../images/Sketches/grins/Elefanka%20Grin%20Side%20View%20ORIGINAL.jpg","Elefanka Grin Side View ORIGINAL.jpg","D:\github\ron-english-sketches-and-drawings\images\Sketches\grins\Elefanka Grin Side View ORIGINAL.jpg","True"
"elefanka-grin-side-view.html","Elefanka Grin Side View","../../images/Sketches/grins/Elefanka%20Grin%20Side%20View%20ORIGINAL.jpg","Elefanka Grin Side View ORIGINAL.jpg","D:\github\ron-english-sketches-and-drawings\images\Sketches\grins\Elefanka Grin Side View ORIGINAL.jpg","True"
"elephant-grin.html","Elephant Grin","../../images/Sketches/grins/Elephant%20Grin%20ORIGINAL%202.jpg","Elephant Grin ORIGINAL 2.jpg","D:\github\ron-english-sketches-and-drawings\images\Sketches\grins\Elephant Grin ORIGINAL 2.jpg","True"
"elephant-grin.html","Elephant Grin","../../images/Sketches/grins/Elephant%20Grin%20ORIGINAL%202.jpg","Elephant Grin ORIGINAL 2.jpg","D:\github\ron-english-sketches-and-drawings\images\Sketches\grins\Elephant Grin ORIGINAL 2.jpg","True"
"elephant-grin.html","Elephant Grin","../../images/Sketches/grins/Elephant%20Grin%20ORIGINAL.jpg","Elephant Grin ORIGINAL.jpg","D:\github\ron-english-sketches-and-drawings\images\Sketches\grins\Elephant Grin ORIGINAL.jpg","True"
"elephant-grin.html","Elephant Grin","../../images/Sketches/grins/Elephant%20Grin%20ORIGINAL.jpg","Elephant Grin ORIGINAL.jpg","D:\github\ron-english-sketches-and-drawings\images\Sketches\grins\Elephant Grin ORIGINAL.jpg","True"
"elephant-grin.html","Elephant Grin","../../images/Sketches/grins/Elephant%20Grin%20ORIGINAL%20COLOR.jpg","Elephant Grin ORIGINAL COLOR.jpg","D:\github\ron-english-sketches-and-drawings\images\Sketches\grins\Elephant Grin ORIGINAL COLOR.jpg","True"
"elephant-grin.html","Elephant Grin","../../images/Sketches/grins/Elephant%20Grin%20ORIGINAL%20COLOR.jpg","Elephant Grin ORIGINAL COLOR.jpg","D:\github\ron-english-sketches-and-drawings\images\Sketches\grins\Elephant Grin ORIGINAL COLOR.jpg","True"
"elmo-grin.html","Elmo Grin","../../images/Sketches/grins/Elmo%20Grin%20ORIGINAL.jpg","Elmo Grin ORIGINAL.jpg","D:\github\ron-english-sketches-and-drawings\images\Sketches\grins\Elmo Grin ORIGINAL.jpg","True"
"elmo-grin.html","Elmo Grin","../../images/Sketches/grins/Elmo%20Grin%20ORIGINAL.jpg","Elmo Grin ORIGINAL.jpg","D:\github\ron-english-sketches-and-drawings\images\Sketches\grins\Elmo Grin ORIGINAL.jpg","True"
"elmo-grin.html","Elmo Grin","../../images/Sketches/grins/Elmo%20Grin%20B&amp;W.jpg","Elmo Grin B&W.jpg","D:\github\ron-english-sketches-and-drawings\images\Sketches\grins\Elmo Grin B&W.jpg","True"
"elmo-grin.html","Elmo Grin","../../images/Sketches/grins/Elmo%20Grin%20B&amp;W.jpg","Elmo Grin B&W.jpg","D:\github\ron-english-sketches-and-drawings\images\Sketches\grins\Elmo Grin B&W.jpg","True"
"elmo-grin.html","Elmo Grin","../../images/Sketches/grins/Elmo%20Grin%20COLOR.jpg","Elmo Grin COLOR.jpg","D:\github\ron-english-sketches-and-drawings\images\Sketches\grins\Elmo Grin COLOR.jpg","True"
"elmo-grin.html","Elmo Grin","../../images/Sketches/grins/Elmo%20Grin%20COLOR.jpg","Elmo Grin COLOR.jpg","D:\github\ron-english-sketches-and-drawings\images\Sketches\grins\Elmo Grin COLOR.jpg","True"
"eminem-grin.html","Eminem Grin","../../images/Sketches/grins/Eminem%20Grin%20ORIGINAL.jpg","Eminem Grin ORIGINAL.jpg","D:\github\ron-english-sketches-and-drawings\images\Sketches\grins\Eminem Grin ORIGINAL.jpg","True"
"eminem-grin.html","Eminem Grin","../../images/Sketches/grins/Eminem%20Grin%20ORIGINAL.jpg","Eminem Grin ORIGINAL.jpg","D:\github\ron-english-sketches-and-drawings\images\Sketches\grins\Eminem Grin ORIGINAL.jpg","True"
"eminem-grin.html","Eminem Grin","../../images/Sketches/grins/Eminem%20Grin%20B&amp;W.jpg","Eminem Grin B&W.jpg","D:\github\ron-english-sketches-and-drawings\images\Sketches\grins\Eminem Grin B&W.jpg","True"
"eminem-grin.html","Eminem Grin","../../images/Sketches/grins/Eminem%20Grin%20B&amp;W.jpg","Eminem Grin B&W.jpg","D:\github\ron-english-sketches-and-drawings\images\Sketches\grins\Eminem Grin B&W.jpg","True"
"ernie-grin.html","Ernie Grin","../../images/Sketches/grins/Ernie%20Grin%20ORIGINAL.jpg","Ernie Grin ORIGINAL.jpg","D:\github\ron-english-sketches-and-drawings\images\Sketches\grins\Ernie Grin ORIGINAL.jpg","True"
"ernie-grin.html","Ernie Grin","../../images/Sketches/grins/Ernie%20Grin%20ORIGINAL.jpg","Ernie Grin ORIGINAL.jpg","D:\github\ron-english-sketches-and-drawings\images\Sketches\grins\Ernie Grin ORIGINAL.jpg","True"
"ernie-grin.html","Ernie Grin","../../images/Sketches/grins/Ernie%20Grin%20ORIGINAL%20COLOR.jpg","Ernie Grin ORIGINAL COLOR.jpg","D:\github\ron-english-sketches-and-drawings\images\Sketches\grins\Ernie Grin ORIGINAL COLOR.jpg","True"
"ernie-grin.html","Ernie Grin","../../images/Sketches/grins/Ernie%20Grin%20ORIGINAL%20COLOR.jpg","Ernie Grin ORIGINAL COLOR.jpg","D:\github\ron-english-sketches-and-drawings\images\Sketches\grins\Ernie Grin ORIGINAL COLOR.jpg","True"
"ernie-grin.html","Ernie Grin","../../images/Sketches/grins/Ernie%20Grin%20COLOR.jpg","Ernie Grin COLOR.jpg","D:\github\ron-english-sketches-and-drawings\images\Sketches\grins\Ernie Grin COLOR.jpg","True"
"ernie-grin.html","Ernie Grin","../../images/Sketches/grins/Ernie%20Grin%20COLOR.jpg","Ernie Grin COLOR.jpg","D:\github\ron-english-sketches-and-drawings\images\Sketches\grins\Ernie Grin COLOR.jpg","True"
"ez-nuts-grin.html","EZ Nuts Grin","../../images/Sketches/grins/EZ%20Nuts%20Grin%20ORIGINAL.jpg","EZ Nuts Grin ORIGINAL.jpg","D:\github\ron-english-sketches-and-drawings\images\Sketches\grins\EZ Nuts Grin ORIGINAL.jpg","True"
"ez-nuts-grin.html","EZ Nuts Grin","../../images/Sketches/grins/EZ%20Nuts%20Grin%20ORIGINAL.jpg","EZ Nuts Grin ORIGINAL.jpg","D:\github\ron-english-sketches-and-drawings\images\Sketches\grins\EZ Nuts Grin ORIGINAL.jpg","True"
"ez-nuts-grin.html","EZ Nuts Grin","../../images/Sketches/grins/EZ%20Nuts%20Grin%20B&amp;W.png","EZ Nuts Grin B&W.png","D:\github\ron-english-sketches-and-drawings\images\Sketches\grins\EZ Nuts Grin B&W.png","True"
"ez-nuts-grin.html","EZ Nuts Grin","../../images/Sketches/grins/EZ%20Nuts%20Grin%20B&amp;W.png","EZ Nuts Grin B&W.png","D:\github\ron-english-sketches-and-drawings\images\Sketches\grins\EZ Nuts Grin B&W.png","True"
"fat-stormtrooper-grin.html","Fat Stormtrooper Grin","../../images/Sketches/grins/Fat%20Stormtrooper%20Grin%20back%20ORIGINAL.jpg","Fat Stormtrooper Grin back ORIGINAL.jpg","D:\github\ron-english-sketches-and-drawings\images\Sketches\grins\Fat Stormtrooper Grin back ORIGINAL.jpg","True"
"fat-stormtrooper-grin.html","Fat Stormtrooper Grin","../../images/Sketches/grins/Fat%20Stormtrooper%20Grin%20back%20ORIGINAL.jpg","Fat Stormtrooper Grin back ORIGINAL.jpg","D:\github\ron-english-sketches-and-drawings\images\Sketches\grins\Fat Stormtrooper Grin back ORIGINAL.jpg","True"
"faze-banks-grin.html","Faze Banks Grin","../../images/Sketches/grins/Faze%20Banks%20Grin%20COLOR.jpg","Faze Banks Grin COLOR.jpg","D:\github\ron-english-sketches-and-drawings\images\Sketches\grins\Faze Banks Grin COLOR.jpg","True"
"faze-banks-grin.html","Faze Banks Grin","../../images/Sketches/grins/Faze%20Banks%20Grin%20COLOR.jpg","Faze Banks Grin COLOR.jpg","D:\github\ron-english-sketches-and-drawings\images\Sketches\grins\Faze Banks Grin COLOR.jpg","True"
"felix-grin.html","Felix Grin","../../images/Sketches/grins/Felix%20Grin%20Front%20ORIGINAL.jpg","Felix Grin Front ORIGINAL.jpg","D:\github\ron-english-sketches-and-drawings\images\Sketches\grins\Felix Grin Front ORIGINAL.jpg","True"
"felix-grin.html","Felix Grin","../../images/Sketches/grins/Felix%20Grin%20Front%20ORIGINAL.jpg","Felix Grin Front ORIGINAL.jpg","D:\github\ron-english-sketches-and-drawings\images\Sketches\grins\Felix Grin Front ORIGINAL.jpg","True"
"felix-grin.html","Felix Grin","../../images/Sketches/grins/Felix%20Grin%20side%20ORIGINAL.jpg","Felix Grin side ORIGINAL.jpg","D:\github\ron-english-sketches-and-drawings\images\Sketches\grins\Felix Grin side ORIGINAL.jpg","True"
"felix-grin.html","Felix Grin","../../images/Sketches/grins/Felix%20Grin%20side%20ORIGINAL.jpg","Felix Grin side ORIGINAL.jpg","D:\github\ron-english-sketches-and-drawings\images\Sketches\grins\Felix Grin side ORIGINAL.jpg","True"
"felix-grin.html","Felix Grin","../../images/Sketches/grins/Felix%20Grin%20side%20ORIGINAL%20COLOR.jpg","Felix Grin side ORIGINAL COLOR.jpg","D:\github\ron-english-sketches-and-drawings\images\Sketches\grins\Felix Grin side ORIGINAL COLOR.jpg","True"
"felix-grin.html","Felix Grin","../../images/Sketches/grins/Felix%20Grin%20side%20ORIGINAL%20COLOR.jpg","Felix Grin side ORIGINAL COLOR.jpg","D:\github\ron-english-sketches-and-drawings\images\Sketches\grins\Felix Grin side ORIGINAL COLOR.jpg","True"
"felix-grin.html","Felix Grin","../../images/Sketches/grins/Felix%20Grin%20Front%20COLOR.jpg","Felix Grin Front COLOR.jpg","D:\github\ron-english-sketches-and-drawings\images\Sketches\grins\Felix Grin Front COLOR.jpg","True"
"felix-grin.html","Felix Grin","../../images/Sketches/grins/Felix%20Grin%20Front%20COLOR.jpg","Felix Grin Front COLOR.jpg","D:\github\ron-english-sketches-and-drawings\images\Sketches\grins\Felix Grin Front COLOR.jpg","True"
"felix-grin.html","Felix Grin","../../images/Sketches/grins/Felix%20Grin%20side%20COLOR.jpg","Felix Grin side COLOR.jpg","D:\github\ron-english-sketches-and-drawings\images\Sketches\grins\Felix Grin side COLOR.jpg","True"
"felix-grin.html","Felix Grin","../../images/Sketches/grins/Felix%20Grin%20side%20COLOR.jpg","Felix Grin side COLOR.jpg","D:\github\ron-english-sketches-and-drawings\images\Sketches\grins\Felix Grin side COLOR.jpg","True"
"firecracker-skeleton-grin.html","Firecracker Skeleton Grin","../../images/Sketches/grins/Firecracker%20Skeleton%20Grin%20ORIGINAL.jpg","Firecracker Skeleton Grin ORIGINAL.jpg","D:\github\ron-english-sketches-and-drawings\images\Sketches\grins\Firecracker Skeleton Grin ORIGINAL.jpg","True"
"firecracker-skeleton-grin.html","Firecracker Skeleton Grin","../../images/Sketches/grins/Firecracker%20Skeleton%20Grin%20ORIGINAL.jpg","Firecracker Skeleton Grin ORIGINAL.jpg","D:\github\ron-english-sketches-and-drawings\images\Sketches\grins\Firecracker Skeleton Grin ORIGINAL.jpg","True"
"flaming-o-grin.html","Flaming O Grin","../../images/Sketches/grins/Flaming%20O%20Grin%20ORIGINAL.jpg","Flaming O Grin ORIGINAL.jpg","D:\github\ron-english-sketches-and-drawings\images\Sketches\grins\Flaming O Grin ORIGINAL.jpg","True"
"flaming-o-grin.html","Flaming O Grin","../../images/Sketches/grins/Flaming%20O%20Grin%20ORIGINAL.jpg","Flaming O Grin ORIGINAL.jpg","D:\github\ron-english-sketches-and-drawings\images\Sketches\grins\Flaming O Grin ORIGINAL.jpg","True"
"floating-grinnie.html","Floating Grinnie","../../images/Sketches/grins/Floating%20Grinnie%20ORIGINAL.jpg","Floating Grinnie ORIGINAL.jpg","D:\github\ron-english-sketches-and-drawings\images\Sketches\grins\Floating Grinnie ORIGINAL.jpg","True"
"floating-grinnie.html","Floating Grinnie","../../images/Sketches/grins/Floating%20Grinnie%20ORIGINAL.jpg","Floating Grinnie ORIGINAL.jpg","D:\github\ron-english-sketches-and-drawings\images\Sketches\grins\Floating Grinnie ORIGINAL.jpg","True"
"flower-brain-grin.html","Flower Brain Grin","../../images/Sketches/grins/Flower%20Brain%20Grin%20COLOR.png","Flower Brain Grin COLOR.png","D:\github\ron-english-sketches-and-drawings\images\Sketches\grins\Flower Brain Grin COLOR.png","True"
"flower-brain-grin.html","Flower Brain Grin","../../images/Sketches/grins/Flower%20Brain%20Grin%20COLOR.png","Flower Brain Grin COLOR.png","D:\github\ron-english-sketches-and-drawings\images\Sketches\grins\Flower Brain Grin COLOR.png","True"
"flower-grin.html","Flower Grin","../../images/Sketches/grins/Flower%20Grin%20ORIGINAL%20COLOR.jpg","Flower Grin ORIGINAL COLOR.jpg","D:\github\ron-english-sketches-and-drawings\images\Sketches\grins\Flower Grin ORIGINAL COLOR.jpg","True"
"flower-grin.html","Flower Grin","../../images/Sketches/grins/Flower%20Grin%20ORIGINAL%20COLOR.jpg","Flower Grin ORIGINAL COLOR.jpg","D:\github\ron-english-sketches-and-drawings\images\Sketches\grins\Flower Grin ORIGINAL COLOR.jpg","True"
"flower-grin.html","Flower Grin","../../images/Sketches/grins/Flower%20Grin%20B&amp;W.jpg","Flower Grin B&W.jpg","D:\github\ron-english-sketches-and-drawings\images\Sketches\grins\Flower Grin B&W.jpg","True"
"flower-grin.html","Flower Grin","../../images/Sketches/grins/Flower%20Grin%20B&amp;W.jpg","Flower Grin B&W.jpg","D:\github\ron-english-sketches-and-drawings\images\Sketches\grins\Flower Grin B&W.jpg","True"
"flower-grin-original-color-2.html","Flower Grin ORIGINAL COLOR (2)","../../images/Sketches/grins/Flower%20Grin%20ORIGINAL%20COLOR%20(2).jpg","Flower Grin ORIGINAL COLOR (2).jpg","D:\github\ron-english-sketches-and-drawings\images\Sketches\grins\Flower Grin ORIGINAL COLOR (2).jpg","True"
"flower-grin-original-color-2.html","Flower Grin ORIGINAL COLOR (2)","../../images/Sketches/grins/Flower%20Grin%20ORIGINAL%20COLOR%20(2).jpg","Flower Grin ORIGINAL COLOR (2).jpg","D:\github\ron-english-sketches-and-drawings\images\Sketches\grins\Flower Grin ORIGINAL COLOR (2).jpg","True"
"flower-grin-original-color-3.html","Flower Grin ORIGINAL COLOR (3)","../../images/Sketches/grins/Flower%20Grin%20ORIGINAL%20COLOR%20(3).jpg","Flower Grin ORIGINAL COLOR (3).jpg","D:\github\ron-english-sketches-and-drawings\images\Sketches\grins\Flower Grin ORIGINAL COLOR (3).jpg","True"
"flower-grin-original-color-3.html","Flower Grin ORIGINAL COLOR (3)","../../images/Sketches/grins/Flower%20Grin%20ORIGINAL%20COLOR%20(3).jpg","Flower Grin ORIGINAL COLOR (3).jpg","D:\github\ron-english-sketches-and-drawings\images\Sketches\grins\Flower Grin ORIGINAL COLOR (3).jpg","True"
"flower-grin-version-2.html","Flower Grin version 2","../../images/Sketches/grins/Flower%20Grin%20version%202%20ORIGINAL.jpg","Flower Grin version 2 ORIGINAL.jpg","D:\github\ron-english-sketches-and-drawings\images\Sketches\grins\Flower Grin version 2 ORIGINAL.jpg","True"
"flower-grin-version-2.html","Flower Grin version 2","../../images/Sketches/grins/Flower%20Grin%20version%202%20ORIGINAL.jpg","Flower Grin version 2 ORIGINAL.jpg","D:\github\ron-english-sketches-and-drawings\images\Sketches\grins\Flower Grin version 2 ORIGINAL.jpg","True"
"flower-grin-version-2.html","Flower Grin version 2","../../images/Sketches/grins/Flower%20Grin%20version%202%20B&amp;W.jpg","Flower Grin version 2 B&W.jpg","D:\github\ron-english-sketches-and-drawings\images\Sketches\grins\Flower Grin version 2 B&W.jpg","True"
"flower-grin-version-2.html","Flower Grin version 2","../../images/Sketches/grins/Flower%20Grin%20version%202%20B&amp;W.jpg","Flower Grin version 2 B&W.jpg","D:\github\ron-english-sketches-and-drawings\images\Sketches\grins\Flower Grin version 2 B&W.jpg","True"
"flower-grin-version-2.html","Flower Grin version 2","../../images/Sketches/grins/Flower%20Grin%20version%202%20COLOR.jpg","Flower Grin version 2 COLOR.jpg","D:\github\ron-english-sketches-and-drawings\images\Sketches\grins\Flower Grin version 2 COLOR.jpg","True"
"flower-grin-version-2.html","Flower Grin version 2","../../images/Sketches/grins/Flower%20Grin%20version%202%20COLOR.jpg","Flower Grin version 2 COLOR.jpg","D:\github\ron-english-sketches-and-drawings\images\Sketches\grins\Flower Grin version 2 COLOR.jpg","True"
"flying-grinnie.html","Flying Grinnie","../../images/Sketches/grins/Flying%20Grinnie%20ORIGINAL.png","Flying Grinnie ORIGINAL.png","D:\github\ron-english-sketches-and-drawings\images\Sketches\grins\Flying Grinnie ORIGINAL.png","True"
"flying-grinnie.html","Flying Grinnie","../../images/Sketches/grins/Flying%20Grinnie%20ORIGINAL.png","Flying Grinnie ORIGINAL.png","D:\github\ron-english-sketches-and-drawings\images\Sketches\grins\Flying Grinnie ORIGINAL.png","True"
"football-grin.html","Football Grin","../../images/Sketches/grins/Football%20Grin%20ORIGINAL.jpg","Football Grin ORIGINAL.jpg","D:\github\ron-english-sketches-and-drawings\images\Sketches\grins\Football Grin ORIGINAL.jpg","True"
"football-grin.html","Football Grin","../../images/Sketches/grins/Football%20Grin%20ORIGINAL.jpg","Football Grin ORIGINAL.jpg","D:\github\ron-english-sketches-and-drawings\images\Sketches\grins\Football Grin ORIGINAL.jpg","True"
"football-player-grin.html","Football Player Grin","../../images/Sketches/grins/Football%20Player%20Grin%20ORIGINAL.jpg","Football Player Grin ORIGINAL.jpg","D:\github\ron-english-sketches-and-drawings\images\Sketches\grins\Football Player Grin ORIGINAL.jpg","True"
"football-player-grin.html","Football Player Grin","../../images/Sketches/grins/Football%20Player%20Grin%20ORIGINAL.jpg","Football Player Grin ORIGINAL.jpg","D:\github\ron-english-sketches-and-drawings\images\Sketches\grins\Football Player Grin ORIGINAL.jpg","True"
"foot-in-mouth.html","Foot in Mouth","../../images/Sketches/grins/Foot%20in%20Mouth%20ORIGINAL%20COLOR.jpg","Foot in Mouth ORIGINAL COLOR.jpg","D:\github\ron-english-sketches-and-drawings\images\Sketches\grins\Foot in Mouth ORIGINAL COLOR.jpg","True"
"foot-in-mouth.html","Foot in Mouth","../../images/Sketches/grins/Foot%20in%20Mouth%20ORIGINAL%20COLOR.jpg","Foot in Mouth ORIGINAL COLOR.jpg","D:\github\ron-english-sketches-and-drawings\images\Sketches\grins\Foot in Mouth ORIGINAL COLOR.jpg","True"
"franken-fat-grin.html","Franken Fat Grin","../../images/Sketches/grins/Franken%20Fat%20Grin%20ORIGINAL.jpg","Franken Fat Grin ORIGINAL.jpg","D:\github\ron-english-sketches-and-drawings\images\Sketches\grins\Franken Fat Grin ORIGINAL.jpg","True"
"franken-fat-grin.html","Franken Fat Grin","../../images/Sketches/grins/Franken%20Fat%20Grin%20ORIGINAL.jpg","Franken Fat Grin ORIGINAL.jpg","D:\github\ron-english-sketches-and-drawings\images\Sketches\grins\Franken Fat Grin ORIGINAL.jpg","True"
"franken-fat-grin.html","Franken Fat Grin","../../images/Sketches/grins/Franken%20Fat%20Grin%20COLOR.jpg","Franken Fat Grin COLOR.jpg","D:\github\ron-english-sketches-and-drawings\images\Sketches\grins\Franken Fat Grin COLOR.jpg","True"
"franken-fat-grin.html","Franken Fat Grin","../../images/Sketches/grins/Franken%20Fat%20Grin%20COLOR.jpg","Franken Fat Grin COLOR.jpg","D:\github\ron-english-sketches-and-drawings\images\Sketches\grins\Franken Fat Grin COLOR.jpg","True"
"franken-grin.html","Franken Grin","../../images/Sketches/grins/Franken%20Grin%20COLOR.png","Franken Grin COLOR.png","D:\github\ron-english-sketches-and-drawings\images\Sketches\grins\Franken Grin COLOR.png","True"
"franken-grin.html","Franken Grin","../../images/Sketches/grins/Franken%20Grin%20COLOR.png","Franken Grin COLOR.png","D:\github\ron-english-sketches-and-drawings\images\Sketches\grins\Franken Grin COLOR.png","True"
"freak-bro-afro-stache.html","Freak Bro Afro Stache","../../images/Sketches/grins/Freak%20Bro%20Afro%20Stache%20ORIGINAL.jpg","Freak Bro Afro Stache ORIGINAL.jpg","D:\github\ron-english-sketches-and-drawings\images\Sketches\grins\Freak Bro Afro Stache ORIGINAL.jpg","True"
"freak-bro-afro-stache.html","Freak Bro Afro Stache","../../images/Sketches/grins/Freak%20Bro%20Afro%20Stache%20ORIGINAL.jpg","Freak Bro Afro Stache ORIGINAL.jpg","D:\github\ron-english-sketches-and-drawings\images\Sketches\grins\Freak Bro Afro Stache ORIGINAL.jpg","True"
"freak-bro-afro-stache.html","Freak Bro Afro Stache","../../images/Sketches/grins/Freak%20Bro%20Afro%20Stache%20B&amp;W.jpg","Freak Bro Afro Stache B&W.jpg","D:\github\ron-english-sketches-and-drawings\images\Sketches\grins\Freak Bro Afro Stache B&W.jpg","True"
"freak-bro-afro-stache.html","Freak Bro Afro Stache","../../images/Sketches/grins/Freak%20Bro%20Afro%20Stache%20B&amp;W.jpg","Freak Bro Afro Stache B&W.jpg","D:\github\ron-english-sketches-and-drawings\images\Sketches\grins\Freak Bro Afro Stache B&W.jpg","True"
"freak-bro-grin.html","Freak Bro Grin","../../images/Sketches/grins/Freak%20Bro%20Grin%20ORIGINAL.jpg","Freak Bro Grin ORIGINAL.jpg","D:\github\ron-english-sketches-and-drawings\images\Sketches\grins\Freak Bro Grin ORIGINAL.jpg","True"
"freak-bro-grin.html","Freak Bro Grin","../../images/Sketches/grins/Freak%20Bro%20Grin%20ORIGINAL.jpg","Freak Bro Grin ORIGINAL.jpg","D:\github\ron-english-sketches-and-drawings\images\Sketches\grins\Freak Bro Grin ORIGINAL.jpg","True"
"freak-cat.html","Freak Cat","../../images/Sketches/grins/Freak%20Cat%20ORIGINAL.jpg","Freak Cat ORIGINAL.jpg","D:\github\ron-english-sketches-and-drawings\images\Sketches\grins\Freak Cat ORIGINAL.jpg","True"
"freak-cat.html","Freak Cat","../../images/Sketches/grins/Freak%20Cat%20ORIGINAL.jpg","Freak Cat ORIGINAL.jpg","D:\github\ron-english-sketches-and-drawings\images\Sketches\grins\Freak Cat ORIGINAL.jpg","True"
"garfield-grin.html","Garfield Grin","../../images/Sketches/grins/Garfield%20Grin%20ORIGINAL.jpg","Garfield Grin ORIGINAL.jpg","D:\github\ron-english-sketches-and-drawings\images\Sketches\grins\Garfield Grin ORIGINAL.jpg","True"
"garfield-grin.html","Garfield Grin","../../images/Sketches/grins/Garfield%20Grin%20ORIGINAL.jpg","Garfield Grin ORIGINAL.jpg","D:\github\ron-english-sketches-and-drawings\images\Sketches\grins\Garfield Grin ORIGINAL.jpg","True"
"george-jetson-grin.html","George Jetson Grin","../../images/Sketches/grins/George%20Jetson%20Grin%20ORIGINAL.jpg","George Jetson Grin ORIGINAL.jpg","D:\github\ron-english-sketches-and-drawings\images\Sketches\grins\George Jetson Grin ORIGINAL.jpg","True"
"george-jetson-grin.html","George Jetson Grin","../../images/Sketches/grins/George%20Jetson%20Grin%20ORIGINAL.jpg","George Jetson Grin ORIGINAL.jpg","D:\github\ron-english-sketches-and-drawings\images\Sketches\grins\George Jetson Grin ORIGINAL.jpg","True"
"ghostbuster-grin.html","Ghostbuster Grin","../../images/Sketches/grins/Ghostbuster%20Grin%20ORIGINAL.jpg","Ghostbuster Grin ORIGINAL.jpg","D:\github\ron-english-sketches-and-drawings\images\Sketches\grins\Ghostbuster Grin ORIGINAL.jpg","True"
"ghostbuster-grin.html","Ghostbuster Grin","../../images/Sketches/grins/Ghostbuster%20Grin%20ORIGINAL.jpg","Ghostbuster Grin ORIGINAL.jpg","D:\github\ron-english-sketches-and-drawings\images\Sketches\grins\Ghostbuster Grin ORIGINAL.jpg","True"
"godzilla-heart-grin.html","Godzilla Heart Grin","../../images/Sketches/grins/Godzilla%20Heart%20Grin%20ORIGINAL.jpg","Godzilla Heart Grin ORIGINAL.jpg","D:\github\ron-english-sketches-and-drawings\images\Sketches\grins\Godzilla Heart Grin ORIGINAL.jpg","True"
"godzilla-heart-grin.html","Godzilla Heart Grin","../../images/Sketches/grins/Godzilla%20Heart%20Grin%20ORIGINAL.jpg","Godzilla Heart Grin ORIGINAL.jpg","D:\github\ron-english-sketches-and-drawings\images\Sketches\grins\Godzilla Heart Grin ORIGINAL.jpg","True"
"godzilla-heart-grin.html","Godzilla Heart Grin","../../images/Sketches/grins/Godzilla%20Heart%20Grin%20COLOR.jpg","Godzilla Heart Grin COLOR.jpg","D:\github\ron-english-sketches-and-drawings\images\Sketches\grins\Godzilla Heart Grin COLOR.jpg","True"
"godzilla-heart-grin.html","Godzilla Heart Grin","../../images/Sketches/grins/Godzilla%20Heart%20Grin%20COLOR.jpg","Godzilla Heart Grin COLOR.jpg","D:\github\ron-english-sketches-and-drawings\images\Sketches\grins\Godzilla Heart Grin COLOR.jpg","True"
"gorilla-grin.html","Gorilla grin","../../images/Sketches/grins/Gorilla%20Grin%20ORIGINAL%20COLOR%201.jpg","Gorilla Grin ORIGINAL COLOR 1.jpg","D:\github\ron-english-sketches-and-drawings\images\Sketches\grins\Gorilla Grin ORIGINAL COLOR 1.jpg","True"
"gorilla-grin.html","Gorilla grin","../../images/Sketches/grins/Gorilla%20Grin%20ORIGINAL%20COLOR%201.jpg","Gorilla Grin ORIGINAL COLOR 1.jpg","D:\github\ron-english-sketches-and-drawings\images\Sketches\grins\Gorilla Grin ORIGINAL COLOR 1.jpg","True"
"gorilla-grin.html","Gorilla grin","../../images/Sketches/grins/Gorilla%20grin%20card.png","Gorilla grin card.png","D:\github\ron-english-sketches-and-drawings\images\Sketches\grins\Gorilla grin card.png","True"
"gorilla-grin.html","Gorilla grin","../../images/Sketches/grins/Gorilla%20grin%20card.png","Gorilla grin card.png","D:\github\ron-english-sketches-and-drawings\images\Sketches\grins\Gorilla grin card.png","True"
"gorilla-grin-2.html","Gorilla Grin 2","../../images/Sketches/grins/Gorilla%20Grin%202%20back%20ORIGINAL.jpg","Gorilla Grin 2 back ORIGINAL.jpg","D:\github\ron-english-sketches-and-drawings\images\Sketches\grins\Gorilla Grin 2 back ORIGINAL.jpg","True"
"gorilla-grin-2.html","Gorilla Grin 2","../../images/Sketches/grins/Gorilla%20Grin%202%20back%20ORIGINAL.jpg","Gorilla Grin 2 back ORIGINAL.jpg","D:\github\ron-english-sketches-and-drawings\images\Sketches\grins\Gorilla Grin 2 back ORIGINAL.jpg","True"
"gorilla-grin-2.html","Gorilla Grin 2","../../images/Sketches/grins/Gorilla%20Grin%202%20side%20ORIGINAL.jpg","Gorilla Grin 2 side ORIGINAL.jpg","D:\github\ron-english-sketches-and-drawings\images\Sketches\grins\Gorilla Grin 2 side ORIGINAL.jpg","True"
"gorilla-grin-2.html","Gorilla Grin 2","../../images/Sketches/grins/Gorilla%20Grin%202%20side%20ORIGINAL.jpg","Gorilla Grin 2 side ORIGINAL.jpg","D:\github\ron-english-sketches-and-drawings\images\Sketches\grins\Gorilla Grin 2 side ORIGINAL.jpg","True"
"gorilla-grin-2.html","Gorilla Grin 2","../../images/Sketches/grins/Gorilla%20Grin%202%20Front%20COLOR.jpg","Gorilla Grin 2 Front COLOR.jpg","D:\github\ron-english-sketches-and-drawings\images\Sketches\grins\Gorilla Grin 2 Front COLOR.jpg","True"
"gorilla-grin-2.html","Gorilla Grin 2","../../images/Sketches/grins/Gorilla%20Grin%202%20Front%20COLOR.jpg","Gorilla Grin 2 Front COLOR.jpg","D:\github\ron-english-sketches-and-drawings\images\Sketches\grins\Gorilla Grin 2 Front COLOR.jpg","True"
"gorilla-grin-2.html","Gorilla Grin 2","../../images/Sketches/grins/Gorilla%20Grin%202%20back%20COLOR.jpg","Gorilla Grin 2 back COLOR.jpg","D:\github\ron-english-sketches-and-drawings\images\Sketches\grins\Gorilla Grin 2 back COLOR.jpg","True"
"gorilla-grin-2.html","Gorilla Grin 2","../../images/Sketches/grins/Gorilla%20Grin%202%20back%20COLOR.jpg","Gorilla Grin 2 back COLOR.jpg","D:\github\ron-english-sketches-and-drawings\images\Sketches\grins\Gorilla Grin 2 back COLOR.jpg","True"
"gorilla-grin-2.html","Gorilla Grin 2","../../images/Sketches/grins/Gorilla%20Grin%202%20side%20B&amp;W.jpg","Gorilla Grin 2 side B&W.jpg","D:\github\ron-english-sketches-and-drawings\images\Sketches\grins\Gorilla Grin 2 side B&W.jpg","True"
"gorilla-grin-2.html","Gorilla Grin 2","../../images/Sketches/grins/Gorilla%20Grin%202%20side%20B&amp;W.jpg","Gorilla Grin 2 side B&W.jpg","D:\github\ron-english-sketches-and-drawings\images\Sketches\grins\Gorilla Grin 2 side B&W.jpg","True"
"grim-grin.html","Grim Grin","../../images/Sketches/grins/Grim%20Grin%20ORIGINAL%20COLOR.jpg","Grim Grin ORIGINAL COLOR.jpg","D:\github\ron-english-sketches-and-drawings\images\Sketches\grins\Grim Grin ORIGINAL COLOR.jpg","True"
"grim-grin.html","Grim Grin","../../images/Sketches/grins/Grim%20Grin%20ORIGINAL%20COLOR.jpg","Grim Grin ORIGINAL COLOR.jpg","D:\github\ron-english-sketches-and-drawings\images\Sketches\grins\Grim Grin ORIGINAL COLOR.jpg","True"
"grim-grin-grin-reaper.html","Grim Grin (Grin Reaper)","../../images/Sketches/grins/Grim%20Grin%20(Grin%20Reaper)%20ORIGINAL.jpg","Grim Grin (Grin Reaper) ORIGINAL.jpg","D:\github\ron-english-sketches-and-drawings\images\Sketches\grins\Grim Grin (Grin Reaper) ORIGINAL.jpg","True"
"grim-grin-grin-reaper.html","Grim Grin (Grin Reaper)","../../images/Sketches/grins/Grim%20Grin%20(Grin%20Reaper)%20ORIGINAL.jpg","Grim Grin (Grin Reaper) ORIGINAL.jpg","D:\github\ron-english-sketches-and-drawings\images\Sketches\grins\Grim Grin (Grin Reaper) ORIGINAL.jpg","True"
"grim-reaper-grin.html","Grim Reaper Grin","../../images/Sketches/grins/Grim%20Reaper%20Grin%20ORIGINAL%202.jpg","Grim Reaper Grin ORIGINAL 2.jpg","D:\github\ron-english-sketches-and-drawings\images\Sketches\grins\Grim Reaper Grin ORIGINAL 2.jpg","True"
"grim-reaper-grin.html","Grim Reaper Grin","../../images/Sketches/grins/Grim%20Reaper%20Grin%20ORIGINAL%202.jpg","Grim Reaper Grin ORIGINAL 2.jpg","D:\github\ron-english-sketches-and-drawings\images\Sketches\grins\Grim Reaper Grin ORIGINAL 2.jpg","True"
"grim-reaper-grin.html","Grim Reaper Grin","../../images/Sketches/grins/Grim%20Reaper%20Grin%20ORIGINAL.jpg","Grim Reaper Grin ORIGINAL.jpg","D:\github\ron-english-sketches-and-drawings\images\Sketches\grins\Grim Reaper Grin ORIGINAL.jpg","True"
"grim-reaper-grin.html","Grim Reaper Grin","../../images/Sketches/grins/Grim%20Reaper%20Grin%20ORIGINAL.jpg","Grim Reaper Grin ORIGINAL.jpg","D:\github\ron-english-sketches-and-drawings\images\Sketches\grins\Grim Reaper Grin ORIGINAL.jpg","True"
"grim-reaper-grin.html","Grim Reaper Grin","../../images/Sketches/grins/Grim%20Reaper%20Grin%20B&amp;W.jpg","Grim Reaper Grin B&W.jpg","D:\github\ron-english-sketches-and-drawings\images\Sketches\grins\Grim Reaper Grin B&W.jpg","True"
"grim-reaper-grin.html","Grim Reaper Grin","../../images/Sketches/grins/Grim%20Reaper%20Grin%20B&amp;W.jpg","Grim Reaper Grin B&W.jpg","D:\github\ron-english-sketches-and-drawings\images\Sketches\grins\Grim Reaper Grin B&W.jpg","True"
"grim-reaper-grin.html","Grim Reaper Grin","../../images/Sketches/grins/Grim%20Reaper%20Grin%20COLOR.jpg","Grim Reaper Grin COLOR.jpg","D:\github\ron-english-sketches-and-drawings\images\Sketches\grins\Grim Reaper Grin COLOR.jpg","True"
"grim-reaper-grin.html","Grim Reaper Grin","../../images/Sketches/grins/Grim%20Reaper%20Grin%20COLOR.jpg","Grim Reaper Grin COLOR.jpg","D:\github\ron-english-sketches-and-drawings\images\Sketches\grins\Grim Reaper Grin COLOR.jpg","True"
"grim-reaper-grin.html","Grim Reaper Grin","../../images/Sketches/grins/Grim%20Reaper%20Grin%20card.jpg","Grim Reaper Grin card.jpg","D:\github\ron-english-sketches-and-drawings\images\Sketches\grins\Grim Reaper Grin card.jpg","True"
"grim-reaper-grin.html","Grim Reaper Grin","../../images/Sketches/grins/Grim%20Reaper%20Grin%20card.jpg","Grim Reaper Grin card.jpg","D:\github\ron-english-sketches-and-drawings\images\Sketches\grins\Grim Reaper Grin card.jpg","True"
"grim-reefer.html","Grim Reefer","../../images/Sketches/grins/Grim%20Reefer%20ORIGINAL%20COLOR.jpg","Grim Reefer ORIGINAL COLOR.jpg","D:\github\ron-english-sketches-and-drawings\images\Sketches\grins\Grim Reefer ORIGINAL COLOR.jpg","True"
"grim-reefer.html","Grim Reefer","../../images/Sketches/grins/Grim%20Reefer%20ORIGINAL%20COLOR.jpg","Grim Reefer ORIGINAL COLOR.jpg","D:\github\ron-english-sketches-and-drawings\images\Sketches\grins\Grim Reefer ORIGINAL COLOR.jpg","True"
"grim-reefer.html","Grim Reefer","../../images/Sketches/grins/Grim%20Reefer%20B&amp;W.jpg","Grim Reefer B&W.jpg","D:\github\ron-english-sketches-and-drawings\images\Sketches\grins\Grim Reefer B&W.jpg","True"
"grim-reefer.html","Grim Reefer","../../images/Sketches/grins/Grim%20Reefer%20B&amp;W.jpg","Grim Reefer B&W.jpg","D:\github\ron-english-sketches-and-drawings\images\Sketches\grins\Grim Reefer B&W.jpg","True"
"grin-animation.html","Grin animation","../../images/Sketches/grins/Grin%20animation%20front%20ORIGINAL.jpg","Grin animation front ORIGINAL.jpg","D:\github\ron-english-sketches-and-drawings\images\Sketches\grins\Grin animation front ORIGINAL.jpg","True"
"grin-animation.html","Grin animation","../../images/Sketches/grins/Grin%20animation%20front%20ORIGINAL.jpg","Grin animation front ORIGINAL.jpg","D:\github\ron-english-sketches-and-drawings\images\Sketches\grins\Grin animation front ORIGINAL.jpg","True"
"grin-animation.html","Grin animation","../../images/Sketches/grins/Grin%20animation%20back%20ORIGINAL.jpg","Grin animation back ORIGINAL.jpg","D:\github\ron-english-sketches-and-drawings\images\Sketches\grins\Grin animation back ORIGINAL.jpg","True"
"grin-animation.html","Grin animation","../../images/Sketches/grins/Grin%20animation%20back%20ORIGINAL.jpg","Grin animation back ORIGINAL.jpg","D:\github\ron-english-sketches-and-drawings\images\Sketches\grins\Grin animation back ORIGINAL.jpg","True"
"grin-animation.html","Grin animation","../../images/Sketches/grins/Grin%20animation%20side%20ORIGINAL.jpg","Grin animation side ORIGINAL.jpg","D:\github\ron-english-sketches-and-drawings\images\Sketches\grins\Grin animation side ORIGINAL.jpg","True"
"grin-animation.html","Grin animation","../../images/Sketches/grins/Grin%20animation%20side%20ORIGINAL.jpg","Grin animation side ORIGINAL.jpg","D:\github\ron-english-sketches-and-drawings\images\Sketches\grins\Grin animation side ORIGINAL.jpg","True"
"grin-animation.html","Grin animation","../../images/Sketches/grins/Grin%20animation%20front%20B&amp;W.jpg","Grin animation front B&W.jpg","D:\github\ron-english-sketches-and-drawings\images\Sketches\grins\Grin animation front B&W.jpg","True"
"grin-animation.html","Grin animation","../../images/Sketches/grins/Grin%20animation%20front%20B&amp;W.jpg","Grin animation front B&W.jpg","D:\github\ron-english-sketches-and-drawings\images\Sketches\grins\Grin animation front B&W.jpg","True"
"grin-animation.html","Grin animation","../../images/Sketches/grins/Grin%20animation%20front%20COLOR.jpg","Grin animation front COLOR.jpg","D:\github\ron-english-sketches-and-drawings\images\Sketches\grins\Grin animation front COLOR.jpg","True"
"grin-animation.html","Grin animation","../../images/Sketches/grins/Grin%20animation%20front%20COLOR.jpg","Grin animation front COLOR.jpg","D:\github\ron-english-sketches-and-drawings\images\Sketches\grins\Grin animation front COLOR.jpg","True"
"grin-animation.html","Grin animation","../../images/Sketches/grins/Grin%20animation%20side%20B&amp;W.jpg","Grin animation side B&W.jpg","D:\github\ron-english-sketches-and-drawings\images\Sketches\grins\Grin animation side B&W.jpg","True"
"grin-animation.html","Grin animation","../../images/Sketches/grins/Grin%20animation%20side%20B&amp;W.jpg","Grin animation side B&W.jpg","D:\github\ron-english-sketches-and-drawings\images\Sketches\grins\Grin animation side B&W.jpg","True"
"grin-animation.html","Grin animation","../../images/Sketches/grins/Grin%20animation%20side%20COLOR.jpg","Grin animation side COLOR.jpg","D:\github\ron-english-sketches-and-drawings\images\Sketches\grins\Grin animation side COLOR.jpg","True"
"grin-animation.html","Grin animation","../../images/Sketches/grins/Grin%20animation%20side%20COLOR.jpg","Grin animation side COLOR.jpg","D:\github\ron-english-sketches-and-drawings\images\Sketches\grins\Grin animation side COLOR.jpg","True"
"grin-animation-front-b-and-w-1.html","Grin Animation front B&W (1)","../../images/Sketches/grins/Grin%20Animation%20front%20B&amp;W%20(1).jpg","Grin Animation front B&W (1).jpg","D:\github\ron-english-sketches-and-drawings\images\Sketches\grins\Grin Animation front B&W (1).jpg","True"
"grin-animation-front-b-and-w-1.html","Grin Animation front B&W (1)","../../images/Sketches/grins/Grin%20Animation%20front%20B&amp;W%20(1).jpg","Grin Animation front B&W (1).jpg","D:\github\ron-english-sketches-and-drawings\images\Sketches\grins\Grin Animation front B&W (1).jpg","True"
"grin-animation-side-b-and-w-1.html","Grin Animation side B&W (1)","../../images/Sketches/grins/Grin%20Animation%20side%20B&amp;W%20(1).jpg","Grin Animation side B&W (1).jpg","D:\github\ron-english-sketches-and-drawings\images\Sketches\grins\Grin Animation side B&W (1).jpg","True"
"grin-animation-side-b-and-w-1.html","Grin Animation side B&W (1)","../../images/Sketches/grins/Grin%20Animation%20side%20B&amp;W%20(1).jpg","Grin Animation side B&W (1).jpg","D:\github\ron-english-sketches-and-drawings\images\Sketches\grins\Grin Animation side B&W (1).jpg","True"
"grin-baby.html","Grin Baby","../../images/Sketches/grins/Grin%20Baby%20ORIGINAL.jpg","Grin Baby ORIGINAL.jpg","D:\github\ron-english-sketches-and-drawings\images\Sketches\grins\Grin Baby ORIGINAL.jpg","True"
"grin-baby.html","Grin Baby","../../images/Sketches/grins/Grin%20Baby%20ORIGINAL.jpg","Grin Baby ORIGINAL.jpg","D:\github\ron-english-sketches-and-drawings\images\Sketches\grins\Grin Baby ORIGINAL.jpg","True"
"grin-baby.html","Grin Baby","../../images/Sketches/grins/Grin%20Baby%20ORIGINAL%20COLOR.jpg","Grin Baby ORIGINAL COLOR.jpg","D:\github\ron-english-sketches-and-drawings\images\Sketches\grins\Grin Baby ORIGINAL COLOR.jpg","True"
"grin-baby.html","Grin Baby","../../images/Sketches/grins/Grin%20Baby%20ORIGINAL%20COLOR.jpg","Grin Baby ORIGINAL COLOR.jpg","D:\github\ron-english-sketches-and-drawings\images\Sketches\grins\Grin Baby ORIGINAL COLOR.jpg","True"
"grin-baby.html","Grin Baby","../../images/Sketches/grins/Grin%20Baby%20B&amp;W.jpg","Grin Baby B&W.jpg","D:\github\ron-english-sketches-and-drawings\images\Sketches\grins\Grin Baby B&W.jpg","True"
"grin-baby.html","Grin Baby","../../images/Sketches/grins/Grin%20Baby%20B&amp;W.jpg","Grin Baby B&W.jpg","D:\github\ron-english-sketches-and-drawings\images\Sketches\grins\Grin Baby B&W.jpg","True"
"grin-baby.html","Grin Baby","../../images/Sketches/grins/Grin%20Baby%20COLOR.jpg","Grin Baby COLOR.jpg","D:\github\ron-english-sketches-and-drawings\images\Sketches\grins\Grin Baby COLOR.jpg","True"
"grin-baby.html","Grin Baby","../../images/Sketches/grins/Grin%20Baby%20COLOR.jpg","Grin Baby COLOR.jpg","D:\github\ron-english-sketches-and-drawings\images\Sketches\grins\Grin Baby COLOR.jpg","True"
"grin-brain-cone.html","Grin Brain Cone","../../images/Sketches/grins/Grin%20Brain%20Cone%20ORIGINAL.jpg","Grin Brain Cone ORIGINAL.jpg","D:\github\ron-english-sketches-and-drawings\images\Sketches\grins\Grin Brain Cone ORIGINAL.jpg","True"
"grin-brain-cone.html","Grin Brain Cone","../../images/Sketches/grins/Grin%20Brain%20Cone%20ORIGINAL.jpg","Grin Brain Cone ORIGINAL.jpg","D:\github\ron-english-sketches-and-drawings\images\Sketches\grins\Grin Brain Cone ORIGINAL.jpg","True"
"grin-brain-cone.html","Grin Brain Cone","../../images/Sketches/grins/Grin%20Brain%20Cone%20COLOR.jpg","Grin Brain Cone COLOR.jpg","D:\github\ron-english-sketches-and-drawings\images\Sketches\grins\Grin Brain Cone COLOR.jpg","True"
"grin-brain-cone.html","Grin Brain Cone","../../images/Sketches/grins/Grin%20Brain%20Cone%20COLOR.jpg","Grin Brain Cone COLOR.jpg","D:\github\ron-english-sketches-and-drawings\images\Sketches\grins\Grin Brain Cone COLOR.jpg","True"
"grin-bunny-ears.html","Grin Bunny Ears","../../images/Sketches/grins/Grin%20Bunny%20Ears%20B&amp;W.jpg","Grin Bunny Ears B&W.jpg","D:\github\ron-english-sketches-and-drawings\images\Sketches\grins\Grin Bunny Ears B&W.jpg","True"
"grin-bunny-ears.html","Grin Bunny Ears","../../images/Sketches/grins/Grin%20Bunny%20Ears%20B&amp;W.jpg","Grin Bunny Ears B&W.jpg","D:\github\ron-english-sketches-and-drawings\images\Sketches\grins\Grin Bunny Ears B&W.jpg","True"
"grin-bunny-ears.html","Grin Bunny Ears","../../images/Sketches/grins/Grin%20Bunny%20Ears%20COLOR.jpg","Grin Bunny Ears COLOR.jpg","D:\github\ron-english-sketches-and-drawings\images\Sketches\grins\Grin Bunny Ears COLOR.jpg","True"
"grin-bunny-ears.html","Grin Bunny Ears","../../images/Sketches/grins/Grin%20Bunny%20Ears%20COLOR.jpg","Grin Bunny Ears COLOR.jpg","D:\github\ron-english-sketches-and-drawings\images\Sketches\grins\Grin Bunny Ears COLOR.jpg","True"
"grin-bunny-three-ears.html","Grin Bunny Three Ears","../../images/Sketches/grins/Grin%20Bunny%20Three%20Ears%20ORIGINAL.jpg","Grin Bunny Three Ears ORIGINAL.jpg","D:\github\ron-english-sketches-and-drawings\images\Sketches\grins\Grin Bunny Three Ears ORIGINAL.jpg","True"
"grin-bunny-three-ears.html","Grin Bunny Three Ears","../../images/Sketches/grins/Grin%20Bunny%20Three%20Ears%20ORIGINAL.jpg","Grin Bunny Three Ears ORIGINAL.jpg","D:\github\ron-english-sketches-and-drawings\images\Sketches\grins\Grin Bunny Three Ears ORIGINAL.jpg","True"
"grin-bunny-two-ears.html","Grin Bunny Two Ears","../../images/Sketches/grins/Grin%20Bunny%20Two%20Ears%20ORIGINAL.jpg","Grin Bunny Two Ears ORIGINAL.jpg","D:\github\ron-english-sketches-and-drawings\images\Sketches\grins\Grin Bunny Two Ears ORIGINAL.jpg","True"
"grin-bunny-two-ears.html","Grin Bunny Two Ears","../../images/Sketches/grins/Grin%20Bunny%20Two%20Ears%20ORIGINAL.jpg","Grin Bunny Two Ears ORIGINAL.jpg","D:\github\ron-english-sketches-and-drawings\images\Sketches\grins\Grin Bunny Two Ears ORIGINAL.jpg","True"
"grin-car.html","Grin Car","../../images/Sketches/grins/Grin%20Car%20front%20ORIGINAL.jpg","Grin Car front ORIGINAL.jpg","D:\github\ron-english-sketches-and-drawings\images\Sketches\grins\Grin Car front ORIGINAL.jpg","True"
"grin-car.html","Grin Car","../../images/Sketches/grins/Grin%20Car%20front%20ORIGINAL.jpg","Grin Car front ORIGINAL.jpg","D:\github\ron-english-sketches-and-drawings\images\Sketches\grins\Grin Car front ORIGINAL.jpg","True"
"grin-car.html","Grin Car","../../images/Sketches/grins/Grin%20Car%20back%20ORIGINAL.jpg","Grin Car back ORIGINAL.jpg","D:\github\ron-english-sketches-and-drawings\images\Sketches\grins\Grin Car back ORIGINAL.jpg","True"
"grin-car.html","Grin Car","../../images/Sketches/grins/Grin%20Car%20back%20ORIGINAL.jpg","Grin Car back ORIGINAL.jpg","D:\github\ron-english-sketches-and-drawings\images\Sketches\grins\Grin Car back ORIGINAL.jpg","True"
"grin-car.html","Grin Car","../../images/Sketches/grins/Grin%20Car%20side%20ORIGINAL.jpg","Grin Car side ORIGINAL.jpg","D:\github\ron-english-sketches-and-drawings\images\Sketches\grins\Grin Car side ORIGINAL.jpg","True"
"grin-car.html","Grin Car","../../images/Sketches/grins/Grin%20Car%20side%20ORIGINAL.jpg","Grin Car side ORIGINAL.jpg","D:\github\ron-english-sketches-and-drawings\images\Sketches\grins\Grin Car side ORIGINAL.jpg","True"
"grin-car.html","Grin Car","../../images/Sketches/grins/Grin%20Car%20three%20quarters%20ORIGINAL.jpg","Grin Car three quarters ORIGINAL.jpg","D:\github\ron-english-sketches-and-drawings\images\Sketches\grins\Grin Car three quarters ORIGINAL.jpg","True"
"grin-car.html","Grin Car","../../images/Sketches/grins/Grin%20Car%20three%20quarters%20ORIGINAL.jpg","Grin Car three quarters ORIGINAL.jpg","D:\github\ron-english-sketches-and-drawings\images\Sketches\grins\Grin Car three quarters ORIGINAL.jpg","True"
"grin-car.html","Grin Car","../../images/Sketches/grins/Grin%20Car%20front%20B&amp;W.jpg","Grin Car front B&W.jpg","D:\github\ron-english-sketches-and-drawings\images\Sketches\grins\Grin Car front B&W.jpg","True"
"grin-car.html","Grin Car","../../images/Sketches/grins/Grin%20Car%20front%20B&amp;W.jpg","Grin Car front B&W.jpg","D:\github\ron-english-sketches-and-drawings\images\Sketches\grins\Grin Car front B&W.jpg","True"
"grin-car.html","Grin Car","../../images/Sketches/grins/Grin%20Car%20back%20color.jpg","Grin Car back color.jpg","D:\github\ron-english-sketches-and-drawings\images\Sketches\grins\Grin Car back color.jpg","True"
"grin-car.html","Grin Car","../../images/Sketches/grins/Grin%20Car%20back%20color.jpg","Grin Car back color.jpg","D:\github\ron-english-sketches-and-drawings\images\Sketches\grins\Grin Car back color.jpg","True"
"grin-car.html","Grin Car","../../images/Sketches/grins/Grin%20Car%20side%20COLOR.jpg","Grin Car side COLOR.jpg","D:\github\ron-english-sketches-and-drawings\images\Sketches\grins\Grin Car side COLOR.jpg","True"
"grin-car.html","Grin Car","../../images/Sketches/grins/Grin%20Car%20side%20COLOR.jpg","Grin Car side COLOR.jpg","D:\github\ron-english-sketches-and-drawings\images\Sketches\grins\Grin Car side COLOR.jpg","True"
"grin-car.html","Grin Car","../../images/Sketches/grins/Grin%20Car%20three%20quarters%20B&amp;W.jpg","Grin Car three quarters B&W.jpg","D:\github\ron-english-sketches-and-drawings\images\Sketches\grins\Grin Car three quarters B&W.jpg","True"
"grin-car.html","Grin Car","../../images/Sketches/grins/Grin%20Car%20three%20quarters%20B&amp;W.jpg","Grin Car three quarters B&W.jpg","D:\github\ron-english-sketches-and-drawings\images\Sketches\grins\Grin Car three quarters B&W.jpg","True"
"grinch-grin.html","Grinch Grin","../../images/Sketches/grins/Grinch%20Grin%20ORIGINAL.jpg","Grinch Grin ORIGINAL.jpg","D:\github\ron-english-sketches-and-drawings\images\Sketches\grins\Grinch Grin ORIGINAL.jpg","True"
"grinch-grin.html","Grinch Grin","../../images/Sketches/grins/Grinch%20Grin%20ORIGINAL.jpg","Grinch Grin ORIGINAL.jpg","D:\github\ron-english-sketches-and-drawings\images\Sketches\grins\Grinch Grin ORIGINAL.jpg","True"
"grinch-grin.html","Grinch Grin","../../images/Sketches/grins/Grinch%20Grin%20B&amp;W.jpg","Grinch Grin B&W.jpg","D:\github\ron-english-sketches-and-drawings\images\Sketches\grins\Grinch Grin B&W.jpg","True"
"grinch-grin.html","Grinch Grin","../../images/Sketches/grins/Grinch%20Grin%20B&amp;W.jpg","Grinch Grin B&W.jpg","D:\github\ron-english-sketches-and-drawings\images\Sketches\grins\Grinch Grin B&W.jpg","True"
"grin-flower.html","Grin Flower","../../images/Sketches/grins/Grin%20Flower%20ORIGINAL.jpg","Grin Flower ORIGINAL.jpg","D:\github\ron-english-sketches-and-drawings\images\Sketches\grins\Grin Flower ORIGINAL.jpg","True"
"grin-flower.html","Grin Flower","../../images/Sketches/grins/Grin%20Flower%20ORIGINAL.jpg","Grin Flower ORIGINAL.jpg","D:\github\ron-english-sketches-and-drawings\images\Sketches\grins\Grin Flower ORIGINAL.jpg","True"
"grin-flower.html","Grin Flower","../../images/Sketches/grins/Grin%20Flower%20COLOR.jpg","Grin Flower COLOR.jpg","D:\github\ron-english-sketches-and-drawings\images\Sketches\grins\Grin Flower COLOR.jpg","True"
"grin-flower.html","Grin Flower","../../images/Sketches/grins/Grin%20Flower%20COLOR.jpg","Grin Flower COLOR.jpg","D:\github\ron-english-sketches-and-drawings\images\Sketches\grins\Grin Flower COLOR.jpg","True"
"grin-god.html","Grin God","../../images/Sketches/grins/Grin%20God%20back%20ORIGINAL.jpg","Grin God back ORIGINAL.jpg","D:\github\ron-english-sketches-and-drawings\images\Sketches\grins\Grin God back ORIGINAL.jpg","True"
"grin-god.html","Grin God","../../images/Sketches/grins/Grin%20God%20back%20ORIGINAL.jpg","Grin God back ORIGINAL.jpg","D:\github\ron-english-sketches-and-drawings\images\Sketches\grins\Grin God back ORIGINAL.jpg","True"
"grin-god.html","Grin God","../../images/Sketches/grins/Grin%20God%20left%20side%20ORIGINAL.jpg","Grin God left side ORIGINAL.jpg","D:\github\ron-english-sketches-and-drawings\images\Sketches\grins\Grin God left side ORIGINAL.jpg","True"
"grin-god.html","Grin God","../../images/Sketches/grins/Grin%20God%20left%20side%20ORIGINAL.jpg","Grin God left side ORIGINAL.jpg","D:\github\ron-english-sketches-and-drawings\images\Sketches\grins\Grin God left side ORIGINAL.jpg","True"
"grin-god.html","Grin God","../../images/Sketches/grins/Grin%20God%20right%20side%20ORIGINAL.jpg","Grin God right side ORIGINAL.jpg","D:\github\ron-english-sketches-and-drawings\images\Sketches\grins\Grin God right side ORIGINAL.jpg","True"
"grin-god.html","Grin God","../../images/Sketches/grins/Grin%20God%20right%20side%20ORIGINAL.jpg","Grin God right side ORIGINAL.jpg","D:\github\ron-english-sketches-and-drawings\images\Sketches\grins\Grin God right side ORIGINAL.jpg","True"
"grin-god.html","Grin God","../../images/Sketches/grins/Grin%20God%20ORIGINAL.jpg","Grin God ORIGINAL.jpg","D:\github\ron-english-sketches-and-drawings\images\Sketches\grins\Grin God ORIGINAL.jpg","True"
"grin-god.html","Grin God","../../images/Sketches/grins/Grin%20God%20ORIGINAL.jpg","Grin God ORIGINAL.jpg","D:\github\ron-english-sketches-and-drawings\images\Sketches\grins\Grin God ORIGINAL.jpg","True"
"grin-god.html","Grin God","../../images/Sketches/grins/Grin%20God%20ORIGINAL%20COLOR%201.jpg","Grin God ORIGINAL COLOR 1.jpg","D:\github\ron-english-sketches-and-drawings\images\Sketches\grins\Grin God ORIGINAL COLOR 1.jpg","True"
"grin-god.html","Grin God","../../images/Sketches/grins/Grin%20God%20ORIGINAL%20COLOR%201.jpg","Grin God ORIGINAL COLOR 1.jpg","D:\github\ron-english-sketches-and-drawings\images\Sketches\grins\Grin God ORIGINAL COLOR 1.jpg","True"
"grin-god.html","Grin God","../../images/Sketches/grins/Grin%20God%20ORIGINAL%20COLOR%202.jpg","Grin God ORIGINAL COLOR 2.jpg","D:\github\ron-english-sketches-and-drawings\images\Sketches\grins\Grin God ORIGINAL COLOR 2.jpg","True"
"grin-god.html","Grin God","../../images/Sketches/grins/Grin%20God%20ORIGINAL%20COLOR%202.jpg","Grin God ORIGINAL COLOR 2.jpg","D:\github\ron-english-sketches-and-drawings\images\Sketches\grins\Grin God ORIGINAL COLOR 2.jpg","True"
"grin-god.html","Grin God","../../images/Sketches/grins/Grin%20God%20left%20side%20B&amp;W.jpg","Grin God left side B&W.jpg","D:\github\ron-english-sketches-and-drawings\images\Sketches\grins\Grin God left side B&W.jpg","True"
"grin-god.html","Grin God","../../images/Sketches/grins/Grin%20God%20left%20side%20B&amp;W.jpg","Grin God left side B&W.jpg","D:\github\ron-english-sketches-and-drawings\images\Sketches\grins\Grin God left side B&W.jpg","True"
"grin-god.html","Grin God","../../images/Sketches/grins/Grin%20God%20right%20side%20B&amp;W.jpg","Grin God right side B&W.jpg","D:\github\ron-english-sketches-and-drawings\images\Sketches\grins\Grin God right side B&W.jpg","True"
"grin-god.html","Grin God","../../images/Sketches/grins/Grin%20God%20right%20side%20B&amp;W.jpg","Grin God right side B&W.jpg","D:\github\ron-english-sketches-and-drawings\images\Sketches\grins\Grin God right side B&W.jpg","True"
"grin-god.html","Grin God","../../images/Sketches/grins/Grin%20God%20left%20side%20COLOR.jpg","Grin God left side COLOR.jpg","D:\github\ron-english-sketches-and-drawings\images\Sketches\grins\Grin God left side COLOR.jpg","True"
"grin-god.html","Grin God","../../images/Sketches/grins/Grin%20God%20left%20side%20COLOR.jpg","Grin God left side COLOR.jpg","D:\github\ron-english-sketches-and-drawings\images\Sketches\grins\Grin God left side COLOR.jpg","True"
"grin-god.html","Grin God","../../images/Sketches/grins/Grin%20God%20right%20side%20COLOR.jpg","Grin God right side COLOR.jpg","D:\github\ron-english-sketches-and-drawings\images\Sketches\grins\Grin God right side COLOR.jpg","True"
"grin-god.html","Grin God","../../images/Sketches/grins/Grin%20God%20right%20side%20COLOR.jpg","Grin God right side COLOR.jpg","D:\github\ron-english-sketches-and-drawings\images\Sketches\grins\Grin God right side COLOR.jpg","True"
"grin-kitty.html","Grin Kitty","../../images/Sketches/grins/Grin%20Kitty%20ORIGINAL.jpg","Grin Kitty ORIGINAL.jpg","D:\github\ron-english-sketches-and-drawings\images\Sketches\grins\Grin Kitty ORIGINAL.jpg","True"
"grin-kitty.html","Grin Kitty","../../images/Sketches/grins/Grin%20Kitty%20ORIGINAL.jpg","Grin Kitty ORIGINAL.jpg","D:\github\ron-english-sketches-and-drawings\images\Sketches\grins\Grin Kitty ORIGINAL.jpg","True"
"grin-kitty.html","Grin Kitty","../../images/Sketches/grins/Grin%20Kitty%20B&amp;W.jpg","Grin Kitty B&W.jpg","D:\github\ron-english-sketches-and-drawings\images\Sketches\grins\Grin Kitty B&W.jpg","True"
"grin-kitty.html","Grin Kitty","../../images/Sketches/grins/Grin%20Kitty%20B&amp;W.jpg","Grin Kitty B&W.jpg","D:\github\ron-english-sketches-and-drawings\images\Sketches\grins\Grin Kitty B&W.jpg","True"
"grin-mouth.html","Grin Mouth","../../images/Sketches/grins/Grin%20Mouth%20ORIGINAL.jpg","Grin Mouth ORIGINAL.jpg","D:\github\ron-english-sketches-and-drawings\images\Sketches\grins\Grin Mouth ORIGINAL.jpg","True"
"grin-mouth.html","Grin Mouth","../../images/Sketches/grins/Grin%20Mouth%20ORIGINAL.jpg","Grin Mouth ORIGINAL.jpg","D:\github\ron-english-sketches-and-drawings\images\Sketches\grins\Grin Mouth ORIGINAL.jpg","True"
"grinne-side-view.html","grinne side view","../../images/Sketches/grins/grinne%20side%20view%20color.jpg","grinne side view color.jpg","D:\github\ron-english-sketches-and-drawings\images\Sketches\grins\grinne side view color.jpg","True"
"grinne-side-view.html","grinne side view","../../images/Sketches/grins/grinne%20side%20view%20color.jpg","grinne side view color.jpg","D:\github\ron-english-sketches-and-drawings\images\Sketches\grins\grinne side view color.jpg","True"
"grinnie.html","grinnie","../../images/Sketches/grins/grinnie%20back%20color.jpg","grinnie back color.jpg","D:\github\ron-english-sketches-and-drawings\images\Sketches\grins\grinnie back color.jpg","True"
"grinnie.html","grinnie","../../images/Sketches/grins/grinnie%20back%20color.jpg","grinnie back color.jpg","D:\github\ron-english-sketches-and-drawings\images\Sketches\grins\grinnie back color.jpg","True"
"grinnie.html","grinnie","../../images/Sketches/grins/Grinnie%20three%20quarters%20B&amp;W.jpg","Grinnie three quarters B&W.jpg","D:\github\ron-english-sketches-and-drawings\images\Sketches\grins\Grinnie three quarters B&W.jpg","True"
"grinnie.html","grinnie","../../images/Sketches/grins/Grinnie%20three%20quarters%20B&amp;W.jpg","Grinnie three quarters B&W.jpg","D:\github\ron-english-sketches-and-drawings\images\Sketches\grins\Grinnie three quarters B&W.jpg","True"
"grinnie.html","grinnie","../../images/Sketches/grins/Grinnie%20three%20quarters%20COLOR.jpg","Grinnie three quarters COLOR.jpg","D:\github\ron-english-sketches-and-drawings\images\Sketches\grins\Grinnie three quarters COLOR.jpg","True"
"grinnie.html","grinnie","../../images/Sketches/grins/Grinnie%20three%20quarters%20COLOR.jpg","Grinnie three quarters COLOR.jpg","D:\github\ron-english-sketches-and-drawings\images\Sketches\grins\Grinnie three quarters COLOR.jpg","True"
"grinnie-and-friends-totem-pole.html","Grinnie and Friends Totem Pole","../../images/Sketches/grins/Grinnie%20and%20Friends%20Totem%20Pole%20ORIGINAL.jpg","Grinnie and Friends Totem Pole ORIGINAL.jpg","D:\github\ron-english-sketches-and-drawings\images\Sketches\grins\Grinnie and Friends Totem Pole ORIGINAL.jpg","True"
"grinnie-and-friends-totem-pole.html","Grinnie and Friends Totem Pole","../../images/Sketches/grins/Grinnie%20and%20Friends%20Totem%20Pole%20ORIGINAL.jpg","Grinnie and Friends Totem Pole ORIGINAL.jpg","D:\github\ron-english-sketches-and-drawings\images\Sketches\grins\Grinnie and Friends Totem Pole ORIGINAL.jpg","True"
"grinnie-delusionville-pilot.html","Grinnie Delusionville Pilot","../../images/Sketches/grins/Grinnie%20Delusionville%20Pilot%20side%20COLOR.jpg","Grinnie Delusionville Pilot side COLOR.jpg","D:\github\ron-english-sketches-and-drawings\images\Sketches\grins\Grinnie Delusionville Pilot side COLOR.jpg","True"
"grinnie-delusionville-pilot.html","Grinnie Delusionville Pilot","../../images/Sketches/grins/Grinnie%20Delusionville%20Pilot%20side%20COLOR.jpg","Grinnie Delusionville Pilot side COLOR.jpg","D:\github\ron-english-sketches-and-drawings\images\Sketches\grins\Grinnie Delusionville Pilot side COLOR.jpg","True"
"grinnie-delusionville-pilot.html","Grinnie Delusionville Pilot","../../images/Sketches/grins/Grinnie%20Delusionville%20Pilot%20%20COLOR.jpg","Grinnie Delusionville Pilot  COLOR.jpg","D:\github\ron-english-sketches-and-drawings\images\Sketches\grins\Grinnie Delusionville Pilot  COLOR.jpg","True"
"grinnie-delusionville-pilot.html","Grinnie Delusionville Pilot","../../images/Sketches/grins/Grinnie%20Delusionville%20Pilot%20%20COLOR.jpg","Grinnie Delusionville Pilot  COLOR.jpg","D:\github\ron-english-sketches-and-drawings\images\Sketches\grins\Grinnie Delusionville Pilot  COLOR.jpg","True"
"grinnie-delusionville-pilot-in-plane.html","Grinnie Delusionville Pilot in plane","../../images/Sketches/grins/Grinnie%20Delusionville%20Pilot%20in%20plane%20front%20B&amp;W.jpg","Grinnie Delusionville Pilot in plane front B&W.jpg","D:\github\ron-english-sketches-and-drawings\images\Sketches\grins\Grinnie Delusionville Pilot in plane front B&W.jpg","True"
"grinnie-delusionville-pilot-in-plane.html","Grinnie Delusionville Pilot in plane","../../images/Sketches/grins/Grinnie%20Delusionville%20Pilot%20in%20plane%20front%20B&amp;W.jpg","Grinnie Delusionville Pilot in plane front B&W.jpg","D:\github\ron-english-sketches-and-drawings\images\Sketches\grins\Grinnie Delusionville Pilot in plane front B&W.jpg","True"
"grinnie-delusionville-pilot-in-plane.html","Grinnie Delusionville Pilot in plane","../../images/Sketches/grins/Grinnie%20Delusionville%20Pilot%20in%20plane%20front%20COLOR.jpg","Grinnie Delusionville Pilot in plane front COLOR.jpg","D:\github\ron-english-sketches-and-drawings\images\Sketches\grins\Grinnie Delusionville Pilot in plane front COLOR.jpg","True"
"grinnie-delusionville-pilot-in-plane.html","Grinnie Delusionville Pilot in plane","../../images/Sketches/grins/Grinnie%20Delusionville%20Pilot%20in%20plane%20front%20COLOR.jpg","Grinnie Delusionville Pilot in plane front COLOR.jpg","D:\github\ron-english-sketches-and-drawings\images\Sketches\grins\Grinnie Delusionville Pilot in plane front COLOR.jpg","True"
"grinnie-family-icon.html","Grinnie Family Icon","../../images/Sketches/grins/Grinnie%20Family%20Icon%20COLOR.jpg","Grinnie Family Icon COLOR.jpg","D:\github\ron-english-sketches-and-drawings\images\Sketches\grins\Grinnie Family Icon COLOR.jpg","True"
"grinnie-family-icon.html","Grinnie Family Icon","../../images/Sketches/grins/Grinnie%20Family%20Icon%20COLOR.jpg","Grinnie Family Icon COLOR.jpg","D:\github\ron-english-sketches-and-drawings\images\Sketches\grins\Grinnie Family Icon COLOR.jpg","True"
"grinnie-front-view.html","grinnie front view","../../images/Sketches/grins/grinnie%20front%20view%20color.jpg","grinnie front view color.jpg","D:\github\ron-english-sketches-and-drawings\images\Sketches\grins\grinnie front view color.jpg","True"
"grinnie-front-view.html","grinnie front view","../../images/Sketches/grins/grinnie%20front%20view%20color.jpg","grinnie front view color.jpg","D:\github\ron-english-sketches-and-drawings\images\Sketches\grins\grinnie front view color.jpg","True"
"grinnie-on-horseback.html","Grinnie on Horseback","../../images/Sketches/grins/Grinnie%20on%20Horseback%20ORIGINAL%202.jpg","Grinnie on Horseback ORIGINAL 2.jpg","D:\github\ron-english-sketches-and-drawings\images\Sketches\grins\Grinnie on Horseback ORIGINAL 2.jpg","True"
"grinnie-on-horseback.html","Grinnie on Horseback","../../images/Sketches/grins/Grinnie%20on%20Horseback%20ORIGINAL%202.jpg","Grinnie on Horseback ORIGINAL 2.jpg","D:\github\ron-english-sketches-and-drawings\images\Sketches\grins\Grinnie on Horseback ORIGINAL 2.jpg","True"
"grinnie-on-horseback.html","Grinnie on Horseback","../../images/Sketches/grins/Grinnie%20on%20Horseback%20ORIGINAL.jpg","Grinnie on Horseback ORIGINAL.jpg","D:\github\ron-english-sketches-and-drawings\images\Sketches\grins\Grinnie on Horseback ORIGINAL.jpg","True"
"grinnie-on-horseback.html","Grinnie on Horseback","../../images/Sketches/grins/Grinnie%20on%20Horseback%20ORIGINAL.jpg","Grinnie on Horseback ORIGINAL.jpg","D:\github\ron-english-sketches-and-drawings\images\Sketches\grins\Grinnie on Horseback ORIGINAL.jpg","True"
"grinnies-grin.html","Grinnies Grin","../../images/Sketches/grins/Grinnies%20Grin%20ORIGINAL%202.jpg","Grinnies Grin ORIGINAL 2.jpg","D:\github\ron-english-sketches-and-drawings\images\Sketches\grins\Grinnies Grin ORIGINAL 2.jpg","True"
"grinnies-grin.html","Grinnies Grin","../../images/Sketches/grins/Grinnies%20Grin%20ORIGINAL%202.jpg","Grinnies Grin ORIGINAL 2.jpg","D:\github\ron-english-sketches-and-drawings\images\Sketches\grins\Grinnies Grin ORIGINAL 2.jpg","True"
"grinnies-grin.html","Grinnies Grin","../../images/Sketches/grins/Grinnies%20Grin%20COLOR.jpg","Grinnies Grin COLOR.jpg","D:\github\ron-english-sketches-and-drawings\images\Sketches\grins\Grinnies Grin COLOR.jpg","True"
"grinnies-grin.html","Grinnies Grin","../../images/Sketches/grins/Grinnies%20Grin%20COLOR.jpg","Grinnies Grin COLOR.jpg","D:\github\ron-english-sketches-and-drawings\images\Sketches\grins\Grinnies Grin COLOR.jpg","True"
"grinnies-grin-face-animation.html","grinnies grin face animation","../../images/Sketches/grins/grinnies%20grin%20face%20animation.jpg","grinnies grin face animation.jpg","D:\github\ron-english-sketches-and-drawings\images\Sketches\grins\grinnies grin face animation.jpg","True"
"grinnies-grin-face-animation.html","grinnies grin face animation","../../images/Sketches/grins/grinnies%20grin%20face%20animation.jpg","grinnies grin face animation.jpg","D:\github\ron-english-sketches-and-drawings\images\Sketches\grins\grinnies grin face animation.jpg","True"
"grinnie-side-view.html","Grinnie Side view","../../images/Sketches/grins/Grinnie%20Side%20view%20COLOR.png","Grinnie Side view COLOR.png","D:\github\ron-english-sketches-and-drawings\images\Sketches\grins\Grinnie Side view COLOR.png","True"
"grinnie-side-view.html","Grinnie Side view","../../images/Sketches/grins/Grinnie%20Side%20view%20COLOR.png","Grinnie Side view COLOR.png","D:\github\ron-english-sketches-and-drawings\images\Sketches\grins\Grinnie Side view COLOR.png","True"
"grinnies-on-tv.html","Grinnies on TV","../../images/Sketches/grins/Grinnies%20on%20TV%20ORIGINAL.jpg","Grinnies on TV ORIGINAL.jpg","D:\github\ron-english-sketches-and-drawings\images\Sketches\grins\Grinnies on TV ORIGINAL.jpg","True"
"grinnies-on-tv.html","Grinnies on TV","../../images/Sketches/grins/Grinnies%20on%20TV%20ORIGINAL.jpg","Grinnies on TV ORIGINAL.jpg","D:\github\ron-english-sketches-and-drawings\images\Sketches\grins\Grinnies on TV ORIGINAL.jpg","True"
"grinnies-on-tv.html","Grinnies on TV","../../images/Sketches/grins/Grinnies%20on%20TV%20B&amp;W.jpg","Grinnies on TV B&W.jpg","D:\github\ron-english-sketches-and-drawings\images\Sketches\grins\Grinnies on TV B&W.jpg","True"
"grinnies-on-tv.html","Grinnies on TV","../../images/Sketches/grins/Grinnies%20on%20TV%20B&amp;W.jpg","Grinnies on TV B&W.jpg","D:\github\ron-english-sketches-and-drawings\images\Sketches\grins\Grinnies on TV B&W.jpg","True"
"grinnies-twins.html","Grinnies Twins","../../images/Sketches/grins/Grinnies%20Twins%20ORIGINAL.jpg","Grinnies Twins ORIGINAL.jpg","D:\github\ron-english-sketches-and-drawings\images\Sketches\grins\Grinnies Twins ORIGINAL.jpg","True"
"grinnies-twins.html","Grinnies Twins","../../images/Sketches/grins/Grinnies%20Twins%20ORIGINAL.jpg","Grinnies Twins ORIGINAL.jpg","D:\github\ron-english-sketches-and-drawings\images\Sketches\grins\Grinnies Twins ORIGINAL.jpg","True"
"grinnies-twins.html","Grinnies Twins","../../images/Sketches/grins/Grinnies%20Twins%20COLOR.jpg","Grinnies Twins COLOR.jpg","D:\github\ron-english-sketches-and-drawings\images\Sketches\grins\Grinnies Twins COLOR.jpg","True"
"grinnies-twins.html","Grinnies Twins","../../images/Sketches/grins/Grinnies%20Twins%20COLOR.jpg","Grinnies Twins COLOR.jpg","D:\github\ron-english-sketches-and-drawings\images\Sketches\grins\Grinnies Twins COLOR.jpg","True"
"grin-planet.html","Grin Planet","../../images/Sketches/grins/Grin%20Planet%20B&amp;W.png","Grin Planet B&W.png","D:\github\ron-english-sketches-and-drawings\images\Sketches\grins\Grin Planet B&W.png","True"
"grin-planet.html","Grin Planet","../../images/Sketches/grins/Grin%20Planet%20B&amp;W.png","Grin Planet B&W.png","D:\github\ron-english-sketches-and-drawings\images\Sketches\grins\Grin Planet B&W.png","True"
"grinplanet-nobody.html","Grinplanet Nobody","../../images/Sketches/grins/Grinplanet%20Nobody%20COLOR.jpg","Grinplanet Nobody COLOR.jpg","D:\github\ron-english-sketches-and-drawings\images\Sketches\grins\Grinplanet Nobody COLOR.jpg","True"
"grinplanet-nobody.html","Grinplanet Nobody","../../images/Sketches/grins/Grinplanet%20Nobody%20COLOR.jpg","Grinplanet Nobody COLOR.jpg","D:\github\ron-english-sketches-and-drawings\images\Sketches\grins\Grinplanet Nobody COLOR.jpg","True"
"grin-reaper-version-2.html","Grin Reaper version 2","../../images/Sketches/grins/Grin%20Reaper%20version%202%20B&amp;W.jpg","Grin Reaper version 2 B&W.jpg","D:\github\ron-english-sketches-and-drawings\images\Sketches\grins\Grin Reaper version 2 B&W.jpg","True"
"grin-reaper-version-2.html","Grin Reaper version 2","../../images/Sketches/grins/Grin%20Reaper%20version%202%20B&amp;W.jpg","Grin Reaper version 2 B&W.jpg","D:\github\ron-english-sketches-and-drawings\images\Sketches\grins\Grin Reaper version 2 B&W.jpg","True"
"grin-reaper-with-facemask.html","Grin Reaper With Facemask","../../images/Sketches/grins/Grin%20Reaper%20With%20Facemask%20ORIGINAL%20COLOR%201.jpg","Grin Reaper With Facemask ORIGINAL COLOR 1.jpg","D:\github\ron-english-sketches-and-drawings\images\Sketches\grins\Grin Reaper With Facemask ORIGINAL COLOR 1.jpg","True"
"grin-reaper-with-facemask.html","Grin Reaper With Facemask","../../images/Sketches/grins/Grin%20Reaper%20With%20Facemask%20ORIGINAL%20COLOR%201.jpg","Grin Reaper With Facemask ORIGINAL COLOR 1.jpg","D:\github\ron-english-sketches-and-drawings\images\Sketches\grins\Grin Reaper With Facemask ORIGINAL COLOR 1.jpg","True"
"grin-reaper-with-facemask.html","Grin Reaper With Facemask","../../images/Sketches/grins/Grin%20Reaper%20With%20Facemask%20ORIGINAL%20COLOR%202.jpg","Grin Reaper With Facemask ORIGINAL COLOR 2.jpg","D:\github\ron-english-sketches-and-drawings\images\Sketches\grins\Grin Reaper With Facemask ORIGINAL COLOR 2.jpg","True"
"grin-reaper-with-facemask.html","Grin Reaper With Facemask","../../images/Sketches/grins/Grin%20Reaper%20With%20Facemask%20ORIGINAL%20COLOR%202.jpg","Grin Reaper With Facemask ORIGINAL COLOR 2.jpg","D:\github\ron-english-sketches-and-drawings\images\Sketches\grins\Grin Reaper With Facemask ORIGINAL COLOR 2.jpg","True"
"grin-reaper-with-facemask.html","Grin Reaper With Facemask","../../images/Sketches/grins/Grin%20Reaper%20With%20Facemask%20ORIGINAL%20COLOR%203.jpg","Grin Reaper With Facemask ORIGINAL COLOR 3.jpg","D:\github\ron-english-sketches-and-drawings\images\Sketches\grins\Grin Reaper With Facemask ORIGINAL COLOR 3.jpg","True"
"grin-reaper-with-facemask.html","Grin Reaper With Facemask","../../images/Sketches/grins/Grin%20Reaper%20With%20Facemask%20ORIGINAL%20COLOR%203.jpg","Grin Reaper With Facemask ORIGINAL COLOR 3.jpg","D:\github\ron-english-sketches-and-drawings\images\Sketches\grins\Grin Reaper With Facemask ORIGINAL COLOR 3.jpg","True"
"grin-smoker.html","Grin Smoker","../../images/Sketches/grins/Grin%20Smoker%20copy.jpg","Grin Smoker copy.jpg","D:\github\ron-english-sketches-and-drawings\images\Sketches\grins\Grin Smoker copy.jpg","True"
"grin-smoker.html","Grin Smoker","../../images/Sketches/grins/Grin%20Smoker%20copy.jpg","Grin Smoker copy.jpg","D:\github\ron-english-sketches-and-drawings\images\Sketches\grins\Grin Smoker copy.jpg","True"
"grin-smoker.html","Grin Smoker","../../images/Sketches/grins/Grin%20Smoker%20COLOR.jpg","Grin Smoker COLOR.jpg","D:\github\ron-english-sketches-and-drawings\images\Sketches\grins\Grin Smoker COLOR.jpg","True"
"grin-smoker.html","Grin Smoker","../../images/Sketches/grins/Grin%20Smoker%20COLOR.jpg","Grin Smoker COLOR.jpg","D:\github\ron-english-sketches-and-drawings\images\Sketches\grins\Grin Smoker COLOR.jpg","True"
"grin-smoker-b-and-w-shaded.html","Grin Smoker B&W shaded","../../images/Sketches/grins/Grin%20Smoker%20B&amp;W%20shaded.jpg","Grin Smoker B&W shaded.jpg","D:\github\ron-english-sketches-and-drawings\images\Sketches\grins\Grin Smoker B&W shaded.jpg","True"
"grin-smoker-b-and-w-shaded.html","Grin Smoker B&W shaded","../../images/Sketches/grins/Grin%20Smoker%20B&amp;W%20shaded.jpg","Grin Smoker B&W shaded.jpg","D:\github\ron-english-sketches-and-drawings\images\Sketches\grins\Grin Smoker B&W shaded.jpg","True"
"grin-smoker-portrait.html","Grin Smoker Portrait","../../images/Sketches/grins/Grin%20Smoker%20Portrait%20ORIGINAL.jpg","Grin Smoker Portrait ORIGINAL.jpg","D:\github\ron-english-sketches-and-drawings\images\Sketches\grins\Grin Smoker Portrait ORIGINAL.jpg","True"
"grin-smoker-portrait.html","Grin Smoker Portrait","../../images/Sketches/grins/Grin%20Smoker%20Portrait%20ORIGINAL.jpg","Grin Smoker Portrait ORIGINAL.jpg","D:\github\ron-english-sketches-and-drawings\images\Sketches\grins\Grin Smoker Portrait ORIGINAL.jpg","True"
"grouch-grin.html","Grouch Grin","../../images/Sketches/grins/Grouch%20Grin%20ORIGINAL.jpg","Grouch Grin ORIGINAL.jpg","D:\github\ron-english-sketches-and-drawings\images\Sketches\grins\Grouch Grin ORIGINAL.jpg","True"
"grouch-grin.html","Grouch Grin","../../images/Sketches/grins/Grouch%20Grin%20ORIGINAL.jpg","Grouch Grin ORIGINAL.jpg","D:\github\ron-english-sketches-and-drawings\images\Sketches\grins\Grouch Grin ORIGINAL.jpg","True"
"gummy-bear-grin.html","Gummy Bear Grin","../../images/Sketches/grins/Gummy%20Bear%20Grin%20ORIGINAL.jpg","Gummy Bear Grin ORIGINAL.jpg","D:\github\ron-english-sketches-and-drawings\images\Sketches\grins\Gummy Bear Grin ORIGINAL.jpg","True"
"gummy-bear-grin.html","Gummy Bear Grin","../../images/Sketches/grins/Gummy%20Bear%20Grin%20ORIGINAL.jpg","Gummy Bear Grin ORIGINAL.jpg","D:\github\ron-english-sketches-and-drawings\images\Sketches\grins\Gummy Bear Grin ORIGINAL.jpg","True"
"hawaiian-punch-grin.html","Hawaiian Punch Grin","../../images/Sketches/grins/Hawaiian%20Punch%20Grin%20ORIGINAL.jpg","Hawaiian Punch Grin ORIGINAL.jpg","D:\github\ron-english-sketches-and-drawings\images\Sketches\grins\Hawaiian Punch Grin ORIGINAL.jpg","True"
"hawaiian-punch-grin.html","Hawaiian Punch Grin","../../images/Sketches/grins/Hawaiian%20Punch%20Grin%20ORIGINAL.jpg","Hawaiian Punch Grin ORIGINAL.jpg","D:\github\ron-english-sketches-and-drawings\images\Sketches\grins\Hawaiian Punch Grin ORIGINAL.jpg","True"
"hello-kitty-grin.html","Hello Kitty Grin","../../images/Sketches/grins/Hello%20Kitty%20Grin%20left%20side%20ORIGINAL.jpg","Hello Kitty Grin left side ORIGINAL.jpg","D:\github\ron-english-sketches-and-drawings\images\Sketches\grins\Hello Kitty Grin left side ORIGINAL.jpg","True"
"hello-kitty-grin.html","Hello Kitty Grin","../../images/Sketches/grins/Hello%20Kitty%20Grin%20left%20side%20ORIGINAL.jpg","Hello Kitty Grin left side ORIGINAL.jpg","D:\github\ron-english-sketches-and-drawings\images\Sketches\grins\Hello Kitty Grin left side ORIGINAL.jpg","True"
"hello-kitty-grin.html","Hello Kitty Grin","../../images/Sketches/grins/Hello%20Kitty%20Grin%20right%20side%20ORIGINAL.jpg","Hello Kitty Grin right side ORIGINAL.jpg","D:\github\ron-english-sketches-and-drawings\images\Sketches\grins\Hello Kitty Grin right side ORIGINAL.jpg","True"
"hello-kitty-grin.html","Hello Kitty Grin","../../images/Sketches/grins/Hello%20Kitty%20Grin%20right%20side%20ORIGINAL.jpg","Hello Kitty Grin right side ORIGINAL.jpg","D:\github\ron-english-sketches-and-drawings\images\Sketches\grins\Hello Kitty Grin right side ORIGINAL.jpg","True"
"hello-kitty-grin.html","Hello Kitty Grin","../../images/Sketches/grins/Hello%20Kitty%20Grin%20ORIGINAL%202.jpg","Hello Kitty Grin ORIGINAL 2.jpg","D:\github\ron-english-sketches-and-drawings\images\Sketches\grins\Hello Kitty Grin ORIGINAL 2.jpg","True"
"hello-kitty-grin.html","Hello Kitty Grin","../../images/Sketches/grins/Hello%20Kitty%20Grin%20ORIGINAL%202.jpg","Hello Kitty Grin ORIGINAL 2.jpg","D:\github\ron-english-sketches-and-drawings\images\Sketches\grins\Hello Kitty Grin ORIGINAL 2.jpg","True"
"hello-kitty-grin.html","Hello Kitty Grin","../../images/Sketches/grins/Hello%20Kitty%20Grin%20ORIGINAL.jpg","Hello Kitty Grin ORIGINAL.jpg","D:\github\ron-english-sketches-and-drawings\images\Sketches\grins\Hello Kitty Grin ORIGINAL.jpg","True"
"hello-kitty-grin.html","Hello Kitty Grin","../../images/Sketches/grins/Hello%20Kitty%20Grin%20ORIGINAL.jpg","Hello Kitty Grin ORIGINAL.jpg","D:\github\ron-english-sketches-and-drawings\images\Sketches\grins\Hello Kitty Grin ORIGINAL.jpg","True"
"hello-kitty-grin.html","Hello Kitty Grin","../../images/Sketches/grins/Hello%20Kitty%20Grin%20left%20side%20B%26W.jpg","Hello Kitty Grin left side B&W.jpg","D:\github\ron-english-sketches-and-drawings\images\Sketches\grins\Hello Kitty Grin left side B&W.jpg","True"
"hello-kitty-grin.html","Hello Kitty Grin","../../images/Sketches/grins/Hello%20Kitty%20Grin%20left%20side%20B%26W.jpg","Hello Kitty Grin left side B&W.jpg","D:\github\ron-english-sketches-and-drawings\images\Sketches\grins\Hello Kitty Grin left side B&W.jpg","True"
"hello-kitty-grin.html","Hello Kitty Grin","../../images/Sketches/grins/Hello%20Kitty%20Grin%20right%20side%20B%26W.jpg","Hello Kitty Grin right side B&W.jpg","D:\github\ron-english-sketches-and-drawings\images\Sketches\grins\Hello Kitty Grin right side B&W.jpg","True"
"hello-kitty-grin.html","Hello Kitty Grin","../../images/Sketches/grins/Hello%20Kitty%20Grin%20right%20side%20B%26W.jpg","Hello Kitty Grin right side B&W.jpg","D:\github\ron-english-sketches-and-drawings\images\Sketches\grins\Hello Kitty Grin right side B&W.jpg","True"
"homer-grin.html","Homer Grin","../../images/Sketches/grins/Homer%20Grin%20headshot%20side%20ORIGINAL.jpg","Homer Grin headshot side ORIGINAL.jpg","D:\github\ron-english-sketches-and-drawings\images\Sketches\grins\Homer Grin headshot side ORIGINAL.jpg","True"
"homer-grin.html","Homer Grin","../../images/Sketches/grins/Homer%20Grin%20headshot%20side%20ORIGINAL.jpg","Homer Grin headshot side ORIGINAL.jpg","D:\github\ron-english-sketches-and-drawings\images\Sketches\grins\Homer Grin headshot side ORIGINAL.jpg","True"
"homer-grin.html","Homer Grin","../../images/Sketches/grins/Homer%20Grin%20headshot%20ORIGINAL.jpg","Homer Grin headshot ORIGINAL.jpg","D:\github\ron-english-sketches-and-drawings\images\Sketches\grins\Homer Grin headshot ORIGINAL.jpg","True"
"homer-grin.html","Homer Grin","../../images/Sketches/grins/Homer%20Grin%20headshot%20ORIGINAL.jpg","Homer Grin headshot ORIGINAL.jpg","D:\github\ron-english-sketches-and-drawings\images\Sketches\grins\Homer Grin headshot ORIGINAL.jpg","True"
"homer-grin.html","Homer Grin","../../images/Sketches/grins/Homer%20Grin%20ORIGINAL%20COLOR.png","Homer Grin ORIGINAL COLOR.png","D:\github\ron-english-sketches-and-drawings\images\Sketches\grins\Homer Grin ORIGINAL COLOR.png","True"
"homer-grin.html","Homer Grin","../../images/Sketches/grins/Homer%20Grin%20ORIGINAL%20COLOR.png","Homer Grin ORIGINAL COLOR.png","D:\github\ron-english-sketches-and-drawings\images\Sketches\grins\Homer Grin ORIGINAL COLOR.png","True"
"homer-grin.html","Homer Grin","../../images/Sketches/grins/Homer%20Grin%20headshot%20side%20COLOR.jpg","Homer Grin headshot side COLOR.jpg","D:\github\ron-english-sketches-and-drawings\images\Sketches\grins\Homer Grin headshot side COLOR.jpg","True"
"homer-grin.html","Homer Grin","../../images/Sketches/grins/Homer%20Grin%20headshot%20side%20COLOR.jpg","Homer Grin headshot side COLOR.jpg","D:\github\ron-english-sketches-and-drawings\images\Sketches\grins\Homer Grin headshot side COLOR.jpg","True"
"homer-grin.html","Homer Grin","../../images/Sketches/grins/Homer%20Grin%20headshot%20COLOR.jpg","Homer Grin headshot COLOR.jpg","D:\github\ron-english-sketches-and-drawings\images\Sketches\grins\Homer Grin headshot COLOR.jpg","True"
"homer-grin.html","Homer Grin","../../images/Sketches/grins/Homer%20Grin%20headshot%20COLOR.jpg","Homer Grin headshot COLOR.jpg","D:\github\ron-english-sketches-and-drawings\images\Sketches\grins\Homer Grin headshot COLOR.jpg","True"
"homer-grin-3.html","Homer Grin 3","../../images/Sketches/grins/Homer%20Grin%203%20front%20ORIGINAL.jpg","Homer Grin 3 front ORIGINAL.jpg","D:\github\ron-english-sketches-and-drawings\images\Sketches\grins\Homer Grin 3 front ORIGINAL.jpg","True"
"homer-grin-3.html","Homer Grin 3","../../images/Sketches/grins/Homer%20Grin%203%20front%20ORIGINAL.jpg","Homer Grin 3 front ORIGINAL.jpg","D:\github\ron-english-sketches-and-drawings\images\Sketches\grins\Homer Grin 3 front ORIGINAL.jpg","True"
"homer-grin-3.html","Homer Grin 3","../../images/Sketches/grins/Homer%20Grin%203%20back%20ORIGINAL.jpg","Homer Grin 3 back ORIGINAL.jpg","D:\github\ron-english-sketches-and-drawings\images\Sketches\grins\Homer Grin 3 back ORIGINAL.jpg","True"
"homer-grin-3.html","Homer Grin 3","../../images/Sketches/grins/Homer%20Grin%203%20back%20ORIGINAL.jpg","Homer Grin 3 back ORIGINAL.jpg","D:\github\ron-english-sketches-and-drawings\images\Sketches\grins\Homer Grin 3 back ORIGINAL.jpg","True"
"homer-grin-3.html","Homer Grin 3","../../images/Sketches/grins/Homer%20Grin%203%20left%20side%20ORIGINAL.jpg","Homer Grin 3 left side ORIGINAL.jpg","D:\github\ron-english-sketches-and-drawings\images\Sketches\grins\Homer Grin 3 left side ORIGINAL.jpg","True"
"homer-grin-3.html","Homer Grin 3","../../images/Sketches/grins/Homer%20Grin%203%20left%20side%20ORIGINAL.jpg","Homer Grin 3 left side ORIGINAL.jpg","D:\github\ron-english-sketches-and-drawings\images\Sketches\grins\Homer Grin 3 left side ORIGINAL.jpg","True"
"homer-grin-3.html","Homer Grin 3","../../images/Sketches/grins/Homer%20Grin%203%20right%20side%20ORIGINAL.jpg","Homer Grin 3 right side ORIGINAL.jpg","D:\github\ron-english-sketches-and-drawings\images\Sketches\grins\Homer Grin 3 right side ORIGINAL.jpg","True"
"homer-grin-3.html","Homer Grin 3","../../images/Sketches/grins/Homer%20Grin%203%20right%20side%20ORIGINAL.jpg","Homer Grin 3 right side ORIGINAL.jpg","D:\github\ron-english-sketches-and-drawings\images\Sketches\grins\Homer Grin 3 right side ORIGINAL.jpg","True"
"homer-grin-3.html","Homer Grin 3","../../images/Sketches/grins/Homer%20Grin%203%20front%20B%26W.jpg","Homer Grin 3 front B&W.jpg","D:\github\ron-english-sketches-and-drawings\images\Sketches\grins\Homer Grin 3 front B&W.jpg","True"
"homer-grin-3.html","Homer Grin 3","../../images/Sketches/grins/Homer%20Grin%203%20front%20B%26W.jpg","Homer Grin 3 front B&W.jpg","D:\github\ron-english-sketches-and-drawings\images\Sketches\grins\Homer Grin 3 front B&W.jpg","True"
"homer-grin-3.html","Homer Grin 3","../../images/Sketches/grins/Homer%20Grin%203%20front%20COLOR.jpg","Homer Grin 3 front COLOR.jpg","D:\github\ron-english-sketches-and-drawings\images\Sketches\grins\Homer Grin 3 front COLOR.jpg","True"
"homer-grin-3.html","Homer Grin 3","../../images/Sketches/grins/Homer%20Grin%203%20front%20COLOR.jpg","Homer Grin 3 front COLOR.jpg","D:\github\ron-english-sketches-and-drawings\images\Sketches\grins\Homer Grin 3 front COLOR.jpg","True"
"homer-grin-flying.html","Homer Grin Flying","../../images/Sketches/grins/Homer%20Grin%20Flying%20ORIGINAL.jpg","Homer Grin Flying ORIGINAL.jpg","D:\github\ron-english-sketches-and-drawings\images\Sketches\grins\Homer Grin Flying ORIGINAL.jpg","True"
"homer-grin-flying.html","Homer Grin Flying","../../images/Sketches/grins/Homer%20Grin%20Flying%20ORIGINAL.jpg","Homer Grin Flying ORIGINAL.jpg","D:\github\ron-english-sketches-and-drawings\images\Sketches\grins\Homer Grin Flying ORIGINAL.jpg","True"
"homer-grin-version-2.html","Homer grin version 2","../../images/Sketches/grins/Homer%20Grin%20version%202%20front%20ORIGINAL.jpg","Homer Grin version 2 front ORIGINAL.jpg","D:\github\ron-english-sketches-and-drawings\images\Sketches\grins\Homer Grin version 2 front ORIGINAL.jpg","True"
"homer-grin-version-2.html","Homer grin version 2","../../images/Sketches/grins/Homer%20Grin%20version%202%20front%20ORIGINAL.jpg","Homer Grin version 2 front ORIGINAL.jpg","D:\github\ron-english-sketches-and-drawings\images\Sketches\grins\Homer Grin version 2 front ORIGINAL.jpg","True"
"homer-grin-version-2.html","Homer grin version 2","../../images/Sketches/grins/Homer%20grin%20version%202%20back%20ORIGINAL.jpg","Homer grin version 2 back ORIGINAL.jpg","D:\github\ron-english-sketches-and-drawings\images\Sketches\grins\Homer grin version 2 back ORIGINAL.jpg","True"
"homer-grin-version-2.html","Homer grin version 2","../../images/Sketches/grins/Homer%20grin%20version%202%20back%20ORIGINAL.jpg","Homer grin version 2 back ORIGINAL.jpg","D:\github\ron-english-sketches-and-drawings\images\Sketches\grins\Homer grin version 2 back ORIGINAL.jpg","True"
"homer-grin-version-2.html","Homer grin version 2","../../images/Sketches/grins/Homer%20Grin%20version%202%20left%20side%20ORIGINAL.jpg","Homer Grin version 2 left side ORIGINAL.jpg","D:\github\ron-english-sketches-and-drawings\images\Sketches\grins\Homer Grin version 2 left side ORIGINAL.jpg","True"
"homer-grin-version-2.html","Homer grin version 2","../../images/Sketches/grins/Homer%20Grin%20version%202%20left%20side%20ORIGINAL.jpg","Homer Grin version 2 left side ORIGINAL.jpg","D:\github\ron-english-sketches-and-drawings\images\Sketches\grins\Homer Grin version 2 left side ORIGINAL.jpg","True"
"homer-grin-version-2.html","Homer grin version 2","../../images/Sketches/grins/Homer%20Grin%20version%202%20right%20side%20ORIGINAL.jpg","Homer Grin version 2 right side ORIGINAL.jpg","D:\github\ron-english-sketches-and-drawings\images\Sketches\grins\Homer Grin version 2 right side ORIGINAL.jpg","True"
"homer-grin-version-2.html","Homer grin version 2","../../images/Sketches/grins/Homer%20Grin%20version%202%20right%20side%20ORIGINAL.jpg","Homer Grin version 2 right side ORIGINAL.jpg","D:\github\ron-english-sketches-and-drawings\images\Sketches\grins\Homer Grin version 2 right side ORIGINAL.jpg","True"
"homer-grin-version-2.html","Homer grin version 2","../../images/Sketches/grins/Homer%20Grin%20version%202%20front%20B%26W.jpg","Homer Grin version 2 front B&W.jpg","D:\github\ron-english-sketches-and-drawings\images\Sketches\grins\Homer Grin version 2 front B&W.jpg","True"
"homer-grin-version-2.html","Homer grin version 2","../../images/Sketches/grins/Homer%20Grin%20version%202%20front%20B%26W.jpg","Homer Grin version 2 front B&W.jpg","D:\github\ron-english-sketches-and-drawings\images\Sketches\grins\Homer Grin version 2 front B&W.jpg","True"
"homer-grin-version-2.html","Homer grin version 2","../../images/Sketches/grins/Homer%20Grin%20version%202%20front%20COLOR.jpg","Homer Grin version 2 front COLOR.jpg","D:\github\ron-english-sketches-and-drawings\images\Sketches\grins\Homer Grin version 2 front COLOR.jpg","True"
"homer-grin-version-2.html","Homer grin version 2","../../images/Sketches/grins/Homer%20Grin%20version%202%20front%20COLOR.jpg","Homer Grin version 2 front COLOR.jpg","D:\github\ron-english-sketches-and-drawings\images\Sketches\grins\Homer Grin version 2 front COLOR.jpg","True"
"honey-butts-grin.html","Honey Butts Grin","../../images/Sketches/grins/Honey%20Butts%20Grin%20ORIGINAL.jpg","Honey Butts Grin ORIGINAL.jpg","D:\github\ron-english-sketches-and-drawings\images\Sketches\grins\Honey Butts Grin ORIGINAL.jpg","True"
"honey-butts-grin.html","Honey Butts Grin","../../images/Sketches/grins/Honey%20Butts%20Grin%20ORIGINAL.jpg","Honey Butts Grin ORIGINAL.jpg","D:\github\ron-english-sketches-and-drawings\images\Sketches\grins\Honey Butts Grin ORIGINAL.jpg","True"
"honey-butts-grin.html","Honey Butts Grin","../../images/Sketches/grins/Honey%20Butts%20Grin%20B%26W.jpg","Honey Butts Grin B&W.jpg","D:\github\ron-english-sketches-and-drawings\images\Sketches\grins\Honey Butts Grin B&W.jpg","True"
"honey-butts-grin.html","Honey Butts Grin","../../images/Sketches/grins/Honey%20Butts%20Grin%20B%26W.jpg","Honey Butts Grin B&W.jpg","D:\github\ron-english-sketches-and-drawings\images\Sketches\grins\Honey Butts Grin B&W.jpg","True"
"hound-grin.html","Hound Grin","../../images/Sketches/grins/Hound%20Grin%20Face%20ORIGINAL.jpg","Hound Grin Face ORIGINAL.jpg","D:\github\ron-english-sketches-and-drawings\images\Sketches\grins\Hound Grin Face ORIGINAL.jpg","True"
"hound-grin.html","Hound Grin","../../images/Sketches/grins/Hound%20Grin%20Face%20ORIGINAL.jpg","Hound Grin Face ORIGINAL.jpg","D:\github\ron-english-sketches-and-drawings\images\Sketches\grins\Hound Grin Face ORIGINAL.jpg","True"
"hound-grin.html","Hound Grin","../../images/Sketches/grins/Hound%20Grin%20ORIGINAL.jpg","Hound Grin ORIGINAL.jpg","D:\github\ron-english-sketches-and-drawings\images\Sketches\grins\Hound Grin ORIGINAL.jpg","True"
"hound-grin.html","Hound Grin","../../images/Sketches/grins/Hound%20Grin%20ORIGINAL.jpg","Hound Grin ORIGINAL.jpg","D:\github\ron-english-sketches-and-drawings\images\Sketches\grins\Hound Grin ORIGINAL.jpg","True"
"hound-grin.html","Hound Grin","../../images/Sketches/grins/Hound%20Grin%20%20COLOR.jpg","Hound Grin  COLOR.jpg","D:\github\ron-english-sketches-and-drawings\images\Sketches\grins\Hound Grin  COLOR.jpg","True"
"hound-grin.html","Hound Grin","../../images/Sketches/grins/Hound%20Grin%20%20COLOR.jpg","Hound Grin  COLOR.jpg","D:\github\ron-english-sketches-and-drawings\images\Sketches\grins\Hound Grin  COLOR.jpg","True"
"hr-puffenstuff-grin.html","HR Puffenstuff Grin","../../images/Sketches/grins/HR%20Puffenstuff%20Grin%20ORIGINAL.jpg","HR Puffenstuff Grin ORIGINAL.jpg","D:\github\ron-english-sketches-and-drawings\images\Sketches\grins\HR Puffenstuff Grin ORIGINAL.jpg","True"
"hr-puffenstuff-grin.html","HR Puffenstuff Grin","../../images/Sketches/grins/HR%20Puffenstuff%20Grin%20ORIGINAL.jpg","HR Puffenstuff Grin ORIGINAL.jpg","D:\github\ron-english-sketches-and-drawings\images\Sketches\grins\HR Puffenstuff Grin ORIGINAL.jpg","True"
"hr-puffenstuff-grin.html","HR Puffenstuff Grin","../../images/Sketches/grins/HR%20Puffenstuff%20Grin%20COLOR.jpg","HR Puffenstuff Grin COLOR.jpg","D:\github\ron-english-sketches-and-drawings\images\Sketches\grins\HR Puffenstuff Grin COLOR.jpg","True"
"hr-puffenstuff-grin.html","HR Puffenstuff Grin","../../images/Sketches/grins/HR%20Puffenstuff%20Grin%20COLOR.jpg","HR Puffenstuff Grin COLOR.jpg","D:\github\ron-english-sketches-and-drawings\images\Sketches\grins\HR Puffenstuff Grin COLOR.jpg","True"
"index.html","Grins","../../images/Sketches/grins/Alien%20Baby%20Grin%20colorway%201.jpg","Alien Baby Grin colorway 1.jpg","D:\github\ron-english-sketches-and-drawings\images\Sketches\grins\Alien Baby Grin colorway 1.jpg","True"
"index.html","Grins","../../images/Sketches/grins/Alien%20Grin%20COLOR.png","Alien Grin COLOR.png","D:\github\ron-english-sketches-and-drawings\images\Sketches\grins\Alien Grin COLOR.png","True"
"index.html","Grins","../../images/Sketches/grins/Angel%20Grin%20B&amp;W.jpg","Angel Grin B&W.jpg","D:\github\ron-english-sketches-and-drawings\images\Sketches\grins\Angel Grin B&W.jpg","True"
"index.html","Grins","../../images/Sketches/grins/Angel%20Wings%20Grin%201.png","Angel Wings Grin 1.png","D:\github\ron-english-sketches-and-drawings\images\Sketches\grins\Angel Wings Grin 1.png","True"
"index.html","Grins","../../images/Sketches/grins/Artist%20Grin%20B&amp;W.jpg","Artist Grin B&W.jpg","D:\github\ron-english-sketches-and-drawings\images\Sketches\grins\Artist Grin B&W.jpg","True"
"index.html","Grins","../../images/Sketches/grins/Astro%20Boy%20Grin%20COLOR.jpg","Astro Boy Grin COLOR.jpg","D:\github\ron-english-sketches-and-drawings\images\Sketches\grins\Astro Boy Grin COLOR.jpg","True"
"index.html","Grins","../../images/Sketches/grins/Astrogrin%20ORIGINAL.jpg","Astrogrin ORIGINAL.jpg","D:\github\ron-english-sketches-and-drawings\images\Sketches\grins\Astrogrin ORIGINAL.jpg","True"
"index.html","Grins","../../images/Sketches/grins/Babalouie%20Grin%20ORIGINAL.jpg","Babalouie Grin ORIGINAL.jpg","D:\github\ron-english-sketches-and-drawings\images\Sketches\grins\Babalouie Grin ORIGINAL.jpg","True"
"index.html","Grins","../../images/Sketches/grins/Baby%20Grin%20ORIGINAL%202.jpg","Baby Grin ORIGINAL 2.jpg","D:\github\ron-english-sketches-and-drawings\images\Sketches\grins\Baby Grin ORIGINAL 2.jpg","True"
"index.html","Grins","../../images/Sketches/grins/Baby%20Grin%202%20ORIGINAL.jpg","Baby Grin 2 ORIGINAL.jpg","D:\github\ron-english-sketches-and-drawings\images\Sketches\grins\Baby Grin 2 ORIGINAL.jpg","True"
"index.html","Grins","../../images/Sketches/grins/Badly%20Drawn%20Batman%20Grin%20ORIGINAL%20COLOR.jpg","Badly Drawn Batman Grin ORIGINAL COLOR.jpg","D:\github\ron-english-sketches-and-drawings\images\Sketches\grins\Badly Drawn Batman Grin ORIGINAL COLOR.jpg","True"
"index.html","Grins","../../images/Sketches/grins/Barney%20Grin%20front%201%20ORIGINAL.jpg","Barney Grin front 1 ORIGINAL.jpg","D:\github\ron-english-sketches-and-drawings\images\Sketches\grins\Barney Grin front 1 ORIGINAL.jpg","True"
"index.html","Grins","../../images/Sketches/grins/Barney%20Grin%20Flying%20ORIGINAL.jpg","Barney Grin Flying ORIGINAL.jpg","D:\github\ron-english-sketches-and-drawings\images\Sketches\grins\Barney Grin Flying ORIGINAL.jpg","True"
"index.html","Grins","../../images/Sketches/grins/Barney%20Grin%20Guernical%20ORIGINAL.jpg","Barney Grin Guernical ORIGINAL.jpg","D:\github\ron-english-sketches-and-drawings\images\Sketches\grins\Barney Grin Guernical ORIGINAL.jpg","True"
"index.html","Grins","../../images/Sketches/grins/Bart%20Grin%20Chubby%20front%20ORIGINAL.jpg","Bart Grin Chubby front ORIGINAL.jpg","D:\github\ron-english-sketches-and-drawings\images\Sketches\grins\Bart Grin Chubby front ORIGINAL.jpg","True"
"index.html","Grins","../../images/Sketches/grins/Bart%20Grin%20Chubby%20front%20ORIGINAL.jpg","Bart Grin Chubby front ORIGINAL.jpg","D:\github\ron-english-sketches-and-drawings\images\Sketches\grins\Bart Grin Chubby front ORIGINAL.jpg","True"
"index.html","Grins","../../images/Sketches/grins/Bart%20Grin%20short%20front%20COLOR.jpg","Bart Grin short front COLOR.jpg","D:\github\ron-english-sketches-and-drawings\images\Sketches\grins\Bart Grin short front COLOR.jpg","True"
"index.html","Grins","../../images/Sketches/grins/Bartman%20Grin%20flying%20ORIGINAL.jpg","Bartman Grin flying ORIGINAL.jpg","D:\github\ron-english-sketches-and-drawings\images\Sketches\grins\Bartman Grin flying ORIGINAL.jpg","True"
"index.html","Grins","../../images/Sketches/grins/Bartman%20Grin%20flying%20ORIGINAL.jpg","Bartman Grin flying ORIGINAL.jpg","D:\github\ron-english-sketches-and-drawings\images\Sketches\grins\Bartman Grin flying ORIGINAL.jpg","True"
"index.html","Grins","../../images/Sketches/grins/Baseball%20Grin%20ORIGINAL.jpg","Baseball Grin ORIGINAL.jpg","D:\github\ron-english-sketches-and-drawings\images\Sketches\grins\Baseball Grin ORIGINAL.jpg","True"
"index.html","Grins","../../images/Sketches/grins/Basketball%20Bulldog%20Grin%20B&amp;W.jpg","Basketball Bulldog Grin B&W.jpg","D:\github\ron-english-sketches-and-drawings\images\Sketches\grins\Basketball Bulldog Grin B&W.jpg","True"
"index.html","Grins","../../images/Sketches/grins/Basketball%20Grin%20back%20ORIGINAL.jpg","Basketball Grin back ORIGINAL.jpg","D:\github\ron-english-sketches-and-drawings\images\Sketches\grins\Basketball Grin back ORIGINAL.jpg","True"
"index.html","Grins","../../images/Sketches/grins/Bat%20Grin%20front%20ORIGINAL.jpg","Bat Grin front ORIGINAL.jpg","D:\github\ron-english-sketches-and-drawings\images\Sketches\grins\Bat Grin front ORIGINAL.jpg","True"
"index.html","Grins","../../images/Sketches/grins/Bat%20Grin%20version%202%20front%20ORIGINAL.jpg","Bat Grin version 2 front ORIGINAL.jpg","D:\github\ron-english-sketches-and-drawings\images\Sketches\grins\Bat Grin version 2 front ORIGINAL.jpg","True"
"index.html","Grins","../../images/Sketches/grins/Batman%20Grin%20ORIGINAL%202.jpg","Batman Grin ORIGINAL 2.jpg","D:\github\ron-english-sketches-and-drawings\images\Sketches\grins\Batman Grin ORIGINAL 2.jpg","True"
"index.html","Grins","../../images/Sketches/grins/Batman%20Grin%20and%20Robin%202%20ORIGINAL.jpg","Batman Grin and Robin 2 ORIGINAL.jpg","D:\github\ron-english-sketches-and-drawings\images\Sketches\grins\Batman Grin and Robin 2 ORIGINAL.jpg","True"
"index.html","Grins","../../images/Sketches/grins/Batman%20Grin%20Icon%20B&amp;W.jpg","Batman Grin Icon B&W.jpg","D:\github\ron-english-sketches-and-drawings\images\Sketches\grins\Batman Grin Icon B&W.jpg","True"
"index.html","Grins","../../images/Sketches/grins/Batman%20Grin%20three%20quarters%20COLOR%201.png","Batman Grin three quarters COLOR 1.png","D:\github\ron-english-sketches-and-drawings\images\Sketches\grins\Batman Grin three quarters COLOR 1.png","True"
"index.html","Grins","../../images/Sketches/grins/Battle%20Cat%20Grin%20Crouching%20ORIGINAL.jpg","Battle Cat Grin Crouching ORIGINAL.jpg","D:\github\ron-english-sketches-and-drawings\images\Sketches\grins\Battle Cat Grin Crouching ORIGINAL.jpg","True"
"index.html","Grins","../../images/Sketches/grins/Battle%20Cat%20Grin%20Crouching%20ORIGINAL.jpg","Battle Cat Grin Crouching ORIGINAL.jpg","D:\github\ron-english-sketches-and-drawings\images\Sketches\grins\Battle Cat Grin Crouching ORIGINAL.jpg","True"
"index.html","Grins","../../images/Sketches/grins/Battle%20Skull%20Grin%20ORIGINAL.jpg","Battle Skull Grin ORIGINAL.jpg","D:\github\ron-english-sketches-and-drawings\images\Sketches\grins\Battle Skull Grin ORIGINAL.jpg","True"
"index.html","Grins","../../images/Sketches/grins/Bear%20Grin%20Forked%20Tongue%20ORIGINAL.jpg","Bear Grin Forked Tongue ORIGINAL.jpg","D:\github\ron-english-sketches-and-drawings\images\Sketches\grins\Bear Grin Forked Tongue ORIGINAL.jpg","True"
"index.html","Grins","../../images/Sketches/grins/Bearbrick%20Skull%20ORIGINAL.jpg","Bearbrick Skull ORIGINAL.jpg","D:\github\ron-english-sketches-and-drawings\images\Sketches\grins\Bearbrick Skull ORIGINAL.jpg","True"
"index.html","Grins","../../images/Sketches/grins/Beast%20Man%20Grin%20ORIGINAL.jpg","Beast Man Grin ORIGINAL.jpg","D:\github\ron-english-sketches-and-drawings\images\Sketches\grins\Beast Man Grin ORIGINAL.jpg","True"
"index.html","Grins","../../images/Sketches/grins/Bert%20Grin%20ORIGINAL.jpg","Bert Grin ORIGINAL.jpg","D:\github\ron-english-sketches-and-drawings\images\Sketches\grins\Bert Grin ORIGINAL.jpg","True"
"index.html","Grins","../../images/Sketches/grins/Big%20Boy%20Grin%20ORIGINAL.jpg","Big Boy Grin ORIGINAL.jpg","D:\github\ron-english-sketches-and-drawings\images\Sketches\grins\Big Boy Grin ORIGINAL.jpg","True"
"index.html","Grins","../../images/Sketches/grins/Biggie%20Grin%20ORIGINAL%20COLOR.png","Biggie Grin ORIGINAL COLOR.png","D:\github\ron-english-sketches-and-drawings\images\Sketches\grins\Biggie Grin ORIGINAL COLOR.png","True"
"index.html","Grins","../../images/Sketches/grins/Blanka%20Grin%20ORIGINAL.jpg","Blanka Grin ORIGINAL.jpg","D:\github\ron-english-sketches-and-drawings\images\Sketches\grins\Blanka Grin ORIGINAL.jpg","True"
"index.html","Grins","../../images/Sketches/grins/Blotchy%20Grin%20ORIGINAL.jpg","Blotchy Grin ORIGINAL.jpg","D:\github\ron-english-sketches-and-drawings\images\Sketches\grins\Blotchy Grin ORIGINAL.jpg","True"
"index.html","Grins","../../images/Sketches/grins/Blue%20From%20Blue%E2%80%99s%20Clues%20Grin%20ORIGINAL.jpg","Blue From Blue’s Clues Grin ORIGINAL.jpg","D:\github\ron-english-sketches-and-drawings\images\Sketches\grins\Blue From Blue’s Clues Grin ORIGINAL.jpg","True"
"index.html","Grins","../../images/Sketches/grins/Boba%20Fett%20Grin%20front%20ORIGINAL.jpg","Boba Fett Grin front ORIGINAL.jpg","D:\github\ron-english-sketches-and-drawings\images\Sketches\grins\Boba Fett Grin front ORIGINAL.jpg","True"
"index.html","Grins","../../images/Sketches/grins/Boo%20Boo%20Bear%20Grin%20ORIGINAL.jpg","Boo Boo Bear Grin ORIGINAL.jpg","D:\github\ron-english-sketches-and-drawings\images\Sketches\grins\Boo Boo Bear Grin ORIGINAL.jpg","True"
"index.html","Grins","../../images/Sketches/grins/Bored%20Ape%20Cowboy%20Grin%20COLOR.jpg","Bored Ape Cowboy Grin COLOR.jpg","D:\github\ron-english-sketches-and-drawings\images\Sketches\grins\Bored Ape Cowboy Grin COLOR.jpg","True"
"index.html","Grins","../../images/Sketches/grins/Bored%20Ape%20Grin%20B&amp;W.jpg","Bored Ape Grin B&W.jpg","D:\github\ron-english-sketches-and-drawings\images\Sketches\grins\Bored Ape Grin B&W.jpg","True"
"index.html","Grins","../../images/Sketches/grins/B-Rex%20Grin%20front%20ORIGINAL.jpg","B-Rex Grin front ORIGINAL.jpg","D:\github\ron-english-sketches-and-drawings\images\Sketches\grins\B-Rex Grin front ORIGINAL.jpg","True"
"index.html","Grins","../../images/Sketches/grins/Bugs%20Grin%20ORIGINAL.jpg","Bugs Grin ORIGINAL.jpg","D:\github\ron-english-sketches-and-drawings\images\Sketches\grins\Bugs Grin ORIGINAL.jpg","True"
"index.html","Grins","../../images/Sketches/grins/Bulldog%20Grin%20B&amp;W.jpg","Bulldog Grin B&W.jpg","D:\github\ron-english-sketches-and-drawings\images\Sketches\grins\Bulldog Grin B&W.jpg","True"
"index.html","Grins","../../images/Sketches/grins/Businessman%20grin%20back%20ORIGINAL.jpg","Businessman grin back ORIGINAL.jpg","D:\github\ron-english-sketches-and-drawings\images\Sketches\grins\Businessman grin back ORIGINAL.jpg","True"
"index.html","Grins","../../images/Sketches/grins/C3PO%20Grin%20B&amp;W.jpg","C3PO Grin B&W.jpg","D:\github\ron-english-sketches-and-drawings\images\Sketches\grins\C3PO Grin B&W.jpg","True"
"index.html","Grins","../../images/Sketches/grins/Cafeteria%20Lady%20Grin%20ORIGINAL.jpg","Cafeteria Lady Grin ORIGINAL.jpg","D:\github\ron-english-sketches-and-drawings\images\Sketches\grins\Cafeteria Lady Grin ORIGINAL.jpg","True"
"index.html","Grins","../../images/Sketches/grins/Cap%E2%80%99n%20Cornstarch%20Grin%20ORIGINAL.jpg","Cap’n Cornstarch Grin ORIGINAL.jpg","D:\github\ron-english-sketches-and-drawings\images\Sketches\grins\Cap’n Cornstarch Grin ORIGINAL.jpg","True"
"index.html","Grins","../../images/Sketches/grins/Carmelo%20Grin%20ORIGINAL.jpg","Carmelo Grin ORIGINAL.jpg","D:\github\ron-english-sketches-and-drawings\images\Sketches\grins\Carmelo Grin ORIGINAL.jpg","True"
"index.html","Grins","../../images/Sketches/grins/Carousel%20Grinnie%20front%20ORIGINAL.jpg","Carousel Grinnie front ORIGINAL.jpg","D:\github\ron-english-sketches-and-drawings\images\Sketches\grins\Carousel Grinnie front ORIGINAL.jpg","True"
"index.html","Grins","../../images/Sketches/grins/Cartman%20Grin%20ORIGINAL.jpg","Cartman Grin ORIGINAL.jpg","D:\github\ron-english-sketches-and-drawings\images\Sketches\grins\Cartman Grin ORIGINAL.jpg","True"
"index.html","Grins","../../images/Sketches/grins/Cat%20Grin%20card%203.jpg","Cat Grin card 3.jpg","D:\github\ron-english-sketches-and-drawings\images\Sketches\grins\Cat Grin card 3.jpg","True"
"index.html","Grins","../../images/Sketches/grins/Cat%20Grin%201%20B&amp;W.jpg","Cat Grin 1 B&W.jpg","D:\github\ron-english-sketches-and-drawings\images\Sketches\grins\Cat Grin 1 B&W.jpg","True"
"index.html","Grins","../../images/Sketches/grins/Cat%20Grin%202%20ORIGINAL%202.jpg","Cat Grin 2 ORIGINAL 2.jpg","D:\github\ron-english-sketches-and-drawings\images\Sketches\grins\Cat Grin 2 ORIGINAL 2.jpg","True"
"index.html","Grins","../../images/Sketches/grins/Cat%20in%20Hat%20Grin%20ORIGINAL.jpg","Cat in Hat Grin ORIGINAL.jpg","D:\github\ron-english-sketches-and-drawings\images\Sketches\grins\Cat in Hat Grin ORIGINAL.jpg","True"
"index.html","Grins","../../images/Sketches/grins/Catbrain%20Grin%20ORIGINAL.jpg","Catbrain Grin ORIGINAL.jpg","D:\github\ron-english-sketches-and-drawings\images\Sketches\grins\Catbrain Grin ORIGINAL.jpg","True"
"index.html","Grins","../../images/Sketches/grins/Charlie%20Brown%20Grin%20back%20ORIGINAL.jpg","Charlie Brown Grin back ORIGINAL.jpg","D:\github\ron-english-sketches-and-drawings\images\Sketches\grins\Charlie Brown Grin back ORIGINAL.jpg","True"
"index.html","Grins","../../images/Sketches/grins/Charlie%20Grin%20Flying%20ORIGINAL.jpg","Charlie Grin Flying ORIGINAL.jpg","D:\github\ron-english-sketches-and-drawings\images\Sketches\grins\Charlie Grin Flying ORIGINAL.jpg","True"
"index.html","Grins","../../images/Sketches/grins/Charlie%20Grin%20X%20Ray%20ORIGINAL.jpg","Charlie Grin X Ray ORIGINAL.jpg","D:\github\ron-english-sketches-and-drawings\images\Sketches\grins\Charlie Grin X Ray ORIGINAL.jpg","True"
"index.html","Grins","../../images/Sketches/grins/Cheshire%20Cat%20Grin%20ORIGINAL.jpg","Cheshire Cat Grin ORIGINAL.jpg","D:\github\ron-english-sketches-and-drawings\images\Sketches\grins\Cheshire Cat Grin ORIGINAL.jpg","True"
"index.html","Grins","../../images/Sketches/grins/Chico%20Roco%20front%20ORIGINAL.jpg","Chico Roco front ORIGINAL.jpg","D:\github\ron-english-sketches-and-drawings\images\Sketches\grins\Chico Roco front ORIGINAL.jpg","True"
"index.html","Grins","../../images/Sketches/grins/Chico%20Roco%20Rabbit%20Grin%20blue.jpg","Chico Roco Rabbit Grin blue.jpg","D:\github\ron-english-sketches-and-drawings\images\Sketches\grins\Chico Roco Rabbit Grin blue.jpg","True"
"index.html","Grins","../../images/Sketches/grins/Chico%20Roco%20telephone.jpg","Chico Roco telephone.jpg","D:\github\ron-english-sketches-and-drawings\images\Sketches\grins\Chico Roco telephone.jpg","True"
"index.html","Grins","../../images/Sketches/grins/Chuckie%20Grin%20ORIGINAL.jpg","Chuckie Grin ORIGINAL.jpg","D:\github\ron-english-sketches-and-drawings\images\Sketches\grins\Chuckie Grin ORIGINAL.jpg","True"
"index.html","Grins","../../images/Sketches/grins/Count%20Calorie%20Grin%20ORIGINAL.jpg","Count Calorie Grin ORIGINAL.jpg","D:\github\ron-english-sketches-and-drawings\images\Sketches\grins\Count Calorie Grin ORIGINAL.jpg","True"
"index.html","Grins","../../images/Sketches/grins/Courage%20Dog%20Grin%20ORIGINAL.jpg","Courage Dog Grin ORIGINAL.jpg","D:\github\ron-english-sketches-and-drawings\images\Sketches\grins\Courage Dog Grin ORIGINAL.jpg","True"
"index.html","Grins","../../images/Sketches/grins/COVID%20Grin%20ORIGINAL.jpg","COVID Grin ORIGINAL.jpg","D:\github\ron-english-sketches-and-drawings\images\Sketches\grins\COVID Grin ORIGINAL.jpg","True"
"index.html","Grins","../../images/Sketches/grins/Cow%20Grin%20ORIGINAL.jpg","Cow Grin ORIGINAL.jpg","D:\github\ron-english-sketches-and-drawings\images\Sketches\grins\Cow Grin ORIGINAL.jpg","True"
"index.html","Grins","../../images/Sketches/grins/Creepy%20Creature%20ORIGINAL.jpg","Creepy Creature ORIGINAL.jpg","D:\github\ron-english-sketches-and-drawings\images\Sketches\grins\Creepy Creature ORIGINAL.jpg","True"
"index.html","Grins","../../images/Sketches/grins/Croc%20Grin%20ORIGINAL.jpg","Croc Grin ORIGINAL.jpg","D:\github\ron-english-sketches-and-drawings\images\Sketches\grins\Croc Grin ORIGINAL.jpg","True"
"index.html","Grins","../../images/Sketches/grins/Crossbones%20Crest%20Brooklyn%20Nets%20Grin%201.jpg","Crossbones Crest Brooklyn Nets Grin 1.jpg","D:\github\ron-english-sketches-and-drawings\images\Sketches\grins\Crossbones Crest Brooklyn Nets Grin 1.jpg","True"
"index.html","Grins","../../images/Sketches/grins/Crossbones%20Crest%20Brooklyn%20Nets%20Grin%202.jpg","Crossbones Crest Brooklyn Nets Grin 2.jpg","D:\github\ron-english-sketches-and-drawings\images\Sketches\grins\Crossbones Crest Brooklyn Nets Grin 2.jpg","True"
"index.html","Grins","../../images/Sketches/grins/Cryptopunk%20Grin%20COLOR.png","Cryptopunk Grin COLOR.png","D:\github\ron-english-sketches-and-drawings\images\Sketches\grins\Cryptopunk Grin COLOR.png","True"
"index.html","Grins","../../images/Sketches/grins/DEADMAU5%20Grin%20COLOR%202.jpg","DEADMAU5 Grin COLOR 2.jpg","D:\github\ron-english-sketches-and-drawings\images\Sketches\grins\DEADMAU5 Grin COLOR 2.jpg","True"
"index.html","Grins","../../images/Sketches/grins/DEADMAU5%20Grin%20Running%20COLORS.jpg","DEADMAU5 Grin Running COLORS.jpg","D:\github\ron-english-sketches-and-drawings\images\Sketches\grins\DEADMAU5 Grin Running COLORS.jpg","True"
"index.html","Grins","../../images/Sketches/grins/DEADMAUGrin%20back%20COLORS.jpg","DEADMAUGrin back COLORS.jpg","D:\github\ron-english-sketches-and-drawings\images\Sketches\grins\DEADMAUGrin back COLORS.jpg","True"
"index.html","Grins","../../images/Sketches/grins/DEADMAUGrin%20%20COLORS.jpg","DEADMAUGrin  COLORS.jpg","D:\github\ron-english-sketches-and-drawings\images\Sketches\grins\DEADMAUGrin  COLORS.jpg","True"
"index.html","Grins","../../images/Sketches/grins/DEADMAUGrin%20side%20COLORS.jpg","DEADMAUGrin side COLORS.jpg","D:\github\ron-english-sketches-and-drawings\images\Sketches\grins\DEADMAUGrin side COLORS.jpg","True"
"index.html","Grins","../../images/Sketches/grins/Deputy%20Dog%20Grin%20COLOR.jpg","Deputy Dog Grin COLOR.jpg","D:\github\ron-english-sketches-and-drawings\images\Sketches\grins\Deputy Dog Grin COLOR.jpg","True"
"index.html","Grins","../../images/Sketches/grins/Dr%20Bub%20Quack%20Animation%201.jpg","Dr Bub Quack Animation 1.jpg","D:\github\ron-english-sketches-and-drawings\images\Sketches\grins\Dr Bub Quack Animation 1.jpg","True"
"index.html","Grins","../../images/Sketches/grins/Dr%20Bub%20Quack%20Animation%202.jpg","Dr Bub Quack Animation 2.jpg","D:\github\ron-english-sketches-and-drawings\images\Sketches\grins\Dr Bub Quack Animation 2.jpg","True"
"index.html","Grins","../../images/Sketches/grins/Dr%20Bub%20Quack%20Grin%20COLOR.jpg","Dr Bub Quack Grin COLOR.jpg","D:\github\ron-english-sketches-and-drawings\images\Sketches\grins\Dr Bub Quack Grin COLOR.jpg","True"
"index.html","Grins","../../images/Sketches/grins/Drink%20the%20Koolaid%201.png","Drink the Koolaid 1.png","D:\github\ron-english-sketches-and-drawings\images\Sketches\grins\Drink the Koolaid 1.png","True"
"index.html","Grins","../../images/Sketches/grins/Drink%20the%20Koolaid%202.png","Drink the Koolaid 2.png","D:\github\ron-english-sketches-and-drawings\images\Sketches\grins\Drink the Koolaid 2.png","True"
"index.html","Grins","../../images/Sketches/grins/Dripping%20Grin%20head%20ORIGINAL%20COLOR%201.jpg","Dripping Grin head ORIGINAL COLOR 1.jpg","D:\github\ron-english-sketches-and-drawings\images\Sketches\grins\Dripping Grin head ORIGINAL COLOR 1.jpg","True"
"index.html","Grins","../../images/Sketches/grins/Droopy%20Dog%20Grin%20ORIGINAL.jpg","Droopy Dog Grin ORIGINAL.jpg","D:\github\ron-english-sketches-and-drawings\images\Sketches\grins\Droopy Dog Grin ORIGINAL.jpg","True"
"index.html","Grins","../../images/Sketches/grins/Dunny%20Grin%20front%20ORIGINAL.jpg","Dunny Grin front ORIGINAL.jpg","D:\github\ron-english-sketches-and-drawings\images\Sketches\grins\Dunny Grin front ORIGINAL.jpg","True"
"index.html","Grins","../../images/Sketches/grins/Elefanka%20Grin%20Side%20View%20ORIGINAL.jpg","Elefanka Grin Side View ORIGINAL.jpg","D:\github\ron-english-sketches-and-drawings\images\Sketches\grins\Elefanka Grin Side View ORIGINAL.jpg","True"
"index.html","Grins","../../images/Sketches/grins/Elephant%20Grin%20ORIGINAL%202.jpg","Elephant Grin ORIGINAL 2.jpg","D:\github\ron-english-sketches-and-drawings\images\Sketches\grins\Elephant Grin ORIGINAL 2.jpg","True"
"index.html","Grins","../../images/Sketches/grins/Elmo%20Grin%20ORIGINAL.jpg","Elmo Grin ORIGINAL.jpg","D:\github\ron-english-sketches-and-drawings\images\Sketches\grins\Elmo Grin ORIGINAL.jpg","True"
"index.html","Grins","../../images/Sketches/grins/Eminem%20Grin%20ORIGINAL.jpg","Eminem Grin ORIGINAL.jpg","D:\github\ron-english-sketches-and-drawings\images\Sketches\grins\Eminem Grin ORIGINAL.jpg","True"
"index.html","Grins","../../images/Sketches/grins/Ernie%20Grin%20ORIGINAL.jpg","Ernie Grin ORIGINAL.jpg","D:\github\ron-english-sketches-and-drawings\images\Sketches\grins\Ernie Grin ORIGINAL.jpg","True"
"index.html","Grins","../../images/Sketches/grins/EZ%20Nuts%20Grin%20ORIGINAL.jpg","EZ Nuts Grin ORIGINAL.jpg","D:\github\ron-english-sketches-and-drawings\images\Sketches\grins\EZ Nuts Grin ORIGINAL.jpg","True"
"index.html","Grins","../../images/Sketches/grins/Fat%20Stormtrooper%20Grin%20back%20ORIGINAL.jpg","Fat Stormtrooper Grin back ORIGINAL.jpg","D:\github\ron-english-sketches-and-drawings\images\Sketches\grins\Fat Stormtrooper Grin back ORIGINAL.jpg","True"
"index.html","Grins","../../images/Sketches/grins/Faze%20Banks%20Grin%20COLOR.jpg","Faze Banks Grin COLOR.jpg","D:\github\ron-english-sketches-and-drawings\images\Sketches\grins\Faze Banks Grin COLOR.jpg","True"
"index.html","Grins","../../images/Sketches/grins/Felix%20Grin%20Front%20ORIGINAL.jpg","Felix Grin Front ORIGINAL.jpg","D:\github\ron-english-sketches-and-drawings\images\Sketches\grins\Felix Grin Front ORIGINAL.jpg","True"
"index.html","Grins","../../images/Sketches/grins/Firecracker%20Skeleton%20Grin%20ORIGINAL.jpg","Firecracker Skeleton Grin ORIGINAL.jpg","D:\github\ron-english-sketches-and-drawings\images\Sketches\grins\Firecracker Skeleton Grin ORIGINAL.jpg","True"
"index.html","Grins","../../images/Sketches/grins/Flaming%20O%20Grin%20ORIGINAL.jpg","Flaming O Grin ORIGINAL.jpg","D:\github\ron-english-sketches-and-drawings\images\Sketches\grins\Flaming O Grin ORIGINAL.jpg","True"
"index.html","Grins","../../images/Sketches/grins/Floating%20Grinnie%20ORIGINAL.jpg","Floating Grinnie ORIGINAL.jpg","D:\github\ron-english-sketches-and-drawings\images\Sketches\grins\Floating Grinnie ORIGINAL.jpg","True"
"index.html","Grins","../../images/Sketches/grins/Flower%20Brain%20Grin%20COLOR.png","Flower Brain Grin COLOR.png","D:\github\ron-english-sketches-and-drawings\images\Sketches\grins\Flower Brain Grin COLOR.png","True"
"index.html","Grins","../../images/Sketches/grins/Flower%20Grin%20ORIGINAL%20COLOR.jpg","Flower Grin ORIGINAL COLOR.jpg","D:\github\ron-english-sketches-and-drawings\images\Sketches\grins\Flower Grin ORIGINAL COLOR.jpg","True"
"index.html","Grins","../../images/Sketches/grins/Flower%20Grin%20ORIGINAL%20COLOR%20(2).jpg","Flower Grin ORIGINAL COLOR (2).jpg","D:\github\ron-english-sketches-and-drawings\images\Sketches\grins\Flower Grin ORIGINAL COLOR (2).jpg","True"
"index.html","Grins","../../images/Sketches/grins/Flower%20Grin%20ORIGINAL%20COLOR%20(3).jpg","Flower Grin ORIGINAL COLOR (3).jpg","D:\github\ron-english-sketches-and-drawings\images\Sketches\grins\Flower Grin ORIGINAL COLOR (3).jpg","True"
"index.html","Grins","../../images/Sketches/grins/Flower%20Grin%20version%202%20ORIGINAL.jpg","Flower Grin version 2 ORIGINAL.jpg","D:\github\ron-english-sketches-and-drawings\images\Sketches\grins\Flower Grin version 2 ORIGINAL.jpg","True"
"index.html","Grins","../../images/Sketches/grins/Flying%20Grinnie%20ORIGINAL.png","Flying Grinnie ORIGINAL.png","D:\github\ron-english-sketches-and-drawings\images\Sketches\grins\Flying Grinnie ORIGINAL.png","True"
"index.html","Grins","../../images/Sketches/grins/Foot%20in%20Mouth%20ORIGINAL%20COLOR.jpg","Foot in Mouth ORIGINAL COLOR.jpg","D:\github\ron-english-sketches-and-drawings\images\Sketches\grins\Foot in Mouth ORIGINAL COLOR.jpg","True"
"index.html","Grins","../../images/Sketches/grins/Football%20Grin%20ORIGINAL.jpg","Football Grin ORIGINAL.jpg","D:\github\ron-english-sketches-and-drawings\images\Sketches\grins\Football Grin ORIGINAL.jpg","True"
"index.html","Grins","../../images/Sketches/grins/Football%20Player%20Grin%20ORIGINAL.jpg","Football Player Grin ORIGINAL.jpg","D:\github\ron-english-sketches-and-drawings\images\Sketches\grins\Football Player Grin ORIGINAL.jpg","True"
"index.html","Grins","../../images/Sketches/grins/Franken%20Fat%20Grin%20ORIGINAL.jpg","Franken Fat Grin ORIGINAL.jpg","D:\github\ron-english-sketches-and-drawings\images\Sketches\grins\Franken Fat Grin ORIGINAL.jpg","True"
"index.html","Grins","../../images/Sketches/grins/Franken%20Grin%20COLOR.png","Franken Grin COLOR.png","D:\github\ron-english-sketches-and-drawings\images\Sketches\grins\Franken Grin COLOR.png","True"
"index.html","Grins","../../images/Sketches/grins/Freak%20Bro%20Afro%20Stache%20ORIGINAL.jpg","Freak Bro Afro Stache ORIGINAL.jpg","D:\github\ron-english-sketches-and-drawings\images\Sketches\grins\Freak Bro Afro Stache ORIGINAL.jpg","True"
"index.html","Grins","../../images/Sketches/grins/Freak%20Bro%20Grin%20ORIGINAL.jpg","Freak Bro Grin ORIGINAL.jpg","D:\github\ron-english-sketches-and-drawings\images\Sketches\grins\Freak Bro Grin ORIGINAL.jpg","True"
"index.html","Grins","../../images/Sketches/grins/Freak%20Cat%20ORIGINAL.jpg","Freak Cat ORIGINAL.jpg","D:\github\ron-english-sketches-and-drawings\images\Sketches\grins\Freak Cat ORIGINAL.jpg","True"
"index.html","Grins","../../images/Sketches/grins/Garfield%20Grin%20ORIGINAL.jpg","Garfield Grin ORIGINAL.jpg","D:\github\ron-english-sketches-and-drawings\images\Sketches\grins\Garfield Grin ORIGINAL.jpg","True"
"index.html","Grins","../../images/Sketches/grins/George%20Jetson%20Grin%20ORIGINAL.jpg","George Jetson Grin ORIGINAL.jpg","D:\github\ron-english-sketches-and-drawings\images\Sketches\grins\George Jetson Grin ORIGINAL.jpg","True"
"index.html","Grins","../../images/Sketches/grins/Ghostbuster%20Grin%20ORIGINAL.jpg","Ghostbuster Grin ORIGINAL.jpg","D:\github\ron-english-sketches-and-drawings\images\Sketches\grins\Ghostbuster Grin ORIGINAL.jpg","True"
"index.html","Grins","../../images/Sketches/grins/Godzilla%20Heart%20Grin%20ORIGINAL.jpg","Godzilla Heart Grin ORIGINAL.jpg","D:\github\ron-english-sketches-and-drawings\images\Sketches\grins\Godzilla Heart Grin ORIGINAL.jpg","True"
"index.html","Grins","../../images/Sketches/grins/Gorilla%20Grin%20ORIGINAL%20COLOR%201.jpg","Gorilla Grin ORIGINAL COLOR 1.jpg","D:\github\ron-english-sketches-and-drawings\images\Sketches\grins\Gorilla Grin ORIGINAL COLOR 1.jpg","True"
"index.html","Grins","../../images/Sketches/grins/Gorilla%20Grin%202%20back%20ORIGINAL.jpg","Gorilla Grin 2 back ORIGINAL.jpg","D:\github\ron-english-sketches-and-drawings\images\Sketches\grins\Gorilla Grin 2 back ORIGINAL.jpg","True"
"index.html","Grins","../../images/Sketches/grins/Grim%20Grin%20ORIGINAL%20COLOR.jpg","Grim Grin ORIGINAL COLOR.jpg","D:\github\ron-english-sketches-and-drawings\images\Sketches\grins\Grim Grin ORIGINAL COLOR.jpg","True"
"index.html","Grins","../../images/Sketches/grins/Grim%20Grin%20(Grin%20Reaper)%20ORIGINAL.jpg","Grim Grin (Grin Reaper) ORIGINAL.jpg","D:\github\ron-english-sketches-and-drawings\images\Sketches\grins\Grim Grin (Grin Reaper) ORIGINAL.jpg","True"
"index.html","Grins","../../images/Sketches/grins/Grim%20Reaper%20Grin%20ORIGINAL%202.jpg","Grim Reaper Grin ORIGINAL 2.jpg","D:\github\ron-english-sketches-and-drawings\images\Sketches\grins\Grim Reaper Grin ORIGINAL 2.jpg","True"
"index.html","Grins","../../images/Sketches/grins/Grim%20Reefer%20ORIGINAL%20COLOR.jpg","Grim Reefer ORIGINAL COLOR.jpg","D:\github\ron-english-sketches-and-drawings\images\Sketches\grins\Grim Reefer ORIGINAL COLOR.jpg","True"
"index.html","Grins","../../images/Sketches/grins/Grin%20animation%20front%20ORIGINAL.jpg","Grin animation front ORIGINAL.jpg","D:\github\ron-english-sketches-and-drawings\images\Sketches\grins\Grin animation front ORIGINAL.jpg","True"
"index.html","Grins","../../images/Sketches/grins/Grin%20Animation%20front%20B&amp;W%20(1).jpg","Grin Animation front B&W (1).jpg","D:\github\ron-english-sketches-and-drawings\images\Sketches\grins\Grin Animation front B&W (1).jpg","True"
"index.html","Grins","../../images/Sketches/grins/Grin%20Animation%20side%20B&amp;W%20(1).jpg","Grin Animation side B&W (1).jpg","D:\github\ron-english-sketches-and-drawings\images\Sketches\grins\Grin Animation side B&W (1).jpg","True"
"index.html","Grins","../../images/Sketches/grins/Grin%20Baby%20ORIGINAL.jpg","Grin Baby ORIGINAL.jpg","D:\github\ron-english-sketches-and-drawings\images\Sketches\grins\Grin Baby ORIGINAL.jpg","True"
"index.html","Grins","../../images/Sketches/grins/Grin%20Brain%20Cone%20ORIGINAL.jpg","Grin Brain Cone ORIGINAL.jpg","D:\github\ron-english-sketches-and-drawings\images\Sketches\grins\Grin Brain Cone ORIGINAL.jpg","True"
"index.html","Grins","../../images/Sketches/grins/Grin%20Bunny%20Ears%20B&amp;W.jpg","Grin Bunny Ears B&W.jpg","D:\github\ron-english-sketches-and-drawings\images\Sketches\grins\Grin Bunny Ears B&W.jpg","True"
"index.html","Grins","../../images/Sketches/grins/Grin%20Bunny%20Three%20Ears%20ORIGINAL.jpg","Grin Bunny Three Ears ORIGINAL.jpg","D:\github\ron-english-sketches-and-drawings\images\Sketches\grins\Grin Bunny Three Ears ORIGINAL.jpg","True"
"index.html","Grins","../../images/Sketches/grins/Grin%20Bunny%20Two%20Ears%20ORIGINAL.jpg","Grin Bunny Two Ears ORIGINAL.jpg","D:\github\ron-english-sketches-and-drawings\images\Sketches\grins\Grin Bunny Two Ears ORIGINAL.jpg","True"
"index.html","Grins","../../images/Sketches/grins/Grin%20Car%20front%20ORIGINAL.jpg","Grin Car front ORIGINAL.jpg","D:\github\ron-english-sketches-and-drawings\images\Sketches\grins\Grin Car front ORIGINAL.jpg","True"
"index.html","Grins","../../images/Sketches/grins/Grin%20Flower%20ORIGINAL.jpg","Grin Flower ORIGINAL.jpg","D:\github\ron-english-sketches-and-drawings\images\Sketches\grins\Grin Flower ORIGINAL.jpg","True"
"index.html","Grins","../../images/Sketches/grins/Grin%20God%20back%20ORIGINAL.jpg","Grin God back ORIGINAL.jpg","D:\github\ron-english-sketches-and-drawings\images\Sketches\grins\Grin God back ORIGINAL.jpg","True"
"index.html","Grins","../../images/Sketches/grins/Grin%20Kitty%20ORIGINAL.jpg","Grin Kitty ORIGINAL.jpg","D:\github\ron-english-sketches-and-drawings\images\Sketches\grins\Grin Kitty ORIGINAL.jpg","True"
"index.html","Grins","../../images/Sketches/grins/Grin%20Mouth%20ORIGINAL.jpg","Grin Mouth ORIGINAL.jpg","D:\github\ron-english-sketches-and-drawings\images\Sketches\grins\Grin Mouth ORIGINAL.jpg","True"
"index.html","Grins","../../images/Sketches/grins/Grin%20Planet%20B&amp;W.png","Grin Planet B&W.png","D:\github\ron-english-sketches-and-drawings\images\Sketches\grins\Grin Planet B&W.png","True"
"index.html","Grins","../../images/Sketches/grins/Grin%20Reaper%20version%202%20B&amp;W.jpg","Grin Reaper version 2 B&W.jpg","D:\github\ron-english-sketches-and-drawings\images\Sketches\grins\Grin Reaper version 2 B&W.jpg","True"
"index.html","Grins","../../images/Sketches/grins/Grin%20Reaper%20With%20Facemask%20ORIGINAL%20COLOR%201.jpg","Grin Reaper With Facemask ORIGINAL COLOR 1.jpg","D:\github\ron-english-sketches-and-drawings\images\Sketches\grins\Grin Reaper With Facemask ORIGINAL COLOR 1.jpg","True"
"index.html","Grins","../../images/Sketches/grins/Grin%20Smoker%20copy.jpg","Grin Smoker copy.jpg","D:\github\ron-english-sketches-and-drawings\images\Sketches\grins\Grin Smoker copy.jpg","True"
"index.html","Grins","../../images/Sketches/grins/Grin%20Smoker%20B&amp;W%20shaded.jpg","Grin Smoker B&W shaded.jpg","D:\github\ron-english-sketches-and-drawings\images\Sketches\grins\Grin Smoker B&W shaded.jpg","True"
"index.html","Grins","../../images/Sketches/grins/Grin%20Smoker%20Portrait%20ORIGINAL.jpg","Grin Smoker Portrait ORIGINAL.jpg","D:\github\ron-english-sketches-and-drawings\images\Sketches\grins\Grin Smoker Portrait ORIGINAL.jpg","True"
"index.html","Grins","../../images/Sketches/grins/Grinch%20Grin%20ORIGINAL.jpg","Grinch Grin ORIGINAL.jpg","D:\github\ron-english-sketches-and-drawings\images\Sketches\grins\Grinch Grin ORIGINAL.jpg","True"
"index.html","Grins","../../images/Sketches/grins/grinne%20side%20view%20color.jpg","grinne side view color.jpg","D:\github\ron-english-sketches-and-drawings\images\Sketches\grins\grinne side view color.jpg","True"
"index.html","Grins","../../images/Sketches/grins/grinnie%20back%20color.jpg","grinnie back color.jpg","D:\github\ron-english-sketches-and-drawings\images\Sketches\grins\grinnie back color.jpg","True"
"index.html","Grins","../../images/Sketches/grins/Grinnie%20and%20Friends%20Totem%20Pole%20ORIGINAL.jpg","Grinnie and Friends Totem Pole ORIGINAL.jpg","D:\github\ron-english-sketches-and-drawings\images\Sketches\grins\Grinnie and Friends Totem Pole ORIGINAL.jpg","True"
"index.html","Grins","../../images/Sketches/grins/Grinnie%20Delusionville%20Pilot%20side%20COLOR.jpg","Grinnie Delusionville Pilot side COLOR.jpg","D:\github\ron-english-sketches-and-drawings\images\Sketches\grins\Grinnie Delusionville Pilot side COLOR.jpg","True"
"index.html","Grins","../../images/Sketches/grins/Grinnie%20Delusionville%20Pilot%20in%20plane%20front%20B&amp;W.jpg","Grinnie Delusionville Pilot in plane front B&W.jpg","D:\github\ron-english-sketches-and-drawings\images\Sketches\grins\Grinnie Delusionville Pilot in plane front B&W.jpg","True"
"index.html","Grins","../../images/Sketches/grins/Grinnie%20Family%20Icon%20COLOR.jpg","Grinnie Family Icon COLOR.jpg","D:\github\ron-english-sketches-and-drawings\images\Sketches\grins\Grinnie Family Icon COLOR.jpg","True"
"index.html","Grins","../../images/Sketches/grins/grinnie%20front%20view%20color.jpg","grinnie front view color.jpg","D:\github\ron-english-sketches-and-drawings\images\Sketches\grins\grinnie front view color.jpg","True"
"index.html","Grins","../../images/Sketches/grins/Grinnie%20on%20Horseback%20ORIGINAL%202.jpg","Grinnie on Horseback ORIGINAL 2.jpg","D:\github\ron-english-sketches-and-drawings\images\Sketches\grins\Grinnie on Horseback ORIGINAL 2.jpg","True"
"index.html","Grins","../../images/Sketches/grins/Grinnie%20Side%20view%20COLOR.png","Grinnie Side view COLOR.png","D:\github\ron-english-sketches-and-drawings\images\Sketches\grins\Grinnie Side view COLOR.png","True"
"index.html","Grins","../../images/Sketches/grins/Grinnies%20Grin%20ORIGINAL%202.jpg","Grinnies Grin ORIGINAL 2.jpg","D:\github\ron-english-sketches-and-drawings\images\Sketches\grins\Grinnies Grin ORIGINAL 2.jpg","True"
"index.html","Grins","../../images/Sketches/grins/grinnies%20grin%20face%20animation.jpg","grinnies grin face animation.jpg","D:\github\ron-english-sketches-and-drawings\images\Sketches\grins\grinnies grin face animation.jpg","True"
"index.html","Grins","../../images/Sketches/grins/Grinnies%20on%20TV%20ORIGINAL.jpg","Grinnies on TV ORIGINAL.jpg","D:\github\ron-english-sketches-and-drawings\images\Sketches\grins\Grinnies on TV ORIGINAL.jpg","True"
"index.html","Grins","../../images/Sketches/grins/Grinnies%20Twins%20ORIGINAL.jpg","Grinnies Twins ORIGINAL.jpg","D:\github\ron-english-sketches-and-drawings\images\Sketches\grins\Grinnies Twins ORIGINAL.jpg","True"
"index.html","Grins","../../images/Sketches/grins/Grinplanet%20Nobody%20COLOR.jpg","Grinplanet Nobody COLOR.jpg","D:\github\ron-english-sketches-and-drawings\images\Sketches\grins\Grinplanet Nobody COLOR.jpg","True"
"index.html","Grins","../../images/Sketches/grins/Grouch%20Grin%20ORIGINAL.jpg","Grouch Grin ORIGINAL.jpg","D:\github\ron-english-sketches-and-drawings\images\Sketches\grins\Grouch Grin ORIGINAL.jpg","True"
"index.html","Grins","../../images/Sketches/grins/Gummy%20Bear%20Grin%20ORIGINAL.jpg","Gummy Bear Grin ORIGINAL.jpg","D:\github\ron-english-sketches-and-drawings\images\Sketches\grins\Gummy Bear Grin ORIGINAL.jpg","True"
"index.html","Grins","../../images/Sketches/grins/Hawaiian%20Punch%20Grin%20ORIGINAL.jpg","Hawaiian Punch Grin ORIGINAL.jpg","D:\github\ron-english-sketches-and-drawings\images\Sketches\grins\Hawaiian Punch Grin ORIGINAL.jpg","True"
"index.html","Grins","../../images/Sketches/grins/Hello%20Kitty%20Grin%20right%20side%20ORIGINAL.jpg","Hello Kitty Grin right side ORIGINAL.jpg","D:\github\ron-english-sketches-and-drawings\images\Sketches\grins\Hello Kitty Grin right side ORIGINAL.jpg","True"
"index.html","Grins","../../images/Sketches/grins/Homer%20Grin%20headshot%20COLOR.jpg","Homer Grin headshot COLOR.jpg","D:\github\ron-english-sketches-and-drawings\images\Sketches\grins\Homer Grin headshot COLOR.jpg","True"
"index.html","Grins","../../images/Sketches/grins/Homer%20Grin%203%20front%20COLOR.jpg","Homer Grin 3 front COLOR.jpg","D:\github\ron-english-sketches-and-drawings\images\Sketches\grins\Homer Grin 3 front COLOR.jpg","True"
"index.html","Grins","../../images/Sketches/grins/Homer%20Grin%20Flying%20ORIGINAL.jpg","Homer Grin Flying ORIGINAL.jpg","D:\github\ron-english-sketches-and-drawings\images\Sketches\grins\Homer Grin Flying ORIGINAL.jpg","True"
"index.html","Grins","../../images/Sketches/grins/Homer%20Grin%20version%202%20front%20COLOR.jpg","Homer Grin version 2 front COLOR.jpg","D:\github\ron-english-sketches-and-drawings\images\Sketches\grins\Homer Grin version 2 front COLOR.jpg","True"
"index.html","Grins","../../images/Sketches/grins/Honey%20Butts%20Grin%20B%26W.jpg","Honey Butts Grin B&W.jpg","D:\github\ron-english-sketches-and-drawings\images\Sketches\grins\Honey Butts Grin B&W.jpg","True"
"index.html","Grins","../../images/Sketches/grins/Hound%20Grin%20%20COLOR.jpg","Hound Grin  COLOR.jpg","D:\github\ron-english-sketches-and-drawings\images\Sketches\grins\Hound Grin  COLOR.jpg","True"
"index.html","Grins","../../images/Sketches/grins/HR%20Puffenstuff%20Grin%20COLOR.jpg","HR Puffenstuff Grin COLOR.jpg","D:\github\ron-english-sketches-and-drawings\images\Sketches\grins\HR Puffenstuff Grin COLOR.jpg","True"
"index.html","Grins","../../images/Sketches/grins/Jake%20the%20Dog%20Grin%20ORIGINAL.jpg","Jake the Dog Grin ORIGINAL.jpg","D:\github\ron-english-sketches-and-drawings\images\Sketches\grins\Jake the Dog Grin ORIGINAL.jpg","True"
"index.html","Grins","../../images/Sketches/grins/Jane%20Jetson%20Grin%20ORIGINAL.jpg","Jane Jetson Grin ORIGINAL.jpg","D:\github\ron-english-sketches-and-drawings\images\Sketches\grins\Jane Jetson Grin ORIGINAL.jpg","True"
"index.html","Grins","../../images/Sketches/grins/Jeremiah%20Grin%201%20ORIGINAL.jpg","Jeremiah Grin 1 ORIGINAL.jpg","D:\github\ron-english-sketches-and-drawings\images\Sketches\grins\Jeremiah Grin 1 ORIGINAL.jpg","True"
"index.html","Grins","../../images/Sketches/grins/Jeremiah%20Grin%202%20ORIGINAL.jpg","Jeremiah Grin 2 ORIGINAL.jpg","D:\github\ron-english-sketches-and-drawings\images\Sketches\grins\Jeremiah Grin 2 ORIGINAL.jpg","True"
"index.html","Grins","../../images/Sketches/grins/Jeremiah%20Grin%203%20ORIGINAL.jpg","Jeremiah Grin 3 ORIGINAL.jpg","D:\github\ron-english-sketches-and-drawings\images\Sketches\grins\Jeremiah Grin 3 ORIGINAL.jpg","True"
"index.html","Grins","../../images/Sketches/grins/Jeremiah%20Grin%204%20ORIGINAL.jpg","Jeremiah Grin 4 ORIGINAL.jpg","D:\github\ron-english-sketches-and-drawings\images\Sketches\grins\Jeremiah Grin 4 ORIGINAL.jpg","True"
"index.html","Grins","../../images/Sketches/grins/Jimi%20Hendrix%20Grin%20ORIGINAL%20COLOR%203.jpg","Jimi Hendrix Grin ORIGINAL COLOR 3.jpg","D:\github\ron-english-sketches-and-drawings\images\Sketches\grins\Jimi Hendrix Grin ORIGINAL COLOR 3.jpg","True"
"index.html","Grins","../../images/Sketches/grins/Joker%20Grin%20B%26W.jpg","Joker Grin B&W.jpg","D:\github\ron-english-sketches-and-drawings\images\Sketches\grins\Joker Grin B&W.jpg","True"
"index.html","Grins","../../images/Sketches/grins/Kanegon%20Grin%20COLOR.jpg","Kanegon Grin COLOR.jpg","D:\github\ron-english-sketches-and-drawings\images\Sketches\grins\Kanegon Grin COLOR.jpg","True"
"index.html","Grins","../../images/Sketches/grins/Kevin%20Durant%201%20ORIGINAL.jpg","Kevin Durant 1 ORIGINAL.jpg","D:\github\ron-english-sketches-and-drawings\images\Sketches\grins\Kevin Durant 1 ORIGINAL.jpg","True"
"index.html","Grins","../../images/Sketches/grins/Kevin%20Durant%20Grim%20ORIGINAL.jpg","Kevin Durant Grim ORIGINAL.jpg","D:\github\ron-english-sketches-and-drawings\images\Sketches\grins\Kevin Durant Grim ORIGINAL.jpg","True"
"index.html","Grins","../../images/Sketches/grins/Kevin%20Durant%20Grin%20With%20Ball%20ORIGINAL.jpg","Kevin Durant Grin With Ball ORIGINAL.jpg","D:\github\ron-english-sketches-and-drawings\images\Sketches\grins\Kevin Durant Grin With Ball ORIGINAL.jpg","True"
"index.html","Grins","../../images/Sketches/grins/Kevin%20Durant%20Grin%20With%20Ball%20ORIGINAL.1.jpg","Kevin Durant Grin With Ball ORIGINAL.1.jpg","D:\github\ron-english-sketches-and-drawings\images\Sketches\grins\Kevin Durant Grin With Ball ORIGINAL.1.jpg","True"
"index.html","Grins","../../images/Sketches/grins/Kiss%20Gene%20Grin%20ORIGINAL.jpg","Kiss Gene Grin ORIGINAL.jpg","D:\github\ron-english-sketches-and-drawings\images\Sketches\grins\Kiss Gene Grin ORIGINAL.jpg","True"
"index.html","Grins","../../images/Sketches/grins/Krusty%20the%20Clown%20Grin%20front%20B%26W.jpg","Krusty the Clown Grin front B&W.jpg","D:\github\ron-english-sketches-and-drawings\images\Sketches\grins\Krusty the Clown Grin front B&W.jpg","True"
"index.html","Grins","../../images/Sketches/grins/Kursed%20Grin%20Side%20View%20COLOR.jpg","Kursed Grin Side View COLOR.jpg","D:\github\ron-english-sketches-and-drawings\images\Sketches\grins\Kursed Grin Side View COLOR.jpg","True"
"index.html","Grins","../../images/Sketches/grins/Lemon%20Boy%20grin%20COLOR.jpg","Lemon Boy grin COLOR.jpg","D:\github\ron-english-sketches-and-drawings\images\Sketches\grins\Lemon Boy grin COLOR.jpg","True"
"index.html","Grins","../../images/Sketches/grins/Lemon%20Boy%20Grin%20Walking%20COLOR.jpg","Lemon Boy Grin Walking COLOR.jpg","D:\github\ron-english-sketches-and-drawings\images\Sketches\grins\Lemon Boy Grin Walking COLOR.jpg","True"
"index.html","Grins","../../images/Sketches/grins/Leopard%20Grin%201%20COLOR.png","Leopard Grin 1 COLOR.png","D:\github\ron-english-sketches-and-drawings\images\Sketches\grins\Leopard Grin 1 COLOR.png","True"
"index.html","Grins","../../images/Sketches/grins/Leopard%20Grin%202%20COLOR.png","Leopard Grin 2 COLOR.png","D:\github\ron-english-sketches-and-drawings\images\Sketches\grins\Leopard Grin 2 COLOR.png","True"
"index.html","Grins","../../images/Sketches/grins/Leopard%20Grin%203%20COLOR.png","Leopard Grin 3 COLOR.png","D:\github\ron-english-sketches-and-drawings\images\Sketches\grins\Leopard Grin 3 COLOR.png","True"
"index.html","Grins","../../images/Sketches/grins/Liberty%20Grin%20B%26W.jpg","Liberty Grin B&W.jpg","D:\github\ron-english-sketches-and-drawings\images\Sketches\grins\Liberty Grin B&W.jpg","True"
"index.html","Grins","../../images/Sketches/grins/Lisa%20Grin%20front%20COLOR.jpg","Lisa Grin front COLOR.jpg","D:\github\ron-english-sketches-and-drawings\images\Sketches\grins\Lisa Grin front COLOR.jpg","True"
"index.html","Grins","../../images/Sketches/grins/Lucky%20Cat%20Grin%20COLOR.jpg","Lucky Cat Grin COLOR.jpg","D:\github\ron-english-sketches-and-drawings\images\Sketches\grins\Lucky Cat Grin COLOR.jpg","True"
"index.html","Grins","../../images/Sketches/grins/Mad%20Magazine%20Alfred%20Grin%20ORIGINAL.jpg","Mad Magazine Alfred Grin ORIGINAL.jpg","D:\github\ron-english-sketches-and-drawings\images\Sketches\grins\Mad Magazine Alfred Grin ORIGINAL.jpg","True"
"index.html","Grins","../../images/Sketches/grins/Mad%20Magazine%20Alfred%20Grin%20ORIGINAL.1.jpg","Mad Magazine Alfred Grin ORIGINAL.1.jpg","D:\github\ron-english-sketches-and-drawings\images\Sketches\grins\Mad Magazine Alfred Grin ORIGINAL.1.jpg","True"
"index.html","Grins","../../images/Sketches/grins/Mad%20Mickey%20Grin%20drawing%20ORIGINAL.jpg","Mad Mickey Grin drawing ORIGINAL.jpg","D:\github\ron-english-sketches-and-drawings\images\Sketches\grins\Mad Mickey Grin drawing ORIGINAL.jpg","True"
"index.html","Grins","../../images/Sketches/grins/Maggie%20Grin%20front%20COLOR.jpg","Maggie Grin front COLOR.jpg","D:\github\ron-english-sketches-and-drawings\images\Sketches\grins\Maggie Grin front COLOR.jpg","True"
"index.html","Grins","../../images/Sketches/grins/Manny%20Pacquaio%20Grin%20ORIGINAL%20COLOR%203.jpg","Manny Pacquaio Grin ORIGINAL COLOR 3.jpg","D:\github\ron-english-sketches-and-drawings\images\Sketches\grins\Manny Pacquaio Grin ORIGINAL COLOR 3.jpg","True"
"index.html","Grins","../../images/Sketches/grins/Marge%20Grin%20front%20B%26W.jpg","Marge Grin front B&W.jpg","D:\github\ron-english-sketches-and-drawings\images\Sketches\grins\Marge Grin front B&W.jpg","True"
"index.html","Grins","../../images/Sketches/grins/Mario%20Grin%20front%20ORIGINAL.jpg","Mario Grin front ORIGINAL.jpg","D:\github\ron-english-sketches-and-drawings\images\Sketches\grins\Mario Grin front ORIGINAL.jpg","True"
"index.html","Grins","../../images/Sketches/grins/MC%20Grin%20card.jpg","MC Grin card.jpg","D:\github\ron-english-sketches-and-drawings\images\Sketches\grins\MC Grin card.jpg","True"
"index.html","Grins","../../images/Sketches/grins/MC%20Grin%202%20card.png","MC Grin 2 card.png","D:\github\ron-english-sketches-and-drawings\images\Sketches\grins\MC Grin 2 card.png","True"
"index.html","Grins","../../images/Sketches/grins/MC%20Supersized%20Grin%20ORIGINAL.jpg","MC Supersized Grin ORIGINAL.jpg","D:\github\ron-english-sketches-and-drawings\images\Sketches\grins\MC Supersized Grin ORIGINAL.jpg","True"
"index.html","Grins","../../images/Sketches/grins/MC%20Supersized%20Grin%202%20COLOR.jpg","MC Supersized Grin 2 COLOR.jpg","D:\github\ron-english-sketches-and-drawings\images\Sketches\grins\MC Supersized Grin 2 COLOR.jpg","True"
"index.html","Grins","../../images/Sketches/grins/MC%20Supersize%20Grin%20Flying%20ORIGINAL.jpg","MC Supersize Grin Flying ORIGINAL.jpg","D:\github\ron-english-sketches-and-drawings\images\Sketches\grins\MC Supersize Grin Flying ORIGINAL.jpg","True"
"index.html","Grins","../../images/Sketches/grins/Melting%20Grinnie%20side%20view%203%20COLOR.png","Melting Grinnie side view 3 COLOR.png","D:\github\ron-english-sketches-and-drawings\images\Sketches\grins\Melting Grinnie side view 3 COLOR.png","True"
"index.html","Grins","../../images/Sketches/grins/Melting%20Monster%20Grin%20ORIGINAL.jpg","Melting Monster Grin ORIGINAL.jpg","D:\github\ron-english-sketches-and-drawings\images\Sketches\grins\Melting Monster Grin ORIGINAL.jpg","True"
"index.html","Grins","../../images/Sketches/grins/Mentadusa%20B%26W.jpg","Mentadusa B&W.jpg","D:\github\ron-english-sketches-and-drawings\images\Sketches\grins\Mentadusa B&W.jpg","True"
"index.html","Grins","../../images/Sketches/grins/Mickey%20Eyes%20Grin%201%20COLOR.png","Mickey Eyes Grin 1 COLOR.png","D:\github\ron-english-sketches-and-drawings\images\Sketches\grins\Mickey Eyes Grin 1 COLOR.png","True"
"index.html","Grins","../../images/Sketches/grins/Mickey%20Eyes%20Grin%202%20COLOR.png","Mickey Eyes Grin 2 COLOR.png","D:\github\ron-english-sketches-and-drawings\images\Sketches\grins\Mickey Eyes Grin 2 COLOR.png","True"
"index.html","Grins","../../images/Sketches/grins/Mickey%20Grin%20head%20COLOR.jpg","Mickey Grin head COLOR.jpg","D:\github\ron-english-sketches-and-drawings\images\Sketches\grins\Mickey Grin head COLOR.jpg","True"
"index.html","Grins","../../images/Sketches/grins/Mickey%20Mouse%20Grin%20left%20side%20ORIGINAL.jpg","Mickey Mouse Grin left side ORIGINAL.jpg","D:\github\ron-english-sketches-and-drawings\images\Sketches\grins\Mickey Mouse Grin left side ORIGINAL.jpg","True"
"index.html","Grins","../../images/Sketches/grins/Mickey%20Mouse%20Grin%202%20ORIGINAL.jpg","Mickey Mouse Grin 2 ORIGINAL.jpg","D:\github\ron-english-sketches-and-drawings\images\Sketches\grins\Mickey Mouse Grin 2 ORIGINAL.jpg","True"
"index.html","Grins","../../images/Sketches/grins/Mickey%20Mouse%20Grin%20Flying%20ORIGINAL.jpg","Mickey Mouse Grin Flying ORIGINAL.jpg","D:\github\ron-english-sketches-and-drawings\images\Sketches\grins\Mickey Mouse Grin Flying ORIGINAL.jpg","True"
"index.html","Grins","../../images/Sketches/grins/Mishka%20Eyeball%20Grin%20COLOR.jpg","Mishka Eyeball Grin COLOR.jpg","D:\github\ron-english-sketches-and-drawings\images\Sketches\grins\Mishka Eyeball Grin COLOR.jpg","True"
"index.html","Grins","../../images/Sketches/grins/Modzilla%20Grin%20Side%20ORIGINAL.jpg","Modzilla Grin Side ORIGINAL.jpg","D:\github\ron-english-sketches-and-drawings\images\Sketches\grins\Modzilla Grin Side ORIGINAL.jpg","True"
"index.html","Grins","../../images/Sketches/grins/Mogul%20Grin%20COLOR.jpg","Mogul Grin COLOR.jpg","D:\github\ron-english-sketches-and-drawings\images\Sketches\grins\Mogul Grin COLOR.jpg","True"
"index.html","Grins","../../images/Sketches/grins/Mogul%20Grin%20Standing%20COLOR.jpg","Mogul Grin Standing COLOR.jpg","D:\github\ron-english-sketches-and-drawings\images\Sketches\grins\Mogul Grin Standing COLOR.jpg","True"
"index.html","Grins","../../images/Sketches/grins/Monkey%20Grin%20Mouth%20COLOR.png","Monkey Grin Mouth COLOR.png","D:\github\ron-english-sketches-and-drawings\images\Sketches\grins\Monkey Grin Mouth COLOR.png","True"
"index.html","Grins","../../images/Sketches/grins/Monkey%20Shiner%20Angel%20Grin%20COLOR.jpg","Monkey Shiner Angel Grin COLOR.jpg","D:\github\ron-english-sketches-and-drawings\images\Sketches\grins\Monkey Shiner Angel Grin COLOR.jpg","True"
"index.html","Grins","../../images/Sketches/grins/Monkey%20Shiner%20Angel%20Grin%20ORINGINAL.jpg","Monkey Shiner Angel Grin ORINGINAL.jpg","D:\github\ron-english-sketches-and-drawings\images\Sketches\grins\Monkey Shiner Angel Grin ORINGINAL.jpg","True"
"index.html","Grins","../../images/Sketches/grins/Monkey%20Shriner%20Grin%20ORIGINAL.jpg","Monkey Shriner Grin ORIGINAL.jpg","D:\github\ron-english-sketches-and-drawings\images\Sketches\grins\Monkey Shriner Grin ORIGINAL.jpg","True"
"index.html","Grins","../../images/Sketches/grins/Monkey%20Shriner%20Grin%20ORIGINAL.1.jpg","Monkey Shriner Grin ORIGINAL.1.jpg","D:\github\ron-english-sketches-and-drawings\images\Sketches\grins\Monkey Shriner Grin ORIGINAL.1.jpg","True"
"index.html","Grins","../../images/Sketches/grins/Mounted%20Gorilla%20Grin%20ORIGINAL.jpg","Mounted Gorilla Grin ORIGINAL.jpg","D:\github\ron-english-sketches-and-drawings\images\Sketches\grins\Mounted Gorilla Grin ORIGINAL.jpg","True"
"index.html","Grins","../../images/Sketches/grins/Mouth%20Grin%20COLOR.jpg","Mouth Grin COLOR.jpg","D:\github\ron-english-sketches-and-drawings\images\Sketches\grins\Mouth Grin COLOR.jpg","True"
"index.html","Grins","../../images/Sketches/grins/Mr%20Met%20Grin%20ORIGINAL%20COLOR.jpg","Mr Met Grin ORIGINAL COLOR.jpg","D:\github\ron-english-sketches-and-drawings\images\Sketches\grins\Mr Met Grin ORIGINAL COLOR.jpg","True"
"index.html","Grins","../../images/Sketches/grins/Mr%20Potato%20Grin%20COLOR.jpg","Mr Potato Grin COLOR.jpg","D:\github\ron-english-sketches-and-drawings\images\Sketches\grins\Mr Potato Grin COLOR.jpg","True"
"index.html","Grins","../../images/Sketches/grins/Mummy%20Grin%20COLOR.jpg","Mummy Grin COLOR.jpg","D:\github\ron-english-sketches-and-drawings\images\Sketches\grins\Mummy Grin COLOR.jpg","True"
"index.html","Grins","../../images/Sketches/grins/Mummy%20Grin%201%20COLOR.png","Mummy Grin 1 COLOR.png","D:\github\ron-english-sketches-and-drawings\images\Sketches\grins\Mummy Grin 1 COLOR.png","True"
"index.html","Grins","../../images/Sketches/grins/M.U.S.C.L.E.%20He-Man%20Grinnie%20front%20B%26W.jpg","M.U.S.C.L.E. He-Man Grinnie front B&W.jpg","D:\github\ron-english-sketches-and-drawings\images\Sketches\grins\M.U.S.C.L.E. He-Man Grinnie front B&W.jpg","True"
"index.html","Grins","../../images/Sketches/grins/Mush%20Man%20grin%20ORIGINAL%20COLOR.jpg","Mush Man grin ORIGINAL COLOR.jpg","D:\github\ron-english-sketches-and-drawings\images\Sketches\grins\Mush Man grin ORIGINAL COLOR.jpg","True"
"index.html","Grins","../../images/Sketches/grins/Mush%20Man%20grin%20ORIGINAL%20(2).jpg","Mush Man grin ORIGINAL (2).jpg","D:\github\ron-english-sketches-and-drawings\images\Sketches\grins\Mush Man grin ORIGINAL (2).jpg","True"
"index.html","Grins","../../images/Sketches/grins/Mutley%20Grin%20ORIGINAL.jpg","Mutley Grin ORIGINAL.jpg","D:\github\ron-english-sketches-and-drawings\images\Sketches\grins\Mutley Grin ORIGINAL.jpg","True"
"index.html","Grins","../../images/Sketches/grins/Ninja%20Turtle%20Grin%20COLOR.jpg","Ninja Turtle Grin COLOR.jpg","D:\github\ron-english-sketches-and-drawings\images\Sketches\grins\Ninja Turtle Grin COLOR.jpg","True"
"index.html","Grins","../../images/Sketches/grins/Olive%20Oil%20Grin%20ORIGINAL.jpg","Olive Oil Grin ORIGINAL.jpg","D:\github\ron-english-sketches-and-drawings\images\Sketches\grins\Olive Oil Grin ORIGINAL.jpg","True"
"index.html","Grins","../../images/Sketches/grins/Orion%20Grin%20side%20ORIGINAL.jpeg","Orion Grin side ORIGINAL.jpeg","D:\github\ron-english-sketches-and-drawings\images\Sketches\grins\Orion Grin side ORIGINAL.jpeg","True"
"index.html","Grins","../../images/Sketches/grins/Panda%20Bear%20Grin%20COLOR.jpg","Panda Bear Grin COLOR.jpg","D:\github\ron-english-sketches-and-drawings\images\Sketches\grins\Panda Bear Grin COLOR.jpg","True"
"index.html","Grins","../../images/Sketches/grins/Panda%20Grin%20ORIGINAL.jpg","Panda Grin ORIGINAL.jpg","D:\github\ron-english-sketches-and-drawings\images\Sketches\grins\Panda Grin ORIGINAL.jpg","True"
"index.html","Grins","../../images/Sketches/grins/Patrick%20Grin%20COLOR.jpg","Patrick Grin COLOR.jpg","D:\github\ron-english-sketches-and-drawings\images\Sketches\grins\Patrick Grin COLOR.jpg","True"
"index.html","Grins","../../images/Sketches/grins/Patrick%20Grin%20in%20Water%20COLOR.jpg","Patrick Grin in Water COLOR.jpg","D:\github\ron-english-sketches-and-drawings\images\Sketches\grins\Patrick Grin in Water COLOR.jpg","True"
"index.html","Grins","../../images/Sketches/grins/Peko%20Girl%20Grin%20B%26W.jpg","Peko Girl Grin B&W.jpg","D:\github\ron-english-sketches-and-drawings\images\Sketches\grins\Peko Girl Grin B&W.jpg","True"
"index.html","Grins","../../images/Sketches/grins/Pepz%20Boy%20Grin%20ORIGINAL.jpg","Pepz Boy Grin ORIGINAL.jpg","D:\github\ron-english-sketches-and-drawings\images\Sketches\grins\Pepz Boy Grin ORIGINAL.jpg","True"
"index.html","Grins","../../images/Sketches/grins/Peter%20Grin%20ORIGINAL.jpg","Peter Grin ORIGINAL.jpg","D:\github\ron-english-sketches-and-drawings\images\Sketches\grins\Peter Grin ORIGINAL.jpg","True"
"index.html","Grins","../../images/Sketches/grins/Peter%20Potamus%20Grin%20ORIGINAL.jpg","Peter Potamus Grin ORIGINAL.jpg","D:\github\ron-english-sketches-and-drawings\images\Sketches\grins\Peter Potamus Grin ORIGINAL.jpg","True"
"index.html","Grins","../../images/Sketches/grins/pinnochio%20grin%20right%20side%20-%20Trace%20girl%20-%20colored%20by%20susan%20-%20png.jpg","pinnochio grin right side - Trace girl - colored by susan - png.jpg","D:\github\ron-english-sketches-and-drawings\images\Sketches\grins\pinnochio grin right side - Trace girl - colored by susan - png.jpg","True"
"index.html","Grins","../../images/Sketches/grins/pinnochio%20grin%20three%20quarters%20-%20Trace%20girl%20-%20colored%20by%20susan%20-%20png.jpg","pinnochio grin three quarters - Trace girl - colored by susan - png.jpg","D:\github\ron-english-sketches-and-drawings\images\Sketches\grins\pinnochio grin three quarters - Trace girl - colored by susan - png.jpg","True"
"index.html","Grins","../../images/Sketches/grins/Pinocchio%20Grin%20front%20B%26W.jpg","Pinocchio Grin front B&W.jpg","D:\github\ron-english-sketches-and-drawings\images\Sketches\grins\Pinocchio Grin front B&W.jpg","True"
"index.html","Grins","../../images/Sketches/grins/Pinocchio%20Grin%20Left%20Side%20portrait%20ORIGINAL.jpg","Pinocchio Grin Left Side portrait ORIGINAL.jpg","D:\github\ron-english-sketches-and-drawings\images\Sketches\grins\Pinocchio Grin Left Side portrait ORIGINAL.jpg","True"
"index.html","Grins","../../images/Sketches/grins/Pinocchio%20Grin%20Three%20Quarters%20B%26W.jpg","Pinocchio Grin Three Quarters B&W.jpg","D:\github\ron-english-sketches-and-drawings\images\Sketches\grins\Pinocchio Grin Three Quarters B&W.jpg","True"
"index.html","Grins","../../images/Sketches/grins/Pizza%20This%20ORIGINAL.jpg","Pizza This ORIGINAL.jpg","D:\github\ron-english-sketches-and-drawings\images\Sketches\grins\Pizza This ORIGINAL.jpg","True"
"index.html","Grins","../../images/Sketches/grins/Plush%20Bear%20Grin%20front%20COLOR.jpg","Plush Bear Grin front COLOR.jpg","D:\github\ron-english-sketches-and-drawings\images\Sketches\grins\Plush Bear Grin front COLOR.jpg","True"
"index.html","Grins","../../images/Sketches/grins/Plush%20Bear%20Grinnies%20ORIGINAL%20COLOR.jpg","Plush Bear Grinnies ORIGINAL COLOR.jpg","D:\github\ron-english-sketches-and-drawings\images\Sketches\grins\Plush Bear Grinnies ORIGINAL COLOR.jpg","True"
"index.html","Grins","../../images/Sketches/grins/Plush%20Grin%20front%20ORIGINAL%20COLOR.jpg","Plush Grin front ORIGINAL COLOR.jpg","D:\github\ron-english-sketches-and-drawings\images\Sketches\grins\Plush Grin front ORIGINAL COLOR.jpg","True"
"index.html","Grins","../../images/Sketches/grins/Popeye%20Butthead%20Grin%20ORIGINAL.jpg","Popeye Butthead Grin ORIGINAL.jpg","D:\github\ron-english-sketches-and-drawings\images\Sketches\grins\Popeye Butthead Grin ORIGINAL.jpg","True"
"index.html","Grins","../../images/Sketches/grins/Powerpuff%20Girl%20Bubbles%20Grin%20ORIGINAL.jpg","Powerpuff Girl Bubbles Grin ORIGINAL.jpg","D:\github\ron-english-sketches-and-drawings\images\Sketches\grins\Powerpuff Girl Bubbles Grin ORIGINAL.jpg","True"
"index.html","Grins","../../images/Sketches/grins/Pumpkin%20Grin%20COLOR.jpg","Pumpkin Grin COLOR.jpg","D:\github\ron-english-sketches-and-drawings\images\Sketches\grins\Pumpkin Grin COLOR.jpg","True"
"index.html","Grins","../../images/Sketches/grins/Qhrist%20Grin%201%20COLOR.jpg","Qhrist Grin 1 COLOR.jpg","D:\github\ron-english-sketches-and-drawings\images\Sketches\grins\Qhrist Grin 1 COLOR.jpg","True"
"index.html","Grins","../../images/Sketches/grins/Qhrist%20Grin%202%20B%26W.png","Qhrist Grin 2 B&W.png","D:\github\ron-english-sketches-and-drawings\images\Sketches\grins\Qhrist Grin 2 B&W.png","True"
"index.html","Grins","../../images/Sketches/grins/Quick%20Draw%20McGraw%20Grin%20ORIGINAL.jpg","Quick Draw McGraw Grin ORIGINAL.jpg","D:\github\ron-english-sketches-and-drawings\images\Sketches\grins\Quick Draw McGraw Grin ORIGINAL.jpg","True"
"index.html","Grins","../../images/Sketches/grins/Rabbbit%20Double%20Grin%20Mouth%20B%26W.jpg","Rabbbit Double Grin Mouth B&W.jpg","D:\github\ron-english-sketches-and-drawings\images\Sketches\grins\Rabbbit Double Grin Mouth B&W.jpg","True"
"index.html","Grins","../../images/Sketches/grins/Rabbbit%20Grin%20COLOR.jpg","Rabbbit Grin COLOR.jpg","D:\github\ron-english-sketches-and-drawings\images\Sketches\grins\Rabbbit Grin COLOR.jpg","True"
"index.html","Grins","../../images/Sketches/grins/Rabbbit%20Grin%20mouth%20ORIGINAL.jpg","Rabbbit Grin mouth ORIGINAL.jpg","D:\github\ron-english-sketches-and-drawings\images\Sketches\grins\Rabbbit Grin mouth ORIGINAL.jpg","True"
"index.html","Grins","../../images/Sketches/grins/Rabbbit%20Grin%20version%202%20front%20COLOR.jpg","Rabbbit Grin version 2 front COLOR.jpg","D:\github\ron-english-sketches-and-drawings\images\Sketches\grins\Rabbbit Grin version 2 front COLOR.jpg","True"
"index.html","Grins","../../images/Sketches/grins/Rabbbit%20Grin%20version%202%20three%20quarters%20COLOR.jpg","Rabbbit Grin version 2 three quarters COLOR.jpg","D:\github\ron-english-sketches-and-drawings\images\Sketches\grins\Rabbbit Grin version 2 three quarters COLOR.jpg","True"
"index.html","Grins","../../images/Sketches/grins/Rabbbit%20Skull%20Grin%20ORIGINAL%20COLOR.jpg","Rabbbit Skull Grin ORIGINAL COLOR.jpg","D:\github\ron-english-sketches-and-drawings\images\Sketches\grins\Rabbbit Skull Grin ORIGINAL COLOR.jpg","True"
"index.html","Grins","../../images/Sketches/grins/Rabbbit%20with%20Fangs%20side%20ORIGINAL.jpg","Rabbbit with Fangs side ORIGINAL.jpg","D:\github\ron-english-sketches-and-drawings\images\Sketches\grins\Rabbbit with Fangs side ORIGINAL.jpg","True"
"index.html","Grins","../../images/Sketches/grins/Rabbit%20Grin%20ORIGINAL.jpg","Rabbit Grin ORIGINAL.jpg","D:\github\ron-english-sketches-and-drawings\images\Sketches\grins\Rabbit Grin ORIGINAL.jpg","True"
"index.html","Grins","../../images/Sketches/grins/Rabbit%20Grin%202%20COLOR.jpg","Rabbit Grin 2 COLOR.jpg","D:\github\ron-english-sketches-and-drawings\images\Sketches\grins\Rabbit Grin 2 COLOR.jpg","True"
"index.html","Grins","../../images/Sketches/grins/Ramones%20Grin%201%20ORIGINAL.jpg","Ramones Grin 1 ORIGINAL.jpg","D:\github\ron-english-sketches-and-drawings\images\Sketches\grins\Ramones Grin 1 ORIGINAL.jpg","True"
"index.html","Grins","../../images/Sketches/grins/Ramones%20Grin%202%20ORIGINAL.jpg","Ramones Grin 2 ORIGINAL.jpg","D:\github\ron-english-sketches-and-drawings\images\Sketches\grins\Ramones Grin 2 ORIGINAL.jpg","True"
"index.html","Grins","../../images/Sketches/grins/Ramones%20Grin%203%20ORIGINAL.jpg","Ramones Grin 3 ORIGINAL.jpg","D:\github\ron-english-sketches-and-drawings\images\Sketches\grins\Ramones Grin 3 ORIGINAL.jpg","True"
"index.html","Grins","../../images/Sketches/grins/Ramones%20Grin%204%20ORIGINAL.jpg","Ramones Grin 4 ORIGINAL.jpg","D:\github\ron-english-sketches-and-drawings\images\Sketches\grins\Ramones Grin 4 ORIGINAL.jpg","True"
"index.html","Grins","../../images/Sketches/grins/Ramones%20Grin%205%20ORIGINAL.jpg","Ramones Grin 5 ORIGINAL.jpg","D:\github\ron-english-sketches-and-drawings\images\Sketches\grins\Ramones Grin 5 ORIGINAL.jpg","True"
"index.html","Grins","../../images/Sketches/grins/Richie%20Grin%20ORIGINAL%20COLOR.jpg","Richie Grin ORIGINAL COLOR.jpg","D:\github\ron-english-sketches-and-drawings\images\Sketches\grins\Richie Grin ORIGINAL COLOR.jpg","True"
"index.html","Grins","../../images/Sketches/grins/Robbie%20Spray%20Grin%20COLOR.jpg","Robbie Spray Grin COLOR.jpg","D:\github\ron-english-sketches-and-drawings\images\Sketches\grins\Robbie Spray Grin COLOR.jpg","True"
"index.html","Grins","../../images/Sketches/grins/Robby%20Robot%20Grin%20B%26W.jpg","Robby Robot Grin B&W.jpg","D:\github\ron-english-sketches-and-drawings\images\Sketches\grins\Robby Robot Grin B&W.jpg","True"
"index.html","Grins","../../images/Sketches/grins/Ron%20Fink%20Grin%20COLOR.jpg","Ron Fink Grin COLOR.jpg","D:\github\ron-english-sketches-and-drawings\images\Sketches\grins\Ron Fink Grin COLOR.jpg","True"
"index.html","Grins","../../images/Sketches/grins/Ron%20Fink%20Grin%20ORIGINAL%20(2).jpg","Ron Fink Grin ORIGINAL (2).jpg","D:\github\ron-english-sketches-and-drawings\images\Sketches\grins\Ron Fink Grin ORIGINAL (2).jpg","True"
"index.html","Grins","../../images/Sketches/grins/Rosie%20Jetson%20Grin%20ORIGINAL.jpg","Rosie Jetson Grin ORIGINAL.jpg","D:\github\ron-english-sketches-and-drawings\images\Sketches\grins\Rosie Jetson Grin ORIGINAL.jpg","True"
"index.html","Grins","../../images/Sketches/grins/Rugrat%20Grin%20ORIGINAL.jpg","Rugrat Grin ORIGINAL.jpg","D:\github\ron-english-sketches-and-drawings\images\Sketches\grins\Rugrat Grin ORIGINAL.jpg","True"
"index.html","Grins","../../images/Sketches/grins/Santa%20Cruz%20Hand%20Grin%20ORIGINAL.jpg","Santa Cruz Hand Grin ORIGINAL.jpg","D:\github\ron-english-sketches-and-drawings\images\Sketches\grins\Santa Cruz Hand Grin ORIGINAL.jpg","True"
"index.html","Grins","../../images/Sketches/grins/Santa%20Grin%201%20COLOR.jpg","Santa Grin 1 COLOR.jpg","D:\github\ron-english-sketches-and-drawings\images\Sketches\grins\Santa Grin 1 COLOR.jpg","True"
"index.html","Grins","../../images/Sketches/grins/Santa%20Grin%202%20COLOR.jpg","Santa Grin 2 COLOR.jpg","D:\github\ron-english-sketches-and-drawings\images\Sketches\grins\Santa Grin 2 COLOR.jpg","True"
"index.html","Grins","../../images/Sketches/grins/Santa%20Grin%203%20ORIGINAL.jpg","Santa Grin 3 ORIGINAL.jpg","D:\github\ron-english-sketches-and-drawings\images\Sketches\grins\Santa Grin 3 ORIGINAL.jpg","True"
"index.html","Grins","../../images/Sketches/grins/Scooby%20Doo%20Grin%20ORIGINAL.jpg","Scooby Doo Grin ORIGINAL.jpg","D:\github\ron-english-sketches-and-drawings\images\Sketches\grins\Scooby Doo Grin ORIGINAL.jpg","True"
"index.html","Grins","../../images/Sketches/grins/Scream%20Grin%20COLOR.jpg","Scream Grin COLOR.jpg","D:\github\ron-english-sketches-and-drawings\images\Sketches\grins\Scream Grin COLOR.jpg","True"
"index.html","Grins","../../images/Sketches/grins/Sever%20Fairy%20Landshark%20Grin%20ORIGINAL%20COLOR.jpg","Sever Fairy Landshark Grin ORIGINAL COLOR.jpg","D:\github\ron-english-sketches-and-drawings\images\Sketches\grins\Sever Fairy Landshark Grin ORIGINAL COLOR.jpg","True"
"index.html","Grins","../../images/Sketches/grins/Sever%20Fairy%20Landshark%20Grin%20Front%20(Mickey%20Fin)%20ORIGINAL.jpg","Sever Fairy Landshark Grin Front (Mickey Fin) ORIGINAL.jpg","D:\github\ron-english-sketches-and-drawings\images\Sketches\grins\Sever Fairy Landshark Grin Front (Mickey Fin) ORIGINAL.jpg","True"
"index.html","Grins","../../images/Sketches/grins/Sever%20Fairy%20Landshark%20Grin%20(Mickey%20Fin)%20COLOR.jpg","Sever Fairy Landshark Grin (Mickey Fin) COLOR.jpg","D:\github\ron-english-sketches-and-drawings\images\Sketches\grins\Sever Fairy Landshark Grin (Mickey Fin) COLOR.jpg","True"
"index.html","Grins","../../images/Sketches/grins/Sever%20Fairy%20Landshark%20Grin%20three%20quarters%20COLOR.jpg","Sever Fairy Landshark Grin three quarters COLOR.jpg","D:\github\ron-english-sketches-and-drawings\images\Sketches\grins\Sever Fairy Landshark Grin three quarters COLOR.jpg","True"
"index.html","Grins","../../images/Sketches/grins/Shark%20Grin%20COLOR.jpg","Shark Grin COLOR.jpg","D:\github\ron-english-sketches-and-drawings\images\Sketches\grins\Shark Grin COLOR.jpg","True"
"index.html","Grins","../../images/Sketches/grins/Shark%20Grin%20Hotrod%20B%26W.jpg","Shark Grin Hotrod B&W.jpg","D:\github\ron-english-sketches-and-drawings\images\Sketches\grins\Shark Grin Hotrod B&W.jpg","True"
"index.html","Grins","../../images/Sketches/grins/Shark%20Man%20Grin%20COLOR.jpg","Shark Man Grin COLOR.jpg","D:\github\ron-english-sketches-and-drawings\images\Sketches\grins\Shark Man Grin COLOR.jpg","True"
"index.html","Grins","../../images/Sketches/grins/Simpsons%20Family%20Grins%201%20ORIGINAL.jpg","Simpsons Family Grins 1 ORIGINAL.jpg","D:\github\ron-english-sketches-and-drawings\images\Sketches\grins\Simpsons Family Grins 1 ORIGINAL.jpg","True"
"index.html","Grins","../../images/Sketches/grins/Simpsons%20Family%20Grins%202%20ORIGINAL.jpg","Simpsons Family Grins 2 ORIGINAL.jpg","D:\github\ron-english-sketches-and-drawings\images\Sketches\grins\Simpsons Family Grins 2 ORIGINAL.jpg","True"
"index.html","Grins","../../images/Sketches/grins/Skeleton%20Grin%20front%20COLOR.jpg","Skeleton Grin front COLOR.jpg","D:\github\ron-english-sketches-and-drawings\images\Sketches\grins\Skeleton Grin front COLOR.jpg","True"
"index.html","Grins","../../images/Sketches/grins/Slo%20Moe%20Grin%20Portrait%20COLOR.jpg","Slo Moe Grin Portrait COLOR.jpg","D:\github\ron-english-sketches-and-drawings\images\Sketches\grins\Slo Moe Grin Portrait COLOR.jpg","True"
"index.html","Grins","../../images/Sketches/grins/Slow%20Moe%20Grin%20COLOR.jpg","Slow Moe Grin COLOR.jpg","D:\github\ron-english-sketches-and-drawings\images\Sketches\grins\Slow Moe Grin COLOR.jpg","True"
"index.html","Grins","../../images/Sketches/grins/Slushsquatch%20Grin%20ORIGINAL.jpg","Slushsquatch Grin ORIGINAL.jpg","D:\github\ron-english-sketches-and-drawings\images\Sketches\grins\Slushsquatch Grin ORIGINAL.jpg","True"
"index.html","Grins","../../images/Sketches/grins/Smack%2C%20Crack%2C%20Pop%20Grin%20ORIGINAL.jpg","Smack, Crack, Pop Grin ORIGINAL.jpg","D:\github\ron-english-sketches-and-drawings\images\Sketches\grins\Smack, Crack, Pop Grin ORIGINAL.jpg","True"
"index.html","Grins","../../images/Sketches/grins/Smiley%20Face%20Dog%20Grin%20Newcastle%20ORIGINAL.jpg","Smiley Face Dog Grin Newcastle ORIGINAL.jpg","D:\github\ron-english-sketches-and-drawings\images\Sketches\grins\Smiley Face Dog Grin Newcastle ORIGINAL.jpg","True"
"index.html","Grins","../../images/Sketches/grins/Smoking%20Grin%20COLOR%202.png","Smoking Grin COLOR 2.png","D:\github\ron-english-sketches-and-drawings\images\Sketches\grins\Smoking Grin COLOR 2.png","True"
"index.html","Grins","../../images/Sketches/grins/Smurfette%20Grin%20COLOR.jpg","Smurfette Grin COLOR.jpg","D:\github\ron-english-sketches-and-drawings\images\Sketches\grins\Smurfette Grin COLOR.jpg","True"
"index.html","Grins","../../images/Sketches/grins/Smurf%20Grin%20ORIGINAL%20COLOR.jpg","Smurf Grin ORIGINAL COLOR.jpg","D:\github\ron-english-sketches-and-drawings\images\Sketches\grins\Smurf Grin ORIGINAL COLOR.jpg","True"
"index.html","Grins","../../images/Sketches/grins/Snoopy%20Grin%20front%20COLOR.jpg","Snoopy Grin front COLOR.jpg","D:\github\ron-english-sketches-and-drawings\images\Sketches\grins\Snoopy Grin front COLOR.jpg","True"
"index.html","Grins","../../images/Sketches/grins/Snoopy%20Traditional%20Grin%20COLOR.jpg","Snoopy Traditional Grin COLOR.jpg","D:\github\ron-english-sketches-and-drawings\images\Sketches\grins\Snoopy Traditional Grin COLOR.jpg","True"
"index.html","Grins","../../images/Sketches/grins/Snoopy%20Traditional%20Grin%202%20ORIGINAL.jpg","Snoopy Traditional Grin 2 ORIGINAL.jpg","D:\github\ron-english-sketches-and-drawings\images\Sketches\grins\Snoopy Traditional Grin 2 ORIGINAL.jpg","True"
"index.html","Grins","../../images/Sketches/grins/Soccer%20Ball%20Grin%20ORIGINAL%20COLOR.jpg","Soccer Ball Grin ORIGINAL COLOR.jpg","D:\github\ron-english-sketches-and-drawings\images\Sketches\grins\Soccer Ball Grin ORIGINAL COLOR.jpg","True"
"index.html","Grins","../../images/Sketches/grins/Sock%20Monkey%20Grin%20ORIGINAL%20COLOR%202.jpg","Sock Monkey Grin ORIGINAL COLOR 2.jpg","D:\github\ron-english-sketches-and-drawings\images\Sketches\grins\Sock Monkey Grin ORIGINAL COLOR 2.jpg","True"
"index.html","Grins","../../images/Sketches/grins/Sonic%20Grin%20B%26W.jpg","Sonic Grin B&W.jpg","D:\github\ron-english-sketches-and-drawings\images\Sketches\grins\Sonic Grin B&W.jpg","True"
"index.html","Grins","../../images/Sketches/grins/Space%20Shark%20Grin%20front%20COLOR.jpg","Space Shark Grin front COLOR.jpg","D:\github\ron-english-sketches-and-drawings\images\Sketches\grins\Space Shark Grin front COLOR.jpg","True"
"index.html","Grins","../../images/Sketches/grins/Spaz%20Grin%20ORIGINAL.jpg","Spaz Grin ORIGINAL.jpg","D:\github\ron-english-sketches-and-drawings\images\Sketches\grins\Spaz Grin ORIGINAL.jpg","True"
"index.html","Grins","../../images/Sketches/grins/Speak%20More%20Evil%20Grin%20COLOR.jpg","Speak More Evil Grin COLOR.jpg","D:\github\ron-english-sketches-and-drawings\images\Sketches\grins\Speak More Evil Grin COLOR.jpg","True"
"index.html","Grins","../../images/Sketches/grins/Spongebob%20Grin%20COLOR.jpg","Spongebob Grin COLOR.jpg","D:\github\ron-english-sketches-and-drawings\images\Sketches\grins\Spongebob Grin COLOR.jpg","True"
"index.html","Grins","../../images/Sketches/grins/Spongebob%20Grin%20in%20Waves%20COLOR.jpg","Spongebob Grin in Waves COLOR.jpg","D:\github\ron-english-sketches-and-drawings\images\Sketches\grins\Spongebob Grin in Waves COLOR.jpg","True"
"index.html","Grins","../../images/Sketches/grins/Squirrel%20Squirt%20Grin%20COLOR.jpg","Squirrel Squirt Grin COLOR.jpg","D:\github\ron-english-sketches-and-drawings\images\Sketches\grins\Squirrel Squirt Grin COLOR.jpg","True"
"index.html","Grins","../../images/Sketches/grins/Staples%20Pigeon%20Grin%20side%20ORIGINAL.jpg","Staples Pigeon Grin side ORIGINAL.jpg","D:\github\ron-english-sketches-and-drawings\images\Sketches\grins\Staples Pigeon Grin side ORIGINAL.jpg","True"
"index.html","Grins","../../images/Sketches/grins/Starskull%20Trooper%20Grin%20ORIGINAL.jpeg","Starskull Trooper Grin ORIGINAL.jpeg","D:\github\ron-english-sketches-and-drawings\images\Sketches\grins\Starskull Trooper Grin ORIGINAL.jpeg","True"
"index.html","Grins","../../images/Sketches/grins/Stewie%20Grin%20ORIGINAL.jpg","Stewie Grin ORIGINAL.jpg","D:\github\ron-english-sketches-and-drawings\images\Sketches\grins\Stewie Grin ORIGINAL.jpg","True"
"index.html","Grins","../../images/Sketches/grins/Stitch%20Grin%20B%26W.jpg","Stitch Grin B&W.jpg","D:\github\ron-english-sketches-and-drawings\images\Sketches\grins\Stitch Grin B&W.jpg","True"
"index.html","Grins","../../images/Sketches/grins/Stormtrooper%20Grin%20ORIGINAL.jpg","Stormtrooper Grin ORIGINAL.jpg","D:\github\ron-english-sketches-and-drawings\images\Sketches\grins\Stormtrooper Grin ORIGINAL.jpg","True"
"index.html","Grins","../../images/Sketches/grins/Street%20Fighter%20Guile%20Grin%20B%26W.jpg","Street Fighter Guile Grin B&W.jpg","D:\github\ron-english-sketches-and-drawings\images\Sketches\grins\Street Fighter Guile Grin B&W.jpg","True"
"index.html","Grins","../../images/Sketches/grins/Sugar%20Clown%20Grin%20COLOR.jpg","Sugar Clown Grin COLOR.jpg","D:\github\ron-english-sketches-and-drawings\images\Sketches\grins\Sugar Clown Grin COLOR.jpg","True"
"index.html","Grins","../../images/Sketches/grins/Sugar%20Diabetic%20Bear%20Grin%20COLOR.jpg","Sugar Diabetic Bear Grin COLOR.jpg","D:\github\ron-english-sketches-and-drawings\images\Sketches\grins\Sugar Diabetic Bear Grin COLOR.jpg","True"
"index.html","Grins","../../images/Sketches/grins/Sugar%20Smack%20Grin%20ORIGINAL.jpg","Sugar Smack Grin ORIGINAL.jpg","D:\github\ron-english-sketches-and-drawings\images\Sketches\grins\Sugar Smack Grin ORIGINAL.jpg","True"
"index.html","Grins","../../images/Sketches/grins/Surf%20Girl%20Grin%20B%26W.png","Surf Girl Grin B&W.png","D:\github\ron-english-sketches-and-drawings\images\Sketches\grins\Surf Girl Grin B&W.png","True"
"index.html","Grins","../../images/Sketches/grins/Taz%20Grin%20circle%20B%26W.jpg","Taz Grin circle B&W.jpg","D:\github\ron-english-sketches-and-drawings\images\Sketches\grins\Taz Grin circle B&W.jpg","True"
"index.html","Grins","../../images/Sketches/grins/Taz%20Grin%20Flower%20Face.jpg","Taz Grin Flower Face.jpg","D:\github\ron-english-sketches-and-drawings\images\Sketches\grins\Taz Grin Flower Face.jpg","True"
"index.html","Grins","../../images/Sketches/grins/Techno%20Kitten%20Grin%20ORIGINAL.jpg","Techno Kitten Grin ORIGINAL.jpg","D:\github\ron-english-sketches-and-drawings\images\Sketches\grins\Techno Kitten Grin ORIGINAL.jpg","True"
"index.html","Grins","../../images/Sketches/grins/Teddy%20Bear%20Grin%20COLOR.png","Teddy Bear Grin COLOR.png","D:\github\ron-english-sketches-and-drawings\images\Sketches\grins\Teddy Bear Grin COLOR.png","True"
"index.html","Grins","../../images/Sketches/grins/Teddy%20Bear%20Grin%20Standing%20ORIGINAL%20COLOR.jpg","Teddy Bear Grin Standing ORIGINAL COLOR.jpg","D:\github\ron-english-sketches-and-drawings\images\Sketches\grins\Teddy Bear Grin Standing ORIGINAL COLOR.jpg","True"
"index.html","Grins","../../images/Sketches/grins/Telegrinnie%20COLOR.jpg","Telegrinnie COLOR.jpg","D:\github\ron-english-sketches-and-drawings\images\Sketches\grins\Telegrinnie COLOR.jpg","True"
"index.html","Grins","../../images/Sketches/grins/Teletubby%20Grin%20Flying%20ORIGINAL.jpg","Teletubby Grin Flying ORIGINAL.jpg","D:\github\ron-english-sketches-and-drawings\images\Sketches\grins\Teletubby Grin Flying ORIGINAL.jpg","True"
"index.html","Grins","../../images/Sketches/grins/Tiger%20Grin%20ORIGINAL%20COLOR.jpg","Tiger Grin ORIGINAL COLOR.jpg","D:\github\ron-english-sketches-and-drawings\images\Sketches\grins\Tiger Grin ORIGINAL COLOR.jpg","True"
"index.html","Grins","../../images/Sketches/grins/Tiger%20Grin%202%20ORIGINAL.jpg","Tiger Grin 2 ORIGINAL.jpg","D:\github\ron-english-sketches-and-drawings\images\Sketches\grins\Tiger Grin 2 ORIGINAL.jpg","True"
"index.html","Grins","../../images/Sketches/grins/Tiger%20Sphinx%20Side%20ORIGINAL.jpg","Tiger Sphinx Side ORIGINAL.jpg","D:\github\ron-english-sketches-and-drawings\images\Sketches\grins\Tiger Sphinx Side ORIGINAL.jpg","True"
"index.html","Grins","../../images/Sketches/grins/Tiger%20Sphinx%20Grin%20ORIGINAL%20COLOR.jpg","Tiger Sphinx Grin ORIGINAL COLOR.jpg","D:\github\ron-english-sketches-and-drawings\images\Sketches\grins\Tiger Sphinx Grin ORIGINAL COLOR.jpg","True"
"index.html","Grins","../../images/Sketches/grins/Timid%20Shark%20Grin%20B%26W.jpg","Timid Shark Grin B&W.jpg","D:\github\ron-english-sketches-and-drawings\images\Sketches\grins\Timid Shark Grin B&W.jpg","True"
"index.html","Grins","../../images/Sketches/grins/Timmy%20Turner%20Grin%20B%26W.jpg","Timmy Turner Grin B&W.jpg","D:\github\ron-english-sketches-and-drawings\images\Sketches\grins\Timmy Turner Grin B&W.jpg","True"
"index.html","Grins","../../images/Sketches/grins/Tmnt%20Leonardo%20Grin%20COLOR.jpg","Tmnt Leonardo Grin COLOR.jpg","D:\github\ron-english-sketches-and-drawings\images\Sketches\grins\Tmnt Leonardo Grin COLOR.jpg","True"
"index.html","Grins","../../images/Sketches/grins/Tmnt%20Michelangelo%20Grin%20B%26W.jpg","Tmnt Michelangelo Grin B&W.jpg","D:\github\ron-english-sketches-and-drawings\images\Sketches\grins\Tmnt Michelangelo Grin B&W.jpg","True"
"index.html","Grins","../../images/Sketches/grins/Tmnt%20Raphael%20Grin%20COLOR.jpg","Tmnt Raphael Grin COLOR.jpg","D:\github\ron-english-sketches-and-drawings\images\Sketches\grins\Tmnt Raphael Grin COLOR.jpg","True"
"index.html","Grins","../../images/Sketches/grins/Tom%20N%20Jerry%20Grins%20ORIGINAL%20COLOR.jpg","Tom N Jerry Grins ORIGINAL COLOR.jpg","D:\github\ron-english-sketches-and-drawings\images\Sketches\grins\Tom N Jerry Grins ORIGINAL COLOR.jpg","True"
"index.html","Grins","../../images/Sketches/grins/Tony%20Tiger%20Grin%20ORIGINAL%202.jpg","Tony Tiger Grin ORIGINAL 2.jpg","D:\github\ron-english-sketches-and-drawings\images\Sketches\grins\Tony Tiger Grin ORIGINAL 2.jpg","True"
"index.html","Grins","../../images/Sketches/grins/Tony%20Tiger%20Grin%201%20ORIGINAL.jpg","Tony Tiger Grin 1 ORIGINAL.jpg","D:\github\ron-english-sketches-and-drawings\images\Sketches\grins\Tony Tiger Grin 1 ORIGINAL.jpg","True"
"index.html","Grins","../../images/Sketches/grins/Tony%20Tiger%20Grin%202%20COLOR.jpg","Tony Tiger Grin 2 COLOR.jpg","D:\github\ron-english-sketches-and-drawings\images\Sketches\grins\Tony Tiger Grin 2 COLOR.jpg","True"
"index.html","Grins","../../images/Sketches/grins/Topcat%20Grin%20ORIGINAL.jpg","Topcat Grin ORIGINAL.jpg","D:\github\ron-english-sketches-and-drawings\images\Sketches\grins\Topcat Grin ORIGINAL.jpg","True"
"index.html","Grins","../../images/Sketches/grins/Trippy%20Grin%20COLORWAY%203.png","Trippy Grin COLORWAY 3.png","D:\github\ron-english-sketches-and-drawings\images\Sketches\grins\Trippy Grin COLORWAY 3.png","True"
"index.html","Grins","../../images/Sketches/grins/Tupac%20Grin%20COLOR.jpg","Tupac Grin COLOR.jpg","D:\github\ron-english-sketches-and-drawings\images\Sketches\grins\Tupac Grin COLOR.jpg","True"
"index.html","Grins","../../images/Sketches/grins/Tweetie%20Grin%20ORIGINAL.jpg","Tweetie Grin ORIGINAL.jpg","D:\github\ron-english-sketches-and-drawings\images\Sketches\grins\Tweetie Grin ORIGINAL.jpg","True"
"index.html","Grins","../../images/Sketches/grins/Two-Faced%20Rabbbit%20Grin%20face%20COLOR.jpg","Two-Faced Rabbbit Grin face COLOR.jpg","D:\github\ron-english-sketches-and-drawings\images\Sketches\grins\Two-Faced Rabbbit Grin face COLOR.jpg","True"
"index.html","Grins","../../images/Sketches/grins/Two-Faced%20Rabbbit%20Grin%20three%20quarters%20COLOR.jpg","Two-Faced Rabbbit Grin three quarters COLOR.jpg","D:\github\ron-english-sketches-and-drawings\images\Sketches\grins\Two-Faced Rabbbit Grin three quarters COLOR.jpg","True"
"index.html","Grins","../../images/Sketches/grins/Ultraman%20Grin%20COLOR.jpg","Ultraman Grin COLOR.jpg","D:\github\ron-english-sketches-and-drawings\images\Sketches\grins\Ultraman Grin COLOR.jpg","True"
"index.html","Grins","../../images/Sketches/grins/Unicorn%20Grin%20COLOR%202.jpg","Unicorn Grin COLOR 2.jpg","D:\github\ron-english-sketches-and-drawings\images\Sketches\grins\Unicorn Grin COLOR 2.jpg","True"
"index.html","Grins","../../images/Sketches/grins/Unipig%20Grin%20COLOR.jpg","Unipig Grin COLOR.jpg","D:\github\ron-english-sketches-and-drawings\images\Sketches\grins\Unipig Grin COLOR.jpg","True"
"index.html","Grins","../../images/Sketches/grins/Urban%20Bigfoot%20Grin%20side%20head%20ORIGINAL.jpg","Urban Bigfoot Grin side head ORIGINAL.jpg","D:\github\ron-english-sketches-and-drawings\images\Sketches\grins\Urban Bigfoot Grin side head ORIGINAL.jpg","True"
"index.html","Grins","../../images/Sketches/grins/Vampire%20Grin%20Front%20COLOR.jpg","Vampire Grin Front COLOR.jpg","D:\github\ron-english-sketches-and-drawings\images\Sketches\grins\Vampire Grin Front COLOR.jpg","True"
"index.html","Grins","../../images/Sketches/grins/Wing%20Grin%20body%20COLOR.png","Wing Grin body COLOR.png","D:\github\ron-english-sketches-and-drawings\images\Sketches\grins\Wing Grin body COLOR.png","True"
"index.html","Grins","../../images/Sketches/grins/Wolf%20Grin%20COLOR.jpg","Wolf Grin COLOR.jpg","D:\github\ron-english-sketches-and-drawings\images\Sketches\grins\Wolf Grin COLOR.jpg","True"
"index.html","Grins","../../images/Sketches/grins/Woodstock%20Grin%20three%20quarters%20COLOR.jpg","Woodstock Grin three quarters COLOR.jpg","D:\github\ron-english-sketches-and-drawings\images\Sketches\grins\Woodstock Grin three quarters COLOR.jpg","True"
"index.html","Grins","../../images/Sketches/grins/Yellow%20Submarine%20Grin%20COLOR.jpg","Yellow Submarine Grin COLOR.jpg","D:\github\ron-english-sketches-and-drawings\images\Sketches\grins\Yellow Submarine Grin COLOR.jpg","True"
"index.html","Grins","../../images/Sketches/grins/Yin%20Yang%20Face%20Grin%20COLOR.jpg","Yin Yang Face Grin COLOR.jpg","D:\github\ron-english-sketches-and-drawings\images\Sketches\grins\Yin Yang Face Grin COLOR.jpg","True"
"index.html","Grins","../../images/Sketches/grins/Yin%20Yang%20Grin%201%20COLOR.jpg","Yin Yang Grin 1 COLOR.jpg","D:\github\ron-english-sketches-and-drawings\images\Sketches\grins\Yin Yang Grin 1 COLOR.jpg","True"
"index.html","Grins","../../images/Sketches/grins/Yin%20Yang%20Grin%202%20COLOR.jpg","Yin Yang Grin 2 COLOR.jpg","D:\github\ron-english-sketches-and-drawings\images\Sketches\grins\Yin Yang Grin 2 COLOR.jpg","True"
"index.html","Grins","../../images/Sketches/grins/Yogi%20Bear%20Grin%20COLOR.jpg","Yogi Bear Grin COLOR.jpg","D:\github\ron-english-sketches-and-drawings\images\Sketches\grins\Yogi Bear Grin COLOR.jpg","True"
"index.html","Grins","../../images/Sketches/grins/Yucky%20Charmer%20Grin%20COLOR.jpg","Yucky Charmer Grin COLOR.jpg","D:\github\ron-english-sketches-and-drawings\images\Sketches\grins\Yucky Charmer Grin COLOR.jpg","True"
"index.html","Grins","../../images/Sketches/grins/Zephyr%20Zelephant%20Grin%20ORIGINAL.jpg","Zephyr Zelephant Grin ORIGINAL.jpg","D:\github\ron-english-sketches-and-drawings\images\Sketches\grins\Zephyr Zelephant Grin ORIGINAL.jpg","True"
"jake-the-dog-grin.html","Jake the Dog Grin","../../images/Sketches/grins/Jake%20the%20Dog%20Grin%20ORIGINAL.jpg","Jake the Dog Grin ORIGINAL.jpg","D:\github\ron-english-sketches-and-drawings\images\Sketches\grins\Jake the Dog Grin ORIGINAL.jpg","True"
"jake-the-dog-grin.html","Jake the Dog Grin","../../images/Sketches/grins/Jake%20the%20Dog%20Grin%20ORIGINAL.jpg","Jake the Dog Grin ORIGINAL.jpg","D:\github\ron-english-sketches-and-drawings\images\Sketches\grins\Jake the Dog Grin ORIGINAL.jpg","True"
"jane-jetson-grin.html","Jane Jetson Grin","../../images/Sketches/grins/Jane%20Jetson%20Grin%20ORIGINAL.jpg","Jane Jetson Grin ORIGINAL.jpg","D:\github\ron-english-sketches-and-drawings\images\Sketches\grins\Jane Jetson Grin ORIGINAL.jpg","True"
"jane-jetson-grin.html","Jane Jetson Grin","../../images/Sketches/grins/Jane%20Jetson%20Grin%20ORIGINAL.jpg","Jane Jetson Grin ORIGINAL.jpg","D:\github\ron-english-sketches-and-drawings\images\Sketches\grins\Jane Jetson Grin ORIGINAL.jpg","True"
"jeremiah-grin-1.html","Jeremiah Grin 1","../../images/Sketches/grins/Jeremiah%20Grin%201%20ORIGINAL.jpg","Jeremiah Grin 1 ORIGINAL.jpg","D:\github\ron-english-sketches-and-drawings\images\Sketches\grins\Jeremiah Grin 1 ORIGINAL.jpg","True"
"jeremiah-grin-1.html","Jeremiah Grin 1","../../images/Sketches/grins/Jeremiah%20Grin%201%20ORIGINAL.jpg","Jeremiah Grin 1 ORIGINAL.jpg","D:\github\ron-english-sketches-and-drawings\images\Sketches\grins\Jeremiah Grin 1 ORIGINAL.jpg","True"
"jeremiah-grin-2.html","Jeremiah Grin 2","../../images/Sketches/grins/Jeremiah%20Grin%202%20ORIGINAL.jpg","Jeremiah Grin 2 ORIGINAL.jpg","D:\github\ron-english-sketches-and-drawings\images\Sketches\grins\Jeremiah Grin 2 ORIGINAL.jpg","True"
"jeremiah-grin-2.html","Jeremiah Grin 2","../../images/Sketches/grins/Jeremiah%20Grin%202%20ORIGINAL.jpg","Jeremiah Grin 2 ORIGINAL.jpg","D:\github\ron-english-sketches-and-drawings\images\Sketches\grins\Jeremiah Grin 2 ORIGINAL.jpg","True"
"jeremiah-grin-3.html","Jeremiah Grin 3","../../images/Sketches/grins/Jeremiah%20Grin%203%20ORIGINAL.jpg","Jeremiah Grin 3 ORIGINAL.jpg","D:\github\ron-english-sketches-and-drawings\images\Sketches\grins\Jeremiah Grin 3 ORIGINAL.jpg","True"
"jeremiah-grin-3.html","Jeremiah Grin 3","../../images/Sketches/grins/Jeremiah%20Grin%203%20ORIGINAL.jpg","Jeremiah Grin 3 ORIGINAL.jpg","D:\github\ron-english-sketches-and-drawings\images\Sketches\grins\Jeremiah Grin 3 ORIGINAL.jpg","True"
"jeremiah-grin-4.html","Jeremiah Grin 4","../../images/Sketches/grins/Jeremiah%20Grin%204%20ORIGINAL.jpg","Jeremiah Grin 4 ORIGINAL.jpg","D:\github\ron-english-sketches-and-drawings\images\Sketches\grins\Jeremiah Grin 4 ORIGINAL.jpg","True"
"jeremiah-grin-4.html","Jeremiah Grin 4","../../images/Sketches/grins/Jeremiah%20Grin%204%20ORIGINAL.jpg","Jeremiah Grin 4 ORIGINAL.jpg","D:\github\ron-english-sketches-and-drawings\images\Sketches\grins\Jeremiah Grin 4 ORIGINAL.jpg","True"
"jimi-hendrix-grin.html","Jimi Hendrix Grin","../../images/Sketches/grins/Jimi%20Hendrix%20Grin%20ORIGINAL.jpg","Jimi Hendrix Grin ORIGINAL.jpg","D:\github\ron-english-sketches-and-drawings\images\Sketches\grins\Jimi Hendrix Grin ORIGINAL.jpg","True"
"jimi-hendrix-grin.html","Jimi Hendrix Grin","../../images/Sketches/grins/Jimi%20Hendrix%20Grin%20ORIGINAL.jpg","Jimi Hendrix Grin ORIGINAL.jpg","D:\github\ron-english-sketches-and-drawings\images\Sketches\grins\Jimi Hendrix Grin ORIGINAL.jpg","True"
"jimi-hendrix-grin.html","Jimi Hendrix Grin","../../images/Sketches/grins/Jimi%20Hendrix%20Grin%20ORIGINAL%20COLOR%201.jpg","Jimi Hendrix Grin ORIGINAL COLOR 1.jpg","D:\github\ron-english-sketches-and-drawings\images\Sketches\grins\Jimi Hendrix Grin ORIGINAL COLOR 1.jpg","True"
"jimi-hendrix-grin.html","Jimi Hendrix Grin","../../images/Sketches/grins/Jimi%20Hendrix%20Grin%20ORIGINAL%20COLOR%201.jpg","Jimi Hendrix Grin ORIGINAL COLOR 1.jpg","D:\github\ron-english-sketches-and-drawings\images\Sketches\grins\Jimi Hendrix Grin ORIGINAL COLOR 1.jpg","True"
"jimi-hendrix-grin.html","Jimi Hendrix Grin","../../images/Sketches/grins/Jimi%20Hendrix%20Grin%20ORIGINAL%20COLOR%202.jpg","Jimi Hendrix Grin ORIGINAL COLOR 2.jpg","D:\github\ron-english-sketches-and-drawings\images\Sketches\grins\Jimi Hendrix Grin ORIGINAL COLOR 2.jpg","True"
"jimi-hendrix-grin.html","Jimi Hendrix Grin","../../images/Sketches/grins/Jimi%20Hendrix%20Grin%20ORIGINAL%20COLOR%202.jpg","Jimi Hendrix Grin ORIGINAL COLOR 2.jpg","D:\github\ron-english-sketches-and-drawings\images\Sketches\grins\Jimi Hendrix Grin ORIGINAL COLOR 2.jpg","True"
"jimi-hendrix-grin.html","Jimi Hendrix Grin","../../images/Sketches/grins/Jimi%20Hendrix%20Grin%20ORIGINAL%20COLOR%203.jpg","Jimi Hendrix Grin ORIGINAL COLOR 3.jpg","D:\github\ron-english-sketches-and-drawings\images\Sketches\grins\Jimi Hendrix Grin ORIGINAL COLOR 3.jpg","True"
"jimi-hendrix-grin.html","Jimi Hendrix Grin","../../images/Sketches/grins/Jimi%20Hendrix%20Grin%20ORIGINAL%20COLOR%203.jpg","Jimi Hendrix Grin ORIGINAL COLOR 3.jpg","D:\github\ron-english-sketches-and-drawings\images\Sketches\grins\Jimi Hendrix Grin ORIGINAL COLOR 3.jpg","True"
"jimi-hendrix-grin.html","Jimi Hendrix Grin","../../images/Sketches/grins/Jimi%20Hendrix%20Grin%20B%26W.jpg","Jimi Hendrix Grin B&W.jpg","D:\github\ron-english-sketches-and-drawings\images\Sketches\grins\Jimi Hendrix Grin B&W.jpg","True"
"jimi-hendrix-grin.html","Jimi Hendrix Grin","../../images/Sketches/grins/Jimi%20Hendrix%20Grin%20B%26W.jpg","Jimi Hendrix Grin B&W.jpg","D:\github\ron-english-sketches-and-drawings\images\Sketches\grins\Jimi Hendrix Grin B&W.jpg","True"
"joker-grin.html","Joker Grin","../../images/Sketches/grins/Joker%20Grin%20ORIGINAL.jpg","Joker Grin ORIGINAL.jpg","D:\github\ron-english-sketches-and-drawings\images\Sketches\grins\Joker Grin ORIGINAL.jpg","True"
"joker-grin.html","Joker Grin","../../images/Sketches/grins/Joker%20Grin%20ORIGINAL.jpg","Joker Grin ORIGINAL.jpg","D:\github\ron-english-sketches-and-drawings\images\Sketches\grins\Joker Grin ORIGINAL.jpg","True"
"joker-grin.html","Joker Grin","../../images/Sketches/grins/Joker%20Grin%20B%26W.jpg","Joker Grin B&W.jpg","D:\github\ron-english-sketches-and-drawings\images\Sketches\grins\Joker Grin B&W.jpg","True"
"joker-grin.html","Joker Grin","../../images/Sketches/grins/Joker%20Grin%20B%26W.jpg","Joker Grin B&W.jpg","D:\github\ron-english-sketches-and-drawings\images\Sketches\grins\Joker Grin B&W.jpg","True"
"kanegon-grin.html","Kanegon Grin","../../images/Sketches/grins/Kanegon%20Grin%20side%20ORIGINAL.jpg","Kanegon Grin side ORIGINAL.jpg","D:\github\ron-english-sketches-and-drawings\images\Sketches\grins\Kanegon Grin side ORIGINAL.jpg","True"
"kanegon-grin.html","Kanegon Grin","../../images/Sketches/grins/Kanegon%20Grin%20side%20ORIGINAL.jpg","Kanegon Grin side ORIGINAL.jpg","D:\github\ron-english-sketches-and-drawings\images\Sketches\grins\Kanegon Grin side ORIGINAL.jpg","True"
"kanegon-grin.html","Kanegon Grin","../../images/Sketches/grins/Kanegon%20Grin%20ORIGINAL.jpg","Kanegon Grin ORIGINAL.jpg","D:\github\ron-english-sketches-and-drawings\images\Sketches\grins\Kanegon Grin ORIGINAL.jpg","True"
"kanegon-grin.html","Kanegon Grin","../../images/Sketches/grins/Kanegon%20Grin%20ORIGINAL.jpg","Kanegon Grin ORIGINAL.jpg","D:\github\ron-english-sketches-and-drawings\images\Sketches\grins\Kanegon Grin ORIGINAL.jpg","True"
"kanegon-grin.html","Kanegon Grin","../../images/Sketches/grins/Kanegon%20Grin%20side%20B%26W.jpg","Kanegon Grin side B&W.jpg","D:\github\ron-english-sketches-and-drawings\images\Sketches\grins\Kanegon Grin side B&W.jpg","True"
"kanegon-grin.html","Kanegon Grin","../../images/Sketches/grins/Kanegon%20Grin%20side%20B%26W.jpg","Kanegon Grin side B&W.jpg","D:\github\ron-english-sketches-and-drawings\images\Sketches\grins\Kanegon Grin side B&W.jpg","True"
"kanegon-grin.html","Kanegon Grin","../../images/Sketches/grins/Kanegon%20Grin%20side%20COLOR.jpg","Kanegon Grin side COLOR.jpg","D:\github\ron-english-sketches-and-drawings\images\Sketches\grins\Kanegon Grin side COLOR.jpg","True"
"kanegon-grin.html","Kanegon Grin","../../images/Sketches/grins/Kanegon%20Grin%20side%20COLOR.jpg","Kanegon Grin side COLOR.jpg","D:\github\ron-english-sketches-and-drawings\images\Sketches\grins\Kanegon Grin side COLOR.jpg","True"
"kanegon-grin.html","Kanegon Grin","../../images/Sketches/grins/Kanegon%20Grin%20COLOR.jpg","Kanegon Grin COLOR.jpg","D:\github\ron-english-sketches-and-drawings\images\Sketches\grins\Kanegon Grin COLOR.jpg","True"
"kanegon-grin.html","Kanegon Grin","../../images/Sketches/grins/Kanegon%20Grin%20COLOR.jpg","Kanegon Grin COLOR.jpg","D:\github\ron-english-sketches-and-drawings\images\Sketches\grins\Kanegon Grin COLOR.jpg","True"
"kevin-durant-1.html","Kevin Durant 1","../../images/Sketches/grins/Kevin%20Durant%201%20ORIGINAL.jpg","Kevin Durant 1 ORIGINAL.jpg","D:\github\ron-english-sketches-and-drawings\images\Sketches\grins\Kevin Durant 1 ORIGINAL.jpg","True"
"kevin-durant-1.html","Kevin Durant 1","../../images/Sketches/grins/Kevin%20Durant%201%20ORIGINAL.jpg","Kevin Durant 1 ORIGINAL.jpg","D:\github\ron-english-sketches-and-drawings\images\Sketches\grins\Kevin Durant 1 ORIGINAL.jpg","True"
"kevin-durant-grim.html","Kevin Durant Grim","../../images/Sketches/grins/Kevin%20Durant%20Grim%20ORIGINAL.jpg","Kevin Durant Grim ORIGINAL.jpg","D:\github\ron-english-sketches-and-drawings\images\Sketches\grins\Kevin Durant Grim ORIGINAL.jpg","True"
"kevin-durant-grim.html","Kevin Durant Grim","../../images/Sketches/grins/Kevin%20Durant%20Grim%20ORIGINAL.jpg","Kevin Durant Grim ORIGINAL.jpg","D:\github\ron-english-sketches-and-drawings\images\Sketches\grins\Kevin Durant Grim ORIGINAL.jpg","True"
"kevin-durant-grin.html","Kevin Durant Grin","../../images/Sketches/grins/Kevin%20Durant%20Grin%20With%20Ball%20ORIGINAL.jpeg","Kevin Durant Grin With Ball ORIGINAL.jpeg","D:\github\ron-english-sketches-and-drawings\images\Sketches\grins\Kevin Durant Grin With Ball ORIGINAL.jpeg","True"
"kevin-durant-grin.html","Kevin Durant Grin","../../images/Sketches/grins/Kevin%20Durant%20Grin%20With%20Ball%20ORIGINAL.jpeg","Kevin Durant Grin With Ball ORIGINAL.jpeg","D:\github\ron-english-sketches-and-drawings\images\Sketches\grins\Kevin Durant Grin With Ball ORIGINAL.jpeg","True"
"kevin-durant-grin.html","Kevin Durant Grin","../../images/Sketches/grins/Kevin%20Durant%20Grin%20With%20Ball%20ORIGINAL.jpg","Kevin Durant Grin With Ball ORIGINAL.jpg","D:\github\ron-english-sketches-and-drawings\images\Sketches\grins\Kevin Durant Grin With Ball ORIGINAL.jpg","True"
"kevin-durant-grin.html","Kevin Durant Grin","../../images/Sketches/grins/Kevin%20Durant%20Grin%20With%20Ball%20ORIGINAL.jpg","Kevin Durant Grin With Ball ORIGINAL.jpg","D:\github\ron-english-sketches-and-drawings\images\Sketches\grins\Kevin Durant Grin With Ball ORIGINAL.jpg","True"
"kevin-durant-grin-with-ball-original-1.html","Kevin Durant Grin With Ball ORIGINAL.1","../../images/Sketches/grins/Kevin%20Durant%20Grin%20With%20Ball%20ORIGINAL.1.jpg","Kevin Durant Grin With Ball ORIGINAL.1.jpg","D:\github\ron-english-sketches-and-drawings\images\Sketches\grins\Kevin Durant Grin With Ball ORIGINAL.1.jpg","True"
"kevin-durant-grin-with-ball-original-1.html","Kevin Durant Grin With Ball ORIGINAL.1","../../images/Sketches/grins/Kevin%20Durant%20Grin%20With%20Ball%20ORIGINAL.1.jpg","Kevin Durant Grin With Ball ORIGINAL.1.jpg","D:\github\ron-english-sketches-and-drawings\images\Sketches\grins\Kevin Durant Grin With Ball ORIGINAL.1.jpg","True"
"kiss-gene-grin.html","Kiss Gene Grin","../../images/Sketches/grins/Kiss%20Gene%20Grin%20ORIGINAL.jpg","Kiss Gene Grin ORIGINAL.jpg","D:\github\ron-english-sketches-and-drawings\images\Sketches\grins\Kiss Gene Grin ORIGINAL.jpg","True"
"kiss-gene-grin.html","Kiss Gene Grin","../../images/Sketches/grins/Kiss%20Gene%20Grin%20ORIGINAL.jpg","Kiss Gene Grin ORIGINAL.jpg","D:\github\ron-english-sketches-and-drawings\images\Sketches\grins\Kiss Gene Grin ORIGINAL.jpg","True"
"krusty-the-clown-grin.html","Krusty the Clown Grin","../../images/Sketches/grins/Krusty%20the%20Clown%20Grin%20front%20ORIGINAL.jpg","Krusty the Clown Grin front ORIGINAL.jpg","D:\github\ron-english-sketches-and-drawings\images\Sketches\grins\Krusty the Clown Grin front ORIGINAL.jpg","True"
"krusty-the-clown-grin.html","Krusty the Clown Grin","../../images/Sketches/grins/Krusty%20the%20Clown%20Grin%20front%20ORIGINAL.jpg","Krusty the Clown Grin front ORIGINAL.jpg","D:\github\ron-english-sketches-and-drawings\images\Sketches\grins\Krusty the Clown Grin front ORIGINAL.jpg","True"
"krusty-the-clown-grin.html","Krusty the Clown Grin","../../images/Sketches/grins/Krusty%20the%20Clown%20Grin%20back%20ORIGINAL.jpg","Krusty the Clown Grin back ORIGINAL.jpg","D:\github\ron-english-sketches-and-drawings\images\Sketches\grins\Krusty the Clown Grin back ORIGINAL.jpg","True"
"krusty-the-clown-grin.html","Krusty the Clown Grin","../../images/Sketches/grins/Krusty%20the%20Clown%20Grin%20back%20ORIGINAL.jpg","Krusty the Clown Grin back ORIGINAL.jpg","D:\github\ron-english-sketches-and-drawings\images\Sketches\grins\Krusty the Clown Grin back ORIGINAL.jpg","True"
"krusty-the-clown-grin.html","Krusty the Clown Grin","../../images/Sketches/grins/Krusty%20the%20Clown%20Grin%20left%20side%20ORIGINAL.jpg","Krusty the Clown Grin left side ORIGINAL.jpg","D:\github\ron-english-sketches-and-drawings\images\Sketches\grins\Krusty the Clown Grin left side ORIGINAL.jpg","True"
"krusty-the-clown-grin.html","Krusty the Clown Grin","../../images/Sketches/grins/Krusty%20the%20Clown%20Grin%20left%20side%20ORIGINAL.jpg","Krusty the Clown Grin left side ORIGINAL.jpg","D:\github\ron-english-sketches-and-drawings\images\Sketches\grins\Krusty the Clown Grin left side ORIGINAL.jpg","True"
"krusty-the-clown-grin.html","Krusty the Clown Grin","../../images/Sketches/grins/Krusty%20the%20Clown%20Grin%20front%20B%26W.jpg","Krusty the Clown Grin front B&W.jpg","D:\github\ron-english-sketches-and-drawings\images\Sketches\grins\Krusty the Clown Grin front B&W.jpg","True"
"krusty-the-clown-grin.html","Krusty the Clown Grin","../../images/Sketches/grins/Krusty%20the%20Clown%20Grin%20front%20B%26W.jpg","Krusty the Clown Grin front B&W.jpg","D:\github\ron-english-sketches-and-drawings\images\Sketches\grins\Krusty the Clown Grin front B&W.jpg","True"
"krusty-the-clown-grin.html","Krusty the Clown Grin","../../images/Sketches/grins/Krusty%20the%20Clown%20Grin%20back%20B%26W.jpg","Krusty the Clown Grin back B&W.jpg","D:\github\ron-english-sketches-and-drawings\images\Sketches\grins\Krusty the Clown Grin back B&W.jpg","True"
"krusty-the-clown-grin.html","Krusty the Clown Grin","../../images/Sketches/grins/Krusty%20the%20Clown%20Grin%20back%20B%26W.jpg","Krusty the Clown Grin back B&W.jpg","D:\github\ron-english-sketches-and-drawings\images\Sketches\grins\Krusty the Clown Grin back B&W.jpg","True"
"krusty-the-clown-grin.html","Krusty the Clown Grin","../../images/Sketches/grins/Krusty%20the%20Clown%20Grin%20back%20COLOR.jpg","Krusty the Clown Grin back COLOR.jpg","D:\github\ron-english-sketches-and-drawings\images\Sketches\grins\Krusty the Clown Grin back COLOR.jpg","True"
"krusty-the-clown-grin.html","Krusty the Clown Grin","../../images/Sketches/grins/Krusty%20the%20Clown%20Grin%20back%20COLOR.jpg","Krusty the Clown Grin back COLOR.jpg","D:\github\ron-english-sketches-and-drawings\images\Sketches\grins\Krusty the Clown Grin back COLOR.jpg","True"
"krusty-the-clown-grin.html","Krusty the Clown Grin","../../images/Sketches/grins/Krusty%20the%20Clown%20Grin%20left%20side%20B%26W.jpg","Krusty the Clown Grin left side B&W.jpg","D:\github\ron-english-sketches-and-drawings\images\Sketches\grins\Krusty the Clown Grin left side B&W.jpg","True"
"krusty-the-clown-grin.html","Krusty the Clown Grin","../../images/Sketches/grins/Krusty%20the%20Clown%20Grin%20left%20side%20B%26W.jpg","Krusty the Clown Grin left side B&W.jpg","D:\github\ron-english-sketches-and-drawings\images\Sketches\grins\Krusty the Clown Grin left side B&W.jpg","True"
"krusty-the-clown-grin.html","Krusty the Clown Grin","../../images/Sketches/grins/Krusty%20the%20Clown%20Grin%20left%20side%20COLOR.jpg","Krusty the Clown Grin left side COLOR.jpg","D:\github\ron-english-sketches-and-drawings\images\Sketches\grins\Krusty the Clown Grin left side COLOR.jpg","True"
"krusty-the-clown-grin.html","Krusty the Clown Grin","../../images/Sketches/grins/Krusty%20the%20Clown%20Grin%20left%20side%20COLOR.jpg","Krusty the Clown Grin left side COLOR.jpg","D:\github\ron-english-sketches-and-drawings\images\Sketches\grins\Krusty the Clown Grin left side COLOR.jpg","True"
"kursed-grin.html","Kursed Grin","../../images/Sketches/grins/Kursed%20Grin%20Side%20View%20COLOR.jpg","Kursed Grin Side View COLOR.jpg","D:\github\ron-english-sketches-and-drawings\images\Sketches\grins\Kursed Grin Side View COLOR.jpg","True"
"kursed-grin.html","Kursed Grin","../../images/Sketches/grins/Kursed%20Grin%20Side%20View%20COLOR.jpg","Kursed Grin Side View COLOR.jpg","D:\github\ron-english-sketches-and-drawings\images\Sketches\grins\Kursed Grin Side View COLOR.jpg","True"
"lemon-boy-grin.html","Lemon Boy grin","../../images/Sketches/grins/Lemon%20Boy%20grin%20COLOR.jpg","Lemon Boy grin COLOR.jpg","D:\github\ron-english-sketches-and-drawings\images\Sketches\grins\Lemon Boy grin COLOR.jpg","True"
"lemon-boy-grin.html","Lemon Boy grin","../../images/Sketches/grins/Lemon%20Boy%20grin%20COLOR.jpg","Lemon Boy grin COLOR.jpg","D:\github\ron-english-sketches-and-drawings\images\Sketches\grins\Lemon Boy grin COLOR.jpg","True"
"lemon-boy-grin-walking.html","Lemon Boy Grin Walking","../../images/Sketches/grins/Lemon%20Boy%20Grin%20Walking%20face%20ORIGINAL.jpg","Lemon Boy Grin Walking face ORIGINAL.jpg","D:\github\ron-english-sketches-and-drawings\images\Sketches\grins\Lemon Boy Grin Walking face ORIGINAL.jpg","True"
"lemon-boy-grin-walking.html","Lemon Boy Grin Walking","../../images/Sketches/grins/Lemon%20Boy%20Grin%20Walking%20face%20ORIGINAL.jpg","Lemon Boy Grin Walking face ORIGINAL.jpg","D:\github\ron-english-sketches-and-drawings\images\Sketches\grins\Lemon Boy Grin Walking face ORIGINAL.jpg","True"
"lemon-boy-grin-walking.html","Lemon Boy Grin Walking","../../images/Sketches/grins/Lemon%20Boy%20Grin%20Walking%20COLOR.jpg","Lemon Boy Grin Walking COLOR.jpg","D:\github\ron-english-sketches-and-drawings\images\Sketches\grins\Lemon Boy Grin Walking COLOR.jpg","True"
"lemon-boy-grin-walking.html","Lemon Boy Grin Walking","../../images/Sketches/grins/Lemon%20Boy%20Grin%20Walking%20COLOR.jpg","Lemon Boy Grin Walking COLOR.jpg","D:\github\ron-english-sketches-and-drawings\images\Sketches\grins\Lemon Boy Grin Walking COLOR.jpg","True"
"leopard-grin-1.html","Leopard Grin 1","../../images/Sketches/grins/Leopard%20Grin%201%20COLOR.png","Leopard Grin 1 COLOR.png","D:\github\ron-english-sketches-and-drawings\images\Sketches\grins\Leopard Grin 1 COLOR.png","True"
"leopard-grin-1.html","Leopard Grin 1","../../images/Sketches/grins/Leopard%20Grin%201%20COLOR.png","Leopard Grin 1 COLOR.png","D:\github\ron-english-sketches-and-drawings\images\Sketches\grins\Leopard Grin 1 COLOR.png","True"
"leopard-grin-2.html","Leopard Grin 2","../../images/Sketches/grins/Leopard%20Grin%202%20COLOR.png","Leopard Grin 2 COLOR.png","D:\github\ron-english-sketches-and-drawings\images\Sketches\grins\Leopard Grin 2 COLOR.png","True"
"leopard-grin-2.html","Leopard Grin 2","../../images/Sketches/grins/Leopard%20Grin%202%20COLOR.png","Leopard Grin 2 COLOR.png","D:\github\ron-english-sketches-and-drawings\images\Sketches\grins\Leopard Grin 2 COLOR.png","True"
"leopard-grin-3.html","Leopard Grin 3","../../images/Sketches/grins/Leopard%20Grin%203%20COLOR.png","Leopard Grin 3 COLOR.png","D:\github\ron-english-sketches-and-drawings\images\Sketches\grins\Leopard Grin 3 COLOR.png","True"
"leopard-grin-3.html","Leopard Grin 3","../../images/Sketches/grins/Leopard%20Grin%203%20COLOR.png","Leopard Grin 3 COLOR.png","D:\github\ron-english-sketches-and-drawings\images\Sketches\grins\Leopard Grin 3 COLOR.png","True"
"liberty-grin.html","Liberty Grin","../../images/Sketches/grins/Liberty%20Grin%20ORIGINAL.jpg","Liberty Grin ORIGINAL.jpg","D:\github\ron-english-sketches-and-drawings\images\Sketches\grins\Liberty Grin ORIGINAL.jpg","True"
"liberty-grin.html","Liberty Grin","../../images/Sketches/grins/Liberty%20Grin%20ORIGINAL.jpg","Liberty Grin ORIGINAL.jpg","D:\github\ron-english-sketches-and-drawings\images\Sketches\grins\Liberty Grin ORIGINAL.jpg","True"
"liberty-grin.html","Liberty Grin","../../images/Sketches/grins/Liberty%20Grin%20B%26W%203.jpeg","Liberty Grin B&W 3.jpeg","D:\github\ron-english-sketches-and-drawings\images\Sketches\grins\Liberty Grin B&W 3.jpeg","True"
"liberty-grin.html","Liberty Grin","../../images/Sketches/grins/Liberty%20Grin%20B%26W%203.jpeg","Liberty Grin B&W 3.jpeg","D:\github\ron-english-sketches-and-drawings\images\Sketches\grins\Liberty Grin B&W 3.jpeg","True"
"liberty-grin.html","Liberty Grin","../../images/Sketches/grins/Liberty%20Grin%20B%26W.jpg","Liberty Grin B&W.jpg","D:\github\ron-english-sketches-and-drawings\images\Sketches\grins\Liberty Grin B&W.jpg","True"
"liberty-grin.html","Liberty Grin","../../images/Sketches/grins/Liberty%20Grin%20B%26W.jpg","Liberty Grin B&W.jpg","D:\github\ron-english-sketches-and-drawings\images\Sketches\grins\Liberty Grin B&W.jpg","True"
"lisa-grin.html","Lisa grin","../../images/Sketches/grins/Lisa%20Grin%20front%20ORIGINAL.jpg","Lisa Grin front ORIGINAL.jpg","D:\github\ron-english-sketches-and-drawings\images\Sketches\grins\Lisa Grin front ORIGINAL.jpg","True"
"lisa-grin.html","Lisa grin","../../images/Sketches/grins/Lisa%20Grin%20front%20ORIGINAL.jpg","Lisa Grin front ORIGINAL.jpg","D:\github\ron-english-sketches-and-drawings\images\Sketches\grins\Lisa Grin front ORIGINAL.jpg","True"
"lisa-grin.html","Lisa grin","../../images/Sketches/grins/Lisa%20grin%20back%20ORIGINAL.jpg","Lisa grin back ORIGINAL.jpg","D:\github\ron-english-sketches-and-drawings\images\Sketches\grins\Lisa grin back ORIGINAL.jpg","True"
"lisa-grin.html","Lisa grin","../../images/Sketches/grins/Lisa%20grin%20back%20ORIGINAL.jpg","Lisa grin back ORIGINAL.jpg","D:\github\ron-english-sketches-and-drawings\images\Sketches\grins\Lisa grin back ORIGINAL.jpg","True"
"lisa-grin.html","Lisa grin","../../images/Sketches/grins/Lisa%20Grin%20left%20side%20ORIGINAL.jpg","Lisa Grin left side ORIGINAL.jpg","D:\github\ron-english-sketches-and-drawings\images\Sketches\grins\Lisa Grin left side ORIGINAL.jpg","True"
"lisa-grin.html","Lisa grin","../../images/Sketches/grins/Lisa%20Grin%20left%20side%20ORIGINAL.jpg","Lisa Grin left side ORIGINAL.jpg","D:\github\ron-english-sketches-and-drawings\images\Sketches\grins\Lisa Grin left side ORIGINAL.jpg","True"
"lisa-grin.html","Lisa grin","../../images/Sketches/grins/Lisa%20Grin%20right%20side%20B%26W%20ORIGINAL.jpg","Lisa Grin right side B&W ORIGINAL.jpg","D:\github\ron-english-sketches-and-drawings\images\Sketches\grins\Lisa Grin right side B&W ORIGINAL.jpg","True"
"lisa-grin.html","Lisa grin","../../images/Sketches/grins/Lisa%20Grin%20right%20side%20B%26W%20ORIGINAL.jpg","Lisa Grin right side B&W ORIGINAL.jpg","D:\github\ron-english-sketches-and-drawings\images\Sketches\grins\Lisa Grin right side B&W ORIGINAL.jpg","True"
"lisa-grin.html","Lisa grin","../../images/Sketches/grins/Lisa%20Grin%20front%20COLOR.jpg","Lisa Grin front COLOR.jpg","D:\github\ron-english-sketches-and-drawings\images\Sketches\grins\Lisa Grin front COLOR.jpg","True"
"lisa-grin.html","Lisa grin","../../images/Sketches/grins/Lisa%20Grin%20front%20COLOR.jpg","Lisa Grin front COLOR.jpg","D:\github\ron-english-sketches-and-drawings\images\Sketches\grins\Lisa Grin front COLOR.jpg","True"
"lisa-grin.html","Lisa grin","../../images/Sketches/grins/Lisa%20Grin%20left%20side%20COLOR.jpg","Lisa Grin left side COLOR.jpg","D:\github\ron-english-sketches-and-drawings\images\Sketches\grins\Lisa Grin left side COLOR.jpg","True"
"lisa-grin.html","Lisa grin","../../images/Sketches/grins/Lisa%20Grin%20left%20side%20COLOR.jpg","Lisa Grin left side COLOR.jpg","D:\github\ron-english-sketches-and-drawings\images\Sketches\grins\Lisa Grin left side COLOR.jpg","True"
"lucky-cat-grin.html","Lucky Cat Grin","../../images/Sketches/grins/Lucky%20Cat%20Grin%20COLOR.jpg","Lucky Cat Grin COLOR.jpg","D:\github\ron-english-sketches-and-drawings\images\Sketches\grins\Lucky Cat Grin COLOR.jpg","True"
"lucky-cat-grin.html","Lucky Cat Grin","../../images/Sketches/grins/Lucky%20Cat%20Grin%20COLOR.jpg","Lucky Cat Grin COLOR.jpg","D:\github\ron-english-sketches-and-drawings\images\Sketches\grins\Lucky Cat Grin COLOR.jpg","True"
"mad-magazine-alfred-grin.html","Mad Magazine Alfred Grin","../../images/Sketches/grins/Mad%20Magazine%20Alfred%20Grin%20ORIGINAL.jpeg","Mad Magazine Alfred Grin ORIGINAL.jpeg","D:\github\ron-english-sketches-and-drawings\images\Sketches\grins\Mad Magazine Alfred Grin ORIGINAL.jpeg","True"
"mad-magazine-alfred-grin.html","Mad Magazine Alfred Grin","../../images/Sketches/grins/Mad%20Magazine%20Alfred%20Grin%20ORIGINAL.jpeg","Mad Magazine Alfred Grin ORIGINAL.jpeg","D:\github\ron-english-sketches-and-drawings\images\Sketches\grins\Mad Magazine Alfred Grin ORIGINAL.jpeg","True"
"mad-magazine-alfred-grin.html","Mad Magazine Alfred Grin","../../images/Sketches/grins/Mad%20Magazine%20Alfred%20Grin%20ORIGINAL.jpg","Mad Magazine Alfred Grin ORIGINAL.jpg","D:\github\ron-english-sketches-and-drawings\images\Sketches\grins\Mad Magazine Alfred Grin ORIGINAL.jpg","True"
"mad-magazine-alfred-grin.html","Mad Magazine Alfred Grin","../../images/Sketches/grins/Mad%20Magazine%20Alfred%20Grin%20ORIGINAL.jpg","Mad Magazine Alfred Grin ORIGINAL.jpg","D:\github\ron-english-sketches-and-drawings\images\Sketches\grins\Mad Magazine Alfred Grin ORIGINAL.jpg","True"
"mad-magazine-alfred-grin-original-1.html","Mad Magazine Alfred Grin ORIGINAL.1","../../images/Sketches/grins/Mad%20Magazine%20Alfred%20Grin%20ORIGINAL.1.jpg","Mad Magazine Alfred Grin ORIGINAL.1.jpg","D:\github\ron-english-sketches-and-drawings\images\Sketches\grins\Mad Magazine Alfred Grin ORIGINAL.1.jpg","True"
"mad-magazine-alfred-grin-original-1.html","Mad Magazine Alfred Grin ORIGINAL.1","../../images/Sketches/grins/Mad%20Magazine%20Alfred%20Grin%20ORIGINAL.1.jpg","Mad Magazine Alfred Grin ORIGINAL.1.jpg","D:\github\ron-english-sketches-and-drawings\images\Sketches\grins\Mad Magazine Alfred Grin ORIGINAL.1.jpg","True"
"mad-mickey-grin-drawing.html","Mad Mickey Grin drawing","../../images/Sketches/grins/Mad%20Mickey%20Grin%20drawing%20ORIGINAL.jpg","Mad Mickey Grin drawing ORIGINAL.jpg","D:\github\ron-english-sketches-and-drawings\images\Sketches\grins\Mad Mickey Grin drawing ORIGINAL.jpg","True"
"mad-mickey-grin-drawing.html","Mad Mickey Grin drawing","../../images/Sketches/grins/Mad%20Mickey%20Grin%20drawing%20ORIGINAL.jpg","Mad Mickey Grin drawing ORIGINAL.jpg","D:\github\ron-english-sketches-and-drawings\images\Sketches\grins\Mad Mickey Grin drawing ORIGINAL.jpg","True"
"maggie-grin.html","Maggie Grin","../../images/Sketches/grins/Maggie%20Grin%20front%20ORIGINAL.jpg","Maggie Grin front ORIGINAL.jpg","D:\github\ron-english-sketches-and-drawings\images\Sketches\grins\Maggie Grin front ORIGINAL.jpg","True"
"maggie-grin.html","Maggie Grin","../../images/Sketches/grins/Maggie%20Grin%20front%20ORIGINAL.jpg","Maggie Grin front ORIGINAL.jpg","D:\github\ron-english-sketches-and-drawings\images\Sketches\grins\Maggie Grin front ORIGINAL.jpg","True"
"maggie-grin.html","Maggie Grin","../../images/Sketches/grins/Maggie%20Grin%20back%20ORIGINAL.jpg","Maggie Grin back ORIGINAL.jpg","D:\github\ron-english-sketches-and-drawings\images\Sketches\grins\Maggie Grin back ORIGINAL.jpg","True"
"maggie-grin.html","Maggie Grin","../../images/Sketches/grins/Maggie%20Grin%20back%20ORIGINAL.jpg","Maggie Grin back ORIGINAL.jpg","D:\github\ron-english-sketches-and-drawings\images\Sketches\grins\Maggie Grin back ORIGINAL.jpg","True"
"maggie-grin.html","Maggie Grin","../../images/Sketches/grins/Maggie%20Grin%20side%20ORIGINAL.jpg","Maggie Grin side ORIGINAL.jpg","D:\github\ron-english-sketches-and-drawings\images\Sketches\grins\Maggie Grin side ORIGINAL.jpg","True"
"maggie-grin.html","Maggie Grin","../../images/Sketches/grins/Maggie%20Grin%20side%20ORIGINAL.jpg","Maggie Grin side ORIGINAL.jpg","D:\github\ron-english-sketches-and-drawings\images\Sketches\grins\Maggie Grin side ORIGINAL.jpg","True"
"maggie-grin.html","Maggie Grin","../../images/Sketches/grins/Maggie%20Grin%20front%20COLOR.jpg","Maggie Grin front COLOR.jpg","D:\github\ron-english-sketches-and-drawings\images\Sketches\grins\Maggie Grin front COLOR.jpg","True"
"maggie-grin.html","Maggie Grin","../../images/Sketches/grins/Maggie%20Grin%20front%20COLOR.jpg","Maggie Grin front COLOR.jpg","D:\github\ron-english-sketches-and-drawings\images\Sketches\grins\Maggie Grin front COLOR.jpg","True"
"maggie-grin.html","Maggie Grin","../../images/Sketches/grins/Maggie%20Grin%20side%20COLOR.jpg","Maggie Grin side COLOR.jpg","D:\github\ron-english-sketches-and-drawings\images\Sketches\grins\Maggie Grin side COLOR.jpg","True"
"maggie-grin.html","Maggie Grin","../../images/Sketches/grins/Maggie%20Grin%20side%20COLOR.jpg","Maggie Grin side COLOR.jpg","D:\github\ron-english-sketches-and-drawings\images\Sketches\grins\Maggie Grin side COLOR.jpg","True"
"manny-pacquaio-grin.html","Manny Pacquaio Grin","../../images/Sketches/grins/Manny%20Pacquaio%20Grin%20ORIGINAL%20head.jpg","Manny Pacquaio Grin ORIGINAL head.jpg","D:\github\ron-english-sketches-and-drawings\images\Sketches\grins\Manny Pacquaio Grin ORIGINAL head.jpg","True"
"manny-pacquaio-grin.html","Manny Pacquaio Grin","../../images/Sketches/grins/Manny%20Pacquaio%20Grin%20ORIGINAL%20head.jpg","Manny Pacquaio Grin ORIGINAL head.jpg","D:\github\ron-english-sketches-and-drawings\images\Sketches\grins\Manny Pacquaio Grin ORIGINAL head.jpg","True"
"manny-pacquaio-grin.html","Manny Pacquaio Grin","../../images/Sketches/grins/Manny%20Pacquaio%20Grin%20ORIGINAL%20legs.jpg","Manny Pacquaio Grin ORIGINAL legs.jpg","D:\github\ron-english-sketches-and-drawings\images\Sketches\grins\Manny Pacquaio Grin ORIGINAL legs.jpg","True"
"manny-pacquaio-grin.html","Manny Pacquaio Grin","../../images/Sketches/grins/Manny%20Pacquaio%20Grin%20ORIGINAL%20legs.jpg","Manny Pacquaio Grin ORIGINAL legs.jpg","D:\github\ron-english-sketches-and-drawings\images\Sketches\grins\Manny Pacquaio Grin ORIGINAL legs.jpg","True"
"manny-pacquaio-grin.html","Manny Pacquaio Grin","../../images/Sketches/grins/Manny%20Pacquaio%20Grin%20ORIGINAL%20torso.jpg","Manny Pacquaio Grin ORIGINAL torso.jpg","D:\github\ron-english-sketches-and-drawings\images\Sketches\grins\Manny Pacquaio Grin ORIGINAL torso.jpg","True"
"manny-pacquaio-grin.html","Manny Pacquaio Grin","../../images/Sketches/grins/Manny%20Pacquaio%20Grin%20ORIGINAL%20torso.jpg","Manny Pacquaio Grin ORIGINAL torso.jpg","D:\github\ron-english-sketches-and-drawings\images\Sketches\grins\Manny Pacquaio Grin ORIGINAL torso.jpg","True"
"manny-pacquaio-grin.html","Manny Pacquaio Grin","../../images/Sketches/grins/Manny%20Pacquaio%20Grin%20ORIGINAL.jpg","Manny Pacquaio Grin ORIGINAL.jpg","D:\github\ron-english-sketches-and-drawings\images\Sketches\grins\Manny Pacquaio Grin ORIGINAL.jpg","True"
"manny-pacquaio-grin.html","Manny Pacquaio Grin","../../images/Sketches/grins/Manny%20Pacquaio%20Grin%20ORIGINAL.jpg","Manny Pacquaio Grin ORIGINAL.jpg","D:\github\ron-english-sketches-and-drawings\images\Sketches\grins\Manny Pacquaio Grin ORIGINAL.jpg","True"
"manny-pacquaio-grin.html","Manny Pacquaio Grin","../../images/Sketches/grins/Manny%20Pacquaio%20Grin%20ORIGINAL%20COLOR%201.jpg","Manny Pacquaio Grin ORIGINAL COLOR 1.jpg","D:\github\ron-english-sketches-and-drawings\images\Sketches\grins\Manny Pacquaio Grin ORIGINAL COLOR 1.jpg","True"
"manny-pacquaio-grin.html","Manny Pacquaio Grin","../../images/Sketches/grins/Manny%20Pacquaio%20Grin%20ORIGINAL%20COLOR%201.jpg","Manny Pacquaio Grin ORIGINAL COLOR 1.jpg","D:\github\ron-english-sketches-and-drawings\images\Sketches\grins\Manny Pacquaio Grin ORIGINAL COLOR 1.jpg","True"
"manny-pacquaio-grin.html","Manny Pacquaio Grin","../../images/Sketches/grins/Manny%20Pacquaio%20Grin%20ORIGINAL%20COLOR%202.jpg","Manny Pacquaio Grin ORIGINAL COLOR 2.jpg","D:\github\ron-english-sketches-and-drawings\images\Sketches\grins\Manny Pacquaio Grin ORIGINAL COLOR 2.jpg","True"
"manny-pacquaio-grin.html","Manny Pacquaio Grin","../../images/Sketches/grins/Manny%20Pacquaio%20Grin%20ORIGINAL%20COLOR%202.jpg","Manny Pacquaio Grin ORIGINAL COLOR 2.jpg","D:\github\ron-english-sketches-and-drawings\images\Sketches\grins\Manny Pacquaio Grin ORIGINAL COLOR 2.jpg","True"
"manny-pacquaio-grin.html","Manny Pacquaio Grin","../../images/Sketches/grins/Manny%20Pacquaio%20Grin%20ORIGINAL%20COLOR%203.jpg","Manny Pacquaio Grin ORIGINAL COLOR 3.jpg","D:\github\ron-english-sketches-and-drawings\images\Sketches\grins\Manny Pacquaio Grin ORIGINAL COLOR 3.jpg","True"
"manny-pacquaio-grin.html","Manny Pacquaio Grin","../../images/Sketches/grins/Manny%20Pacquaio%20Grin%20ORIGINAL%20COLOR%203.jpg","Manny Pacquaio Grin ORIGINAL COLOR 3.jpg","D:\github\ron-english-sketches-and-drawings\images\Sketches\grins\Manny Pacquaio Grin ORIGINAL COLOR 3.jpg","True"
"marge-grin.html","Marge Grin","../../images/Sketches/grins/Marge%20Grin%20front%20ORIGINAL.jpg","Marge Grin front ORIGINAL.jpg","D:\github\ron-english-sketches-and-drawings\images\Sketches\grins\Marge Grin front ORIGINAL.jpg","True"
"marge-grin.html","Marge Grin","../../images/Sketches/grins/Marge%20Grin%20front%20ORIGINAL.jpg","Marge Grin front ORIGINAL.jpg","D:\github\ron-english-sketches-and-drawings\images\Sketches\grins\Marge Grin front ORIGINAL.jpg","True"
"marge-grin.html","Marge Grin","../../images/Sketches/grins/Marge%20Grin%20back%20ORIGINAL.jpg","Marge Grin back ORIGINAL.jpg","D:\github\ron-english-sketches-and-drawings\images\Sketches\grins\Marge Grin back ORIGINAL.jpg","True"
"marge-grin.html","Marge Grin","../../images/Sketches/grins/Marge%20Grin%20back%20ORIGINAL.jpg","Marge Grin back ORIGINAL.jpg","D:\github\ron-english-sketches-and-drawings\images\Sketches\grins\Marge Grin back ORIGINAL.jpg","True"
"marge-grin.html","Marge Grin","../../images/Sketches/grins/Marge%20Grin%20left%20side%20ORIGINAL.jpg","Marge Grin left side ORIGINAL.jpg","D:\github\ron-english-sketches-and-drawings\images\Sketches\grins\Marge Grin left side ORIGINAL.jpg","True"
"marge-grin.html","Marge Grin","../../images/Sketches/grins/Marge%20Grin%20left%20side%20ORIGINAL.jpg","Marge Grin left side ORIGINAL.jpg","D:\github\ron-english-sketches-and-drawings\images\Sketches\grins\Marge Grin left side ORIGINAL.jpg","True"
"marge-grin.html","Marge Grin","../../images/Sketches/grins/Marge%20Grin%20right%20side%20ORIGINAL.jpg","Marge Grin right side ORIGINAL.jpg","D:\github\ron-english-sketches-and-drawings\images\Sketches\grins\Marge Grin right side ORIGINAL.jpg","True"
"marge-grin.html","Marge Grin","../../images/Sketches/grins/Marge%20Grin%20right%20side%20ORIGINAL.jpg","Marge Grin right side ORIGINAL.jpg","D:\github\ron-english-sketches-and-drawings\images\Sketches\grins\Marge Grin right side ORIGINAL.jpg","True"
"marge-grin.html","Marge Grin","../../images/Sketches/grins/Marge%20Grin%20front%20B%26W.jpg","Marge Grin front B&W.jpg","D:\github\ron-english-sketches-and-drawings\images\Sketches\grins\Marge Grin front B&W.jpg","True"
"marge-grin.html","Marge Grin","../../images/Sketches/grins/Marge%20Grin%20front%20B%26W.jpg","Marge Grin front B&W.jpg","D:\github\ron-english-sketches-and-drawings\images\Sketches\grins\Marge Grin front B&W.jpg","True"
"marge-grin.html","Marge Grin","../../images/Sketches/grins/Marge%20Grin%20back%20%20COLOR.jpg","Marge Grin back  COLOR.jpg","D:\github\ron-english-sketches-and-drawings\images\Sketches\grins\Marge Grin back  COLOR.jpg","True"
"marge-grin.html","Marge Grin","../../images/Sketches/grins/Marge%20Grin%20back%20%20COLOR.jpg","Marge Grin back  COLOR.jpg","D:\github\ron-english-sketches-and-drawings\images\Sketches\grins\Marge Grin back  COLOR.jpg","True"
"mario-grin.html","Mario Grin","../../images/Sketches/grins/Mario%20Grin%20front%20ORIGINAL.jpg","Mario Grin front ORIGINAL.jpg","D:\github\ron-english-sketches-and-drawings\images\Sketches\grins\Mario Grin front ORIGINAL.jpg","True"
"mario-grin.html","Mario Grin","../../images/Sketches/grins/Mario%20Grin%20front%20ORIGINAL.jpg","Mario Grin front ORIGINAL.jpg","D:\github\ron-english-sketches-and-drawings\images\Sketches\grins\Mario Grin front ORIGINAL.jpg","True"
"mario-grin.html","Mario Grin","../../images/Sketches/grins/Mario%20Grin%20left%20side%20ORIGINAL.jpg","Mario Grin left side ORIGINAL.jpg","D:\github\ron-english-sketches-and-drawings\images\Sketches\grins\Mario Grin left side ORIGINAL.jpg","True"
"mario-grin.html","Mario Grin","../../images/Sketches/grins/Mario%20Grin%20left%20side%20ORIGINAL.jpg","Mario Grin left side ORIGINAL.jpg","D:\github\ron-english-sketches-and-drawings\images\Sketches\grins\Mario Grin left side ORIGINAL.jpg","True"
"mario-grin.html","Mario Grin","../../images/Sketches/grins/Mario%20Grin%20right%20side%20ORIGINAL.jpg","Mario Grin right side ORIGINAL.jpg","D:\github\ron-english-sketches-and-drawings\images\Sketches\grins\Mario Grin right side ORIGINAL.jpg","True"
"mario-grin.html","Mario Grin","../../images/Sketches/grins/Mario%20Grin%20right%20side%20ORIGINAL.jpg","Mario Grin right side ORIGINAL.jpg","D:\github\ron-english-sketches-and-drawings\images\Sketches\grins\Mario Grin right side ORIGINAL.jpg","True"
"mario-grin.html","Mario Grin","../../images/Sketches/grins/Mario%20Grin%20left%20side%20B%26W.jpg","Mario Grin left side B&W.jpg","D:\github\ron-english-sketches-and-drawings\images\Sketches\grins\Mario Grin left side B&W.jpg","True"
"mario-grin.html","Mario Grin","../../images/Sketches/grins/Mario%20Grin%20left%20side%20B%26W.jpg","Mario Grin left side B&W.jpg","D:\github\ron-english-sketches-and-drawings\images\Sketches\grins\Mario Grin left side B&W.jpg","True"
"mario-grin.html","Mario Grin","../../images/Sketches/grins/Mario%20Grin%20right%20side%20B%26W.jpg","Mario Grin right side B&W.jpg","D:\github\ron-english-sketches-and-drawings\images\Sketches\grins\Mario Grin right side B&W.jpg","True"
"mario-grin.html","Mario Grin","../../images/Sketches/grins/Mario%20Grin%20right%20side%20B%26W.jpg","Mario Grin right side B&W.jpg","D:\github\ron-english-sketches-and-drawings\images\Sketches\grins\Mario Grin right side B&W.jpg","True"
"mario-grin.html","Mario Grin","../../images/Sketches/grins/Mario%20Grin%20right%20side%20COLOR.jpg","Mario Grin right side COLOR.jpg","D:\github\ron-english-sketches-and-drawings\images\Sketches\grins\Mario Grin right side COLOR.jpg","True"
"mario-grin.html","Mario Grin","../../images/Sketches/grins/Mario%20Grin%20right%20side%20COLOR.jpg","Mario Grin right side COLOR.jpg","D:\github\ron-english-sketches-and-drawings\images\Sketches\grins\Mario Grin right side COLOR.jpg","True"
"mc-grin.html","MC Grin","../../images/Sketches/grins/MC%20Grin%20card.jpg","MC Grin card.jpg","D:\github\ron-english-sketches-and-drawings\images\Sketches\grins\MC Grin card.jpg","True"
"mc-grin.html","MC Grin","../../images/Sketches/grins/MC%20Grin%20card.jpg","MC Grin card.jpg","D:\github\ron-english-sketches-and-drawings\images\Sketches\grins\MC Grin card.jpg","True"
"mc-grin-2.html","MC Grin 2","../../images/Sketches/grins/MC%20Grin%202%20card.png","MC Grin 2 card.png","D:\github\ron-english-sketches-and-drawings\images\Sketches\grins\MC Grin 2 card.png","True"
"mc-grin-2.html","MC Grin 2","../../images/Sketches/grins/MC%20Grin%202%20card.png","MC Grin 2 card.png","D:\github\ron-english-sketches-and-drawings\images\Sketches\grins\MC Grin 2 card.png","True"
"mc-supersized-grin.html","MC Supersized Grin","../../images/Sketches/grins/MC%20Supersized%20Grin%20side%20ORIGINAL.jpg","MC Supersized Grin side ORIGINAL.jpg","D:\github\ron-english-sketches-and-drawings\images\Sketches\grins\MC Supersized Grin side ORIGINAL.jpg","True"
"mc-supersized-grin.html","MC Supersized Grin","../../images/Sketches/grins/MC%20Supersized%20Grin%20side%20ORIGINAL.jpg","MC Supersized Grin side ORIGINAL.jpg","D:\github\ron-english-sketches-and-drawings\images\Sketches\grins\MC Supersized Grin side ORIGINAL.jpg","True"
"mc-supersized-grin.html","MC Supersized Grin","../../images/Sketches/grins/MC%20Supersized%20Grin%20ORIGINAL.jpg","MC Supersized Grin ORIGINAL.jpg","D:\github\ron-english-sketches-and-drawings\images\Sketches\grins\MC Supersized Grin ORIGINAL.jpg","True"
"mc-supersized-grin.html","MC Supersized Grin","../../images/Sketches/grins/MC%20Supersized%20Grin%20ORIGINAL.jpg","MC Supersized Grin ORIGINAL.jpg","D:\github\ron-english-sketches-and-drawings\images\Sketches\grins\MC Supersized Grin ORIGINAL.jpg","True"
"mc-supersized-grin.html","MC Supersized Grin","../../images/Sketches/grins/MC%20Supersized%20Grin%20side%20B%26W.jpeg","MC Supersized Grin side B&W.jpeg","D:\github\ron-english-sketches-and-drawings\images\Sketches\grins\MC Supersized Grin side B&W.jpeg","True"
"mc-supersized-grin.html","MC Supersized Grin","../../images/Sketches/grins/MC%20Supersized%20Grin%20side%20B%26W.jpeg","MC Supersized Grin side B&W.jpeg","D:\github\ron-english-sketches-and-drawings\images\Sketches\grins\MC Supersized Grin side B&W.jpeg","True"
"mc-supersized-grin-2.html","MC Supersized Grin 2","../../images/Sketches/grins/MC%20Supersized%20Grin%202%20ORIGINAL.jpg","MC Supersized Grin 2 ORIGINAL.jpg","D:\github\ron-english-sketches-and-drawings\images\Sketches\grins\MC Supersized Grin 2 ORIGINAL.jpg","True"
"mc-supersized-grin-2.html","MC Supersized Grin 2","../../images/Sketches/grins/MC%20Supersized%20Grin%202%20ORIGINAL.jpg","MC Supersized Grin 2 ORIGINAL.jpg","D:\github\ron-english-sketches-and-drawings\images\Sketches\grins\MC Supersized Grin 2 ORIGINAL.jpg","True"
"mc-supersized-grin-2.html","MC Supersized Grin 2","../../images/Sketches/grins/MC%20Supersized%20Grin%202%20COLOR.jpg","MC Supersized Grin 2 COLOR.jpg","D:\github\ron-english-sketches-and-drawings\images\Sketches\grins\MC Supersized Grin 2 COLOR.jpg","True"
"mc-supersized-grin-2.html","MC Supersized Grin 2","../../images/Sketches/grins/MC%20Supersized%20Grin%202%20COLOR.jpg","MC Supersized Grin 2 COLOR.jpg","D:\github\ron-english-sketches-and-drawings\images\Sketches\grins\MC Supersized Grin 2 COLOR.jpg","True"
"mc-supersize-grin-flying.html","MC Supersize Grin Flying","../../images/Sketches/grins/MC%20Supersize%20Grin%20Flying%20ORIGINAL.jpg","MC Supersize Grin Flying ORIGINAL.jpg","D:\github\ron-english-sketches-and-drawings\images\Sketches\grins\MC Supersize Grin Flying ORIGINAL.jpg","True"
"mc-supersize-grin-flying.html","MC Supersize Grin Flying","../../images/Sketches/grins/MC%20Supersize%20Grin%20Flying%20ORIGINAL.jpg","MC Supersize Grin Flying ORIGINAL.jpg","D:\github\ron-english-sketches-and-drawings\images\Sketches\grins\MC Supersize Grin Flying ORIGINAL.jpg","True"
"melting-grinnie.html","Melting Grinnie","../../images/Sketches/grins/Melting%20Grinnie%20side%20view%201%20COLOR.png","Melting Grinnie side view 1 COLOR.png","D:\github\ron-english-sketches-and-drawings\images\Sketches\grins\Melting Grinnie side view 1 COLOR.png","True"
"melting-grinnie.html","Melting Grinnie","../../images/Sketches/grins/Melting%20Grinnie%20side%20view%201%20COLOR.png","Melting Grinnie side view 1 COLOR.png","D:\github\ron-english-sketches-and-drawings\images\Sketches\grins\Melting Grinnie side view 1 COLOR.png","True"
"melting-grinnie.html","Melting Grinnie","../../images/Sketches/grins/Melting%20Grinnie%20side%20view%202%20COLOR.png","Melting Grinnie side view 2 COLOR.png","D:\github\ron-english-sketches-and-drawings\images\Sketches\grins\Melting Grinnie side view 2 COLOR.png","True"
"melting-grinnie.html","Melting Grinnie","../../images/Sketches/grins/Melting%20Grinnie%20side%20view%202%20COLOR.png","Melting Grinnie side view 2 COLOR.png","D:\github\ron-english-sketches-and-drawings\images\Sketches\grins\Melting Grinnie side view 2 COLOR.png","True"
"melting-grinnie.html","Melting Grinnie","../../images/Sketches/grins/Melting%20Grinnie%20side%20view%203%20COLOR.png","Melting Grinnie side view 3 COLOR.png","D:\github\ron-english-sketches-and-drawings\images\Sketches\grins\Melting Grinnie side view 3 COLOR.png","True"
"melting-grinnie.html","Melting Grinnie","../../images/Sketches/grins/Melting%20Grinnie%20side%20view%203%20COLOR.png","Melting Grinnie side view 3 COLOR.png","D:\github\ron-english-sketches-and-drawings\images\Sketches\grins\Melting Grinnie side view 3 COLOR.png","True"
"melting-monster-grin.html","Melting Monster Grin","../../images/Sketches/grins/Melting%20Monster%20Grin%20ORIGINAL.jpg","Melting Monster Grin ORIGINAL.jpg","D:\github\ron-english-sketches-and-drawings\images\Sketches\grins\Melting Monster Grin ORIGINAL.jpg","True"
"melting-monster-grin.html","Melting Monster Grin","../../images/Sketches/grins/Melting%20Monster%20Grin%20ORIGINAL.jpg","Melting Monster Grin ORIGINAL.jpg","D:\github\ron-english-sketches-and-drawings\images\Sketches\grins\Melting Monster Grin ORIGINAL.jpg","True"
"mentadusa.html","Mentadusa","../../images/Sketches/grins/Mentadusa%20ORIGINAL.jpg","Mentadusa ORIGINAL.jpg","D:\github\ron-english-sketches-and-drawings\images\Sketches\grins\Mentadusa ORIGINAL.jpg","True"
"mentadusa.html","Mentadusa","../../images/Sketches/grins/Mentadusa%20ORIGINAL.jpg","Mentadusa ORIGINAL.jpg","D:\github\ron-english-sketches-and-drawings\images\Sketches\grins\Mentadusa ORIGINAL.jpg","True"
"mentadusa.html","Mentadusa","../../images/Sketches/grins/Mentadusa%20B%26W.jpg","Mentadusa B&W.jpg","D:\github\ron-english-sketches-and-drawings\images\Sketches\grins\Mentadusa B&W.jpg","True"
"mentadusa.html","Mentadusa","../../images/Sketches/grins/Mentadusa%20B%26W.jpg","Mentadusa B&W.jpg","D:\github\ron-english-sketches-and-drawings\images\Sketches\grins\Mentadusa B&W.jpg","True"
"mickey-eyes-grin-1.html","Mickey Eyes Grin 1","../../images/Sketches/grins/Mickey%20Eyes%20Grin%201%20COLOR.png","Mickey Eyes Grin 1 COLOR.png","D:\github\ron-english-sketches-and-drawings\images\Sketches\grins\Mickey Eyes Grin 1 COLOR.png","True"
"mickey-eyes-grin-1.html","Mickey Eyes Grin 1","../../images/Sketches/grins/Mickey%20Eyes%20Grin%201%20COLOR.png","Mickey Eyes Grin 1 COLOR.png","D:\github\ron-english-sketches-and-drawings\images\Sketches\grins\Mickey Eyes Grin 1 COLOR.png","True"
"mickey-eyes-grin-2.html","Mickey Eyes Grin 2","../../images/Sketches/grins/Mickey%20Eyes%20Grin%202%20COLOR.png","Mickey Eyes Grin 2 COLOR.png","D:\github\ron-english-sketches-and-drawings\images\Sketches\grins\Mickey Eyes Grin 2 COLOR.png","True"
"mickey-eyes-grin-2.html","Mickey Eyes Grin 2","../../images/Sketches/grins/Mickey%20Eyes%20Grin%202%20COLOR.png","Mickey Eyes Grin 2 COLOR.png","D:\github\ron-english-sketches-and-drawings\images\Sketches\grins\Mickey Eyes Grin 2 COLOR.png","True"
"mickey-grin.html","Mickey Grin","../../images/Sketches/grins/Mickey%20Grin%20head%20ORIGINAL.jpg","Mickey Grin head ORIGINAL.jpg","D:\github\ron-english-sketches-and-drawings\images\Sketches\grins\Mickey Grin head ORIGINAL.jpg","True"
"mickey-grin.html","Mickey Grin","../../images/Sketches/grins/Mickey%20Grin%20head%20ORIGINAL.jpg","Mickey Grin head ORIGINAL.jpg","D:\github\ron-english-sketches-and-drawings\images\Sketches\grins\Mickey Grin head ORIGINAL.jpg","True"
"mickey-grin.html","Mickey Grin","../../images/Sketches/grins/Mickey%20Grin%20head%20B%26W.jpg","Mickey Grin head B&W.jpg","D:\github\ron-english-sketches-and-drawings\images\Sketches\grins\Mickey Grin head B&W.jpg","True"
"mickey-grin.html","Mickey Grin","../../images/Sketches/grins/Mickey%20Grin%20head%20B%26W.jpg","Mickey Grin head B&W.jpg","D:\github\ron-english-sketches-and-drawings\images\Sketches\grins\Mickey Grin head B&W.jpg","True"
"mickey-grin.html","Mickey Grin","../../images/Sketches/grins/Mickey%20Grin%20side%20view%201%20COLOR.png","Mickey Grin side view 1 COLOR.png","D:\github\ron-english-sketches-and-drawings\images\Sketches\grins\Mickey Grin side view 1 COLOR.png","True"
"mickey-grin.html","Mickey Grin","../../images/Sketches/grins/Mickey%20Grin%20side%20view%201%20COLOR.png","Mickey Grin side view 1 COLOR.png","D:\github\ron-english-sketches-and-drawings\images\Sketches\grins\Mickey Grin side view 1 COLOR.png","True"
"mickey-grin.html","Mickey Grin","../../images/Sketches/grins/Mickey%20Grin%20side%20view%202%20COLOR.png","Mickey Grin side view 2 COLOR.png","D:\github\ron-english-sketches-and-drawings\images\Sketches\grins\Mickey Grin side view 2 COLOR.png","True"
"mickey-grin.html","Mickey Grin","../../images/Sketches/grins/Mickey%20Grin%20side%20view%202%20COLOR.png","Mickey Grin side view 2 COLOR.png","D:\github\ron-english-sketches-and-drawings\images\Sketches\grins\Mickey Grin side view 2 COLOR.png","True"
"mickey-grin.html","Mickey Grin","../../images/Sketches/grins/Mickey%20Grin%20head%20COLOR.jpg","Mickey Grin head COLOR.jpg","D:\github\ron-english-sketches-and-drawings\images\Sketches\grins\Mickey Grin head COLOR.jpg","True"
"mickey-grin.html","Mickey Grin","../../images/Sketches/grins/Mickey%20Grin%20head%20COLOR.jpg","Mickey Grin head COLOR.jpg","D:\github\ron-english-sketches-and-drawings\images\Sketches\grins\Mickey Grin head COLOR.jpg","True"
"mickey-mouse-grin.html","Mickey Mouse Grin","../../images/Sketches/grins/Mickey%20Mouse%20Grin%20back%20ORIGINAL.jpg","Mickey Mouse Grin back ORIGINAL.jpg","D:\github\ron-english-sketches-and-drawings\images\Sketches\grins\Mickey Mouse Grin back ORIGINAL.jpg","True"
"mickey-mouse-grin.html","Mickey Mouse Grin","../../images/Sketches/grins/Mickey%20Mouse%20Grin%20back%20ORIGINAL.jpg","Mickey Mouse Grin back ORIGINAL.jpg","D:\github\ron-english-sketches-and-drawings\images\Sketches\grins\Mickey Mouse Grin back ORIGINAL.jpg","True"
"mickey-mouse-grin.html","Mickey Mouse Grin","../../images/Sketches/grins/Mickey%20Mouse%20Grin%20left%20side%20ORIGINAL.jpg","Mickey Mouse Grin left side ORIGINAL.jpg","D:\github\ron-english-sketches-and-drawings\images\Sketches\grins\Mickey Mouse Grin left side ORIGINAL.jpg","True"
"mickey-mouse-grin.html","Mickey Mouse Grin","../../images/Sketches/grins/Mickey%20Mouse%20Grin%20left%20side%20ORIGINAL.jpg","Mickey Mouse Grin left side ORIGINAL.jpg","D:\github\ron-english-sketches-and-drawings\images\Sketches\grins\Mickey Mouse Grin left side ORIGINAL.jpg","True"
"mickey-mouse-grin.html","Mickey Mouse Grin","../../images/Sketches/grins/Mickey%20Mouse%20Grin%20right%20side%20ORIGINAL.jpg","Mickey Mouse Grin right side ORIGINAL.jpg","D:\github\ron-english-sketches-and-drawings\images\Sketches\grins\Mickey Mouse Grin right side ORIGINAL.jpg","True"
"mickey-mouse-grin.html","Mickey Mouse Grin","../../images/Sketches/grins/Mickey%20Mouse%20Grin%20right%20side%20ORIGINAL.jpg","Mickey Mouse Grin right side ORIGINAL.jpg","D:\github\ron-english-sketches-and-drawings\images\Sketches\grins\Mickey Mouse Grin right side ORIGINAL.jpg","True"
"mickey-mouse-grin.html","Mickey Mouse Grin","../../images/Sketches/grins/Mickey%20Mouse%20Grin%20ORIGINAL.jpg","Mickey Mouse Grin ORIGINAL.jpg","D:\github\ron-english-sketches-and-drawings\images\Sketches\grins\Mickey Mouse Grin ORIGINAL.jpg","True"
"mickey-mouse-grin.html","Mickey Mouse Grin","../../images/Sketches/grins/Mickey%20Mouse%20Grin%20ORIGINAL.jpg","Mickey Mouse Grin ORIGINAL.jpg","D:\github\ron-english-sketches-and-drawings\images\Sketches\grins\Mickey Mouse Grin ORIGINAL.jpg","True"
"mickey-mouse-grin.html","Mickey Mouse Grin","../../images/Sketches/grins/Mickey%20Mouse%20Grin%20back%20COLOR.jpg","Mickey Mouse Grin back COLOR.jpg","D:\github\ron-english-sketches-and-drawings\images\Sketches\grins\Mickey Mouse Grin back COLOR.jpg","True"
"mickey-mouse-grin.html","Mickey Mouse Grin","../../images/Sketches/grins/Mickey%20Mouse%20Grin%20back%20COLOR.jpg","Mickey Mouse Grin back COLOR.jpg","D:\github\ron-english-sketches-and-drawings\images\Sketches\grins\Mickey Mouse Grin back COLOR.jpg","True"
"mickey-mouse-grin.html","Mickey Mouse Grin","../../images/Sketches/grins/Mickey%20Mouse%20Grin%20right%20side%20B%26W.jpg","Mickey Mouse Grin right side B&W.jpg","D:\github\ron-english-sketches-and-drawings\images\Sketches\grins\Mickey Mouse Grin right side B&W.jpg","True"
"mickey-mouse-grin.html","Mickey Mouse Grin","../../images/Sketches/grins/Mickey%20Mouse%20Grin%20right%20side%20B%26W.jpg","Mickey Mouse Grin right side B&W.jpg","D:\github\ron-english-sketches-and-drawings\images\Sketches\grins\Mickey Mouse Grin right side B&W.jpg","True"
"mickey-mouse-grin.html","Mickey Mouse Grin","../../images/Sketches/grins/Mickey%20Mouse%20Grin%20right%20side%20COLOR.jpg","Mickey Mouse Grin right side COLOR.jpg","D:\github\ron-english-sketches-and-drawings\images\Sketches\grins\Mickey Mouse Grin right side COLOR.jpg","True"
"mickey-mouse-grin.html","Mickey Mouse Grin","../../images/Sketches/grins/Mickey%20Mouse%20Grin%20right%20side%20COLOR.jpg","Mickey Mouse Grin right side COLOR.jpg","D:\github\ron-english-sketches-and-drawings\images\Sketches\grins\Mickey Mouse Grin right side COLOR.jpg","True"
"mickey-mouse-grin-2.html","Mickey Mouse Grin 2","../../images/Sketches/grins/Mickey%20Mouse%20Grin%202%20ORIGINAL.jpg","Mickey Mouse Grin 2 ORIGINAL.jpg","D:\github\ron-english-sketches-and-drawings\images\Sketches\grins\Mickey Mouse Grin 2 ORIGINAL.jpg","True"
"mickey-mouse-grin-2.html","Mickey Mouse Grin 2","../../images/Sketches/grins/Mickey%20Mouse%20Grin%202%20ORIGINAL.jpg","Mickey Mouse Grin 2 ORIGINAL.jpg","D:\github\ron-english-sketches-and-drawings\images\Sketches\grins\Mickey Mouse Grin 2 ORIGINAL.jpg","True"
"mickey-mouse-grin-flying.html","Mickey Mouse Grin Flying","../../images/Sketches/grins/Mickey%20Mouse%20Grin%20Flying%20ORIGINAL.jpg","Mickey Mouse Grin Flying ORIGINAL.jpg","D:\github\ron-english-sketches-and-drawings\images\Sketches\grins\Mickey Mouse Grin Flying ORIGINAL.jpg","True"
"mickey-mouse-grin-flying.html","Mickey Mouse Grin Flying","../../images/Sketches/grins/Mickey%20Mouse%20Grin%20Flying%20ORIGINAL.jpg","Mickey Mouse Grin Flying ORIGINAL.jpg","D:\github\ron-english-sketches-and-drawings\images\Sketches\grins\Mickey Mouse Grin Flying ORIGINAL.jpg","True"
"mishka-eyeball-grin.html","Mishka Eyeball Grin","../../images/Sketches/grins/Mishka%20Eyeball%20Grin%20ORIGINAL.jpg","Mishka Eyeball Grin ORIGINAL.jpg","D:\github\ron-english-sketches-and-drawings\images\Sketches\grins\Mishka Eyeball Grin ORIGINAL.jpg","True"
"mishka-eyeball-grin.html","Mishka Eyeball Grin","../../images/Sketches/grins/Mishka%20Eyeball%20Grin%20ORIGINAL.jpg","Mishka Eyeball Grin ORIGINAL.jpg","D:\github\ron-english-sketches-and-drawings\images\Sketches\grins\Mishka Eyeball Grin ORIGINAL.jpg","True"
"mishka-eyeball-grin.html","Mishka Eyeball Grin","../../images/Sketches/grins/Mishka%20Eyeball%20Grin%20ORIGINAL%20COLOR.jpg","Mishka Eyeball Grin ORIGINAL COLOR.jpg","D:\github\ron-english-sketches-and-drawings\images\Sketches\grins\Mishka Eyeball Grin ORIGINAL COLOR.jpg","True"
"mishka-eyeball-grin.html","Mishka Eyeball Grin","../../images/Sketches/grins/Mishka%20Eyeball%20Grin%20ORIGINAL%20COLOR.jpg","Mishka Eyeball Grin ORIGINAL COLOR.jpg","D:\github\ron-english-sketches-and-drawings\images\Sketches\grins\Mishka Eyeball Grin ORIGINAL COLOR.jpg","True"
"mishka-eyeball-grin.html","Mishka Eyeball Grin","../../images/Sketches/grins/Mishka%20Eyeball%20Grin%20COLOR.jpg","Mishka Eyeball Grin COLOR.jpg","D:\github\ron-english-sketches-and-drawings\images\Sketches\grins\Mishka Eyeball Grin COLOR.jpg","True"
"mishka-eyeball-grin.html","Mishka Eyeball Grin","../../images/Sketches/grins/Mishka%20Eyeball%20Grin%20COLOR.jpg","Mishka Eyeball Grin COLOR.jpg","D:\github\ron-english-sketches-and-drawings\images\Sketches\grins\Mishka Eyeball Grin COLOR.jpg","True"
"modzilla-grin.html","Modzilla Grin","../../images/Sketches/grins/Modzilla%20Grin%20Front%20ORIGINAL.jpg","Modzilla Grin Front ORIGINAL.jpg","D:\github\ron-english-sketches-and-drawings\images\Sketches\grins\Modzilla Grin Front ORIGINAL.jpg","True"
"modzilla-grin.html","Modzilla Grin","../../images/Sketches/grins/Modzilla%20Grin%20Front%20ORIGINAL.jpg","Modzilla Grin Front ORIGINAL.jpg","D:\github\ron-english-sketches-and-drawings\images\Sketches\grins\Modzilla Grin Front ORIGINAL.jpg","True"
"modzilla-grin.html","Modzilla Grin","../../images/Sketches/grins/Modzilla%20Grin%20Side%20ORIGINAL.jpg","Modzilla Grin Side ORIGINAL.jpg","D:\github\ron-english-sketches-and-drawings\images\Sketches\grins\Modzilla Grin Side ORIGINAL.jpg","True"
"modzilla-grin.html","Modzilla Grin","../../images/Sketches/grins/Modzilla%20Grin%20Side%20ORIGINAL.jpg","Modzilla Grin Side ORIGINAL.jpg","D:\github\ron-english-sketches-and-drawings\images\Sketches\grins\Modzilla Grin Side ORIGINAL.jpg","True"
"mogul-grin.html","Mogul Grin","../../images/Sketches/grins/Mogul%20Grin%20back%20ORIGINAL.jpg","Mogul Grin back ORIGINAL.jpg","D:\github\ron-english-sketches-and-drawings\images\Sketches\grins\Mogul Grin back ORIGINAL.jpg","True"
"mogul-grin.html","Mogul Grin","../../images/Sketches/grins/Mogul%20Grin%20back%20ORIGINAL.jpg","Mogul Grin back ORIGINAL.jpg","D:\github\ron-english-sketches-and-drawings\images\Sketches\grins\Mogul Grin back ORIGINAL.jpg","True"
"mogul-grin.html","Mogul Grin","../../images/Sketches/grins/Mogul%20Grin%20left%20side%20ORIGINAL.jpg","Mogul Grin left side ORIGINAL.jpg","D:\github\ron-english-sketches-and-drawings\images\Sketches\grins\Mogul Grin left side ORIGINAL.jpg","True"
"mogul-grin.html","Mogul Grin","../../images/Sketches/grins/Mogul%20Grin%20left%20side%20ORIGINAL.jpg","Mogul Grin left side ORIGINAL.jpg","D:\github\ron-english-sketches-and-drawings\images\Sketches\grins\Mogul Grin left side ORIGINAL.jpg","True"
"mogul-grin.html","Mogul Grin","../../images/Sketches/grins/Mogul%20Grin%20right%20side%20ORIGINAL.jpg","Mogul Grin right side ORIGINAL.jpg","D:\github\ron-english-sketches-and-drawings\images\Sketches\grins\Mogul Grin right side ORIGINAL.jpg","True"
"mogul-grin.html","Mogul Grin","../../images/Sketches/grins/Mogul%20Grin%20right%20side%20ORIGINAL.jpg","Mogul Grin right side ORIGINAL.jpg","D:\github\ron-english-sketches-and-drawings\images\Sketches\grins\Mogul Grin right side ORIGINAL.jpg","True"
"mogul-grin.html","Mogul Grin","../../images/Sketches/grins/Mogul%20Grin%20ORIGINAL.jpg","Mogul Grin ORIGINAL.jpg","D:\github\ron-english-sketches-and-drawings\images\Sketches\grins\Mogul Grin ORIGINAL.jpg","True"
"mogul-grin.html","Mogul Grin","../../images/Sketches/grins/Mogul%20Grin%20ORIGINAL.jpg","Mogul Grin ORIGINAL.jpg","D:\github\ron-english-sketches-and-drawings\images\Sketches\grins\Mogul Grin ORIGINAL.jpg","True"
"mogul-grin.html","Mogul Grin","../../images/Sketches/grins/Mogul%20Grin%20ORIGINAL%20COLOR.jpg","Mogul Grin ORIGINAL COLOR.jpg","D:\github\ron-english-sketches-and-drawings\images\Sketches\grins\Mogul Grin ORIGINAL COLOR.jpg","True"
"mogul-grin.html","Mogul Grin","../../images/Sketches/grins/Mogul%20Grin%20ORIGINAL%20COLOR.jpg","Mogul Grin ORIGINAL COLOR.jpg","D:\github\ron-english-sketches-and-drawings\images\Sketches\grins\Mogul Grin ORIGINAL COLOR.jpg","True"
"mogul-grin.html","Mogul Grin","../../images/Sketches/grins/Mogul%20Grin%20left%20side%20B%26W.jpg","Mogul Grin left side B&W.jpg","D:\github\ron-english-sketches-and-drawings\images\Sketches\grins\Mogul Grin left side B&W.jpg","True"
"mogul-grin.html","Mogul Grin","../../images/Sketches/grins/Mogul%20Grin%20left%20side%20B%26W.jpg","Mogul Grin left side B&W.jpg","D:\github\ron-english-sketches-and-drawings\images\Sketches\grins\Mogul Grin left side B&W.jpg","True"
"mogul-grin.html","Mogul Grin","../../images/Sketches/grins/Mogul%20Grin%20left%20side%20COLOR.jpg","Mogul Grin left side COLOR.jpg","D:\github\ron-english-sketches-and-drawings\images\Sketches\grins\Mogul Grin left side COLOR.jpg","True"
"mogul-grin.html","Mogul Grin","../../images/Sketches/grins/Mogul%20Grin%20left%20side%20COLOR.jpg","Mogul Grin left side COLOR.jpg","D:\github\ron-english-sketches-and-drawings\images\Sketches\grins\Mogul Grin left side COLOR.jpg","True"
"mogul-grin.html","Mogul Grin","../../images/Sketches/grins/Mogul%20Grin%20COLOR.jpg","Mogul Grin COLOR.jpg","D:\github\ron-english-sketches-and-drawings\images\Sketches\grins\Mogul Grin COLOR.jpg","True"
"mogul-grin.html","Mogul Grin","../../images/Sketches/grins/Mogul%20Grin%20COLOR.jpg","Mogul Grin COLOR.jpg","D:\github\ron-english-sketches-and-drawings\images\Sketches\grins\Mogul Grin COLOR.jpg","True"
"mogul-grin-standing.html","Mogul Grin Standing","../../images/Sketches/grins/Mogul%20Grin%20Standing%20ORIGINAL.jpg","Mogul Grin Standing ORIGINAL.jpg","D:\github\ron-english-sketches-and-drawings\images\Sketches\grins\Mogul Grin Standing ORIGINAL.jpg","True"
"mogul-grin-standing.html","Mogul Grin Standing","../../images/Sketches/grins/Mogul%20Grin%20Standing%20ORIGINAL.jpg","Mogul Grin Standing ORIGINAL.jpg","D:\github\ron-english-sketches-and-drawings\images\Sketches\grins\Mogul Grin Standing ORIGINAL.jpg","True"
"mogul-grin-standing.html","Mogul Grin Standing","../../images/Sketches/grins/Mogul%20Grin%20Standing%20COLOR.jpg","Mogul Grin Standing COLOR.jpg","D:\github\ron-english-sketches-and-drawings\images\Sketches\grins\Mogul Grin Standing COLOR.jpg","True"
"mogul-grin-standing.html","Mogul Grin Standing","../../images/Sketches/grins/Mogul%20Grin%20Standing%20COLOR.jpg","Mogul Grin Standing COLOR.jpg","D:\github\ron-english-sketches-and-drawings\images\Sketches\grins\Mogul Grin Standing COLOR.jpg","True"
"monkey-grin-mouth.html","Monkey Grin Mouth","../../images/Sketches/grins/Monkey%20Grin%20Mouth%20COLOR.png","Monkey Grin Mouth COLOR.png","D:\github\ron-english-sketches-and-drawings\images\Sketches\grins\Monkey Grin Mouth COLOR.png","True"
"monkey-grin-mouth.html","Monkey Grin Mouth","../../images/Sketches/grins/Monkey%20Grin%20Mouth%20COLOR.png","Monkey Grin Mouth COLOR.png","D:\github\ron-english-sketches-and-drawings\images\Sketches\grins\Monkey Grin Mouth COLOR.png","True"
"monkey-shiner-angel-grin.html","Monkey Shiner Angel Grin","../../images/Sketches/grins/Monkey%20Shiner%20Angel%20Grin%20COLOR.jpg","Monkey Shiner Angel Grin COLOR.jpg","D:\github\ron-english-sketches-and-drawings\images\Sketches\grins\Monkey Shiner Angel Grin COLOR.jpg","True"
"monkey-shiner-angel-grin.html","Monkey Shiner Angel Grin","../../images/Sketches/grins/Monkey%20Shiner%20Angel%20Grin%20COLOR.jpg","Monkey Shiner Angel Grin COLOR.jpg","D:\github\ron-english-sketches-and-drawings\images\Sketches\grins\Monkey Shiner Angel Grin COLOR.jpg","True"
"monkey-shiner-angel-grin-oringinal.html","Monkey Shiner Angel Grin ORINGINAL","../../images/Sketches/grins/Monkey%20Shiner%20Angel%20Grin%20ORINGINAL.jpg","Monkey Shiner Angel Grin ORINGINAL.jpg","D:\github\ron-english-sketches-and-drawings\images\Sketches\grins\Monkey Shiner Angel Grin ORINGINAL.jpg","True"
"monkey-shiner-angel-grin-oringinal.html","Monkey Shiner Angel Grin ORINGINAL","../../images/Sketches/grins/Monkey%20Shiner%20Angel%20Grin%20ORINGINAL.jpg","Monkey Shiner Angel Grin ORINGINAL.jpg","D:\github\ron-english-sketches-and-drawings\images\Sketches\grins\Monkey Shiner Angel Grin ORINGINAL.jpg","True"
"monkey-shriner-grin.html","Monkey Shriner Grin","../../images/Sketches/grins/Monkey%20Shriner%20Grin%20ORIGINAL.jpeg","Monkey Shriner Grin ORIGINAL.jpeg","D:\github\ron-english-sketches-and-drawings\images\Sketches\grins\Monkey Shriner Grin ORIGINAL.jpeg","True"
"monkey-shriner-grin.html","Monkey Shriner Grin","../../images/Sketches/grins/Monkey%20Shriner%20Grin%20ORIGINAL.jpeg","Monkey Shriner Grin ORIGINAL.jpeg","D:\github\ron-english-sketches-and-drawings\images\Sketches\grins\Monkey Shriner Grin ORIGINAL.jpeg","True"
"monkey-shriner-grin.html","Monkey Shriner Grin","../../images/Sketches/grins/Monkey%20Shriner%20Grin%20ORIGINAL.jpg","Monkey Shriner Grin ORIGINAL.jpg","D:\github\ron-english-sketches-and-drawings\images\Sketches\grins\Monkey Shriner Grin ORIGINAL.jpg","True"
"monkey-shriner-grin.html","Monkey Shriner Grin","../../images/Sketches/grins/Monkey%20Shriner%20Grin%20ORIGINAL.jpg","Monkey Shriner Grin ORIGINAL.jpg","D:\github\ron-english-sketches-and-drawings\images\Sketches\grins\Monkey Shriner Grin ORIGINAL.jpg","True"
"monkey-shriner-grin.html","Monkey Shriner Grin","../../images/Sketches/grins/Monkey%20Shriner%20Grin%20side%20COLOR.png","Monkey Shriner Grin side COLOR.png","D:\github\ron-english-sketches-and-drawings\images\Sketches\grins\Monkey Shriner Grin side COLOR.png","True"
"monkey-shriner-grin.html","Monkey Shriner Grin","../../images/Sketches/grins/Monkey%20Shriner%20Grin%20side%20COLOR.png","Monkey Shriner Grin side COLOR.png","D:\github\ron-english-sketches-and-drawings\images\Sketches\grins\Monkey Shriner Grin side COLOR.png","True"
"monkey-shriner-grin-original-1.html","Monkey Shriner Grin ORIGINAL.1","../../images/Sketches/grins/Monkey%20Shriner%20Grin%20ORIGINAL.1.jpg","Monkey Shriner Grin ORIGINAL.1.jpg","D:\github\ron-english-sketches-and-drawings\images\Sketches\grins\Monkey Shriner Grin ORIGINAL.1.jpg","True"
"monkey-shriner-grin-original-1.html","Monkey Shriner Grin ORIGINAL.1","../../images/Sketches/grins/Monkey%20Shriner%20Grin%20ORIGINAL.1.jpg","Monkey Shriner Grin ORIGINAL.1.jpg","D:\github\ron-english-sketches-and-drawings\images\Sketches\grins\Monkey Shriner Grin ORIGINAL.1.jpg","True"
"mounted-gorilla-grin.html","Mounted Gorilla Grin","../../images/Sketches/grins/Mounted%20Gorilla%20Grin%20ORIGINAL.jpg","Mounted Gorilla Grin ORIGINAL.jpg","D:\github\ron-english-sketches-and-drawings\images\Sketches\grins\Mounted Gorilla Grin ORIGINAL.jpg","True"
"mounted-gorilla-grin.html","Mounted Gorilla Grin","../../images/Sketches/grins/Mounted%20Gorilla%20Grin%20ORIGINAL.jpg","Mounted Gorilla Grin ORIGINAL.jpg","D:\github\ron-english-sketches-and-drawings\images\Sketches\grins\Mounted Gorilla Grin ORIGINAL.jpg","True"
"mouth-grin.html","Mouth Grin","../../images/Sketches/grins/Mouth%20Grin%20ORIGINAL.jpg","Mouth Grin ORIGINAL.jpg","D:\github\ron-english-sketches-and-drawings\images\Sketches\grins\Mouth Grin ORIGINAL.jpg","True"
"mouth-grin.html","Mouth Grin","../../images/Sketches/grins/Mouth%20Grin%20ORIGINAL.jpg","Mouth Grin ORIGINAL.jpg","D:\github\ron-english-sketches-and-drawings\images\Sketches\grins\Mouth Grin ORIGINAL.jpg","True"
"mouth-grin.html","Mouth Grin","../../images/Sketches/grins/Mouth%20Grin%20COLOR.jpg","Mouth Grin COLOR.jpg","D:\github\ron-english-sketches-and-drawings\images\Sketches\grins\Mouth Grin COLOR.jpg","True"
"mouth-grin.html","Mouth Grin","../../images/Sketches/grins/Mouth%20Grin%20COLOR.jpg","Mouth Grin COLOR.jpg","D:\github\ron-english-sketches-and-drawings\images\Sketches\grins\Mouth Grin COLOR.jpg","True"
"mr-met-grin.html","Mr Met Grin","../../images/Sketches/grins/Mr%20Met%20Grin%20ORIGINAL%20COLOR.jpg","Mr Met Grin ORIGINAL COLOR.jpg","D:\github\ron-english-sketches-and-drawings\images\Sketches\grins\Mr Met Grin ORIGINAL COLOR.jpg","True"
"mr-met-grin.html","Mr Met Grin","../../images/Sketches/grins/Mr%20Met%20Grin%20ORIGINAL%20COLOR.jpg","Mr Met Grin ORIGINAL COLOR.jpg","D:\github\ron-english-sketches-and-drawings\images\Sketches\grins\Mr Met Grin ORIGINAL COLOR.jpg","True"
"mr-potato-grin.html","Mr Potato Grin","../../images/Sketches/grins/Mr%20Potato%20Grin%20ORIGINAL.jpg","Mr Potato Grin ORIGINAL.jpg","D:\github\ron-english-sketches-and-drawings\images\Sketches\grins\Mr Potato Grin ORIGINAL.jpg","True"
"mr-potato-grin.html","Mr Potato Grin","../../images/Sketches/grins/Mr%20Potato%20Grin%20ORIGINAL.jpg","Mr Potato Grin ORIGINAL.jpg","D:\github\ron-english-sketches-and-drawings\images\Sketches\grins\Mr Potato Grin ORIGINAL.jpg","True"
"mr-potato-grin.html","Mr Potato Grin","../../images/Sketches/grins/Mr%20Potato%20Grin%20COLOR%202.png","Mr Potato Grin COLOR 2.png","D:\github\ron-english-sketches-and-drawings\images\Sketches\grins\Mr Potato Grin COLOR 2.png","True"
"mr-potato-grin.html","Mr Potato Grin","../../images/Sketches/grins/Mr%20Potato%20Grin%20COLOR%202.png","Mr Potato Grin COLOR 2.png","D:\github\ron-english-sketches-and-drawings\images\Sketches\grins\Mr Potato Grin COLOR 2.png","True"
"mr-potato-grin.html","Mr Potato Grin","../../images/Sketches/grins/Mr%20Potato%20Grin%20COLOR.jpg","Mr Potato Grin COLOR.jpg","D:\github\ron-english-sketches-and-drawings\images\Sketches\grins\Mr Potato Grin COLOR.jpg","True"
"mr-potato-grin.html","Mr Potato Grin","../../images/Sketches/grins/Mr%20Potato%20Grin%20COLOR.jpg","Mr Potato Grin COLOR.jpg","D:\github\ron-english-sketches-and-drawings\images\Sketches\grins\Mr Potato Grin COLOR.jpg","True"
"mummy-grin.html","Mummy Grin","../../images/Sketches/grins/Mummy%20Grin%20ORIGINAL.jpg","Mummy Grin ORIGINAL.jpg","D:\github\ron-english-sketches-and-drawings\images\Sketches\grins\Mummy Grin ORIGINAL.jpg","True"
"mummy-grin.html","Mummy Grin","../../images/Sketches/grins/Mummy%20Grin%20ORIGINAL.jpg","Mummy Grin ORIGINAL.jpg","D:\github\ron-english-sketches-and-drawings\images\Sketches\grins\Mummy Grin ORIGINAL.jpg","True"
"mummy-grin.html","Mummy Grin","../../images/Sketches/grins/Mummy%20Grin%20COLOR.jpg","Mummy Grin COLOR.jpg","D:\github\ron-english-sketches-and-drawings\images\Sketches\grins\Mummy Grin COLOR.jpg","True"
"mummy-grin.html","Mummy Grin","../../images/Sketches/grins/Mummy%20Grin%20COLOR.jpg","Mummy Grin COLOR.jpg","D:\github\ron-english-sketches-and-drawings\images\Sketches\grins\Mummy Grin COLOR.jpg","True"
"mummy-grin-1.html","Mummy Grin 1","../../images/Sketches/grins/Mummy%20Grin%201%20COLOR.png","Mummy Grin 1 COLOR.png","D:\github\ron-english-sketches-and-drawings\images\Sketches\grins\Mummy Grin 1 COLOR.png","True"
"mummy-grin-1.html","Mummy Grin 1","../../images/Sketches/grins/Mummy%20Grin%201%20COLOR.png","Mummy Grin 1 COLOR.png","D:\github\ron-english-sketches-and-drawings\images\Sketches\grins\Mummy Grin 1 COLOR.png","True"
"m-u-s-c-l-e-he-man-grinnie.html","M.U.S.C.L.E. He-Man Grinnie","../../images/Sketches/grins/M.U.S.C.L.E.%20He-Man%20Grinnie%20front%20ORIGINAL.jpg","M.U.S.C.L.E. He-Man Grinnie front ORIGINAL.jpg","D:\github\ron-english-sketches-and-drawings\images\Sketches\grins\M.U.S.C.L.E. He-Man Grinnie front ORIGINAL.jpg","True"
"m-u-s-c-l-e-he-man-grinnie.html","M.U.S.C.L.E. He-Man Grinnie","../../images/Sketches/grins/M.U.S.C.L.E.%20He-Man%20Grinnie%20front%20ORIGINAL.jpg","M.U.S.C.L.E. He-Man Grinnie front ORIGINAL.jpg","D:\github\ron-english-sketches-and-drawings\images\Sketches\grins\M.U.S.C.L.E. He-Man Grinnie front ORIGINAL.jpg","True"
"m-u-s-c-l-e-he-man-grinnie.html","M.U.S.C.L.E. He-Man Grinnie","../../images/Sketches/grins/M.U.S.C.L.E.%20He-Man%20Grinnie%20back%20ORIGINAL.jpg","M.U.S.C.L.E. He-Man Grinnie back ORIGINAL.jpg","D:\github\ron-english-sketches-and-drawings\images\Sketches\grins\M.U.S.C.L.E. He-Man Grinnie back ORIGINAL.jpg","True"
"m-u-s-c-l-e-he-man-grinnie.html","M.U.S.C.L.E. He-Man Grinnie","../../images/Sketches/grins/M.U.S.C.L.E.%20He-Man%20Grinnie%20back%20ORIGINAL.jpg","M.U.S.C.L.E. He-Man Grinnie back ORIGINAL.jpg","D:\github\ron-english-sketches-and-drawings\images\Sketches\grins\M.U.S.C.L.E. He-Man Grinnie back ORIGINAL.jpg","True"
"m-u-s-c-l-e-he-man-grinnie.html","M.U.S.C.L.E. He-Man Grinnie","../../images/Sketches/grins/M.U.S.C.L.E.%20He-Man%20Grinnie%20side%20ORIGINAL.jpg","M.U.S.C.L.E. He-Man Grinnie side ORIGINAL.jpg","D:\github\ron-english-sketches-and-drawings\images\Sketches\grins\M.U.S.C.L.E. He-Man Grinnie side ORIGINAL.jpg","True"
"m-u-s-c-l-e-he-man-grinnie.html","M.U.S.C.L.E. He-Man Grinnie","../../images/Sketches/grins/M.U.S.C.L.E.%20He-Man%20Grinnie%20side%20ORIGINAL.jpg","M.U.S.C.L.E. He-Man Grinnie side ORIGINAL.jpg","D:\github\ron-english-sketches-and-drawings\images\Sketches\grins\M.U.S.C.L.E. He-Man Grinnie side ORIGINAL.jpg","True"
"m-u-s-c-l-e-he-man-grinnie.html","M.U.S.C.L.E. He-Man Grinnie","../../images/Sketches/grins/M.U.S.C.L.E.%20He-Man%20Grinnie%20front%20B%26W.jpg","M.U.S.C.L.E. He-Man Grinnie front B&W.jpg","D:\github\ron-english-sketches-and-drawings\images\Sketches\grins\M.U.S.C.L.E. He-Man Grinnie front B&W.jpg","True"
"m-u-s-c-l-e-he-man-grinnie.html","M.U.S.C.L.E. He-Man Grinnie","../../images/Sketches/grins/M.U.S.C.L.E.%20He-Man%20Grinnie%20front%20B%26W.jpg","M.U.S.C.L.E. He-Man Grinnie front B&W.jpg","D:\github\ron-english-sketches-and-drawings\images\Sketches\grins\M.U.S.C.L.E. He-Man Grinnie front B&W.jpg","True"
"m-u-s-c-l-e-he-man-grinnie.html","M.U.S.C.L.E. He-Man Grinnie","../../images/Sketches/grins/M.U.S.C.L.E.%20He-Man%20Grinnie%20back%20COLOR.jpg","M.U.S.C.L.E. He-Man Grinnie back COLOR.jpg","D:\github\ron-english-sketches-and-drawings\images\Sketches\grins\M.U.S.C.L.E. He-Man Grinnie back COLOR.jpg","True"
"m-u-s-c-l-e-he-man-grinnie.html","M.U.S.C.L.E. He-Man Grinnie","../../images/Sketches/grins/M.U.S.C.L.E.%20He-Man%20Grinnie%20back%20COLOR.jpg","M.U.S.C.L.E. He-Man Grinnie back COLOR.jpg","D:\github\ron-english-sketches-and-drawings\images\Sketches\grins\M.U.S.C.L.E. He-Man Grinnie back COLOR.jpg","True"
"mush-man-grin.html","Mush Man grin","../../images/Sketches/grins/Mush%20Man%20Grin%20side%20view%20ORIGINAL.jpg","Mush Man Grin side view ORIGINAL.jpg","D:\github\ron-english-sketches-and-drawings\images\Sketches\grins\Mush Man Grin side view ORIGINAL.jpg","True"
"mush-man-grin.html","Mush Man grin","../../images/Sketches/grins/Mush%20Man%20Grin%20side%20view%20ORIGINAL.jpg","Mush Man Grin side view ORIGINAL.jpg","D:\github\ron-english-sketches-and-drawings\images\Sketches\grins\Mush Man Grin side view ORIGINAL.jpg","True"
"mush-man-grin.html","Mush Man grin","../../images/Sketches/grins/Mush%20Man%20grin%20ORIGINAL.jpg","Mush Man grin ORIGINAL.jpg","D:\github\ron-english-sketches-and-drawings\images\Sketches\grins\Mush Man grin ORIGINAL.jpg","True"
"mush-man-grin.html","Mush Man grin","../../images/Sketches/grins/Mush%20Man%20grin%20ORIGINAL.jpg","Mush Man grin ORIGINAL.jpg","D:\github\ron-english-sketches-and-drawings\images\Sketches\grins\Mush Man grin ORIGINAL.jpg","True"
"mush-man-grin.html","Mush Man grin","../../images/Sketches/grins/Mush%20Man%20grin%20ORIGINAL%20COLOR.jpg","Mush Man grin ORIGINAL COLOR.jpg","D:\github\ron-english-sketches-and-drawings\images\Sketches\grins\Mush Man grin ORIGINAL COLOR.jpg","True"
"mush-man-grin.html","Mush Man grin","../../images/Sketches/grins/Mush%20Man%20grin%20ORIGINAL%20COLOR.jpg","Mush Man grin ORIGINAL COLOR.jpg","D:\github\ron-english-sketches-and-drawings\images\Sketches\grins\Mush Man grin ORIGINAL COLOR.jpg","True"
"mush-man-grin.html","Mush Man grin","../../images/Sketches/grins/Mush%20Man%20Grin%20side%20view%20B%26W.jpg","Mush Man Grin side view B&W.jpg","D:\github\ron-english-sketches-and-drawings\images\Sketches\grins\Mush Man Grin side view B&W.jpg","True"
"mush-man-grin.html","Mush Man grin","../../images/Sketches/grins/Mush%20Man%20Grin%20side%20view%20B%26W.jpg","Mush Man Grin side view B&W.jpg","D:\github\ron-english-sketches-and-drawings\images\Sketches\grins\Mush Man Grin side view B&W.jpg","True"
"mush-man-grin.html","Mush Man grin","../../images/Sketches/grins/Mush%20Man%20grin%20B%26W.jpg","Mush Man grin B&W.jpg","D:\github\ron-english-sketches-and-drawings\images\Sketches\grins\Mush Man grin B&W.jpg","True"
"mush-man-grin.html","Mush Man grin","../../images/Sketches/grins/Mush%20Man%20grin%20B%26W.jpg","Mush Man grin B&W.jpg","D:\github\ron-english-sketches-and-drawings\images\Sketches\grins\Mush Man grin B&W.jpg","True"
"mush-man-grin-original-2.html","Mush Man grin ORIGINAL (2)","../../images/Sketches/grins/Mush%20Man%20grin%20ORIGINAL%20(2).jpg","Mush Man grin ORIGINAL (2).jpg","D:\github\ron-english-sketches-and-drawings\images\Sketches\grins\Mush Man grin ORIGINAL (2).jpg","True"
"mush-man-grin-original-2.html","Mush Man grin ORIGINAL (2)","../../images/Sketches/grins/Mush%20Man%20grin%20ORIGINAL%20(2).jpg","Mush Man grin ORIGINAL (2).jpg","D:\github\ron-english-sketches-and-drawings\images\Sketches\grins\Mush Man grin ORIGINAL (2).jpg","True"
"mutley-grin.html","Mutley Grin","../../images/Sketches/grins/Mutley%20Grin%20ORIGINAL.jpg","Mutley Grin ORIGINAL.jpg","D:\github\ron-english-sketches-and-drawings\images\Sketches\grins\Mutley Grin ORIGINAL.jpg","True"
"mutley-grin.html","Mutley Grin","../../images/Sketches/grins/Mutley%20Grin%20ORIGINAL.jpg","Mutley Grin ORIGINAL.jpg","D:\github\ron-english-sketches-and-drawings\images\Sketches\grins\Mutley Grin ORIGINAL.jpg","True"
"ninja-turtle-grin.html","Ninja Turtle Grin","../../images/Sketches/grins/Ninja%20Turtle%20Grin%20ORIGINAL%202.jpg","Ninja Turtle Grin ORIGINAL 2.jpg","D:\github\ron-english-sketches-and-drawings\images\Sketches\grins\Ninja Turtle Grin ORIGINAL 2.jpg","True"
"ninja-turtle-grin.html","Ninja Turtle Grin","../../images/Sketches/grins/Ninja%20Turtle%20Grin%20ORIGINAL%202.jpg","Ninja Turtle Grin ORIGINAL 2.jpg","D:\github\ron-english-sketches-and-drawings\images\Sketches\grins\Ninja Turtle Grin ORIGINAL 2.jpg","True"
"ninja-turtle-grin.html","Ninja Turtle Grin","../../images/Sketches/grins/Ninja%20Turtle%20Grin%20ORIGINAL.jpg","Ninja Turtle Grin ORIGINAL.jpg","D:\github\ron-english-sketches-and-drawings\images\Sketches\grins\Ninja Turtle Grin ORIGINAL.jpg","True"
"ninja-turtle-grin.html","Ninja Turtle Grin","../../images/Sketches/grins/Ninja%20Turtle%20Grin%20ORIGINAL.jpg","Ninja Turtle Grin ORIGINAL.jpg","D:\github\ron-english-sketches-and-drawings\images\Sketches\grins\Ninja Turtle Grin ORIGINAL.jpg","True"
"ninja-turtle-grin.html","Ninja Turtle Grin","../../images/Sketches/grins/Ninja%20Turtle%20Grin%20COLOR.jpg","Ninja Turtle Grin COLOR.jpg","D:\github\ron-english-sketches-and-drawings\images\Sketches\grins\Ninja Turtle Grin COLOR.jpg","True"
"ninja-turtle-grin.html","Ninja Turtle Grin","../../images/Sketches/grins/Ninja%20Turtle%20Grin%20COLOR.jpg","Ninja Turtle Grin COLOR.jpg","D:\github\ron-english-sketches-and-drawings\images\Sketches\grins\Ninja Turtle Grin COLOR.jpg","True"
"olive-oil-grin.html","Olive Oil Grin","../../images/Sketches/grins/Olive%20Oil%20Grin%20ORIGINAL.jpg","Olive Oil Grin ORIGINAL.jpg","D:\github\ron-english-sketches-and-drawings\images\Sketches\grins\Olive Oil Grin ORIGINAL.jpg","True"
"olive-oil-grin.html","Olive Oil Grin","../../images/Sketches/grins/Olive%20Oil%20Grin%20ORIGINAL.jpg","Olive Oil Grin ORIGINAL.jpg","D:\github\ron-english-sketches-and-drawings\images\Sketches\grins\Olive Oil Grin ORIGINAL.jpg","True"
"orion-grin.html","Orion Grin","../../images/Sketches/grins/Orion%20Grin%20head%20front%20ORIGINAL.jpg","Orion Grin head front ORIGINAL.jpg","D:\github\ron-english-sketches-and-drawings\images\Sketches\grins\Orion Grin head front ORIGINAL.jpg","True"
"orion-grin.html","Orion Grin","../../images/Sketches/grins/Orion%20Grin%20head%20front%20ORIGINAL.jpg","Orion Grin head front ORIGINAL.jpg","D:\github\ron-english-sketches-and-drawings\images\Sketches\grins\Orion Grin head front ORIGINAL.jpg","True"
"orion-grin.html","Orion Grin","../../images/Sketches/grins/Orion%20Grin%20head%20side%20ORIGINAL.jpg","Orion Grin head side ORIGINAL.jpg","D:\github\ron-english-sketches-and-drawings\images\Sketches\grins\Orion Grin head side ORIGINAL.jpg","True"
"orion-grin.html","Orion Grin","../../images/Sketches/grins/Orion%20Grin%20head%20side%20ORIGINAL.jpg","Orion Grin head side ORIGINAL.jpg","D:\github\ron-english-sketches-and-drawings\images\Sketches\grins\Orion Grin head side ORIGINAL.jpg","True"
"orion-grin.html","Orion Grin","../../images/Sketches/grins/Orion%20Grin%20side%20ORIGINAL.jpeg","Orion Grin side ORIGINAL.jpeg","D:\github\ron-english-sketches-and-drawings\images\Sketches\grins\Orion Grin side ORIGINAL.jpeg","True"
"orion-grin.html","Orion Grin","../../images/Sketches/grins/Orion%20Grin%20side%20ORIGINAL.jpeg","Orion Grin side ORIGINAL.jpeg","D:\github\ron-english-sketches-and-drawings\images\Sketches\grins\Orion Grin side ORIGINAL.jpeg","True"
"panda-bear-grin.html","Panda Bear Grin","../../images/Sketches/grins/Panda%20Bear%20Grin%20ORIGINAL.jpg","Panda Bear Grin ORIGINAL.jpg","D:\github\ron-english-sketches-and-drawings\images\Sketches\grins\Panda Bear Grin ORIGINAL.jpg","True"
"panda-bear-grin.html","Panda Bear Grin","../../images/Sketches/grins/Panda%20Bear%20Grin%20ORIGINAL.jpg","Panda Bear Grin ORIGINAL.jpg","D:\github\ron-english-sketches-and-drawings\images\Sketches\grins\Panda Bear Grin ORIGINAL.jpg","True"
"panda-bear-grin.html","Panda Bear Grin","../../images/Sketches/grins/Panda%20Bear%20Grin%20COLOR.jpg","Panda Bear Grin COLOR.jpg","D:\github\ron-english-sketches-and-drawings\images\Sketches\grins\Panda Bear Grin COLOR.jpg","True"
"panda-bear-grin.html","Panda Bear Grin","../../images/Sketches/grins/Panda%20Bear%20Grin%20COLOR.jpg","Panda Bear Grin COLOR.jpg","D:\github\ron-english-sketches-and-drawings\images\Sketches\grins\Panda Bear Grin COLOR.jpg","True"
"panda-grin.html","Panda Grin","../../images/Sketches/grins/Panda%20Grin%20ORIGINAL.jpg","Panda Grin ORIGINAL.jpg","D:\github\ron-english-sketches-and-drawings\images\Sketches\grins\Panda Grin ORIGINAL.jpg","True"
"panda-grin.html","Panda Grin","../../images/Sketches/grins/Panda%20Grin%20ORIGINAL.jpg","Panda Grin ORIGINAL.jpg","D:\github\ron-english-sketches-and-drawings\images\Sketches\grins\Panda Grin ORIGINAL.jpg","True"
"patrick-grin.html","Patrick Grin","../../images/Sketches/grins/Patrick%20Grin%20ORIGINAL.jpg","Patrick Grin ORIGINAL.jpg","D:\github\ron-english-sketches-and-drawings\images\Sketches\grins\Patrick Grin ORIGINAL.jpg","True"
"patrick-grin.html","Patrick Grin","../../images/Sketches/grins/Patrick%20Grin%20ORIGINAL.jpg","Patrick Grin ORIGINAL.jpg","D:\github\ron-english-sketches-and-drawings\images\Sketches\grins\Patrick Grin ORIGINAL.jpg","True"
"patrick-grin.html","Patrick Grin","../../images/Sketches/grins/Patrick%20Grin%20ORIGINAL%20COLOR.jpg","Patrick Grin ORIGINAL COLOR.jpg","D:\github\ron-english-sketches-and-drawings\images\Sketches\grins\Patrick Grin ORIGINAL COLOR.jpg","True"
"patrick-grin.html","Patrick Grin","../../images/Sketches/grins/Patrick%20Grin%20ORIGINAL%20COLOR.jpg","Patrick Grin ORIGINAL COLOR.jpg","D:\github\ron-english-sketches-and-drawings\images\Sketches\grins\Patrick Grin ORIGINAL COLOR.jpg","True"
"patrick-grin.html","Patrick Grin","../../images/Sketches/grins/Patrick%20Grin%20COLOR.jpg","Patrick Grin COLOR.jpg","D:\github\ron-english-sketches-and-drawings\images\Sketches\grins\Patrick Grin COLOR.jpg","True"
"patrick-grin.html","Patrick Grin","../../images/Sketches/grins/Patrick%20Grin%20COLOR.jpg","Patrick Grin COLOR.jpg","D:\github\ron-english-sketches-and-drawings\images\Sketches\grins\Patrick Grin COLOR.jpg","True"
"patrick-grin-in-water.html","Patrick Grin in Water","../../images/Sketches/grins/Patrick%20Grin%20in%20Water%20ORIGINAL.jpg","Patrick Grin in Water ORIGINAL.jpg","D:\github\ron-english-sketches-and-drawings\images\Sketches\grins\Patrick Grin in Water ORIGINAL.jpg","True"
"patrick-grin-in-water.html","Patrick Grin in Water","../../images/Sketches/grins/Patrick%20Grin%20in%20Water%20ORIGINAL.jpg","Patrick Grin in Water ORIGINAL.jpg","D:\github\ron-english-sketches-and-drawings\images\Sketches\grins\Patrick Grin in Water ORIGINAL.jpg","True"
"patrick-grin-in-water.html","Patrick Grin in Water","../../images/Sketches/grins/Patrick%20Grin%20in%20Water%20B%26W.jpg","Patrick Grin in Water B&W.jpg","D:\github\ron-english-sketches-and-drawings\images\Sketches\grins\Patrick Grin in Water B&W.jpg","True"
"patrick-grin-in-water.html","Patrick Grin in Water","../../images/Sketches/grins/Patrick%20Grin%20in%20Water%20B%26W.jpg","Patrick Grin in Water B&W.jpg","D:\github\ron-english-sketches-and-drawings\images\Sketches\grins\Patrick Grin in Water B&W.jpg","True"
"patrick-grin-in-water.html","Patrick Grin in Water","../../images/Sketches/grins/Patrick%20Grin%20in%20Water%20COLOR.jpg","Patrick Grin in Water COLOR.jpg","D:\github\ron-english-sketches-and-drawings\images\Sketches\grins\Patrick Grin in Water COLOR.jpg","True"
"patrick-grin-in-water.html","Patrick Grin in Water","../../images/Sketches/grins/Patrick%20Grin%20in%20Water%20COLOR.jpg","Patrick Grin in Water COLOR.jpg","D:\github\ron-english-sketches-and-drawings\images\Sketches\grins\Patrick Grin in Water COLOR.jpg","True"
"peko-girl-grin.html","Peko Girl Grin","../../images/Sketches/grins/Peko%20Girl%20Grin%20ORIGINAL.jpg","Peko Girl Grin ORIGINAL.jpg","D:\github\ron-english-sketches-and-drawings\images\Sketches\grins\Peko Girl Grin ORIGINAL.jpg","True"
"peko-girl-grin.html","Peko Girl Grin","../../images/Sketches/grins/Peko%20Girl%20Grin%20ORIGINAL.jpg","Peko Girl Grin ORIGINAL.jpg","D:\github\ron-english-sketches-and-drawings\images\Sketches\grins\Peko Girl Grin ORIGINAL.jpg","True"
"peko-girl-grin.html","Peko Girl Grin","../../images/Sketches/grins/Peko%20Girl%20Grin%20B%26W.jpg","Peko Girl Grin B&W.jpg","D:\github\ron-english-sketches-and-drawings\images\Sketches\grins\Peko Girl Grin B&W.jpg","True"
"peko-girl-grin.html","Peko Girl Grin","../../images/Sketches/grins/Peko%20Girl%20Grin%20B%26W.jpg","Peko Girl Grin B&W.jpg","D:\github\ron-english-sketches-and-drawings\images\Sketches\grins\Peko Girl Grin B&W.jpg","True"
"pepz-boy-grin.html","Pepz Boy Grin","../../images/Sketches/grins/Pepz%20Boy%20Grin%20ORIGINAL.jpeg","Pepz Boy Grin ORIGINAL.jpeg","D:\github\ron-english-sketches-and-drawings\images\Sketches\grins\Pepz Boy Grin ORIGINAL.jpeg","True"
"pepz-boy-grin.html","Pepz Boy Grin","../../images/Sketches/grins/Pepz%20Boy%20Grin%20ORIGINAL.jpeg","Pepz Boy Grin ORIGINAL.jpeg","D:\github\ron-english-sketches-and-drawings\images\Sketches\grins\Pepz Boy Grin ORIGINAL.jpeg","True"
"pepz-boy-grin.html","Pepz Boy Grin","../../images/Sketches/grins/Pepz%20Boy%20Grin%20ORIGINAL.jpg","Pepz Boy Grin ORIGINAL.jpg","D:\github\ron-english-sketches-and-drawings\images\Sketches\grins\Pepz Boy Grin ORIGINAL.jpg","True"
"pepz-boy-grin.html","Pepz Boy Grin","../../images/Sketches/grins/Pepz%20Boy%20Grin%20ORIGINAL.jpg","Pepz Boy Grin ORIGINAL.jpg","D:\github\ron-english-sketches-and-drawings\images\Sketches\grins\Pepz Boy Grin ORIGINAL.jpg","True"
"peter-grin.html","Peter Grin","../../images/Sketches/grins/Peter%20Grin%20ORIGINAL.jpg","Peter Grin ORIGINAL.jpg","D:\github\ron-english-sketches-and-drawings\images\Sketches\grins\Peter Grin ORIGINAL.jpg","True"
"peter-grin.html","Peter Grin","../../images/Sketches/grins/Peter%20Grin%20ORIGINAL.jpg","Peter Grin ORIGINAL.jpg","D:\github\ron-english-sketches-and-drawings\images\Sketches\grins\Peter Grin ORIGINAL.jpg","True"
"peter-potamus-grin.html","Peter Potamus Grin","../../images/Sketches/grins/Peter%20Potamus%20Grin%20ORIGINAL.jpg","Peter Potamus Grin ORIGINAL.jpg","D:\github\ron-english-sketches-and-drawings\images\Sketches\grins\Peter Potamus Grin ORIGINAL.jpg","True"
"peter-potamus-grin.html","Peter Potamus Grin","../../images/Sketches/grins/Peter%20Potamus%20Grin%20ORIGINAL.jpg","Peter Potamus Grin ORIGINAL.jpg","D:\github\ron-english-sketches-and-drawings\images\Sketches\grins\Peter Potamus Grin ORIGINAL.jpg","True"
"pinnochio-grin-right-side-trace-girl-colored-by-susan-png.html","pinnochio grin right side - Trace girl - colored by susan - png","../../images/Sketches/grins/pinnochio%20grin%20right%20side%20-%20Trace%20girl%20-%20colored%20by%20susan%20-%20png.jpg","pinnochio grin right side - Trace girl - colored by susan - png.jpg","D:\github\ron-english-sketches-and-drawings\images\Sketches\grins\pinnochio grin right side - Trace girl - colored by susan - png.jpg","True"
"pinnochio-grin-right-side-trace-girl-colored-by-susan-png.html","pinnochio grin right side - Trace girl - colored by susan - png","../../images/Sketches/grins/pinnochio%20grin%20right%20side%20-%20Trace%20girl%20-%20colored%20by%20susan%20-%20png.jpg","pinnochio grin right side - Trace girl - colored by susan - png.jpg","D:\github\ron-english-sketches-and-drawings\images\Sketches\grins\pinnochio grin right side - Trace girl - colored by susan - png.jpg","True"
"pinnochio-grin-three-quarters-trace-girl-colored-by-susan-png.html","pinnochio grin three quarters - Trace girl - colored by susan - png","../../images/Sketches/grins/pinnochio%20grin%20three%20quarters%20-%20Trace%20girl%20-%20colored%20by%20susan%20-%20png.jpg","pinnochio grin three quarters - Trace girl - colored by susan - png.jpg","D:\github\ron-english-sketches-and-drawings\images\Sketches\grins\pinnochio grin three quarters - Trace girl - colored by susan - png.jpg","True"
"pinnochio-grin-three-quarters-trace-girl-colored-by-susan-png.html","pinnochio grin three quarters - Trace girl - colored by susan - png","../../images/Sketches/grins/pinnochio%20grin%20three%20quarters%20-%20Trace%20girl%20-%20colored%20by%20susan%20-%20png.jpg","pinnochio grin three quarters - Trace girl - colored by susan - png.jpg","D:\github\ron-english-sketches-and-drawings\images\Sketches\grins\pinnochio grin three quarters - Trace girl - colored by susan - png.jpg","True"
"pinocchio-grin.html","Pinocchio Grin","../../images/Sketches/grins/Pinocchio%20Grin%20front%20ORIGINAL.jpg","Pinocchio Grin front ORIGINAL.jpg","D:\github\ron-english-sketches-and-drawings\images\Sketches\grins\Pinocchio Grin front ORIGINAL.jpg","True"
"pinocchio-grin.html","Pinocchio Grin","../../images/Sketches/grins/Pinocchio%20Grin%20front%20ORIGINAL.jpg","Pinocchio Grin front ORIGINAL.jpg","D:\github\ron-english-sketches-and-drawings\images\Sketches\grins\Pinocchio Grin front ORIGINAL.jpg","True"
"pinocchio-grin.html","Pinocchio Grin","../../images/Sketches/grins/Pinocchio%20Grin%20back%20ORIGINAL.jpg","Pinocchio Grin back ORIGINAL.jpg","D:\github\ron-english-sketches-and-drawings\images\Sketches\grins\Pinocchio Grin back ORIGINAL.jpg","True"
"pinocchio-grin.html","Pinocchio Grin","../../images/Sketches/grins/Pinocchio%20Grin%20back%20ORIGINAL.jpg","Pinocchio Grin back ORIGINAL.jpg","D:\github\ron-english-sketches-and-drawings\images\Sketches\grins\Pinocchio Grin back ORIGINAL.jpg","True"
"pinocchio-grin.html","Pinocchio Grin","../../images/Sketches/grins/Pinocchio%20Grin%20Left%20Side%20ORIGINAL.jpg","Pinocchio Grin Left Side ORIGINAL.jpg","D:\github\ron-english-sketches-and-drawings\images\Sketches\grins\Pinocchio Grin Left Side ORIGINAL.jpg","True"
"pinocchio-grin.html","Pinocchio Grin","../../images/Sketches/grins/Pinocchio%20Grin%20Left%20Side%20ORIGINAL.jpg","Pinocchio Grin Left Side ORIGINAL.jpg","D:\github\ron-english-sketches-and-drawings\images\Sketches\grins\Pinocchio Grin Left Side ORIGINAL.jpg","True"
"pinocchio-grin.html","Pinocchio Grin","../../images/Sketches/grins/Pinocchio%20Grin%20Right%20Side%20ORIGINAL.jpg","Pinocchio Grin Right Side ORIGINAL.jpg","D:\github\ron-english-sketches-and-drawings\images\Sketches\grins\Pinocchio Grin Right Side ORIGINAL.jpg","True"
"pinocchio-grin.html","Pinocchio Grin","../../images/Sketches/grins/Pinocchio%20Grin%20Right%20Side%20ORIGINAL.jpg","Pinocchio Grin Right Side ORIGINAL.jpg","D:\github\ron-english-sketches-and-drawings\images\Sketches\grins\Pinocchio Grin Right Side ORIGINAL.jpg","True"
"pinocchio-grin.html","Pinocchio Grin","../../images/Sketches/grins/Pinocchio%20Grin%20front%20B%26W.jpg","Pinocchio Grin front B&W.jpg","D:\github\ron-english-sketches-and-drawings\images\Sketches\grins\Pinocchio Grin front B&W.jpg","True"
"pinocchio-grin.html","Pinocchio Grin","../../images/Sketches/grins/Pinocchio%20Grin%20front%20B%26W.jpg","Pinocchio Grin front B&W.jpg","D:\github\ron-english-sketches-and-drawings\images\Sketches\grins\Pinocchio Grin front B&W.jpg","True"
"pinocchio-grin.html","Pinocchio Grin","../../images/Sketches/grins/Pinocchio%20Grin%20back%20B%26W.jpg","Pinocchio Grin back B&W.jpg","D:\github\ron-english-sketches-and-drawings\images\Sketches\grins\Pinocchio Grin back B&W.jpg","True"
"pinocchio-grin.html","Pinocchio Grin","../../images/Sketches/grins/Pinocchio%20Grin%20back%20B%26W.jpg","Pinocchio Grin back B&W.jpg","D:\github\ron-english-sketches-and-drawings\images\Sketches\grins\Pinocchio Grin back B&W.jpg","True"
"pinocchio-grin.html","Pinocchio Grin","../../images/Sketches/grins/Pinocchio%20Grin%20back%20COLOR.jpg","Pinocchio Grin back COLOR.jpg","D:\github\ron-english-sketches-and-drawings\images\Sketches\grins\Pinocchio Grin back COLOR.jpg","True"
"pinocchio-grin.html","Pinocchio Grin","../../images/Sketches/grins/Pinocchio%20Grin%20back%20COLOR.jpg","Pinocchio Grin back COLOR.jpg","D:\github\ron-english-sketches-and-drawings\images\Sketches\grins\Pinocchio Grin back COLOR.jpg","True"
"pinocchio-grin.html","Pinocchio Grin","../../images/Sketches/grins/Pinocchio%20Grin%20Left%20Side%20COLOR.jpg","Pinocchio Grin Left Side COLOR.jpg","D:\github\ron-english-sketches-and-drawings\images\Sketches\grins\Pinocchio Grin Left Side COLOR.jpg","True"
"pinocchio-grin.html","Pinocchio Grin","../../images/Sketches/grins/Pinocchio%20Grin%20Left%20Side%20COLOR.jpg","Pinocchio Grin Left Side COLOR.jpg","D:\github\ron-english-sketches-and-drawings\images\Sketches\grins\Pinocchio Grin Left Side COLOR.jpg","True"
"pinocchio-grin-left-side-portrait.html","Pinocchio Grin Left Side portrait","../../images/Sketches/grins/Pinocchio%20Grin%20Left%20Side%20portrait%20ORIGINAL.jpg","Pinocchio Grin Left Side portrait ORIGINAL.jpg","D:\github\ron-english-sketches-and-drawings\images\Sketches\grins\Pinocchio Grin Left Side portrait ORIGINAL.jpg","True"
"pinocchio-grin-left-side-portrait.html","Pinocchio Grin Left Side portrait","../../images/Sketches/grins/Pinocchio%20Grin%20Left%20Side%20portrait%20ORIGINAL.jpg","Pinocchio Grin Left Side portrait ORIGINAL.jpg","D:\github\ron-english-sketches-and-drawings\images\Sketches\grins\Pinocchio Grin Left Side portrait ORIGINAL.jpg","True"
"pinocchio-grin-three-quarters.html","Pinocchio Grin Three Quarters","../../images/Sketches/grins/Pinocchio%20Grin%20Three%20Quarters%20B%26W.jpg","Pinocchio Grin Three Quarters B&W.jpg","D:\github\ron-english-sketches-and-drawings\images\Sketches\grins\Pinocchio Grin Three Quarters B&W.jpg","True"
"pinocchio-grin-three-quarters.html","Pinocchio Grin Three Quarters","../../images/Sketches/grins/Pinocchio%20Grin%20Three%20Quarters%20B%26W.jpg","Pinocchio Grin Three Quarters B&W.jpg","D:\github\ron-english-sketches-and-drawings\images\Sketches\grins\Pinocchio Grin Three Quarters B&W.jpg","True"
"pizza-this.html","Pizza This","../../images/Sketches/grins/Pizza%20This%20ORIGINAL.jpg","Pizza This ORIGINAL.jpg","D:\github\ron-english-sketches-and-drawings\images\Sketches\grins\Pizza This ORIGINAL.jpg","True"
"pizza-this.html","Pizza This","../../images/Sketches/grins/Pizza%20This%20ORIGINAL.jpg","Pizza This ORIGINAL.jpg","D:\github\ron-english-sketches-and-drawings\images\Sketches\grins\Pizza This ORIGINAL.jpg","True"
"plush-bear-grin.html","Plush Bear Grin","../../images/Sketches/grins/Plush%20Bear%20Grin%20front%20B%26W.jpg","Plush Bear Grin front B&W.jpg","D:\github\ron-english-sketches-and-drawings\images\Sketches\grins\Plush Bear Grin front B&W.jpg","True"
"plush-bear-grin.html","Plush Bear Grin","../../images/Sketches/grins/Plush%20Bear%20Grin%20front%20B%26W.jpg","Plush Bear Grin front B&W.jpg","D:\github\ron-english-sketches-and-drawings\images\Sketches\grins\Plush Bear Grin front B&W.jpg","True"
"plush-bear-grin.html","Plush Bear Grin","../../images/Sketches/grins/Plush%20Bear%20Grin%20front%20COLOR.jpg","Plush Bear Grin front COLOR.jpg","D:\github\ron-english-sketches-and-drawings\images\Sketches\grins\Plush Bear Grin front COLOR.jpg","True"
"plush-bear-grin.html","Plush Bear Grin","../../images/Sketches/grins/Plush%20Bear%20Grin%20front%20COLOR.jpg","Plush Bear Grin front COLOR.jpg","D:\github\ron-english-sketches-and-drawings\images\Sketches\grins\Plush Bear Grin front COLOR.jpg","True"
"plush-bear-grinnies.html","Plush Bear Grinnies","../../images/Sketches/grins/Plush%20Bear%20Grinnies%20ORIGINAL%20COLOR.jpg","Plush Bear Grinnies ORIGINAL COLOR.jpg","D:\github\ron-english-sketches-and-drawings\images\Sketches\grins\Plush Bear Grinnies ORIGINAL COLOR.jpg","True"
"plush-bear-grinnies.html","Plush Bear Grinnies","../../images/Sketches/grins/Plush%20Bear%20Grinnies%20ORIGINAL%20COLOR.jpg","Plush Bear Grinnies ORIGINAL COLOR.jpg","D:\github\ron-english-sketches-and-drawings\images\Sketches\grins\Plush Bear Grinnies ORIGINAL COLOR.jpg","True"
"plush-grin.html","Plush Grin","../../images/Sketches/grins/Plush%20Grin%20front%20ORIGINAL%20COLOR.jpg","Plush Grin front ORIGINAL COLOR.jpg","D:\github\ron-english-sketches-and-drawings\images\Sketches\grins\Plush Grin front ORIGINAL COLOR.jpg","True"
"plush-grin.html","Plush Grin","../../images/Sketches/grins/Plush%20Grin%20front%20ORIGINAL%20COLOR.jpg","Plush Grin front ORIGINAL COLOR.jpg","D:\github\ron-english-sketches-and-drawings\images\Sketches\grins\Plush Grin front ORIGINAL COLOR.jpg","True"
"plush-grin.html","Plush Grin","../../images/Sketches/grins/Plush%20Grin%20back%20ORIGINAL%20COLOR.jpg","Plush Grin back ORIGINAL COLOR.jpg","D:\github\ron-english-sketches-and-drawings\images\Sketches\grins\Plush Grin back ORIGINAL COLOR.jpg","True"
"plush-grin.html","Plush Grin","../../images/Sketches/grins/Plush%20Grin%20back%20ORIGINAL%20COLOR.jpg","Plush Grin back ORIGINAL COLOR.jpg","D:\github\ron-english-sketches-and-drawings\images\Sketches\grins\Plush Grin back ORIGINAL COLOR.jpg","True"
"popeye-butthead-grin.html","Popeye Butthead Grin","../../images/Sketches/grins/Popeye%20Butthead%20Grin%20ORIGINAL.jpg","Popeye Butthead Grin ORIGINAL.jpg","D:\github\ron-english-sketches-and-drawings\images\Sketches\grins\Popeye Butthead Grin ORIGINAL.jpg","True"
"popeye-butthead-grin.html","Popeye Butthead Grin","../../images/Sketches/grins/Popeye%20Butthead%20Grin%20ORIGINAL.jpg","Popeye Butthead Grin ORIGINAL.jpg","D:\github\ron-english-sketches-and-drawings\images\Sketches\grins\Popeye Butthead Grin ORIGINAL.jpg","True"
"powerpuff-girl-bubbles-grin.html","Powerpuff Girl Bubbles Grin","../../images/Sketches/grins/Powerpuff%20Girl%20Bubbles%20Grin%20ORIGINAL.jpg","Powerpuff Girl Bubbles Grin ORIGINAL.jpg","D:\github\ron-english-sketches-and-drawings\images\Sketches\grins\Powerpuff Girl Bubbles Grin ORIGINAL.jpg","True"
"powerpuff-girl-bubbles-grin.html","Powerpuff Girl Bubbles Grin","../../images/Sketches/grins/Powerpuff%20Girl%20Bubbles%20Grin%20ORIGINAL.jpg","Powerpuff Girl Bubbles Grin ORIGINAL.jpg","D:\github\ron-english-sketches-and-drawings\images\Sketches\grins\Powerpuff Girl Bubbles Grin ORIGINAL.jpg","True"
"pumpkin-grin.html","Pumpkin Grin","../../images/Sketches/grins/Pumpkin%20Grin%20Side%20View%20ORIGINAL.jpg","Pumpkin Grin Side View ORIGINAL.jpg","D:\github\ron-english-sketches-and-drawings\images\Sketches\grins\Pumpkin Grin Side View ORIGINAL.jpg","True"
"pumpkin-grin.html","Pumpkin Grin","../../images/Sketches/grins/Pumpkin%20Grin%20Side%20View%20ORIGINAL.jpg","Pumpkin Grin Side View ORIGINAL.jpg","D:\github\ron-english-sketches-and-drawings\images\Sketches\grins\Pumpkin Grin Side View ORIGINAL.jpg","True"
"pumpkin-grin.html","Pumpkin Grin","../../images/Sketches/grins/Pumpkin%20Grin%20ORIGINAL.jpg","Pumpkin Grin ORIGINAL.jpg","D:\github\ron-english-sketches-and-drawings\images\Sketches\grins\Pumpkin Grin ORIGINAL.jpg","True"
"pumpkin-grin.html","Pumpkin Grin","../../images/Sketches/grins/Pumpkin%20Grin%20ORIGINAL.jpg","Pumpkin Grin ORIGINAL.jpg","D:\github\ron-english-sketches-and-drawings\images\Sketches\grins\Pumpkin Grin ORIGINAL.jpg","True"
"pumpkin-grin.html","Pumpkin Grin","../../images/Sketches/grins/Pumpkin%20Grin%20Side%20View%20COLOR.jpg","Pumpkin Grin Side View COLOR.jpg","D:\github\ron-english-sketches-and-drawings\images\Sketches\grins\Pumpkin Grin Side View COLOR.jpg","True"
"pumpkin-grin.html","Pumpkin Grin","../../images/Sketches/grins/Pumpkin%20Grin%20Side%20View%20COLOR.jpg","Pumpkin Grin Side View COLOR.jpg","D:\github\ron-english-sketches-and-drawings\images\Sketches\grins\Pumpkin Grin Side View COLOR.jpg","True"
"pumpkin-grin.html","Pumpkin Grin","../../images/Sketches/grins/Pumpkin%20Grin%20COLOR.jpg","Pumpkin Grin COLOR.jpg","D:\github\ron-english-sketches-and-drawings\images\Sketches\grins\Pumpkin Grin COLOR.jpg","True"
"pumpkin-grin.html","Pumpkin Grin","../../images/Sketches/grins/Pumpkin%20Grin%20COLOR.jpg","Pumpkin Grin COLOR.jpg","D:\github\ron-english-sketches-and-drawings\images\Sketches\grins\Pumpkin Grin COLOR.jpg","True"
"qhrist-grin-1.html","Qhrist Grin 1","../../images/Sketches/grins/Qhrist%20Grin%201%20ORIGINAL.jpg","Qhrist Grin 1 ORIGINAL.jpg","D:\github\ron-english-sketches-and-drawings\images\Sketches\grins\Qhrist Grin 1 ORIGINAL.jpg","True"
"qhrist-grin-1.html","Qhrist Grin 1","../../images/Sketches/grins/Qhrist%20Grin%201%20ORIGINAL.jpg","Qhrist Grin 1 ORIGINAL.jpg","D:\github\ron-english-sketches-and-drawings\images\Sketches\grins\Qhrist Grin 1 ORIGINAL.jpg","True"
"qhrist-grin-1.html","Qhrist Grin 1","../../images/Sketches/grins/Qhrist%20Grin%201%20COLOR.jpg","Qhrist Grin 1 COLOR.jpg","D:\github\ron-english-sketches-and-drawings\images\Sketches\grins\Qhrist Grin 1 COLOR.jpg","True"
"qhrist-grin-1.html","Qhrist Grin 1","../../images/Sketches/grins/Qhrist%20Grin%201%20COLOR.jpg","Qhrist Grin 1 COLOR.jpg","D:\github\ron-english-sketches-and-drawings\images\Sketches\grins\Qhrist Grin 1 COLOR.jpg","True"
"qhrist-grin-2.html","Qhrist Grin 2","../../images/Sketches/grins/Qhrist%20Grin%202%20ORIGINAL.jpg","Qhrist Grin 2 ORIGINAL.jpg","D:\github\ron-english-sketches-and-drawings\images\Sketches\grins\Qhrist Grin 2 ORIGINAL.jpg","True"
"qhrist-grin-2.html","Qhrist Grin 2","../../images/Sketches/grins/Qhrist%20Grin%202%20ORIGINAL.jpg","Qhrist Grin 2 ORIGINAL.jpg","D:\github\ron-english-sketches-and-drawings\images\Sketches\grins\Qhrist Grin 2 ORIGINAL.jpg","True"
"qhrist-grin-2.html","Qhrist Grin 2","../../images/Sketches/grins/Qhrist%20Grin%202%20B%26W.png","Qhrist Grin 2 B&W.png","D:\github\ron-english-sketches-and-drawings\images\Sketches\grins\Qhrist Grin 2 B&W.png","True"
"qhrist-grin-2.html","Qhrist Grin 2","../../images/Sketches/grins/Qhrist%20Grin%202%20B%26W.png","Qhrist Grin 2 B&W.png","D:\github\ron-english-sketches-and-drawings\images\Sketches\grins\Qhrist Grin 2 B&W.png","True"
"qhrist-grin-2.html","Qhrist Grin 2","../../images/Sketches/grins/Qhrist%20Grin%202%20card.jpg","Qhrist Grin 2 card.jpg","D:\github\ron-english-sketches-and-drawings\images\Sketches\grins\Qhrist Grin 2 card.jpg","True"
"qhrist-grin-2.html","Qhrist Grin 2","../../images/Sketches/grins/Qhrist%20Grin%202%20card.jpg","Qhrist Grin 2 card.jpg","D:\github\ron-english-sketches-and-drawings\images\Sketches\grins\Qhrist Grin 2 card.jpg","True"
"quick-draw-mcgraw-grin.html","Quick Draw McGraw Grin","../../images/Sketches/grins/Quick%20Draw%20McGraw%20Grin%20ORIGINAL.jpg","Quick Draw McGraw Grin ORIGINAL.jpg","D:\github\ron-english-sketches-and-drawings\images\Sketches\grins\Quick Draw McGraw Grin ORIGINAL.jpg","True"
"quick-draw-mcgraw-grin.html","Quick Draw McGraw Grin","../../images/Sketches/grins/Quick%20Draw%20McGraw%20Grin%20ORIGINAL.jpg","Quick Draw McGraw Grin ORIGINAL.jpg","D:\github\ron-english-sketches-and-drawings\images\Sketches\grins\Quick Draw McGraw Grin ORIGINAL.jpg","True"
"rabbbit-double-grin-mouth.html","Rabbbit Double Grin Mouth","../../images/Sketches/grins/Rabbbit%20Double%20Grin%20Mouth%20ORIGINAL.jpg","Rabbbit Double Grin Mouth ORIGINAL.jpg","D:\github\ron-english-sketches-and-drawings\images\Sketches\grins\Rabbbit Double Grin Mouth ORIGINAL.jpg","True"
"rabbbit-double-grin-mouth.html","Rabbbit Double Grin Mouth","../../images/Sketches/grins/Rabbbit%20Double%20Grin%20Mouth%20ORIGINAL.jpg","Rabbbit Double Grin Mouth ORIGINAL.jpg","D:\github\ron-english-sketches-and-drawings\images\Sketches\grins\Rabbbit Double Grin Mouth ORIGINAL.jpg","True"
"rabbbit-double-grin-mouth.html","Rabbbit Double Grin Mouth","../../images/Sketches/grins/Rabbbit%20Double%20Grin%20Mouth%20B%26W.jpg","Rabbbit Double Grin Mouth B&W.jpg","D:\github\ron-english-sketches-and-drawings\images\Sketches\grins\Rabbbit Double Grin Mouth B&W.jpg","True"
"rabbbit-double-grin-mouth.html","Rabbbit Double Grin Mouth","../../images/Sketches/grins/Rabbbit%20Double%20Grin%20Mouth%20B%26W.jpg","Rabbbit Double Grin Mouth B&W.jpg","D:\github\ron-english-sketches-and-drawings\images\Sketches\grins\Rabbbit Double Grin Mouth B&W.jpg","True"
"rabbbit-grin.html","Rabbbit Grin","../../images/Sketches/grins/Rabbbit%20Grin%20ORIGINAL.jpg","Rabbbit Grin ORIGINAL.jpg","D:\github\ron-english-sketches-and-drawings\images\Sketches\grins\Rabbbit Grin ORIGINAL.jpg","True"
"rabbbit-grin.html","Rabbbit Grin","../../images/Sketches/grins/Rabbbit%20Grin%20ORIGINAL.jpg","Rabbbit Grin ORIGINAL.jpg","D:\github\ron-english-sketches-and-drawings\images\Sketches\grins\Rabbbit Grin ORIGINAL.jpg","True"
"rabbbit-grin.html","Rabbbit Grin","../../images/Sketches/grins/Rabbbit%20Grin%20ORIGINAL%20COLOR.jpg","Rabbbit Grin ORIGINAL COLOR.jpg","D:\github\ron-english-sketches-and-drawings\images\Sketches\grins\Rabbbit Grin ORIGINAL COLOR.jpg","True"
"rabbbit-grin.html","Rabbbit Grin","../../images/Sketches/grins/Rabbbit%20Grin%20ORIGINAL%20COLOR.jpg","Rabbbit Grin ORIGINAL COLOR.jpg","D:\github\ron-english-sketches-and-drawings\images\Sketches\grins\Rabbbit Grin ORIGINAL COLOR.jpg","True"
"rabbbit-grin.html","Rabbbit Grin","../../images/Sketches/grins/Rabbbit%20Grin%20B%26W.jpg","Rabbbit Grin B&W.jpg","D:\github\ron-english-sketches-and-drawings\images\Sketches\grins\Rabbbit Grin B&W.jpg","True"
"rabbbit-grin.html","Rabbbit Grin","../../images/Sketches/grins/Rabbbit%20Grin%20B%26W.jpg","Rabbbit Grin B&W.jpg","D:\github\ron-english-sketches-and-drawings\images\Sketches\grins\Rabbbit Grin B&W.jpg","True"
"rabbbit-grin.html","Rabbbit Grin","../../images/Sketches/grins/Rabbbit%20Grin%20COLOR.jpg","Rabbbit Grin COLOR.jpg","D:\github\ron-english-sketches-and-drawings\images\Sketches\grins\Rabbbit Grin COLOR.jpg","True"
"rabbbit-grin.html","Rabbbit Grin","../../images/Sketches/grins/Rabbbit%20Grin%20COLOR.jpg","Rabbbit Grin COLOR.jpg","D:\github\ron-english-sketches-and-drawings\images\Sketches\grins\Rabbbit Grin COLOR.jpg","True"
"rabbbit-grin-mouth.html","Rabbbit Grin mouth","../../images/Sketches/grins/Rabbbit%20Grin%20mouth%20ORIGINAL.jpg","Rabbbit Grin mouth ORIGINAL.jpg","D:\github\ron-english-sketches-and-drawings\images\Sketches\grins\Rabbbit Grin mouth ORIGINAL.jpg","True"
"rabbbit-grin-mouth.html","Rabbbit Grin mouth","../../images/Sketches/grins/Rabbbit%20Grin%20mouth%20ORIGINAL.jpg","Rabbbit Grin mouth ORIGINAL.jpg","D:\github\ron-english-sketches-and-drawings\images\Sketches\grins\Rabbbit Grin mouth ORIGINAL.jpg","True"
"rabbbit-grin-version-2.html","Rabbbit Grin version 2","../../images/Sketches/grins/Rabbbit%20Grin%20version%202%20front%20ORIGINAL.jpg","Rabbbit Grin version 2 front ORIGINAL.jpg","D:\github\ron-english-sketches-and-drawings\images\Sketches\grins\Rabbbit Grin version 2 front ORIGINAL.jpg","True"
"rabbbit-grin-version-2.html","Rabbbit Grin version 2","../../images/Sketches/grins/Rabbbit%20Grin%20version%202%20front%20ORIGINAL.jpg","Rabbbit Grin version 2 front ORIGINAL.jpg","D:\github\ron-english-sketches-and-drawings\images\Sketches\grins\Rabbbit Grin version 2 front ORIGINAL.jpg","True"
"rabbbit-grin-version-2.html","Rabbbit Grin version 2","../../images/Sketches/grins/Rabbbit%20Grin%20version%202%20back%20ORIGINAL.jpg","Rabbbit Grin version 2 back ORIGINAL.jpg","D:\github\ron-english-sketches-and-drawings\images\Sketches\grins\Rabbbit Grin version 2 back ORIGINAL.jpg","True"
"rabbbit-grin-version-2.html","Rabbbit Grin version 2","../../images/Sketches/grins/Rabbbit%20Grin%20version%202%20back%20ORIGINAL.jpg","Rabbbit Grin version 2 back ORIGINAL.jpg","D:\github\ron-english-sketches-and-drawings\images\Sketches\grins\Rabbbit Grin version 2 back ORIGINAL.jpg","True"
"rabbbit-grin-version-2.html","Rabbbit Grin version 2","../../images/Sketches/grins/Rabbbit%20Grin%20version%202%20front%20B%26W.jpg","Rabbbit Grin version 2 front B&W.jpg","D:\github\ron-english-sketches-and-drawings\images\Sketches\grins\Rabbbit Grin version 2 front B&W.jpg","True"
"rabbbit-grin-version-2.html","Rabbbit Grin version 2","../../images/Sketches/grins/Rabbbit%20Grin%20version%202%20front%20B%26W.jpg","Rabbbit Grin version 2 front B&W.jpg","D:\github\ron-english-sketches-and-drawings\images\Sketches\grins\Rabbbit Grin version 2 front B&W.jpg","True"
"rabbbit-grin-version-2.html","Rabbbit Grin version 2","../../images/Sketches/grins/Rabbbit%20Grin%20version%202%20front%20COLOR.jpg","Rabbbit Grin version 2 front COLOR.jpg","D:\github\ron-english-sketches-and-drawings\images\Sketches\grins\Rabbbit Grin version 2 front COLOR.jpg","True"
"rabbbit-grin-version-2.html","Rabbbit Grin version 2","../../images/Sketches/grins/Rabbbit%20Grin%20version%202%20front%20COLOR.jpg","Rabbbit Grin version 2 front COLOR.jpg","D:\github\ron-english-sketches-and-drawings\images\Sketches\grins\Rabbbit Grin version 2 front COLOR.jpg","True"
"rabbbit-grin-version-2-three-quarters.html","Rabbbit Grin version 2 three quarters","../../images/Sketches/grins/Rabbbit%20Grin%20version%202%20three%20quarters%20ORIGINAL.jpg","Rabbbit Grin version 2 three quarters ORIGINAL.jpg","D:\github\ron-english-sketches-and-drawings\images\Sketches\grins\Rabbbit Grin version 2 three quarters ORIGINAL.jpg","True"
"rabbbit-grin-version-2-three-quarters.html","Rabbbit Grin version 2 three quarters","../../images/Sketches/grins/Rabbbit%20Grin%20version%202%20three%20quarters%20ORIGINAL.jpg","Rabbbit Grin version 2 three quarters ORIGINAL.jpg","D:\github\ron-english-sketches-and-drawings\images\Sketches\grins\Rabbbit Grin version 2 three quarters ORIGINAL.jpg","True"
"rabbbit-grin-version-2-three-quarters.html","Rabbbit Grin version 2 three quarters","../../images/Sketches/grins/Rabbbit%20Grin%20version%202%20three%20quarters%20COLOR.jpg","Rabbbit Grin version 2 three quarters COLOR.jpg","D:\github\ron-english-sketches-and-drawings\images\Sketches\grins\Rabbbit Grin version 2 three quarters COLOR.jpg","True"
"rabbbit-grin-version-2-three-quarters.html","Rabbbit Grin version 2 three quarters","../../images/Sketches/grins/Rabbbit%20Grin%20version%202%20three%20quarters%20COLOR.jpg","Rabbbit Grin version 2 three quarters COLOR.jpg","D:\github\ron-english-sketches-and-drawings\images\Sketches\grins\Rabbbit Grin version 2 three quarters COLOR.jpg","True"
"rabbbit-skull-grin.html","Rabbbit Skull Grin","../../images/Sketches/grins/Rabbbit%20Skull%20Grin%20ORIGINAL.jpg","Rabbbit Skull Grin ORIGINAL.jpg","D:\github\ron-english-sketches-and-drawings\images\Sketches\grins\Rabbbit Skull Grin ORIGINAL.jpg","True"
"rabbbit-skull-grin.html","Rabbbit Skull Grin","../../images/Sketches/grins/Rabbbit%20Skull%20Grin%20ORIGINAL.jpg","Rabbbit Skull Grin ORIGINAL.jpg","D:\github\ron-english-sketches-and-drawings\images\Sketches\grins\Rabbbit Skull Grin ORIGINAL.jpg","True"
"rabbbit-skull-grin.html","Rabbbit Skull Grin","../../images/Sketches/grins/Rabbbit%20Skull%20Grin%20ORIGINAL%20COLOR.jpg","Rabbbit Skull Grin ORIGINAL COLOR.jpg","D:\github\ron-english-sketches-and-drawings\images\Sketches\grins\Rabbbit Skull Grin ORIGINAL COLOR.jpg","True"
"rabbbit-skull-grin.html","Rabbbit Skull Grin","../../images/Sketches/grins/Rabbbit%20Skull%20Grin%20ORIGINAL%20COLOR.jpg","Rabbbit Skull Grin ORIGINAL COLOR.jpg","D:\github\ron-english-sketches-and-drawings\images\Sketches\grins\Rabbbit Skull Grin ORIGINAL COLOR.jpg","True"
"rabbbit-skull-grin.html","Rabbbit Skull Grin","../../images/Sketches/grins/Rabbbit%20Skull%20Grin%20B%26W.jpg","Rabbbit Skull Grin B&W.jpg","D:\github\ron-english-sketches-and-drawings\images\Sketches\grins\Rabbbit Skull Grin B&W.jpg","True"
"rabbbit-skull-grin.html","Rabbbit Skull Grin","../../images/Sketches/grins/Rabbbit%20Skull%20Grin%20B%26W.jpg","Rabbbit Skull Grin B&W.jpg","D:\github\ron-english-sketches-and-drawings\images\Sketches\grins\Rabbbit Skull Grin B&W.jpg","True"
"rabbbit-with-fangs.html","Rabbbit with Fangs","../../images/Sketches/grins/Rabbbit%20with%20Fangs%20side%20ORIGINAL.jpg","Rabbbit with Fangs side ORIGINAL.jpg","D:\github\ron-english-sketches-and-drawings\images\Sketches\grins\Rabbbit with Fangs side ORIGINAL.jpg","True"
"rabbbit-with-fangs.html","Rabbbit with Fangs","../../images/Sketches/grins/Rabbbit%20with%20Fangs%20side%20ORIGINAL.jpg","Rabbbit with Fangs side ORIGINAL.jpg","D:\github\ron-english-sketches-and-drawings\images\Sketches\grins\Rabbbit with Fangs side ORIGINAL.jpg","True"
"rabbbit-with-fangs.html","Rabbbit with Fangs","../../images/Sketches/grins/Rabbbit%20with%20Fangs%20side%20COLOR.jpg","Rabbbit with Fangs side COLOR.jpg","D:\github\ron-english-sketches-and-drawings\images\Sketches\grins\Rabbbit with Fangs side COLOR.jpg","True"
"rabbbit-with-fangs.html","Rabbbit with Fangs","../../images/Sketches/grins/Rabbbit%20with%20Fangs%20side%20COLOR.jpg","Rabbbit with Fangs side COLOR.jpg","D:\github\ron-english-sketches-and-drawings\images\Sketches\grins\Rabbbit with Fangs side COLOR.jpg","True"
"rabbit-grin.html","Rabbit Grin","../../images/Sketches/grins/Rabbit%20Grin%20ORIGINAL.jpg","Rabbit Grin ORIGINAL.jpg","D:\github\ron-english-sketches-and-drawings\images\Sketches\grins\Rabbit Grin ORIGINAL.jpg","True"
"rabbit-grin.html","Rabbit Grin","../../images/Sketches/grins/Rabbit%20Grin%20ORIGINAL.jpg","Rabbit Grin ORIGINAL.jpg","D:\github\ron-english-sketches-and-drawings\images\Sketches\grins\Rabbit Grin ORIGINAL.jpg","True"
"rabbit-grin-2.html","Rabbit Grin 2","../../images/Sketches/grins/Rabbit%20Grin%202%20ORIGINAL.jpg","Rabbit Grin 2 ORIGINAL.jpg","D:\github\ron-english-sketches-and-drawings\images\Sketches\grins\Rabbit Grin 2 ORIGINAL.jpg","True"
"rabbit-grin-2.html","Rabbit Grin 2","../../images/Sketches/grins/Rabbit%20Grin%202%20ORIGINAL.jpg","Rabbit Grin 2 ORIGINAL.jpg","D:\github\ron-english-sketches-and-drawings\images\Sketches\grins\Rabbit Grin 2 ORIGINAL.jpg","True"
"rabbit-grin-2.html","Rabbit Grin 2","../../images/Sketches/grins/Rabbit%20Grin%202%20COLOR.jpg","Rabbit Grin 2 COLOR.jpg","D:\github\ron-english-sketches-and-drawings\images\Sketches\grins\Rabbit Grin 2 COLOR.jpg","True"
"rabbit-grin-2.html","Rabbit Grin 2","../../images/Sketches/grins/Rabbit%20Grin%202%20COLOR.jpg","Rabbit Grin 2 COLOR.jpg","D:\github\ron-english-sketches-and-drawings\images\Sketches\grins\Rabbit Grin 2 COLOR.jpg","True"
"ramones-grin-1.html","Ramones Grin 1","../../images/Sketches/grins/Ramones%20Grin%201%20ORIGINAL.jpg","Ramones Grin 1 ORIGINAL.jpg","D:\github\ron-english-sketches-and-drawings\images\Sketches\grins\Ramones Grin 1 ORIGINAL.jpg","True"
"ramones-grin-1.html","Ramones Grin 1","../../images/Sketches/grins/Ramones%20Grin%201%20ORIGINAL.jpg","Ramones Grin 1 ORIGINAL.jpg","D:\github\ron-english-sketches-and-drawings\images\Sketches\grins\Ramones Grin 1 ORIGINAL.jpg","True"
"ramones-grin-2.html","Ramones Grin 2","../../images/Sketches/grins/Ramones%20Grin%202%20ORIGINAL.jpg","Ramones Grin 2 ORIGINAL.jpg","D:\github\ron-english-sketches-and-drawings\images\Sketches\grins\Ramones Grin 2 ORIGINAL.jpg","True"
"ramones-grin-2.html","Ramones Grin 2","../../images/Sketches/grins/Ramones%20Grin%202%20ORIGINAL.jpg","Ramones Grin 2 ORIGINAL.jpg","D:\github\ron-english-sketches-and-drawings\images\Sketches\grins\Ramones Grin 2 ORIGINAL.jpg","True"
"ramones-grin-3.html","Ramones Grin 3","../../images/Sketches/grins/Ramones%20Grin%203%20ORIGINAL.jpg","Ramones Grin 3 ORIGINAL.jpg","D:\github\ron-english-sketches-and-drawings\images\Sketches\grins\Ramones Grin 3 ORIGINAL.jpg","True"
"ramones-grin-3.html","Ramones Grin 3","../../images/Sketches/grins/Ramones%20Grin%203%20ORIGINAL.jpg","Ramones Grin 3 ORIGINAL.jpg","D:\github\ron-english-sketches-and-drawings\images\Sketches\grins\Ramones Grin 3 ORIGINAL.jpg","True"
"ramones-grin-4.html","Ramones Grin 4","../../images/Sketches/grins/Ramones%20Grin%204%20ORIGINAL.jpg","Ramones Grin 4 ORIGINAL.jpg","D:\github\ron-english-sketches-and-drawings\images\Sketches\grins\Ramones Grin 4 ORIGINAL.jpg","True"
"ramones-grin-4.html","Ramones Grin 4","../../images/Sketches/grins/Ramones%20Grin%204%20ORIGINAL.jpg","Ramones Grin 4 ORIGINAL.jpg","D:\github\ron-english-sketches-and-drawings\images\Sketches\grins\Ramones Grin 4 ORIGINAL.jpg","True"
"ramones-grin-5.html","Ramones Grin 5","../../images/Sketches/grins/Ramones%20Grin%205%20ORIGINAL.jpg","Ramones Grin 5 ORIGINAL.jpg","D:\github\ron-english-sketches-and-drawings\images\Sketches\grins\Ramones Grin 5 ORIGINAL.jpg","True"
"ramones-grin-5.html","Ramones Grin 5","../../images/Sketches/grins/Ramones%20Grin%205%20ORIGINAL.jpg","Ramones Grin 5 ORIGINAL.jpg","D:\github\ron-english-sketches-and-drawings\images\Sketches\grins\Ramones Grin 5 ORIGINAL.jpg","True"
"richie-grin.html","Richie Grin","../../images/Sketches/grins/Richie%20Grin%20ORIGINAL.jpg","Richie Grin ORIGINAL.jpg","D:\github\ron-english-sketches-and-drawings\images\Sketches\grins\Richie Grin ORIGINAL.jpg","True"
"richie-grin.html","Richie Grin","../../images/Sketches/grins/Richie%20Grin%20ORIGINAL.jpg","Richie Grin ORIGINAL.jpg","D:\github\ron-english-sketches-and-drawings\images\Sketches\grins\Richie Grin ORIGINAL.jpg","True"
"richie-grin.html","Richie Grin","../../images/Sketches/grins/Richie%20Grin%20ORIGINAL%20COLOR.jpg","Richie Grin ORIGINAL COLOR.jpg","D:\github\ron-english-sketches-and-drawings\images\Sketches\grins\Richie Grin ORIGINAL COLOR.jpg","True"
"richie-grin.html","Richie Grin","../../images/Sketches/grins/Richie%20Grin%20ORIGINAL%20COLOR.jpg","Richie Grin ORIGINAL COLOR.jpg","D:\github\ron-english-sketches-and-drawings\images\Sketches\grins\Richie Grin ORIGINAL COLOR.jpg","True"
"robbie-spray-grin.html","Robbie Spray Grin","../../images/Sketches/grins/Robbie%20Spray%20Grin.jpg","Robbie Spray Grin.jpg","D:\github\ron-english-sketches-and-drawings\images\Sketches\grins\Robbie Spray Grin.jpg","True"
"robbie-spray-grin.html","Robbie Spray Grin","../../images/Sketches/grins/Robbie%20Spray%20Grin.jpg","Robbie Spray Grin.jpg","D:\github\ron-english-sketches-and-drawings\images\Sketches\grins\Robbie Spray Grin.jpg","True"
"robbie-spray-grin.html","Robbie Spray Grin","../../images/Sketches/grins/Robbie%20Spray%20Grin%20COLOR.jpg","Robbie Spray Grin COLOR.jpg","D:\github\ron-english-sketches-and-drawings\images\Sketches\grins\Robbie Spray Grin COLOR.jpg","True"
"robbie-spray-grin.html","Robbie Spray Grin","../../images/Sketches/grins/Robbie%20Spray%20Grin%20COLOR.jpg","Robbie Spray Grin COLOR.jpg","D:\github\ron-english-sketches-and-drawings\images\Sketches\grins\Robbie Spray Grin COLOR.jpg","True"
"robby-robot-grin.html","Robby Robot Grin","../../images/Sketches/grins/Robby%20Robot%20Grin%20ORIGINAL.jpg","Robby Robot Grin ORIGINAL.jpg","D:\github\ron-english-sketches-and-drawings\images\Sketches\grins\Robby Robot Grin ORIGINAL.jpg","True"
"robby-robot-grin.html","Robby Robot Grin","../../images/Sketches/grins/Robby%20Robot%20Grin%20ORIGINAL.jpg","Robby Robot Grin ORIGINAL.jpg","D:\github\ron-english-sketches-and-drawings\images\Sketches\grins\Robby Robot Grin ORIGINAL.jpg","True"
"robby-robot-grin.html","Robby Robot Grin","../../images/Sketches/grins/Robby%20Robot%20Grin%20B%26W.jpg","Robby Robot Grin B&W.jpg","D:\github\ron-english-sketches-and-drawings\images\Sketches\grins\Robby Robot Grin B&W.jpg","True"
"robby-robot-grin.html","Robby Robot Grin","../../images/Sketches/grins/Robby%20Robot%20Grin%20B%26W.jpg","Robby Robot Grin B&W.jpg","D:\github\ron-english-sketches-and-drawings\images\Sketches\grins\Robby Robot Grin B&W.jpg","True"
"ron-fink-grin.html","Ron Fink Grin","../../images/Sketches/grins/Ron%20Fink%20Grin%20ORIGINAL.jpg","Ron Fink Grin ORIGINAL.jpg","D:\github\ron-english-sketches-and-drawings\images\Sketches\grins\Ron Fink Grin ORIGINAL.jpg","True"
"ron-fink-grin.html","Ron Fink Grin","../../images/Sketches/grins/Ron%20Fink%20Grin%20ORIGINAL.jpg","Ron Fink Grin ORIGINAL.jpg","D:\github\ron-english-sketches-and-drawings\images\Sketches\grins\Ron Fink Grin ORIGINAL.jpg","True"
"ron-fink-grin.html","Ron Fink Grin","../../images/Sketches/grins/Ron%20Fink%20Grin%20B%26W.jpg","Ron Fink Grin B&W.jpg","D:\github\ron-english-sketches-and-drawings\images\Sketches\grins\Ron Fink Grin B&W.jpg","True"
"ron-fink-grin.html","Ron Fink Grin","../../images/Sketches/grins/Ron%20Fink%20Grin%20B%26W.jpg","Ron Fink Grin B&W.jpg","D:\github\ron-english-sketches-and-drawings\images\Sketches\grins\Ron Fink Grin B&W.jpg","True"
"ron-fink-grin.html","Ron Fink Grin","../../images/Sketches/grins/Ron%20Fink%20Grin%20COLOR.jpg","Ron Fink Grin COLOR.jpg","D:\github\ron-english-sketches-and-drawings\images\Sketches\grins\Ron Fink Grin COLOR.jpg","True"
"ron-fink-grin.html","Ron Fink Grin","../../images/Sketches/grins/Ron%20Fink%20Grin%20COLOR.jpg","Ron Fink Grin COLOR.jpg","D:\github\ron-english-sketches-and-drawings\images\Sketches\grins\Ron Fink Grin COLOR.jpg","True"
"ron-fink-grin-original-2.html","Ron Fink Grin ORIGINAL (2)","../../images/Sketches/grins/Ron%20Fink%20Grin%20ORIGINAL%20(2).jpg","Ron Fink Grin ORIGINAL (2).jpg","D:\github\ron-english-sketches-and-drawings\images\Sketches\grins\Ron Fink Grin ORIGINAL (2).jpg","True"
"ron-fink-grin-original-2.html","Ron Fink Grin ORIGINAL (2)","../../images/Sketches/grins/Ron%20Fink%20Grin%20ORIGINAL%20(2).jpg","Ron Fink Grin ORIGINAL (2).jpg","D:\github\ron-english-sketches-and-drawings\images\Sketches\grins\Ron Fink Grin ORIGINAL (2).jpg","True"
"rosie-jetson-grin.html","Rosie Jetson Grin","../../images/Sketches/grins/Rosie%20Jetson%20Grin%20ORIGINAL.jpg","Rosie Jetson Grin ORIGINAL.jpg","D:\github\ron-english-sketches-and-drawings\images\Sketches\grins\Rosie Jetson Grin ORIGINAL.jpg","True"
"rosie-jetson-grin.html","Rosie Jetson Grin","../../images/Sketches/grins/Rosie%20Jetson%20Grin%20ORIGINAL.jpg","Rosie Jetson Grin ORIGINAL.jpg","D:\github\ron-english-sketches-and-drawings\images\Sketches\grins\Rosie Jetson Grin ORIGINAL.jpg","True"
"rugrat-grin.html","Rugrat Grin","../../images/Sketches/grins/Rugrat%20Grin%20ORIGINAL.jpg","Rugrat Grin ORIGINAL.jpg","D:\github\ron-english-sketches-and-drawings\images\Sketches\grins\Rugrat Grin ORIGINAL.jpg","True"
"rugrat-grin.html","Rugrat Grin","../../images/Sketches/grins/Rugrat%20Grin%20ORIGINAL.jpg","Rugrat Grin ORIGINAL.jpg","D:\github\ron-english-sketches-and-drawings\images\Sketches\grins\Rugrat Grin ORIGINAL.jpg","True"
"santa-cruz-hand-grin.html","Santa Cruz Hand Grin","../../images/Sketches/grins/Santa%20Cruz%20Hand%20Grin%20ORIGINAL.jpg","Santa Cruz Hand Grin ORIGINAL.jpg","D:\github\ron-english-sketches-and-drawings\images\Sketches\grins\Santa Cruz Hand Grin ORIGINAL.jpg","True"
"santa-cruz-hand-grin.html","Santa Cruz Hand Grin","../../images/Sketches/grins/Santa%20Cruz%20Hand%20Grin%20ORIGINAL.jpg","Santa Cruz Hand Grin ORIGINAL.jpg","D:\github\ron-english-sketches-and-drawings\images\Sketches\grins\Santa Cruz Hand Grin ORIGINAL.jpg","True"
"santa-grin-1.html","Santa Grin 1","../../images/Sketches/grins/Santa%20Grin%201%20ORIGINAL.jpg","Santa Grin 1 ORIGINAL.jpg","D:\github\ron-english-sketches-and-drawings\images\Sketches\grins\Santa Grin 1 ORIGINAL.jpg","True"
"santa-grin-1.html","Santa Grin 1","../../images/Sketches/grins/Santa%20Grin%201%20ORIGINAL.jpg","Santa Grin 1 ORIGINAL.jpg","D:\github\ron-english-sketches-and-drawings\images\Sketches\grins\Santa Grin 1 ORIGINAL.jpg","True"
"santa-grin-1.html","Santa Grin 1","../../images/Sketches/grins/Santa%20Grin%201%20COLOR.jpg","Santa Grin 1 COLOR.jpg","D:\github\ron-english-sketches-and-drawings\images\Sketches\grins\Santa Grin 1 COLOR.jpg","True"
"santa-grin-1.html","Santa Grin 1","../../images/Sketches/grins/Santa%20Grin%201%20COLOR.jpg","Santa Grin 1 COLOR.jpg","D:\github\ron-english-sketches-and-drawings\images\Sketches\grins\Santa Grin 1 COLOR.jpg","True"
"santa-grin-2.html","Santa Grin 2","../../images/Sketches/grins/Santa%20Grin%202%20ORIGINAL%20COLOR.jpg","Santa Grin 2 ORIGINAL COLOR.jpg","D:\github\ron-english-sketches-and-drawings\images\Sketches\grins\Santa Grin 2 ORIGINAL COLOR.jpg","True"
"santa-grin-2.html","Santa Grin 2","../../images/Sketches/grins/Santa%20Grin%202%20ORIGINAL%20COLOR.jpg","Santa Grin 2 ORIGINAL COLOR.jpg","D:\github\ron-english-sketches-and-drawings\images\Sketches\grins\Santa Grin 2 ORIGINAL COLOR.jpg","True"
"santa-grin-2.html","Santa Grin 2","../../images/Sketches/grins/Santa%20Grin%202%20COLOR.jpg","Santa Grin 2 COLOR.jpg","D:\github\ron-english-sketches-and-drawings\images\Sketches\grins\Santa Grin 2 COLOR.jpg","True"
"santa-grin-2.html","Santa Grin 2","../../images/Sketches/grins/Santa%20Grin%202%20COLOR.jpg","Santa Grin 2 COLOR.jpg","D:\github\ron-english-sketches-and-drawings\images\Sketches\grins\Santa Grin 2 COLOR.jpg","True"
"santa-grin-2.html","Santa Grin 2","../../images/Sketches/grins/Santa%20Grin%202%20card.png","Santa Grin 2 card.png","D:\github\ron-english-sketches-and-drawings\images\Sketches\grins\Santa Grin 2 card.png","True"
"santa-grin-2.html","Santa Grin 2","../../images/Sketches/grins/Santa%20Grin%202%20card.png","Santa Grin 2 card.png","D:\github\ron-english-sketches-and-drawings\images\Sketches\grins\Santa Grin 2 card.png","True"
"santa-grin-3.html","Santa Grin 3","../../images/Sketches/grins/Santa%20Grin%203%20ORIGINAL.jpg","Santa Grin 3 ORIGINAL.jpg","D:\github\ron-english-sketches-and-drawings\images\Sketches\grins\Santa Grin 3 ORIGINAL.jpg","True"
"santa-grin-3.html","Santa Grin 3","../../images/Sketches/grins/Santa%20Grin%203%20ORIGINAL.jpg","Santa Grin 3 ORIGINAL.jpg","D:\github\ron-english-sketches-and-drawings\images\Sketches\grins\Santa Grin 3 ORIGINAL.jpg","True"
"scooby-doo-grin.html","Scooby Doo Grin","../../images/Sketches/grins/Scooby%20Doo%20Grin%20ORIGINAL.jpg","Scooby Doo Grin ORIGINAL.jpg","D:\github\ron-english-sketches-and-drawings\images\Sketches\grins\Scooby Doo Grin ORIGINAL.jpg","True"
"scooby-doo-grin.html","Scooby Doo Grin","../../images/Sketches/grins/Scooby%20Doo%20Grin%20ORIGINAL.jpg","Scooby Doo Grin ORIGINAL.jpg","D:\github\ron-english-sketches-and-drawings\images\Sketches\grins\Scooby Doo Grin ORIGINAL.jpg","True"
"scream-grin.html","Scream Grin","../../images/Sketches/grins/Scream%20Grin%20ORIGINAL.jpg","Scream Grin ORIGINAL.jpg","D:\github\ron-english-sketches-and-drawings\images\Sketches\grins\Scream Grin ORIGINAL.jpg","True"
"scream-grin.html","Scream Grin","../../images/Sketches/grins/Scream%20Grin%20ORIGINAL.jpg","Scream Grin ORIGINAL.jpg","D:\github\ron-english-sketches-and-drawings\images\Sketches\grins\Scream Grin ORIGINAL.jpg","True"
"scream-grin.html","Scream Grin","../../images/Sketches/grins/Scream%20Grin%20COLOR.jpg","Scream Grin COLOR.jpg","D:\github\ron-english-sketches-and-drawings\images\Sketches\grins\Scream Grin COLOR.jpg","True"
"scream-grin.html","Scream Grin","../../images/Sketches/grins/Scream%20Grin%20COLOR.jpg","Scream Grin COLOR.jpg","D:\github\ron-english-sketches-and-drawings\images\Sketches\grins\Scream Grin COLOR.jpg","True"
"sever-fairy-landshark-grin.html","Sever Fairy Landshark Grin","../../images/Sketches/grins/Sever%20Fairy%20Landshark%20Grin%20ORIGINAL%20COLOR.jpg","Sever Fairy Landshark Grin ORIGINAL COLOR.jpg","D:\github\ron-english-sketches-and-drawings\images\Sketches\grins\Sever Fairy Landshark Grin ORIGINAL COLOR.jpg","True"
"sever-fairy-landshark-grin.html","Sever Fairy Landshark Grin","../../images/Sketches/grins/Sever%20Fairy%20Landshark%20Grin%20ORIGINAL%20COLOR.jpg","Sever Fairy Landshark Grin ORIGINAL COLOR.jpg","D:\github\ron-english-sketches-and-drawings\images\Sketches\grins\Sever Fairy Landshark Grin ORIGINAL COLOR.jpg","True"
"sever-fairy-landshark-grin-front-mickey-fin.html","Sever Fairy Landshark Grin Front (Mickey Fin)","../../images/Sketches/grins/Sever%20Fairy%20Landshark%20Grin%20Front%20(Mickey%20Fin)%20ORIGINAL.jpg","Sever Fairy Landshark Grin Front (Mickey Fin) ORIGINAL.jpg","D:\github\ron-english-sketches-and-drawings\images\Sketches\grins\Sever Fairy Landshark Grin Front (Mickey Fin) ORIGINAL.jpg","True"
"sever-fairy-landshark-grin-front-mickey-fin.html","Sever Fairy Landshark Grin Front (Mickey Fin)","../../images/Sketches/grins/Sever%20Fairy%20Landshark%20Grin%20Front%20(Mickey%20Fin)%20ORIGINAL.jpg","Sever Fairy Landshark Grin Front (Mickey Fin) ORIGINAL.jpg","D:\github\ron-english-sketches-and-drawings\images\Sketches\grins\Sever Fairy Landshark Grin Front (Mickey Fin) ORIGINAL.jpg","True"
"sever-fairy-landshark-grin-mickey-fin.html","Sever Fairy Landshark Grin (Mickey Fin)","../../images/Sketches/grins/Sever%20Fairy%20Landshark%20Grin%20(Mickey%20Fin)%20ORIGINAL.jpg","Sever Fairy Landshark Grin (Mickey Fin) ORIGINAL.jpg","D:\github\ron-english-sketches-and-drawings\images\Sketches\grins\Sever Fairy Landshark Grin (Mickey Fin) ORIGINAL.jpg","True"
"sever-fairy-landshark-grin-mickey-fin.html","Sever Fairy Landshark Grin (Mickey Fin)","../../images/Sketches/grins/Sever%20Fairy%20Landshark%20Grin%20(Mickey%20Fin)%20ORIGINAL.jpg","Sever Fairy Landshark Grin (Mickey Fin) ORIGINAL.jpg","D:\github\ron-english-sketches-and-drawings\images\Sketches\grins\Sever Fairy Landshark Grin (Mickey Fin) ORIGINAL.jpg","True"
"sever-fairy-landshark-grin-mickey-fin.html","Sever Fairy Landshark Grin (Mickey Fin)","../../images/Sketches/grins/Sever%20Fairy%20Landshark%20Grin%20(Mickey%20Fin)%20COLOR.jpg","Sever Fairy Landshark Grin (Mickey Fin) COLOR.jpg","D:\github\ron-english-sketches-and-drawings\images\Sketches\grins\Sever Fairy Landshark Grin (Mickey Fin) COLOR.jpg","True"
"sever-fairy-landshark-grin-mickey-fin.html","Sever Fairy Landshark Grin (Mickey Fin)","../../images/Sketches/grins/Sever%20Fairy%20Landshark%20Grin%20(Mickey%20Fin)%20COLOR.jpg","Sever Fairy Landshark Grin (Mickey Fin) COLOR.jpg","D:\github\ron-english-sketches-and-drawings\images\Sketches\grins\Sever Fairy Landshark Grin (Mickey Fin) COLOR.jpg","True"
"sever-fairy-landshark-grin-three-quarters.html","Sever Fairy Landshark Grin three quarters","../../images/Sketches/grins/Sever%20Fairy%20Landshark%20Grin%20three%20quarters%20ORIGINAL.jpg","Sever Fairy Landshark Grin three quarters ORIGINAL.jpg","D:\github\ron-english-sketches-and-drawings\images\Sketches\grins\Sever Fairy Landshark Grin three quarters ORIGINAL.jpg","True"
"sever-fairy-landshark-grin-three-quarters.html","Sever Fairy Landshark Grin three quarters","../../images/Sketches/grins/Sever%20Fairy%20Landshark%20Grin%20three%20quarters%20ORIGINAL.jpg","Sever Fairy Landshark Grin three quarters ORIGINAL.jpg","D:\github\ron-english-sketches-and-drawings\images\Sketches\grins\Sever Fairy Landshark Grin three quarters ORIGINAL.jpg","True"
"sever-fairy-landshark-grin-three-quarters.html","Sever Fairy Landshark Grin three quarters","../../images/Sketches/grins/Sever%20Fairy%20Landshark%20Grin%20three%20quarters%20COLOR.jpg","Sever Fairy Landshark Grin three quarters COLOR.jpg","D:\github\ron-english-sketches-and-drawings\images\Sketches\grins\Sever Fairy Landshark Grin three quarters COLOR.jpg","True"
"sever-fairy-landshark-grin-three-quarters.html","Sever Fairy Landshark Grin three quarters","../../images/Sketches/grins/Sever%20Fairy%20Landshark%20Grin%20three%20quarters%20COLOR.jpg","Sever Fairy Landshark Grin three quarters COLOR.jpg","D:\github\ron-english-sketches-and-drawings\images\Sketches\grins\Sever Fairy Landshark Grin three quarters COLOR.jpg","True"
"shark-grin.html","Shark Grin","../../images/Sketches/grins/Shark%20Grin%20ORIGINAL.jpg","Shark Grin ORIGINAL.jpg","D:\github\ron-english-sketches-and-drawings\images\Sketches\grins\Shark Grin ORIGINAL.jpg","True"
"shark-grin.html","Shark Grin","../../images/Sketches/grins/Shark%20Grin%20ORIGINAL.jpg","Shark Grin ORIGINAL.jpg","D:\github\ron-english-sketches-and-drawings\images\Sketches\grins\Shark Grin ORIGINAL.jpg","True"
"shark-grin.html","Shark Grin","../../images/Sketches/grins/Shark%20Grin%20ORIGINAL%20COLOR.jpg","Shark Grin ORIGINAL COLOR.jpg","D:\github\ron-english-sketches-and-drawings\images\Sketches\grins\Shark Grin ORIGINAL COLOR.jpg","True"
"shark-grin.html","Shark Grin","../../images/Sketches/grins/Shark%20Grin%20ORIGINAL%20COLOR.jpg","Shark Grin ORIGINAL COLOR.jpg","D:\github\ron-english-sketches-and-drawings\images\Sketches\grins\Shark Grin ORIGINAL COLOR.jpg","True"
"shark-grin.html","Shark Grin","../../images/Sketches/grins/Shark%20Grin%20COLOR.jpg","Shark Grin COLOR.jpg","D:\github\ron-english-sketches-and-drawings\images\Sketches\grins\Shark Grin COLOR.jpg","True"
"shark-grin.html","Shark Grin","../../images/Sketches/grins/Shark%20Grin%20COLOR.jpg","Shark Grin COLOR.jpg","D:\github\ron-english-sketches-and-drawings\images\Sketches\grins\Shark Grin COLOR.jpg","True"
"shark-grin-hotrod.html","Shark Grin Hotrod","../../images/Sketches/grins/Shark%20Grin%20Hotrod%20ORIGINAL.jpg","Shark Grin Hotrod ORIGINAL.jpg","D:\github\ron-english-sketches-and-drawings\images\Sketches\grins\Shark Grin Hotrod ORIGINAL.jpg","True"
"shark-grin-hotrod.html","Shark Grin Hotrod","../../images/Sketches/grins/Shark%20Grin%20Hotrod%20ORIGINAL.jpg","Shark Grin Hotrod ORIGINAL.jpg","D:\github\ron-english-sketches-and-drawings\images\Sketches\grins\Shark Grin Hotrod ORIGINAL.jpg","True"
"shark-grin-hotrod.html","Shark Grin Hotrod","../../images/Sketches/grins/Shark%20Grin%20Hotrod%20B%26W.jpg","Shark Grin Hotrod B&W.jpg","D:\github\ron-english-sketches-and-drawings\images\Sketches\grins\Shark Grin Hotrod B&W.jpg","True"
"shark-grin-hotrod.html","Shark Grin Hotrod","../../images/Sketches/grins/Shark%20Grin%20Hotrod%20B%26W.jpg","Shark Grin Hotrod B&W.jpg","D:\github\ron-english-sketches-and-drawings\images\Sketches\grins\Shark Grin Hotrod B&W.jpg","True"
"shark-man-grin.html","Shark Man Grin","../../images/Sketches/grins/Shark%20Man%20Grin%20ORIGINAL.jpg","Shark Man Grin ORIGINAL.jpg","D:\github\ron-english-sketches-and-drawings\images\Sketches\grins\Shark Man Grin ORIGINAL.jpg","True"
"shark-man-grin.html","Shark Man Grin","../../images/Sketches/grins/Shark%20Man%20Grin%20ORIGINAL.jpg","Shark Man Grin ORIGINAL.jpg","D:\github\ron-english-sketches-and-drawings\images\Sketches\grins\Shark Man Grin ORIGINAL.jpg","True"
"shark-man-grin.html","Shark Man Grin","../../images/Sketches/grins/Shark%20Man%20Grin%20COLOR.jpg","Shark Man Grin COLOR.jpg","D:\github\ron-english-sketches-and-drawings\images\Sketches\grins\Shark Man Grin COLOR.jpg","True"
"shark-man-grin.html","Shark Man Grin","../../images/Sketches/grins/Shark%20Man%20Grin%20COLOR.jpg","Shark Man Grin COLOR.jpg","D:\github\ron-english-sketches-and-drawings\images\Sketches\grins\Shark Man Grin COLOR.jpg","True"
"simpsons-family-grins-1.html","Simpsons Family Grins 1","../../images/Sketches/grins/Simpsons%20Family%20Grins%201%20ORIGINAL.jpg","Simpsons Family Grins 1 ORIGINAL.jpg","D:\github\ron-english-sketches-and-drawings\images\Sketches\grins\Simpsons Family Grins 1 ORIGINAL.jpg","True"
"simpsons-family-grins-1.html","Simpsons Family Grins 1","../../images/Sketches/grins/Simpsons%20Family%20Grins%201%20ORIGINAL.jpg","Simpsons Family Grins 1 ORIGINAL.jpg","D:\github\ron-english-sketches-and-drawings\images\Sketches\grins\Simpsons Family Grins 1 ORIGINAL.jpg","True"
"simpsons-family-grins-2.html","Simpsons Family Grins 2","../../images/Sketches/grins/Simpsons%20Family%20Grins%202%20ORIGINAL.jpg","Simpsons Family Grins 2 ORIGINAL.jpg","D:\github\ron-english-sketches-and-drawings\images\Sketches\grins\Simpsons Family Grins 2 ORIGINAL.jpg","True"
"simpsons-family-grins-2.html","Simpsons Family Grins 2","../../images/Sketches/grins/Simpsons%20Family%20Grins%202%20ORIGINAL.jpg","Simpsons Family Grins 2 ORIGINAL.jpg","D:\github\ron-english-sketches-and-drawings\images\Sketches\grins\Simpsons Family Grins 2 ORIGINAL.jpg","True"
"skeleton-grin.html","Skeleton Grin","../../images/Sketches/grins/Skeleton%20Grin%20front%20ORIGINAL.jpg","Skeleton Grin front ORIGINAL.jpg","D:\github\ron-english-sketches-and-drawings\images\Sketches\grins\Skeleton Grin front ORIGINAL.jpg","True"
"skeleton-grin.html","Skeleton Grin","../../images/Sketches/grins/Skeleton%20Grin%20front%20ORIGINAL.jpg","Skeleton Grin front ORIGINAL.jpg","D:\github\ron-english-sketches-and-drawings\images\Sketches\grins\Skeleton Grin front ORIGINAL.jpg","True"
"skeleton-grin.html","Skeleton Grin","../../images/Sketches/grins/Skeleton%20Grin%20side%20ORIGINAL.jpg","Skeleton Grin side ORIGINAL.jpg","D:\github\ron-english-sketches-and-drawings\images\Sketches\grins\Skeleton Grin side ORIGINAL.jpg","True"
"skeleton-grin.html","Skeleton Grin","../../images/Sketches/grins/Skeleton%20Grin%20side%20ORIGINAL.jpg","Skeleton Grin side ORIGINAL.jpg","D:\github\ron-english-sketches-and-drawings\images\Sketches\grins\Skeleton Grin side ORIGINAL.jpg","True"
"skeleton-grin.html","Skeleton Grin","../../images/Sketches/grins/Skeleton%20Grin%20front%20COLOR.jpg","Skeleton Grin front COLOR.jpg","D:\github\ron-english-sketches-and-drawings\images\Sketches\grins\Skeleton Grin front COLOR.jpg","True"
"skeleton-grin.html","Skeleton Grin","../../images/Sketches/grins/Skeleton%20Grin%20front%20COLOR.jpg","Skeleton Grin front COLOR.jpg","D:\github\ron-english-sketches-and-drawings\images\Sketches\grins\Skeleton Grin front COLOR.jpg","True"
"skeleton-grin.html","Skeleton Grin","../../images/Sketches/grins/Skeleton%20Grin%20side%20COLOR.jpg","Skeleton Grin side COLOR.jpg","D:\github\ron-english-sketches-and-drawings\images\Sketches\grins\Skeleton Grin side COLOR.jpg","True"
"skeleton-grin.html","Skeleton Grin","../../images/Sketches/grins/Skeleton%20Grin%20side%20COLOR.jpg","Skeleton Grin side COLOR.jpg","D:\github\ron-english-sketches-and-drawings\images\Sketches\grins\Skeleton Grin side COLOR.jpg","True"
"slo-moe-grin.html","Slo Moe Grin","../../images/Sketches/grins/Slo%20Moe%20Grin%20portrait%20closeup%20ORIGINAL.jpg","Slo Moe Grin portrait closeup ORIGINAL.jpg","D:\github\ron-english-sketches-and-drawings\images\Sketches\grins\Slo Moe Grin portrait closeup ORIGINAL.jpg","True"
"slo-moe-grin.html","Slo Moe Grin","../../images/Sketches/grins/Slo%20Moe%20Grin%20portrait%20closeup%20ORIGINAL.jpg","Slo Moe Grin portrait closeup ORIGINAL.jpg","D:\github\ron-english-sketches-and-drawings\images\Sketches\grins\Slo Moe Grin portrait closeup ORIGINAL.jpg","True"
"slo-moe-grin.html","Slo Moe Grin","../../images/Sketches/grins/Slo%20Moe%20Grin%20portrait%20ORIGINAL.jpg","Slo Moe Grin portrait ORIGINAL.jpg","D:\github\ron-english-sketches-and-drawings\images\Sketches\grins\Slo Moe Grin portrait ORIGINAL.jpg","True"
"slo-moe-grin.html","Slo Moe Grin","../../images/Sketches/grins/Slo%20Moe%20Grin%20portrait%20ORIGINAL.jpg","Slo Moe Grin portrait ORIGINAL.jpg","D:\github\ron-english-sketches-and-drawings\images\Sketches\grins\Slo Moe Grin portrait ORIGINAL.jpg","True"
"slo-moe-grin.html","Slo Moe Grin","../../images/Sketches/grins/Slo%20Moe%20Grin%20Portrait%20COLOR.jpg","Slo Moe Grin Portrait COLOR.jpg","D:\github\ron-english-sketches-and-drawings\images\Sketches\grins\Slo Moe Grin Portrait COLOR.jpg","True"
"slo-moe-grin.html","Slo Moe Grin","../../images/Sketches/grins/Slo%20Moe%20Grin%20Portrait%20COLOR.jpg","Slo Moe Grin Portrait COLOR.jpg","D:\github\ron-english-sketches-and-drawings\images\Sketches\grins\Slo Moe Grin Portrait COLOR.jpg","True"
"slow-moe-grin.html","Slow Moe Grin","../../images/Sketches/grins/Slow%20Moe%20Grin%20COLOR.jpg","Slow Moe Grin COLOR.jpg","D:\github\ron-english-sketches-and-drawings\images\Sketches\grins\Slow Moe Grin COLOR.jpg","True"
"slow-moe-grin.html","Slow Moe Grin","../../images/Sketches/grins/Slow%20Moe%20Grin%20COLOR.jpg","Slow Moe Grin COLOR.jpg","D:\github\ron-english-sketches-and-drawings\images\Sketches\grins\Slow Moe Grin COLOR.jpg","True"
"slushsquatch-grin.html","Slushsquatch Grin","../../images/Sketches/grins/Slushsquatch%20Grin%20ORIGINAL.jpg","Slushsquatch Grin ORIGINAL.jpg","D:\github\ron-english-sketches-and-drawings\images\Sketches\grins\Slushsquatch Grin ORIGINAL.jpg","True"
"slushsquatch-grin.html","Slushsquatch Grin","../../images/Sketches/grins/Slushsquatch%20Grin%20ORIGINAL.jpg","Slushsquatch Grin ORIGINAL.jpg","D:\github\ron-english-sketches-and-drawings\images\Sketches\grins\Slushsquatch Grin ORIGINAL.jpg","True"
"smack-crack-pop-grin.html","Smack, Crack, Pop Grin","../../images/Sketches/grins/Smack%2C%20Crack%2C%20Pop%20Grin%20ORIGINAL.jpg","Smack, Crack, Pop Grin ORIGINAL.jpg","D:\github\ron-english-sketches-and-drawings\images\Sketches\grins\Smack, Crack, Pop Grin ORIGINAL.jpg","True"
"smack-crack-pop-grin.html","Smack, Crack, Pop Grin","../../images/Sketches/grins/Smack%2C%20Crack%2C%20Pop%20Grin%20ORIGINAL.jpg","Smack, Crack, Pop Grin ORIGINAL.jpg","D:\github\ron-english-sketches-and-drawings\images\Sketches\grins\Smack, Crack, Pop Grin ORIGINAL.jpg","True"
"smiley-face-dog-grin-newcastle.html","Smiley Face Dog Grin Newcastle","../../images/Sketches/grins/Smiley%20Face%20Dog%20Grin%20Newcastle%20ORIGINAL.jpg","Smiley Face Dog Grin Newcastle ORIGINAL.jpg","D:\github\ron-english-sketches-and-drawings\images\Sketches\grins\Smiley Face Dog Grin Newcastle ORIGINAL.jpg","True"
"smiley-face-dog-grin-newcastle.html","Smiley Face Dog Grin Newcastle","../../images/Sketches/grins/Smiley%20Face%20Dog%20Grin%20Newcastle%20ORIGINAL.jpg","Smiley Face Dog Grin Newcastle ORIGINAL.jpg","D:\github\ron-english-sketches-and-drawings\images\Sketches\grins\Smiley Face Dog Grin Newcastle ORIGINAL.jpg","True"
"smoking-grin.html","Smoking Grin","../../images/Sketches/grins/Smoking%20Grin%20ORIGINAL.jpg","Smoking Grin ORIGINAL.jpg","D:\github\ron-english-sketches-and-drawings\images\Sketches\grins\Smoking Grin ORIGINAL.jpg","True"
"smoking-grin.html","Smoking Grin","../../images/Sketches/grins/Smoking%20Grin%20ORIGINAL.jpg","Smoking Grin ORIGINAL.jpg","D:\github\ron-english-sketches-and-drawings\images\Sketches\grins\Smoking Grin ORIGINAL.jpg","True"
"smoking-grin.html","Smoking Grin","../../images/Sketches/grins/Smoking%20Grin%20COLOR%202.png","Smoking Grin COLOR 2.png","D:\github\ron-english-sketches-and-drawings\images\Sketches\grins\Smoking Grin COLOR 2.png","True"
"smoking-grin.html","Smoking Grin","../../images/Sketches/grins/Smoking%20Grin%20COLOR%202.png","Smoking Grin COLOR 2.png","D:\github\ron-english-sketches-and-drawings\images\Sketches\grins\Smoking Grin COLOR 2.png","True"
"smurfette-grin.html","Smurfette Grin","../../images/Sketches/grins/Smurfette%20Grin%20ORIGINAL.jpg","Smurfette Grin ORIGINAL.jpg","D:\github\ron-english-sketches-and-drawings\images\Sketches\grins\Smurfette Grin ORIGINAL.jpg","True"
"smurfette-grin.html","Smurfette Grin","../../images/Sketches/grins/Smurfette%20Grin%20ORIGINAL.jpg","Smurfette Grin ORIGINAL.jpg","D:\github\ron-english-sketches-and-drawings\images\Sketches\grins\Smurfette Grin ORIGINAL.jpg","True"
"smurfette-grin.html","Smurfette Grin","../../images/Sketches/grins/Smurfette%20Grin%20COLOR.jpg","Smurfette Grin COLOR.jpg","D:\github\ron-english-sketches-and-drawings\images\Sketches\grins\Smurfette Grin COLOR.jpg","True"
"smurfette-grin.html","Smurfette Grin","../../images/Sketches/grins/Smurfette%20Grin%20COLOR.jpg","Smurfette Grin COLOR.jpg","D:\github\ron-english-sketches-and-drawings\images\Sketches\grins\Smurfette Grin COLOR.jpg","True"
"smurf-grin.html","Smurf Grin","../../images/Sketches/grins/Smurf%20Grin%20ORIGINAL.jpg","Smurf Grin ORIGINAL.jpg","D:\github\ron-english-sketches-and-drawings\images\Sketches\grins\Smurf Grin ORIGINAL.jpg","True"
"smurf-grin.html","Smurf Grin","../../images/Sketches/grins/Smurf%20Grin%20ORIGINAL.jpg","Smurf Grin ORIGINAL.jpg","D:\github\ron-english-sketches-and-drawings\images\Sketches\grins\Smurf Grin ORIGINAL.jpg","True"
"smurf-grin.html","Smurf Grin","../../images/Sketches/grins/Smurf%20Grin%20ORIGINAL%20COLOR.jpg","Smurf Grin ORIGINAL COLOR.jpg","D:\github\ron-english-sketches-and-drawings\images\Sketches\grins\Smurf Grin ORIGINAL COLOR.jpg","True"
"smurf-grin.html","Smurf Grin","../../images/Sketches/grins/Smurf%20Grin%20ORIGINAL%20COLOR.jpg","Smurf Grin ORIGINAL COLOR.jpg","D:\github\ron-english-sketches-and-drawings\images\Sketches\grins\Smurf Grin ORIGINAL COLOR.jpg","True"
"snoopy-grin.html","Snoopy Grin","../../images/Sketches/grins/Snoopy%20Grin%20front%20ORIGINAL.jpg","Snoopy Grin front ORIGINAL.jpg","D:\github\ron-english-sketches-and-drawings\images\Sketches\grins\Snoopy Grin front ORIGINAL.jpg","True"
"snoopy-grin.html","Snoopy Grin","../../images/Sketches/grins/Snoopy%20Grin%20front%20ORIGINAL.jpg","Snoopy Grin front ORIGINAL.jpg","D:\github\ron-english-sketches-and-drawings\images\Sketches\grins\Snoopy Grin front ORIGINAL.jpg","True"
"snoopy-grin.html","Snoopy Grin","../../images/Sketches/grins/Snoopy%20Grin%20back%20ORIGINAL.jpg","Snoopy Grin back ORIGINAL.jpg","D:\github\ron-english-sketches-and-drawings\images\Sketches\grins\Snoopy Grin back ORIGINAL.jpg","True"
"snoopy-grin.html","Snoopy Grin","../../images/Sketches/grins/Snoopy%20Grin%20back%20ORIGINAL.jpg","Snoopy Grin back ORIGINAL.jpg","D:\github\ron-english-sketches-and-drawings\images\Sketches\grins\Snoopy Grin back ORIGINAL.jpg","True"
"snoopy-grin.html","Snoopy Grin","../../images/Sketches/grins/Snoopy%20Grin%20ORIGINAL.jpg","Snoopy Grin ORIGINAL.jpg","D:\github\ron-english-sketches-and-drawings\images\Sketches\grins\Snoopy Grin ORIGINAL.jpg","True"
"snoopy-grin.html","Snoopy Grin","../../images/Sketches/grins/Snoopy%20Grin%20ORIGINAL.jpg","Snoopy Grin ORIGINAL.jpg","D:\github\ron-english-sketches-and-drawings\images\Sketches\grins\Snoopy Grin ORIGINAL.jpg","True"
"snoopy-grin.html","Snoopy Grin","../../images/Sketches/grins/Snoopy%20Grin%20front%20COLOR.jpg","Snoopy Grin front COLOR.jpg","D:\github\ron-english-sketches-and-drawings\images\Sketches\grins\Snoopy Grin front COLOR.jpg","True"
"snoopy-grin.html","Snoopy Grin","../../images/Sketches/grins/Snoopy%20Grin%20front%20COLOR.jpg","Snoopy Grin front COLOR.jpg","D:\github\ron-english-sketches-and-drawings\images\Sketches\grins\Snoopy Grin front COLOR.jpg","True"
"snoopy-traditional-grin.html","Snoopy Traditional Grin","../../images/Sketches/grins/Snoopy%20Traditional%20Grin%20ORIGINAL.jpg","Snoopy Traditional Grin ORIGINAL.jpg","D:\github\ron-english-sketches-and-drawings\images\Sketches\grins\Snoopy Traditional Grin ORIGINAL.jpg","True"
"snoopy-traditional-grin.html","Snoopy Traditional Grin","../../images/Sketches/grins/Snoopy%20Traditional%20Grin%20ORIGINAL.jpg","Snoopy Traditional Grin ORIGINAL.jpg","D:\github\ron-english-sketches-and-drawings\images\Sketches\grins\Snoopy Traditional Grin ORIGINAL.jpg","True"
"snoopy-traditional-grin.html","Snoopy Traditional Grin","../../images/Sketches/grins/Snoopy%20Traditional%20Grin%20B%26W.jpg","Snoopy Traditional Grin B&W.jpg","D:\github\ron-english-sketches-and-drawings\images\Sketches\grins\Snoopy Traditional Grin B&W.jpg","True"
"snoopy-traditional-grin.html","Snoopy Traditional Grin","../../images/Sketches/grins/Snoopy%20Traditional%20Grin%20B%26W.jpg","Snoopy Traditional Grin B&W.jpg","D:\github\ron-english-sketches-and-drawings\images\Sketches\grins\Snoopy Traditional Grin B&W.jpg","True"
"snoopy-traditional-grin.html","Snoopy Traditional Grin","../../images/Sketches/grins/Snoopy%20Traditional%20Grin%20COLOR.jpg","Snoopy Traditional Grin COLOR.jpg","D:\github\ron-english-sketches-and-drawings\images\Sketches\grins\Snoopy Traditional Grin COLOR.jpg","True"
"snoopy-traditional-grin.html","Snoopy Traditional Grin","../../images/Sketches/grins/Snoopy%20Traditional%20Grin%20COLOR.jpg","Snoopy Traditional Grin COLOR.jpg","D:\github\ron-english-sketches-and-drawings\images\Sketches\grins\Snoopy Traditional Grin COLOR.jpg","True"
"snoopy-traditional-grin-2.html","Snoopy Traditional Grin 2","../../images/Sketches/grins/Snoopy%20Traditional%20Grin%202%20ORIGINAL.jpg","Snoopy Traditional Grin 2 ORIGINAL.jpg","D:\github\ron-english-sketches-and-drawings\images\Sketches\grins\Snoopy Traditional Grin 2 ORIGINAL.jpg","True"
"snoopy-traditional-grin-2.html","Snoopy Traditional Grin 2","../../images/Sketches/grins/Snoopy%20Traditional%20Grin%202%20ORIGINAL.jpg","Snoopy Traditional Grin 2 ORIGINAL.jpg","D:\github\ron-english-sketches-and-drawings\images\Sketches\grins\Snoopy Traditional Grin 2 ORIGINAL.jpg","True"
"soccer-ball-grin.html","Soccer Ball Grin","../../images/Sketches/grins/Soccer%20Ball%20Grin%20ORIGINAL%20COLOR.jpg","Soccer Ball Grin ORIGINAL COLOR.jpg","D:\github\ron-english-sketches-and-drawings\images\Sketches\grins\Soccer Ball Grin ORIGINAL COLOR.jpg","True"
"soccer-ball-grin.html","Soccer Ball Grin","../../images/Sketches/grins/Soccer%20Ball%20Grin%20ORIGINAL%20COLOR.jpg","Soccer Ball Grin ORIGINAL COLOR.jpg","D:\github\ron-english-sketches-and-drawings\images\Sketches\grins\Soccer Ball Grin ORIGINAL COLOR.jpg","True"
"sock-monkey-grin.html","Sock Monkey Grin","../../images/Sketches/grins/Sock%20Monkey%20Grin%20ORIGINAL.jpg","Sock Monkey Grin ORIGINAL.jpg","D:\github\ron-english-sketches-and-drawings\images\Sketches\grins\Sock Monkey Grin ORIGINAL.jpg","True"
"sock-monkey-grin.html","Sock Monkey Grin","../../images/Sketches/grins/Sock%20Monkey%20Grin%20ORIGINAL.jpg","Sock Monkey Grin ORIGINAL.jpg","D:\github\ron-english-sketches-and-drawings\images\Sketches\grins\Sock Monkey Grin ORIGINAL.jpg","True"
"sock-monkey-grin.html","Sock Monkey Grin","../../images/Sketches/grins/Sock%20Monkey%20Grin%20ORIGINAL%20COLOR%202.jpg","Sock Monkey Grin ORIGINAL COLOR 2.jpg","D:\github\ron-english-sketches-and-drawings\images\Sketches\grins\Sock Monkey Grin ORIGINAL COLOR 2.jpg","True"
"sock-monkey-grin.html","Sock Monkey Grin","../../images/Sketches/grins/Sock%20Monkey%20Grin%20ORIGINAL%20COLOR%202.jpg","Sock Monkey Grin ORIGINAL COLOR 2.jpg","D:\github\ron-english-sketches-and-drawings\images\Sketches\grins\Sock Monkey Grin ORIGINAL COLOR 2.jpg","True"
"sock-monkey-grin.html","Sock Monkey Grin","../../images/Sketches/grins/Sock%20Monkey%20Grin%20card.jpg","Sock Monkey Grin card.jpg","D:\github\ron-english-sketches-and-drawings\images\Sketches\grins\Sock Monkey Grin card.jpg","True"
"sock-monkey-grin.html","Sock Monkey Grin","../../images/Sketches/grins/Sock%20Monkey%20Grin%20card.jpg","Sock Monkey Grin card.jpg","D:\github\ron-english-sketches-and-drawings\images\Sketches\grins\Sock Monkey Grin card.jpg","True"
"sonic-grin.html","Sonic Grin","../../images/Sketches/grins/Sonic%20Grin%20ORIGINAL.jpg","Sonic Grin ORIGINAL.jpg","D:\github\ron-english-sketches-and-drawings\images\Sketches\grins\Sonic Grin ORIGINAL.jpg","True"
"sonic-grin.html","Sonic Grin","../../images/Sketches/grins/Sonic%20Grin%20ORIGINAL.jpg","Sonic Grin ORIGINAL.jpg","D:\github\ron-english-sketches-and-drawings\images\Sketches\grins\Sonic Grin ORIGINAL.jpg","True"
"sonic-grin.html","Sonic Grin","../../images/Sketches/grins/Sonic%20Grin%20B%26W.jpg","Sonic Grin B&W.jpg","D:\github\ron-english-sketches-and-drawings\images\Sketches\grins\Sonic Grin B&W.jpg","True"
"sonic-grin.html","Sonic Grin","../../images/Sketches/grins/Sonic%20Grin%20B%26W.jpg","Sonic Grin B&W.jpg","D:\github\ron-english-sketches-and-drawings\images\Sketches\grins\Sonic Grin B&W.jpg","True"
"space-shark-grin.html","Space Shark Grin","../../images/Sketches/grins/Space%20Shark%20Grin%20ORIGINAL%20COLOR.jpg","Space Shark Grin ORIGINAL COLOR.jpg","D:\github\ron-english-sketches-and-drawings\images\Sketches\grins\Space Shark Grin ORIGINAL COLOR.jpg","True"
"space-shark-grin.html","Space Shark Grin","../../images/Sketches/grins/Space%20Shark%20Grin%20ORIGINAL%20COLOR.jpg","Space Shark Grin ORIGINAL COLOR.jpg","D:\github\ron-english-sketches-and-drawings\images\Sketches\grins\Space Shark Grin ORIGINAL COLOR.jpg","True"
"space-shark-grin.html","Space Shark Grin","../../images/Sketches/grins/Space%20Shark%20Grin%20front%20COLOR.jpg","Space Shark Grin front COLOR.jpg","D:\github\ron-english-sketches-and-drawings\images\Sketches\grins\Space Shark Grin front COLOR.jpg","True"
"space-shark-grin.html","Space Shark Grin","../../images/Sketches/grins/Space%20Shark%20Grin%20front%20COLOR.jpg","Space Shark Grin front COLOR.jpg","D:\github\ron-english-sketches-and-drawings\images\Sketches\grins\Space Shark Grin front COLOR.jpg","True"
"spaz-grin.html","Spaz Grin","../../images/Sketches/grins/Spaz%20Grin%20ORIGINAL.jpg","Spaz Grin ORIGINAL.jpg","D:\github\ron-english-sketches-and-drawings\images\Sketches\grins\Spaz Grin ORIGINAL.jpg","True"
"spaz-grin.html","Spaz Grin","../../images/Sketches/grins/Spaz%20Grin%20ORIGINAL.jpg","Spaz Grin ORIGINAL.jpg","D:\github\ron-english-sketches-and-drawings\images\Sketches\grins\Spaz Grin ORIGINAL.jpg","True"
"speak-more-evil-grin.html","Speak More Evil Grin","../../images/Sketches/grins/Speak%20More%20Evil%20Grin%20side%20ORIGINAL.jpg","Speak More Evil Grin side ORIGINAL.jpg","D:\github\ron-english-sketches-and-drawings\images\Sketches\grins\Speak More Evil Grin side ORIGINAL.jpg","True"
"speak-more-evil-grin.html","Speak More Evil Grin","../../images/Sketches/grins/Speak%20More%20Evil%20Grin%20side%20ORIGINAL.jpg","Speak More Evil Grin side ORIGINAL.jpg","D:\github\ron-english-sketches-and-drawings\images\Sketches\grins\Speak More Evil Grin side ORIGINAL.jpg","True"
"speak-more-evil-grin.html","Speak More Evil Grin","../../images/Sketches/grins/Speak%20More%20Evil%20Grin%20ORIGINAL.jpg","Speak More Evil Grin ORIGINAL.jpg","D:\github\ron-english-sketches-and-drawings\images\Sketches\grins\Speak More Evil Grin ORIGINAL.jpg","True"
"speak-more-evil-grin.html","Speak More Evil Grin","../../images/Sketches/grins/Speak%20More%20Evil%20Grin%20ORIGINAL.jpg","Speak More Evil Grin ORIGINAL.jpg","D:\github\ron-english-sketches-and-drawings\images\Sketches\grins\Speak More Evil Grin ORIGINAL.jpg","True"
"speak-more-evil-grin.html","Speak More Evil Grin","../../images/Sketches/grins/Speak%20More%20Evil%20Grin%20COLOR.jpg","Speak More Evil Grin COLOR.jpg","D:\github\ron-english-sketches-and-drawings\images\Sketches\grins\Speak More Evil Grin COLOR.jpg","True"
"speak-more-evil-grin.html","Speak More Evil Grin","../../images/Sketches/grins/Speak%20More%20Evil%20Grin%20COLOR.jpg","Speak More Evil Grin COLOR.jpg","D:\github\ron-english-sketches-and-drawings\images\Sketches\grins\Speak More Evil Grin COLOR.jpg","True"
"spongebob-grin.html","Spongebob Grin","../../images/Sketches/grins/Spongebob%20Grin%20ORIGINAL.jpg","Spongebob Grin ORIGINAL.jpg","D:\github\ron-english-sketches-and-drawings\images\Sketches\grins\Spongebob Grin ORIGINAL.jpg","True"
"spongebob-grin.html","Spongebob Grin","../../images/Sketches/grins/Spongebob%20Grin%20ORIGINAL.jpg","Spongebob Grin ORIGINAL.jpg","D:\github\ron-english-sketches-and-drawings\images\Sketches\grins\Spongebob Grin ORIGINAL.jpg","True"
"spongebob-grin.html","Spongebob Grin","../../images/Sketches/grins/Spongebob%20Grin%20COLOR.jpg","Spongebob Grin COLOR.jpg","D:\github\ron-english-sketches-and-drawings\images\Sketches\grins\Spongebob Grin COLOR.jpg","True"
"spongebob-grin.html","Spongebob Grin","../../images/Sketches/grins/Spongebob%20Grin%20COLOR.jpg","Spongebob Grin COLOR.jpg","D:\github\ron-english-sketches-and-drawings\images\Sketches\grins\Spongebob Grin COLOR.jpg","True"
"spongebob-grin-in-waves.html","Spongebob Grin in Waves","../../images/Sketches/grins/Spongebob%20Grin%20in%20Waves%20ORIGINAL.jpg","Spongebob Grin in Waves ORIGINAL.jpg","D:\github\ron-english-sketches-and-drawings\images\Sketches\grins\Spongebob Grin in Waves ORIGINAL.jpg","True"
"spongebob-grin-in-waves.html","Spongebob Grin in Waves","../../images/Sketches/grins/Spongebob%20Grin%20in%20Waves%20ORIGINAL.jpg","Spongebob Grin in Waves ORIGINAL.jpg","D:\github\ron-english-sketches-and-drawings\images\Sketches\grins\Spongebob Grin in Waves ORIGINAL.jpg","True"
"spongebob-grin-in-waves.html","Spongebob Grin in Waves","../../images/Sketches/grins/Spongebob%20Grin%20in%20Waves%20B%26W.jpg","Spongebob Grin in Waves B&W.jpg","D:\github\ron-english-sketches-and-drawings\images\Sketches\grins\Spongebob Grin in Waves B&W.jpg","True"
"spongebob-grin-in-waves.html","Spongebob Grin in Waves","../../images/Sketches/grins/Spongebob%20Grin%20in%20Waves%20B%26W.jpg","Spongebob Grin in Waves B&W.jpg","D:\github\ron-english-sketches-and-drawings\images\Sketches\grins\Spongebob Grin in Waves B&W.jpg","True"
"spongebob-grin-in-waves.html","Spongebob Grin in Waves","../../images/Sketches/grins/Spongebob%20Grin%20in%20Waves%20COLOR.jpg","Spongebob Grin in Waves COLOR.jpg","D:\github\ron-english-sketches-and-drawings\images\Sketches\grins\Spongebob Grin in Waves COLOR.jpg","True"
"spongebob-grin-in-waves.html","Spongebob Grin in Waves","../../images/Sketches/grins/Spongebob%20Grin%20in%20Waves%20COLOR.jpg","Spongebob Grin in Waves COLOR.jpg","D:\github\ron-english-sketches-and-drawings\images\Sketches\grins\Spongebob Grin in Waves COLOR.jpg","True"
"squirrel-squirt-grin.html","Squirrel Squirt Grin","../../images/Sketches/grins/Squirrel%20Squirt%20Grin%20Head%20ORIGINAL.jpg","Squirrel Squirt Grin Head ORIGINAL.jpg","D:\github\ron-english-sketches-and-drawings\images\Sketches\grins\Squirrel Squirt Grin Head ORIGINAL.jpg","True"
"squirrel-squirt-grin.html","Squirrel Squirt Grin","../../images/Sketches/grins/Squirrel%20Squirt%20Grin%20Head%20ORIGINAL.jpg","Squirrel Squirt Grin Head ORIGINAL.jpg","D:\github\ron-english-sketches-and-drawings\images\Sketches\grins\Squirrel Squirt Grin Head ORIGINAL.jpg","True"
"squirrel-squirt-grin.html","Squirrel Squirt Grin","../../images/Sketches/grins/Squirrel%20Squirt%20Grin%20Head%20COLOR.jpg","Squirrel Squirt Grin Head COLOR.jpg","D:\github\ron-english-sketches-and-drawings\images\Sketches\grins\Squirrel Squirt Grin Head COLOR.jpg","True"
"squirrel-squirt-grin.html","Squirrel Squirt Grin","../../images/Sketches/grins/Squirrel%20Squirt%20Grin%20Head%20COLOR.jpg","Squirrel Squirt Grin Head COLOR.jpg","D:\github\ron-english-sketches-and-drawings\images\Sketches\grins\Squirrel Squirt Grin Head COLOR.jpg","True"
"squirrel-squirt-grin.html","Squirrel Squirt Grin","../../images/Sketches/grins/Squirrel%20Squirt%20Grin%20COLOR.jpg","Squirrel Squirt Grin COLOR.jpg","D:\github\ron-english-sketches-and-drawings\images\Sketches\grins\Squirrel Squirt Grin COLOR.jpg","True"
"squirrel-squirt-grin.html","Squirrel Squirt Grin","../../images/Sketches/grins/Squirrel%20Squirt%20Grin%20COLOR.jpg","Squirrel Squirt Grin COLOR.jpg","D:\github\ron-english-sketches-and-drawings\images\Sketches\grins\Squirrel Squirt Grin COLOR.jpg","True"
"staples-pigeon-grin.html","Staples Pigeon Grin","../../images/Sketches/grins/Staples%20Pigeon%20Grin%20front%20ORIGINAL.jpg","Staples Pigeon Grin front ORIGINAL.jpg","D:\github\ron-english-sketches-and-drawings\images\Sketches\grins\Staples Pigeon Grin front ORIGINAL.jpg","True"
"staples-pigeon-grin.html","Staples Pigeon Grin","../../images/Sketches/grins/Staples%20Pigeon%20Grin%20front%20ORIGINAL.jpg","Staples Pigeon Grin front ORIGINAL.jpg","D:\github\ron-english-sketches-and-drawings\images\Sketches\grins\Staples Pigeon Grin front ORIGINAL.jpg","True"
"staples-pigeon-grin.html","Staples Pigeon Grin","../../images/Sketches/grins/Staples%20Pigeon%20Grin%20side%20ORIGINAL.jpg","Staples Pigeon Grin side ORIGINAL.jpg","D:\github\ron-english-sketches-and-drawings\images\Sketches\grins\Staples Pigeon Grin side ORIGINAL.jpg","True"
"staples-pigeon-grin.html","Staples Pigeon Grin","../../images/Sketches/grins/Staples%20Pigeon%20Grin%20side%20ORIGINAL.jpg","Staples Pigeon Grin side ORIGINAL.jpg","D:\github\ron-english-sketches-and-drawings\images\Sketches\grins\Staples Pigeon Grin side ORIGINAL.jpg","True"
"staples-pigeon-grin.html","Staples Pigeon Grin","../../images/Sketches/grins/Staples%20Pigeon%20Grin%20side%20COLOR.jpg","Staples Pigeon Grin side COLOR.jpg","D:\github\ron-english-sketches-and-drawings\images\Sketches\grins\Staples Pigeon Grin side COLOR.jpg","True"
"staples-pigeon-grin.html","Staples Pigeon Grin","../../images/Sketches/grins/Staples%20Pigeon%20Grin%20side%20COLOR.jpg","Staples Pigeon Grin side COLOR.jpg","D:\github\ron-english-sketches-and-drawings\images\Sketches\grins\Staples Pigeon Grin side COLOR.jpg","True"
"starskull-trooper-grin.html","Starskull Trooper Grin","../../images/Sketches/grins/Starskull%20Trooper%20Grin%20ORIGINAL.jpeg","Starskull Trooper Grin ORIGINAL.jpeg","D:\github\ron-english-sketches-and-drawings\images\Sketches\grins\Starskull Trooper Grin ORIGINAL.jpeg","True"
"starskull-trooper-grin.html","Starskull Trooper Grin","../../images/Sketches/grins/Starskull%20Trooper%20Grin%20ORIGINAL.jpeg","Starskull Trooper Grin ORIGINAL.jpeg","D:\github\ron-english-sketches-and-drawings\images\Sketches\grins\Starskull Trooper Grin ORIGINAL.jpeg","True"
"stewie-grin.html","Stewie Grin","../../images/Sketches/grins/Stewie%20Grin%20ORIGINAL.jpg","Stewie Grin ORIGINAL.jpg","D:\github\ron-english-sketches-and-drawings\images\Sketches\grins\Stewie Grin ORIGINAL.jpg","True"
"stewie-grin.html","Stewie Grin","../../images/Sketches/grins/Stewie%20Grin%20ORIGINAL.jpg","Stewie Grin ORIGINAL.jpg","D:\github\ron-english-sketches-and-drawings\images\Sketches\grins\Stewie Grin ORIGINAL.jpg","True"
"stitch-grin.html","Stitch Grin","../../images/Sketches/grins/Stitch%20Grin%20ORIGINAL.jpg","Stitch Grin ORIGINAL.jpg","D:\github\ron-english-sketches-and-drawings\images\Sketches\grins\Stitch Grin ORIGINAL.jpg","True"
"stitch-grin.html","Stitch Grin","../../images/Sketches/grins/Stitch%20Grin%20ORIGINAL.jpg","Stitch Grin ORIGINAL.jpg","D:\github\ron-english-sketches-and-drawings\images\Sketches\grins\Stitch Grin ORIGINAL.jpg","True"
"stitch-grin.html","Stitch Grin","../../images/Sketches/grins/Stitch%20Grin%20B%26W.jpg","Stitch Grin B&W.jpg","D:\github\ron-english-sketches-and-drawings\images\Sketches\grins\Stitch Grin B&W.jpg","True"
"stitch-grin.html","Stitch Grin","../../images/Sketches/grins/Stitch%20Grin%20B%26W.jpg","Stitch Grin B&W.jpg","D:\github\ron-english-sketches-and-drawings\images\Sketches\grins\Stitch Grin B&W.jpg","True"
"stormtrooper-grin.html","Stormtrooper Grin","../../images/Sketches/grins/Stormtrooper%20Grin%20ORIGINAL.jpg","Stormtrooper Grin ORIGINAL.jpg","D:\github\ron-english-sketches-and-drawings\images\Sketches\grins\Stormtrooper Grin ORIGINAL.jpg","True"
"stormtrooper-grin.html","Stormtrooper Grin","../../images/Sketches/grins/Stormtrooper%20Grin%20ORIGINAL.jpg","Stormtrooper Grin ORIGINAL.jpg","D:\github\ron-english-sketches-and-drawings\images\Sketches\grins\Stormtrooper Grin ORIGINAL.jpg","True"
"street-fighter-guile-grin.html","Street Fighter Guile Grin","../../images/Sketches/grins/Street%20Fighter%20Guile%20Grin%20ORIGINAL.jpg","Street Fighter Guile Grin ORIGINAL.jpg","D:\github\ron-english-sketches-and-drawings\images\Sketches\grins\Street Fighter Guile Grin ORIGINAL.jpg","True"
"street-fighter-guile-grin.html","Street Fighter Guile Grin","../../images/Sketches/grins/Street%20Fighter%20Guile%20Grin%20ORIGINAL.jpg","Street Fighter Guile Grin ORIGINAL.jpg","D:\github\ron-english-sketches-and-drawings\images\Sketches\grins\Street Fighter Guile Grin ORIGINAL.jpg","True"
"street-fighter-guile-grin.html","Street Fighter Guile Grin","../../images/Sketches/grins/Street%20Fighter%20Guile%20Grin%20B%26W.jpg","Street Fighter Guile Grin B&W.jpg","D:\github\ron-english-sketches-and-drawings\images\Sketches\grins\Street Fighter Guile Grin B&W.jpg","True"
"street-fighter-guile-grin.html","Street Fighter Guile Grin","../../images/Sketches/grins/Street%20Fighter%20Guile%20Grin%20B%26W.jpg","Street Fighter Guile Grin B&W.jpg","D:\github\ron-english-sketches-and-drawings\images\Sketches\grins\Street Fighter Guile Grin B&W.jpg","True"
"sugar-clown-grin.html","Sugar Clown Grin","../../images/Sketches/grins/Sugar%20Clown%20Grin%20back%20ORIGINAL.jpg","Sugar Clown Grin back ORIGINAL.jpg","D:\github\ron-english-sketches-and-drawings\images\Sketches\grins\Sugar Clown Grin back ORIGINAL.jpg","True"
"sugar-clown-grin.html","Sugar Clown Grin","../../images/Sketches/grins/Sugar%20Clown%20Grin%20back%20ORIGINAL.jpg","Sugar Clown Grin back ORIGINAL.jpg","D:\github\ron-english-sketches-and-drawings\images\Sketches\grins\Sugar Clown Grin back ORIGINAL.jpg","True"
"sugar-clown-grin.html","Sugar Clown Grin","../../images/Sketches/grins/Sugar%20Clown%20Grin%20left%20side%20ORIGINAL.jpg","Sugar Clown Grin left side ORIGINAL.jpg","D:\github\ron-english-sketches-and-drawings\images\Sketches\grins\Sugar Clown Grin left side ORIGINAL.jpg","True"
"sugar-clown-grin.html","Sugar Clown Grin","../../images/Sketches/grins/Sugar%20Clown%20Grin%20left%20side%20ORIGINAL.jpg","Sugar Clown Grin left side ORIGINAL.jpg","D:\github\ron-english-sketches-and-drawings\images\Sketches\grins\Sugar Clown Grin left side ORIGINAL.jpg","True"
"sugar-clown-grin.html","Sugar Clown Grin","../../images/Sketches/grins/Sugar%20Clown%20Grin%20right%20side%20ORIGINAL.jpg","Sugar Clown Grin right side ORIGINAL.jpg","D:\github\ron-english-sketches-and-drawings\images\Sketches\grins\Sugar Clown Grin right side ORIGINAL.jpg","True"
"sugar-clown-grin.html","Sugar Clown Grin","../../images/Sketches/grins/Sugar%20Clown%20Grin%20right%20side%20ORIGINAL.jpg","Sugar Clown Grin right side ORIGINAL.jpg","D:\github\ron-english-sketches-and-drawings\images\Sketches\grins\Sugar Clown Grin right side ORIGINAL.jpg","True"
"sugar-clown-grin.html","Sugar Clown Grin","../../images/Sketches/grins/Sugar%20Clown%20Grin%20ORIGINAL.jpg","Sugar Clown Grin ORIGINAL.jpg","D:\github\ron-english-sketches-and-drawings\images\Sketches\grins\Sugar Clown Grin ORIGINAL.jpg","True"
"sugar-clown-grin.html","Sugar Clown Grin","../../images/Sketches/grins/Sugar%20Clown%20Grin%20ORIGINAL.jpg","Sugar Clown Grin ORIGINAL.jpg","D:\github\ron-english-sketches-and-drawings\images\Sketches\grins\Sugar Clown Grin ORIGINAL.jpg","True"
"sugar-clown-grin.html","Sugar Clown Grin","../../images/Sketches/grins/Sugar%20Clown%20Grin%20COLOR.jpg","Sugar Clown Grin COLOR.jpg","D:\github\ron-english-sketches-and-drawings\images\Sketches\grins\Sugar Clown Grin COLOR.jpg","True"
"sugar-clown-grin.html","Sugar Clown Grin","../../images/Sketches/grins/Sugar%20Clown%20Grin%20COLOR.jpg","Sugar Clown Grin COLOR.jpg","D:\github\ron-english-sketches-and-drawings\images\Sketches\grins\Sugar Clown Grin COLOR.jpg","True"
"sugar-diabetic-bear-grin.html","Sugar Diabetic Bear Grin","../../images/Sketches/grins/Sugar%20Diabetic%20Bear%20Grin%20ORIGINAL.jpg","Sugar Diabetic Bear Grin ORIGINAL.jpg","D:\github\ron-english-sketches-and-drawings\images\Sketches\grins\Sugar Diabetic Bear Grin ORIGINAL.jpg","True"
"sugar-diabetic-bear-grin.html","Sugar Diabetic Bear Grin","../../images/Sketches/grins/Sugar%20Diabetic%20Bear%20Grin%20ORIGINAL.jpg","Sugar Diabetic Bear Grin ORIGINAL.jpg","D:\github\ron-english-sketches-and-drawings\images\Sketches\grins\Sugar Diabetic Bear Grin ORIGINAL.jpg","True"
"sugar-diabetic-bear-grin.html","Sugar Diabetic Bear Grin","../../images/Sketches/grins/Sugar%20Diabetic%20Bear%20Grin%20COLOR.jpg","Sugar Diabetic Bear Grin COLOR.jpg","D:\github\ron-english-sketches-and-drawings\images\Sketches\grins\Sugar Diabetic Bear Grin COLOR.jpg","True"
"sugar-diabetic-bear-grin.html","Sugar Diabetic Bear Grin","../../images/Sketches/grins/Sugar%20Diabetic%20Bear%20Grin%20COLOR.jpg","Sugar Diabetic Bear Grin COLOR.jpg","D:\github\ron-english-sketches-and-drawings\images\Sketches\grins\Sugar Diabetic Bear Grin COLOR.jpg","True"
"sugar-smack-grin.html","Sugar Smack Grin","../../images/Sketches/grins/Sugar%20Smack%20Grin%20ORIGINAL.jpg","Sugar Smack Grin ORIGINAL.jpg","D:\github\ron-english-sketches-and-drawings\images\Sketches\grins\Sugar Smack Grin ORIGINAL.jpg","True"
"sugar-smack-grin.html","Sugar Smack Grin","../../images/Sketches/grins/Sugar%20Smack%20Grin%20ORIGINAL.jpg","Sugar Smack Grin ORIGINAL.jpg","D:\github\ron-english-sketches-and-drawings\images\Sketches\grins\Sugar Smack Grin ORIGINAL.jpg","True"
"surf-girl-grin.html","Surf Girl Grin","../../images/Sketches/grins/Surf%20Girl%20Grin%20ORIGINAL.jpg","Surf Girl Grin ORIGINAL.jpg","D:\github\ron-english-sketches-and-drawings\images\Sketches\grins\Surf Girl Grin ORIGINAL.jpg","True"
"surf-girl-grin.html","Surf Girl Grin","../../images/Sketches/grins/Surf%20Girl%20Grin%20ORIGINAL.jpg","Surf Girl Grin ORIGINAL.jpg","D:\github\ron-english-sketches-and-drawings\images\Sketches\grins\Surf Girl Grin ORIGINAL.jpg","True"
"surf-girl-grin.html","Surf Girl Grin","../../images/Sketches/grins/Surf%20Girl%20Grin%20B%26W.png","Surf Girl Grin B&W.png","D:\github\ron-english-sketches-and-drawings\images\Sketches\grins\Surf Girl Grin B&W.png","True"
"surf-girl-grin.html","Surf Girl Grin","../../images/Sketches/grins/Surf%20Girl%20Grin%20B%26W.png","Surf Girl Grin B&W.png","D:\github\ron-english-sketches-and-drawings\images\Sketches\grins\Surf Girl Grin B&W.png","True"
"taz-grin.html","Taz Grin","../../images/Sketches/grins/Taz%20Grin%20circle%20ORIGINAL.jpg","Taz Grin circle ORIGINAL.jpg","D:\github\ron-english-sketches-and-drawings\images\Sketches\grins\Taz Grin circle ORIGINAL.jpg","True"
"taz-grin.html","Taz Grin","../../images/Sketches/grins/Taz%20Grin%20circle%20ORIGINAL.jpg","Taz Grin circle ORIGINAL.jpg","D:\github\ron-english-sketches-and-drawings\images\Sketches\grins\Taz Grin circle ORIGINAL.jpg","True"
"taz-grin.html","Taz Grin","../../images/Sketches/grins/Taz%20Grin%20ORIGINAL.jpg","Taz Grin ORIGINAL.jpg","D:\github\ron-english-sketches-and-drawings\images\Sketches\grins\Taz Grin ORIGINAL.jpg","True"
"taz-grin.html","Taz Grin","../../images/Sketches/grins/Taz%20Grin%20ORIGINAL.jpg","Taz Grin ORIGINAL.jpg","D:\github\ron-english-sketches-and-drawings\images\Sketches\grins\Taz Grin ORIGINAL.jpg","True"
"taz-grin.html","Taz Grin","../../images/Sketches/grins/Taz%20Grin%20circle%20B%26W.jpg","Taz Grin circle B&W.jpg","D:\github\ron-english-sketches-and-drawings\images\Sketches\grins\Taz Grin circle B&W.jpg","True"
"taz-grin.html","Taz Grin","../../images/Sketches/grins/Taz%20Grin%20circle%20B%26W.jpg","Taz Grin circle B&W.jpg","D:\github\ron-english-sketches-and-drawings\images\Sketches\grins\Taz Grin circle B&W.jpg","True"
"taz-grin-flower.html","Taz Grin Flower","../../images/Sketches/grins/Taz%20Grin%20Flower%20Face.jpg","Taz Grin Flower Face.jpg","D:\github\ron-english-sketches-and-drawings\images\Sketches\grins\Taz Grin Flower Face.jpg","True"
"taz-grin-flower.html","Taz Grin Flower","../../images/Sketches/grins/Taz%20Grin%20Flower%20Face.jpg","Taz Grin Flower Face.jpg","D:\github\ron-english-sketches-and-drawings\images\Sketches\grins\Taz Grin Flower Face.jpg","True"
"techno-kitten-grin.html","Techno Kitten Grin","../../images/Sketches/grins/Techno%20Kitten%20Grin%20ORIGINAL.jpg","Techno Kitten Grin ORIGINAL.jpg","D:\github\ron-english-sketches-and-drawings\images\Sketches\grins\Techno Kitten Grin ORIGINAL.jpg","True"
"techno-kitten-grin.html","Techno Kitten Grin","../../images/Sketches/grins/Techno%20Kitten%20Grin%20ORIGINAL.jpg","Techno Kitten Grin ORIGINAL.jpg","D:\github\ron-english-sketches-and-drawings\images\Sketches\grins\Techno Kitten Grin ORIGINAL.jpg","True"
"teddy-bear-grin.html","Teddy Bear Grin","../../images/Sketches/grins/Teddy%20Bear%20Grin%20ORIGINAL.jpg","Teddy Bear Grin ORIGINAL.jpg","D:\github\ron-english-sketches-and-drawings\images\Sketches\grins\Teddy Bear Grin ORIGINAL.jpg","True"
"teddy-bear-grin.html","Teddy Bear Grin","../../images/Sketches/grins/Teddy%20Bear%20Grin%20ORIGINAL.jpg","Teddy Bear Grin ORIGINAL.jpg","D:\github\ron-english-sketches-and-drawings\images\Sketches\grins\Teddy Bear Grin ORIGINAL.jpg","True"
"teddy-bear-grin.html","Teddy Bear Grin","../../images/Sketches/grins/Teddy%20Bear%20Grin%20COLOR.png","Teddy Bear Grin COLOR.png","D:\github\ron-english-sketches-and-drawings\images\Sketches\grins\Teddy Bear Grin COLOR.png","True"
"teddy-bear-grin.html","Teddy Bear Grin","../../images/Sketches/grins/Teddy%20Bear%20Grin%20COLOR.png","Teddy Bear Grin COLOR.png","D:\github\ron-english-sketches-and-drawings\images\Sketches\grins\Teddy Bear Grin COLOR.png","True"
"teddy-bear-grin-standing.html","Teddy Bear Grin Standing","../../images/Sketches/grins/Teddy%20Bear%20Grin%20Standing%20ORIGINAL%20COLOR.jpg","Teddy Bear Grin Standing ORIGINAL COLOR.jpg","D:\github\ron-english-sketches-and-drawings\images\Sketches\grins\Teddy Bear Grin Standing ORIGINAL COLOR.jpg","True"
"teddy-bear-grin-standing.html","Teddy Bear Grin Standing","../../images/Sketches/grins/Teddy%20Bear%20Grin%20Standing%20ORIGINAL%20COLOR.jpg","Teddy Bear Grin Standing ORIGINAL COLOR.jpg","D:\github\ron-english-sketches-and-drawings\images\Sketches\grins\Teddy Bear Grin Standing ORIGINAL COLOR.jpg","True"
"teddy-bear-grin-standing.html","Teddy Bear Grin Standing","../../images/Sketches/grins/Teddy%20Bear%20Grin%20Standing%20card.png","Teddy Bear Grin Standing card.png","D:\github\ron-english-sketches-and-drawings\images\Sketches\grins\Teddy Bear Grin Standing card.png","True"
"teddy-bear-grin-standing.html","Teddy Bear Grin Standing","../../images/Sketches/grins/Teddy%20Bear%20Grin%20Standing%20card.png","Teddy Bear Grin Standing card.png","D:\github\ron-english-sketches-and-drawings\images\Sketches\grins\Teddy Bear Grin Standing card.png","True"
"telegrinnie.html","Telegrinnie","../../images/Sketches/grins/Telegrinnie%20side%20ORIGINAL.jpg","Telegrinnie side ORIGINAL.jpg","D:\github\ron-english-sketches-and-drawings\images\Sketches\grins\Telegrinnie side ORIGINAL.jpg","True"
"telegrinnie.html","Telegrinnie","../../images/Sketches/grins/Telegrinnie%20side%20ORIGINAL.jpg","Telegrinnie side ORIGINAL.jpg","D:\github\ron-english-sketches-and-drawings\images\Sketches\grins\Telegrinnie side ORIGINAL.jpg","True"
"telegrinnie.html","Telegrinnie","../../images/Sketches/grins/Telegrinnie%20ORIGINAL.jpg","Telegrinnie ORIGINAL.jpg","D:\github\ron-english-sketches-and-drawings\images\Sketches\grins\Telegrinnie ORIGINAL.jpg","True"
"telegrinnie.html","Telegrinnie","../../images/Sketches/grins/Telegrinnie%20ORIGINAL.jpg","Telegrinnie ORIGINAL.jpg","D:\github\ron-english-sketches-and-drawings\images\Sketches\grins\Telegrinnie ORIGINAL.jpg","True"
"telegrinnie.html","Telegrinnie","../../images/Sketches/grins/Telegrinnie%20side%20B%26W.jpg","Telegrinnie side B&W.jpg","D:\github\ron-english-sketches-and-drawings\images\Sketches\grins\Telegrinnie side B&W.jpg","True"
"telegrinnie.html","Telegrinnie","../../images/Sketches/grins/Telegrinnie%20side%20B%26W.jpg","Telegrinnie side B&W.jpg","D:\github\ron-english-sketches-and-drawings\images\Sketches\grins\Telegrinnie side B&W.jpg","True"
"telegrinnie.html","Telegrinnie","../../images/Sketches/grins/Telegrinnie%20side%20COLOR.jpg","Telegrinnie side COLOR.jpg","D:\github\ron-english-sketches-and-drawings\images\Sketches\grins\Telegrinnie side COLOR.jpg","True"
"telegrinnie.html","Telegrinnie","../../images/Sketches/grins/Telegrinnie%20side%20COLOR.jpg","Telegrinnie side COLOR.jpg","D:\github\ron-english-sketches-and-drawings\images\Sketches\grins\Telegrinnie side COLOR.jpg","True"
"telegrinnie.html","Telegrinnie","../../images/Sketches/grins/Telegrinnie%20COLOR.jpg","Telegrinnie COLOR.jpg","D:\github\ron-english-sketches-and-drawings\images\Sketches\grins\Telegrinnie COLOR.jpg","True"
"telegrinnie.html","Telegrinnie","../../images/Sketches/grins/Telegrinnie%20COLOR.jpg","Telegrinnie COLOR.jpg","D:\github\ron-english-sketches-and-drawings\images\Sketches\grins\Telegrinnie COLOR.jpg","True"
"teletubby-grin-flying.html","Teletubby Grin Flying","../../images/Sketches/grins/Teletubby%20Grin%20Flying%20ORIGINAL.jpg","Teletubby Grin Flying ORIGINAL.jpg","D:\github\ron-english-sketches-and-drawings\images\Sketches\grins\Teletubby Grin Flying ORIGINAL.jpg","True"
"teletubby-grin-flying.html","Teletubby Grin Flying","../../images/Sketches/grins/Teletubby%20Grin%20Flying%20ORIGINAL.jpg","Teletubby Grin Flying ORIGINAL.jpg","D:\github\ron-english-sketches-and-drawings\images\Sketches\grins\Teletubby Grin Flying ORIGINAL.jpg","True"
"tiger-grin.html","Tiger Grin","../../images/Sketches/grins/Tiger%20Grin%20ORIGINAL.jpg","Tiger Grin ORIGINAL.jpg","D:\github\ron-english-sketches-and-drawings\images\Sketches\grins\Tiger Grin ORIGINAL.jpg","True"
"tiger-grin.html","Tiger Grin","../../images/Sketches/grins/Tiger%20Grin%20ORIGINAL.jpg","Tiger Grin ORIGINAL.jpg","D:\github\ron-english-sketches-and-drawings\images\Sketches\grins\Tiger Grin ORIGINAL.jpg","True"
"tiger-grin.html","Tiger Grin","../../images/Sketches/grins/Tiger%20Grin%20ORIGINAL%20COLOR.jpg","Tiger Grin ORIGINAL COLOR.jpg","D:\github\ron-english-sketches-and-drawings\images\Sketches\grins\Tiger Grin ORIGINAL COLOR.jpg","True"
"tiger-grin.html","Tiger Grin","../../images/Sketches/grins/Tiger%20Grin%20ORIGINAL%20COLOR.jpg","Tiger Grin ORIGINAL COLOR.jpg","D:\github\ron-english-sketches-and-drawings\images\Sketches\grins\Tiger Grin ORIGINAL COLOR.jpg","True"
"tiger-grin-2.html","Tiger Grin 2","../../images/Sketches/grins/Tiger%20Grin%202%20ORIGINAL.jpg","Tiger Grin 2 ORIGINAL.jpg","D:\github\ron-english-sketches-and-drawings\images\Sketches\grins\Tiger Grin 2 ORIGINAL.jpg","True"
"tiger-grin-2.html","Tiger Grin 2","../../images/Sketches/grins/Tiger%20Grin%202%20ORIGINAL.jpg","Tiger Grin 2 ORIGINAL.jpg","D:\github\ron-english-sketches-and-drawings\images\Sketches\grins\Tiger Grin 2 ORIGINAL.jpg","True"
"tiger-sphinx.html","Tiger Sphinx","../../images/Sketches/grins/Tiger%20Sphinx%20Side%20ORIGINAL.jpg","Tiger Sphinx Side ORIGINAL.jpg","D:\github\ron-english-sketches-and-drawings\images\Sketches\grins\Tiger Sphinx Side ORIGINAL.jpg","True"
"tiger-sphinx.html","Tiger Sphinx","../../images/Sketches/grins/Tiger%20Sphinx%20Side%20ORIGINAL.jpg","Tiger Sphinx Side ORIGINAL.jpg","D:\github\ron-english-sketches-and-drawings\images\Sketches\grins\Tiger Sphinx Side ORIGINAL.jpg","True"
"tiger-sphinx.html","Tiger Sphinx","../../images/Sketches/grins/Tiger%20Sphinx%20Side%20B%26W.jpg","Tiger Sphinx Side B&W.jpg","D:\github\ron-english-sketches-and-drawings\images\Sketches\grins\Tiger Sphinx Side B&W.jpg","True"
"tiger-sphinx.html","Tiger Sphinx","../../images/Sketches/grins/Tiger%20Sphinx%20Side%20B%26W.jpg","Tiger Sphinx Side B&W.jpg","D:\github\ron-english-sketches-and-drawings\images\Sketches\grins\Tiger Sphinx Side B&W.jpg","True"
"tiger-sphinx-grin.html","Tiger Sphinx Grin","../../images/Sketches/grins/Tiger%20Sphinx%20Grin%20ORIGINAL.jpg","Tiger Sphinx Grin ORIGINAL.jpg","D:\github\ron-english-sketches-and-drawings\images\Sketches\grins\Tiger Sphinx Grin ORIGINAL.jpg","True"
"tiger-sphinx-grin.html","Tiger Sphinx Grin","../../images/Sketches/grins/Tiger%20Sphinx%20Grin%20ORIGINAL.jpg","Tiger Sphinx Grin ORIGINAL.jpg","D:\github\ron-english-sketches-and-drawings\images\Sketches\grins\Tiger Sphinx Grin ORIGINAL.jpg","True"
"tiger-sphinx-grin.html","Tiger Sphinx Grin","../../images/Sketches/grins/Tiger%20Sphinx%20Grin%20ORIGINAL%20COLOR.jpg","Tiger Sphinx Grin ORIGINAL COLOR.jpg","D:\github\ron-english-sketches-and-drawings\images\Sketches\grins\Tiger Sphinx Grin ORIGINAL COLOR.jpg","True"
"tiger-sphinx-grin.html","Tiger Sphinx Grin","../../images/Sketches/grins/Tiger%20Sphinx%20Grin%20ORIGINAL%20COLOR.jpg","Tiger Sphinx Grin ORIGINAL COLOR.jpg","D:\github\ron-english-sketches-and-drawings\images\Sketches\grins\Tiger Sphinx Grin ORIGINAL COLOR.jpg","True"
"timid-shark-grin.html","Timid Shark Grin","../../images/Sketches/grins/Timid%20Shark%20Grin%20ORIGINAL%202.jpg","Timid Shark Grin ORIGINAL 2.jpg","D:\github\ron-english-sketches-and-drawings\images\Sketches\grins\Timid Shark Grin ORIGINAL 2.jpg","True"
"timid-shark-grin.html","Timid Shark Grin","../../images/Sketches/grins/Timid%20Shark%20Grin%20ORIGINAL%202.jpg","Timid Shark Grin ORIGINAL 2.jpg","D:\github\ron-english-sketches-and-drawings\images\Sketches\grins\Timid Shark Grin ORIGINAL 2.jpg","True"
"timid-shark-grin.html","Timid Shark Grin","../../images/Sketches/grins/Timid%20Shark%20Grin%20ORIGINAL.jpg","Timid Shark Grin ORIGINAL.jpg","D:\github\ron-english-sketches-and-drawings\images\Sketches\grins\Timid Shark Grin ORIGINAL.jpg","True"
"timid-shark-grin.html","Timid Shark Grin","../../images/Sketches/grins/Timid%20Shark%20Grin%20ORIGINAL.jpg","Timid Shark Grin ORIGINAL.jpg","D:\github\ron-english-sketches-and-drawings\images\Sketches\grins\Timid Shark Grin ORIGINAL.jpg","True"
"timid-shark-grin.html","Timid Shark Grin","../../images/Sketches/grins/Timid%20Shark%20Grin%20B%26W.jpg","Timid Shark Grin B&W.jpg","D:\github\ron-english-sketches-and-drawings\images\Sketches\grins\Timid Shark Grin B&W.jpg","True"
"timid-shark-grin.html","Timid Shark Grin","../../images/Sketches/grins/Timid%20Shark%20Grin%20B%26W.jpg","Timid Shark Grin B&W.jpg","D:\github\ron-english-sketches-and-drawings\images\Sketches\grins\Timid Shark Grin B&W.jpg","True"
"timmy-turner-grin.html","Timmy Turner Grin","../../images/Sketches/grins/Timmy%20Turner%20Grin%20ORIGINAL.jpg","Timmy Turner Grin ORIGINAL.jpg","D:\github\ron-english-sketches-and-drawings\images\Sketches\grins\Timmy Turner Grin ORIGINAL.jpg","True"
"timmy-turner-grin.html","Timmy Turner Grin","../../images/Sketches/grins/Timmy%20Turner%20Grin%20ORIGINAL.jpg","Timmy Turner Grin ORIGINAL.jpg","D:\github\ron-english-sketches-and-drawings\images\Sketches\grins\Timmy Turner Grin ORIGINAL.jpg","True"
"timmy-turner-grin.html","Timmy Turner Grin","../../images/Sketches/grins/Timmy%20Turner%20Grin%20B%26W.jpg","Timmy Turner Grin B&W.jpg","D:\github\ron-english-sketches-and-drawings\images\Sketches\grins\Timmy Turner Grin B&W.jpg","True"
"timmy-turner-grin.html","Timmy Turner Grin","../../images/Sketches/grins/Timmy%20Turner%20Grin%20B%26W.jpg","Timmy Turner Grin B&W.jpg","D:\github\ron-english-sketches-and-drawings\images\Sketches\grins\Timmy Turner Grin B&W.jpg","True"
"tmnt-leonardo-grin.html","Tmnt Leonardo Grin","../../images/Sketches/grins/Tmnt%20Leonardo%20Grin%20ORIGINAL.jpg","Tmnt Leonardo Grin ORIGINAL.jpg","D:\github\ron-english-sketches-and-drawings\images\Sketches\grins\Tmnt Leonardo Grin ORIGINAL.jpg","True"
"tmnt-leonardo-grin.html","Tmnt Leonardo Grin","../../images/Sketches/grins/Tmnt%20Leonardo%20Grin%20ORIGINAL.jpg","Tmnt Leonardo Grin ORIGINAL.jpg","D:\github\ron-english-sketches-and-drawings\images\Sketches\grins\Tmnt Leonardo Grin ORIGINAL.jpg","True"
"tmnt-leonardo-grin.html","Tmnt Leonardo Grin","../../images/Sketches/grins/Tmnt%20Leonardo%20Grin%20COLOR.jpg","Tmnt Leonardo Grin COLOR.jpg","D:\github\ron-english-sketches-and-drawings\images\Sketches\grins\Tmnt Leonardo Grin COLOR.jpg","True"
"tmnt-leonardo-grin.html","Tmnt Leonardo Grin","../../images/Sketches/grins/Tmnt%20Leonardo%20Grin%20COLOR.jpg","Tmnt Leonardo Grin COLOR.jpg","D:\github\ron-english-sketches-and-drawings\images\Sketches\grins\Tmnt Leonardo Grin COLOR.jpg","True"
"tmnt-michelangelo-grin.html","Tmnt Michelangelo Grin","../../images/Sketches/grins/Tmnt%20Michelangelo%20Grin%20ORIGINAL.jpg","Tmnt Michelangelo Grin ORIGINAL.jpg","D:\github\ron-english-sketches-and-drawings\images\Sketches\grins\Tmnt Michelangelo Grin ORIGINAL.jpg","True"
"tmnt-michelangelo-grin.html","Tmnt Michelangelo Grin","../../images/Sketches/grins/Tmnt%20Michelangelo%20Grin%20ORIGINAL.jpg","Tmnt Michelangelo Grin ORIGINAL.jpg","D:\github\ron-english-sketches-and-drawings\images\Sketches\grins\Tmnt Michelangelo Grin ORIGINAL.jpg","True"
"tmnt-michelangelo-grin.html","Tmnt Michelangelo Grin","../../images/Sketches/grins/Tmnt%20Michelangelo%20Grin%20B%26W.jpg","Tmnt Michelangelo Grin B&W.jpg","D:\github\ron-english-sketches-and-drawings\images\Sketches\grins\Tmnt Michelangelo Grin B&W.jpg","True"
"tmnt-michelangelo-grin.html","Tmnt Michelangelo Grin","../../images/Sketches/grins/Tmnt%20Michelangelo%20Grin%20B%26W.jpg","Tmnt Michelangelo Grin B&W.jpg","D:\github\ron-english-sketches-and-drawings\images\Sketches\grins\Tmnt Michelangelo Grin B&W.jpg","True"
"tmnt-raphael-grin.html","Tmnt Raphael Grin","../../images/Sketches/grins/Tmnt%20Raphael%20Grin%20ORIGINAL.jpg","Tmnt Raphael Grin ORIGINAL.jpg","D:\github\ron-english-sketches-and-drawings\images\Sketches\grins\Tmnt Raphael Grin ORIGINAL.jpg","True"
"tmnt-raphael-grin.html","Tmnt Raphael Grin","../../images/Sketches/grins/Tmnt%20Raphael%20Grin%20ORIGINAL.jpg","Tmnt Raphael Grin ORIGINAL.jpg","D:\github\ron-english-sketches-and-drawings\images\Sketches\grins\Tmnt Raphael Grin ORIGINAL.jpg","True"
"tmnt-raphael-grin.html","Tmnt Raphael Grin","../../images/Sketches/grins/Tmnt%20Raphael%20Grin%20COLOR.jpg","Tmnt Raphael Grin COLOR.jpg","D:\github\ron-english-sketches-and-drawings\images\Sketches\grins\Tmnt Raphael Grin COLOR.jpg","True"
"tmnt-raphael-grin.html","Tmnt Raphael Grin","../../images/Sketches/grins/Tmnt%20Raphael%20Grin%20COLOR.jpg","Tmnt Raphael Grin COLOR.jpg","D:\github\ron-english-sketches-and-drawings\images\Sketches\grins\Tmnt Raphael Grin COLOR.jpg","True"
"tom-n-jerry-grins.html","Tom N Jerry Grins","../../images/Sketches/grins/Tom%20N%20Jerry%20Grins%20ORIGINAL.jpg","Tom N Jerry Grins ORIGINAL.jpg","D:\github\ron-english-sketches-and-drawings\images\Sketches\grins\Tom N Jerry Grins ORIGINAL.jpg","True"
"tom-n-jerry-grins.html","Tom N Jerry Grins","../../images/Sketches/grins/Tom%20N%20Jerry%20Grins%20ORIGINAL.jpg","Tom N Jerry Grins ORIGINAL.jpg","D:\github\ron-english-sketches-and-drawings\images\Sketches\grins\Tom N Jerry Grins ORIGINAL.jpg","True"
"tom-n-jerry-grins.html","Tom N Jerry Grins","../../images/Sketches/grins/Tom%20N%20Jerry%20Grins%20ORIGINAL%20COLOR.jpg","Tom N Jerry Grins ORIGINAL COLOR.jpg","D:\github\ron-english-sketches-and-drawings\images\Sketches\grins\Tom N Jerry Grins ORIGINAL COLOR.jpg","True"
"tom-n-jerry-grins.html","Tom N Jerry Grins","../../images/Sketches/grins/Tom%20N%20Jerry%20Grins%20ORIGINAL%20COLOR.jpg","Tom N Jerry Grins ORIGINAL COLOR.jpg","D:\github\ron-english-sketches-and-drawings\images\Sketches\grins\Tom N Jerry Grins ORIGINAL COLOR.jpg","True"
"tony-tiger-grin.html","Tony Tiger Grin","../../images/Sketches/grins/Tony%20Tiger%20Grin%20ORIGINAL%202.jpg","Tony Tiger Grin ORIGINAL 2.jpg","D:\github\ron-english-sketches-and-drawings\images\Sketches\grins\Tony Tiger Grin ORIGINAL 2.jpg","True"
"tony-tiger-grin.html","Tony Tiger Grin","../../images/Sketches/grins/Tony%20Tiger%20Grin%20ORIGINAL%202.jpg","Tony Tiger Grin ORIGINAL 2.jpg","D:\github\ron-english-sketches-and-drawings\images\Sketches\grins\Tony Tiger Grin ORIGINAL 2.jpg","True"
"tony-tiger-grin-1.html","Tony Tiger Grin 1","../../images/Sketches/grins/Tony%20Tiger%20Grin%201%20ORIGINAL.jpg","Tony Tiger Grin 1 ORIGINAL.jpg","D:\github\ron-english-sketches-and-drawings\images\Sketches\grins\Tony Tiger Grin 1 ORIGINAL.jpg","True"
"tony-tiger-grin-1.html","Tony Tiger Grin 1","../../images/Sketches/grins/Tony%20Tiger%20Grin%201%20ORIGINAL.jpg","Tony Tiger Grin 1 ORIGINAL.jpg","D:\github\ron-english-sketches-and-drawings\images\Sketches\grins\Tony Tiger Grin 1 ORIGINAL.jpg","True"
"tony-tiger-grin-2.html","Tony Tiger Grin 2","../../images/Sketches/grins/Tony%20Tiger%20Grin%202%20ORIGINAL.jpg","Tony Tiger Grin 2 ORIGINAL.jpg","D:\github\ron-english-sketches-and-drawings\images\Sketches\grins\Tony Tiger Grin 2 ORIGINAL.jpg","True"
"tony-tiger-grin-2.html","Tony Tiger Grin 2","../../images/Sketches/grins/Tony%20Tiger%20Grin%202%20ORIGINAL.jpg","Tony Tiger Grin 2 ORIGINAL.jpg","D:\github\ron-english-sketches-and-drawings\images\Sketches\grins\Tony Tiger Grin 2 ORIGINAL.jpg","True"
"tony-tiger-grin-2.html","Tony Tiger Grin 2","../../images/Sketches/grins/Tony%20Tiger%20Grin%202%20COLOR.jpg","Tony Tiger Grin 2 COLOR.jpg","D:\github\ron-english-sketches-and-drawings\images\Sketches\grins\Tony Tiger Grin 2 COLOR.jpg","True"
"tony-tiger-grin-2.html","Tony Tiger Grin 2","../../images/Sketches/grins/Tony%20Tiger%20Grin%202%20COLOR.jpg","Tony Tiger Grin 2 COLOR.jpg","D:\github\ron-english-sketches-and-drawings\images\Sketches\grins\Tony Tiger Grin 2 COLOR.jpg","True"
"topcat-grin.html","Topcat Grin","../../images/Sketches/grins/Topcat%20Grin%20ORIGINAL.jpg","Topcat Grin ORIGINAL.jpg","D:\github\ron-english-sketches-and-drawings\images\Sketches\grins\Topcat Grin ORIGINAL.jpg","True"
"topcat-grin.html","Topcat Grin","../../images/Sketches/grins/Topcat%20Grin%20ORIGINAL.jpg","Topcat Grin ORIGINAL.jpg","D:\github\ron-english-sketches-and-drawings\images\Sketches\grins\Topcat Grin ORIGINAL.jpg","True"
"trippy-grin.html","Trippy Grin","../../images/Sketches/grins/Trippy%20Grin%20ORIGINAL.jpg","Trippy Grin ORIGINAL.jpg","D:\github\ron-english-sketches-and-drawings\images\Sketches\grins\Trippy Grin ORIGINAL.jpg","True"
"trippy-grin.html","Trippy Grin","../../images/Sketches/grins/Trippy%20Grin%20ORIGINAL.jpg","Trippy Grin ORIGINAL.jpg","D:\github\ron-english-sketches-and-drawings\images\Sketches\grins\Trippy Grin ORIGINAL.jpg","True"
"trippy-grin.html","Trippy Grin","../../images/Sketches/grins/Trippy%20Grin%20B%26W.jpg","Trippy Grin B&W.jpg","D:\github\ron-english-sketches-and-drawings\images\Sketches\grins\Trippy Grin B&W.jpg","True"
"trippy-grin.html","Trippy Grin","../../images/Sketches/grins/Trippy%20Grin%20B%26W.jpg","Trippy Grin B&W.jpg","D:\github\ron-english-sketches-and-drawings\images\Sketches\grins\Trippy Grin B&W.jpg","True"
"trippy-grin.html","Trippy Grin","../../images/Sketches/grins/Trippy%20Grin%20COLORWAY%201.png","Trippy Grin COLORWAY 1.png","D:\github\ron-english-sketches-and-drawings\images\Sketches\grins\Trippy Grin COLORWAY 1.png","True"
"trippy-grin.html","Trippy Grin","../../images/Sketches/grins/Trippy%20Grin%20COLORWAY%201.png","Trippy Grin COLORWAY 1.png","D:\github\ron-english-sketches-and-drawings\images\Sketches\grins\Trippy Grin COLORWAY 1.png","True"
"trippy-grin.html","Trippy Grin","../../images/Sketches/grins/Trippy%20Grin%20COLORWAY%202.png","Trippy Grin COLORWAY 2.png","D:\github\ron-english-sketches-and-drawings\images\Sketches\grins\Trippy Grin COLORWAY 2.png","True"
"trippy-grin.html","Trippy Grin","../../images/Sketches/grins/Trippy%20Grin%20COLORWAY%202.png","Trippy Grin COLORWAY 2.png","D:\github\ron-english-sketches-and-drawings\images\Sketches\grins\Trippy Grin COLORWAY 2.png","True"
"trippy-grin.html","Trippy Grin","../../images/Sketches/grins/Trippy%20Grin%20COLORWAY%203.png","Trippy Grin COLORWAY 3.png","D:\github\ron-english-sketches-and-drawings\images\Sketches\grins\Trippy Grin COLORWAY 3.png","True"
"trippy-grin.html","Trippy Grin","../../images/Sketches/grins/Trippy%20Grin%20COLORWAY%203.png","Trippy Grin COLORWAY 3.png","D:\github\ron-english-sketches-and-drawings\images\Sketches\grins\Trippy Grin COLORWAY 3.png","True"
"tupac-grin.html","Tupac Grin","../../images/Sketches/grins/Tupac%20Grin%20ORIGINAL%201.jpg","Tupac Grin ORIGINAL 1.jpg","D:\github\ron-english-sketches-and-drawings\images\Sketches\grins\Tupac Grin ORIGINAL 1.jpg","True"
"tupac-grin.html","Tupac Grin","../../images/Sketches/grins/Tupac%20Grin%20ORIGINAL%201.jpg","Tupac Grin ORIGINAL 1.jpg","D:\github\ron-english-sketches-and-drawings\images\Sketches\grins\Tupac Grin ORIGINAL 1.jpg","True"
"tupac-grin.html","Tupac Grin","../../images/Sketches/grins/Tupac%20Grin%20COLOR%201.jpg","Tupac Grin COLOR 1.jpg","D:\github\ron-english-sketches-and-drawings\images\Sketches\grins\Tupac Grin COLOR 1.jpg","True"
"tupac-grin.html","Tupac Grin","../../images/Sketches/grins/Tupac%20Grin%20COLOR%201.jpg","Tupac Grin COLOR 1.jpg","D:\github\ron-english-sketches-and-drawings\images\Sketches\grins\Tupac Grin COLOR 1.jpg","True"
"tupac-grin.html","Tupac Grin","../../images/Sketches/grins/Tupac%20Grin%20COLOR%202.jpg","Tupac Grin COLOR 2.jpg","D:\github\ron-english-sketches-and-drawings\images\Sketches\grins\Tupac Grin COLOR 2.jpg","True"
"tupac-grin.html","Tupac Grin","../../images/Sketches/grins/Tupac%20Grin%20COLOR%202.jpg","Tupac Grin COLOR 2.jpg","D:\github\ron-english-sketches-and-drawings\images\Sketches\grins\Tupac Grin COLOR 2.jpg","True"
"tupac-grin.html","Tupac Grin","../../images/Sketches/grins/Tupac%20Grin%20COLOR.jpg","Tupac Grin COLOR.jpg","D:\github\ron-english-sketches-and-drawings\images\Sketches\grins\Tupac Grin COLOR.jpg","True"
"tupac-grin.html","Tupac Grin","../../images/Sketches/grins/Tupac%20Grin%20COLOR.jpg","Tupac Grin COLOR.jpg","D:\github\ron-english-sketches-and-drawings\images\Sketches\grins\Tupac Grin COLOR.jpg","True"
"tweetie-grin.html","Tweetie Grin","../../images/Sketches/grins/Tweetie%20Grin%20ORIGINAL.jpg","Tweetie Grin ORIGINAL.jpg","D:\github\ron-english-sketches-and-drawings\images\Sketches\grins\Tweetie Grin ORIGINAL.jpg","True"
"tweetie-grin.html","Tweetie Grin","../../images/Sketches/grins/Tweetie%20Grin%20ORIGINAL.jpg","Tweetie Grin ORIGINAL.jpg","D:\github\ron-english-sketches-and-drawings\images\Sketches\grins\Tweetie Grin ORIGINAL.jpg","True"
"two-faced-rabbbit-grin.html","Two-Faced Rabbbit Grin","../../images/Sketches/grins/Two-Faced%20Rabbbit%20Grin%20front%20ORIGINAL.jpg","Two-Faced Rabbbit Grin front ORIGINAL.jpg","D:\github\ron-english-sketches-and-drawings\images\Sketches\grins\Two-Faced Rabbbit Grin front ORIGINAL.jpg","True"
"two-faced-rabbbit-grin.html","Two-Faced Rabbbit Grin","../../images/Sketches/grins/Two-Faced%20Rabbbit%20Grin%20front%20ORIGINAL.jpg","Two-Faced Rabbbit Grin front ORIGINAL.jpg","D:\github\ron-english-sketches-and-drawings\images\Sketches\grins\Two-Faced Rabbbit Grin front ORIGINAL.jpg","True"
"two-faced-rabbbit-grin.html","Two-Faced Rabbbit Grin","../../images/Sketches/grins/Two-Faced%20Rabbbit%20Grin%20front%20version%202%20ORIGINAL.jpg","Two-Faced Rabbbit Grin front version 2 ORIGINAL.jpg","D:\github\ron-english-sketches-and-drawings\images\Sketches\grins\Two-Faced Rabbbit Grin front version 2 ORIGINAL.jpg","True"
"two-faced-rabbbit-grin.html","Two-Faced Rabbbit Grin","../../images/Sketches/grins/Two-Faced%20Rabbbit%20Grin%20front%20version%202%20ORIGINAL.jpg","Two-Faced Rabbbit Grin front version 2 ORIGINAL.jpg","D:\github\ron-english-sketches-and-drawings\images\Sketches\grins\Two-Faced Rabbbit Grin front version 2 ORIGINAL.jpg","True"
"two-faced-rabbbit-grin.html","Two-Faced Rabbbit Grin","../../images/Sketches/grins/Two-Faced%20Rabbbit%20Grin%20back%20ORIGINAL.jpg","Two-Faced Rabbbit Grin back ORIGINAL.jpg","D:\github\ron-english-sketches-and-drawings\images\Sketches\grins\Two-Faced Rabbbit Grin back ORIGINAL.jpg","True"
"two-faced-rabbbit-grin.html","Two-Faced Rabbbit Grin","../../images/Sketches/grins/Two-Faced%20Rabbbit%20Grin%20back%20ORIGINAL.jpg","Two-Faced Rabbbit Grin back ORIGINAL.jpg","D:\github\ron-english-sketches-and-drawings\images\Sketches\grins\Two-Faced Rabbbit Grin back ORIGINAL.jpg","True"
"two-faced-rabbbit-grin.html","Two-Faced Rabbbit Grin","../../images/Sketches/grins/Two-Faced%20Rabbbit%20Grin%20side%20ORIGINAL.jpg","Two-Faced Rabbbit Grin side ORIGINAL.jpg","D:\github\ron-english-sketches-and-drawings\images\Sketches\grins\Two-Faced Rabbbit Grin side ORIGINAL.jpg","True"
"two-faced-rabbbit-grin.html","Two-Faced Rabbbit Grin","../../images/Sketches/grins/Two-Faced%20Rabbbit%20Grin%20side%20ORIGINAL.jpg","Two-Faced Rabbbit Grin side ORIGINAL.jpg","D:\github\ron-english-sketches-and-drawings\images\Sketches\grins\Two-Faced Rabbbit Grin side ORIGINAL.jpg","True"
"two-faced-rabbbit-grin.html","Two-Faced Rabbbit Grin","../../images/Sketches/grins/Two-Faced%20Rabbbit%20Grin%20face%20ORIGINAL.jpg","Two-Faced Rabbbit Grin face ORIGINAL.jpg","D:\github\ron-english-sketches-and-drawings\images\Sketches\grins\Two-Faced Rabbbit Grin face ORIGINAL.jpg","True"
"two-faced-rabbbit-grin.html","Two-Faced Rabbbit Grin","../../images/Sketches/grins/Two-Faced%20Rabbbit%20Grin%20face%20ORIGINAL.jpg","Two-Faced Rabbbit Grin face ORIGINAL.jpg","D:\github\ron-english-sketches-and-drawings\images\Sketches\grins\Two-Faced Rabbbit Grin face ORIGINAL.jpg","True"
"two-faced-rabbbit-grin.html","Two-Faced Rabbbit Grin","../../images/Sketches/grins/Two-Faced%20Rabbbit%20grin%20holding%20record%20ORIGINAL.jpg","Two-Faced Rabbbit grin holding record ORIGINAL.jpg","D:\github\ron-english-sketches-and-drawings\images\Sketches\grins\Two-Faced Rabbbit grin holding record ORIGINAL.jpg","True"
"two-faced-rabbbit-grin.html","Two-Faced Rabbbit Grin","../../images/Sketches/grins/Two-Faced%20Rabbbit%20grin%20holding%20record%20ORIGINAL.jpg","Two-Faced Rabbbit grin holding record ORIGINAL.jpg","D:\github\ron-english-sketches-and-drawings\images\Sketches\grins\Two-Faced Rabbbit grin holding record ORIGINAL.jpg","True"
"two-faced-rabbbit-grin.html","Two-Faced Rabbbit Grin","../../images/Sketches/grins/Two-Faced%20Rabbbit%20Grin%20front%20B%26W.jpg","Two-Faced Rabbbit Grin front B&W.jpg","D:\github\ron-english-sketches-and-drawings\images\Sketches\grins\Two-Faced Rabbbit Grin front B&W.jpg","True"
"two-faced-rabbbit-grin.html","Two-Faced Rabbbit Grin","../../images/Sketches/grins/Two-Faced%20Rabbbit%20Grin%20front%20B%26W.jpg","Two-Faced Rabbbit Grin front B&W.jpg","D:\github\ron-english-sketches-and-drawings\images\Sketches\grins\Two-Faced Rabbbit Grin front B&W.jpg","True"
"two-faced-rabbbit-grin.html","Two-Faced Rabbbit Grin","../../images/Sketches/grins/Two-Faced%20Rabbbit%20Grin%20front%20version%202%20B%26W.jpg","Two-Faced Rabbbit Grin front version 2 B&W.jpg","D:\github\ron-english-sketches-and-drawings\images\Sketches\grins\Two-Faced Rabbbit Grin front version 2 B&W.jpg","True"
"two-faced-rabbbit-grin.html","Two-Faced Rabbbit Grin","../../images/Sketches/grins/Two-Faced%20Rabbbit%20Grin%20front%20version%202%20B%26W.jpg","Two-Faced Rabbbit Grin front version 2 B&W.jpg","D:\github\ron-english-sketches-and-drawings\images\Sketches\grins\Two-Faced Rabbbit Grin front version 2 B&W.jpg","True"
"two-faced-rabbbit-grin.html","Two-Faced Rabbbit Grin","../../images/Sketches/grins/Two-Faced%20Rabbbit%20Grin%20front%20COLOR.jpg","Two-Faced Rabbbit Grin front COLOR.jpg","D:\github\ron-english-sketches-and-drawings\images\Sketches\grins\Two-Faced Rabbbit Grin front COLOR.jpg","True"
"two-faced-rabbbit-grin.html","Two-Faced Rabbbit Grin","../../images/Sketches/grins/Two-Faced%20Rabbbit%20Grin%20front%20COLOR.jpg","Two-Faced Rabbbit Grin front COLOR.jpg","D:\github\ron-english-sketches-and-drawings\images\Sketches\grins\Two-Faced Rabbbit Grin front COLOR.jpg","True"
"two-faced-rabbbit-grin.html","Two-Faced Rabbbit Grin","../../images/Sketches/grins/Two-Faced%20Rabbbit%20Grin%20front%20version%202%20COLOR.jpg","Two-Faced Rabbbit Grin front version 2 COLOR.jpg","D:\github\ron-english-sketches-and-drawings\images\Sketches\grins\Two-Faced Rabbbit Grin front version 2 COLOR.jpg","True"
"two-faced-rabbbit-grin.html","Two-Faced Rabbbit Grin","../../images/Sketches/grins/Two-Faced%20Rabbbit%20Grin%20front%20version%202%20COLOR.jpg","Two-Faced Rabbbit Grin front version 2 COLOR.jpg","D:\github\ron-english-sketches-and-drawings\images\Sketches\grins\Two-Faced Rabbbit Grin front version 2 COLOR.jpg","True"
"two-faced-rabbbit-grin.html","Two-Faced Rabbbit Grin","../../images/Sketches/grins/Two-Faced%20Rabbbit%20Grin%20face%20B%26W.jpg","Two-Faced Rabbbit Grin face B&W.jpg","D:\github\ron-english-sketches-and-drawings\images\Sketches\grins\Two-Faced Rabbbit Grin face B&W.jpg","True"
"two-faced-rabbbit-grin.html","Two-Faced Rabbbit Grin","../../images/Sketches/grins/Two-Faced%20Rabbbit%20Grin%20face%20B%26W.jpg","Two-Faced Rabbbit Grin face B&W.jpg","D:\github\ron-english-sketches-and-drawings\images\Sketches\grins\Two-Faced Rabbbit Grin face B&W.jpg","True"
"two-faced-rabbbit-grin.html","Two-Faced Rabbbit Grin","../../images/Sketches/grins/Two-Faced%20Rabbbit%20grin%20holding%20record%20B%26W.jpg","Two-Faced Rabbbit grin holding record B&W.jpg","D:\github\ron-english-sketches-and-drawings\images\Sketches\grins\Two-Faced Rabbbit grin holding record B&W.jpg","True"
"two-faced-rabbbit-grin.html","Two-Faced Rabbbit Grin","../../images/Sketches/grins/Two-Faced%20Rabbbit%20grin%20holding%20record%20B%26W.jpg","Two-Faced Rabbbit grin holding record B&W.jpg","D:\github\ron-english-sketches-and-drawings\images\Sketches\grins\Two-Faced Rabbbit grin holding record B&W.jpg","True"
"two-faced-rabbbit-grin.html","Two-Faced Rabbbit Grin","../../images/Sketches/grins/Two-Faced%20Rabbbit%20Grin%20face%20COLOR.jpg","Two-Faced Rabbbit Grin face COLOR.jpg","D:\github\ron-english-sketches-and-drawings\images\Sketches\grins\Two-Faced Rabbbit Grin face COLOR.jpg","True"
"two-faced-rabbbit-grin.html","Two-Faced Rabbbit Grin","../../images/Sketches/grins/Two-Faced%20Rabbbit%20Grin%20face%20COLOR.jpg","Two-Faced Rabbbit Grin face COLOR.jpg","D:\github\ron-english-sketches-and-drawings\images\Sketches\grins\Two-Faced Rabbbit Grin face COLOR.jpg","True"
"two-faced-rabbbit-grin.html","Two-Faced Rabbbit Grin","../../images/Sketches/grins/Two-Faced%20Rabbbit%20grin%20holding%20record%20COLOR.jpg","Two-Faced Rabbbit grin holding record COLOR.jpg","D:\github\ron-english-sketches-and-drawings\images\Sketches\grins\Two-Faced Rabbbit grin holding record COLOR.jpg","True"
"two-faced-rabbbit-grin.html","Two-Faced Rabbbit Grin","../../images/Sketches/grins/Two-Faced%20Rabbbit%20grin%20holding%20record%20COLOR.jpg","Two-Faced Rabbbit grin holding record COLOR.jpg","D:\github\ron-english-sketches-and-drawings\images\Sketches\grins\Two-Faced Rabbbit grin holding record COLOR.jpg","True"
"two-faced-rabbbit-grin-three-quarters.html","Two-Faced Rabbbit Grin three quarters","../../images/Sketches/grins/Two-Faced%20Rabbbit%20Grin%20three%20quarters%20ORIGINAL.jpg","Two-Faced Rabbbit Grin three quarters ORIGINAL.jpg","D:\github\ron-english-sketches-and-drawings\images\Sketches\grins\Two-Faced Rabbbit Grin three quarters ORIGINAL.jpg","True"
"two-faced-rabbbit-grin-three-quarters.html","Two-Faced Rabbbit Grin three quarters","../../images/Sketches/grins/Two-Faced%20Rabbbit%20Grin%20three%20quarters%20ORIGINAL.jpg","Two-Faced Rabbbit Grin three quarters ORIGINAL.jpg","D:\github\ron-english-sketches-and-drawings\images\Sketches\grins\Two-Faced Rabbbit Grin three quarters ORIGINAL.jpg","True"
"two-faced-rabbbit-grin-three-quarters.html","Two-Faced Rabbbit Grin three quarters","../../images/Sketches/grins/Two-Faced%20Rabbbit%20Grin%20three%20quarters%20B%26W.jpg","Two-Faced Rabbbit Grin three quarters B&W.jpg","D:\github\ron-english-sketches-and-drawings\images\Sketches\grins\Two-Faced Rabbbit Grin three quarters B&W.jpg","True"
"two-faced-rabbbit-grin-three-quarters.html","Two-Faced Rabbbit Grin three quarters","../../images/Sketches/grins/Two-Faced%20Rabbbit%20Grin%20three%20quarters%20B%26W.jpg","Two-Faced Rabbbit Grin three quarters B&W.jpg","D:\github\ron-english-sketches-and-drawings\images\Sketches\grins\Two-Faced Rabbbit Grin three quarters B&W.jpg","True"
"two-faced-rabbbit-grin-three-quarters.html","Two-Faced Rabbbit Grin three quarters","../../images/Sketches/grins/Two-Faced%20Rabbbit%20Grin%20three%20quarters%20COLOR.jpg","Two-Faced Rabbbit Grin three quarters COLOR.jpg","D:\github\ron-english-sketches-and-drawings\images\Sketches\grins\Two-Faced Rabbbit Grin three quarters COLOR.jpg","True"
"two-faced-rabbbit-grin-three-quarters.html","Two-Faced Rabbbit Grin three quarters","../../images/Sketches/grins/Two-Faced%20Rabbbit%20Grin%20three%20quarters%20COLOR.jpg","Two-Faced Rabbbit Grin three quarters COLOR.jpg","D:\github\ron-english-sketches-and-drawings\images\Sketches\grins\Two-Faced Rabbbit Grin three quarters COLOR.jpg","True"
"ultraman-grin.html","Ultraman Grin","../../images/Sketches/grins/Ultraman%20Grin%20ORIGINAL.jpg","Ultraman Grin ORIGINAL.jpg","D:\github\ron-english-sketches-and-drawings\images\Sketches\grins\Ultraman Grin ORIGINAL.jpg","True"
"ultraman-grin.html","Ultraman Grin","../../images/Sketches/grins/Ultraman%20Grin%20ORIGINAL.jpg","Ultraman Grin ORIGINAL.jpg","D:\github\ron-english-sketches-and-drawings\images\Sketches\grins\Ultraman Grin ORIGINAL.jpg","True"
"ultraman-grin.html","Ultraman Grin","../../images/Sketches/grins/Ultraman%20Grin%20B%26W.jpg","Ultraman Grin B&W.jpg","D:\github\ron-english-sketches-and-drawings\images\Sketches\grins\Ultraman Grin B&W.jpg","True"
"ultraman-grin.html","Ultraman Grin","../../images/Sketches/grins/Ultraman%20Grin%20B%26W.jpg","Ultraman Grin B&W.jpg","D:\github\ron-english-sketches-and-drawings\images\Sketches\grins\Ultraman Grin B&W.jpg","True"
"ultraman-grin.html","Ultraman Grin","../../images/Sketches/grins/Ultraman%20Grin%20COLOR.jpg","Ultraman Grin COLOR.jpg","D:\github\ron-english-sketches-and-drawings\images\Sketches\grins\Ultraman Grin COLOR.jpg","True"
"ultraman-grin.html","Ultraman Grin","../../images/Sketches/grins/Ultraman%20Grin%20COLOR.jpg","Ultraman Grin COLOR.jpg","D:\github\ron-english-sketches-and-drawings\images\Sketches\grins\Ultraman Grin COLOR.jpg","True"
"unicorn-grin.html","Unicorn Grin","../../images/Sketches/grins/Unicorn%20Grin%20ORIGINAL.jpg","Unicorn Grin ORIGINAL.jpg","D:\github\ron-english-sketches-and-drawings\images\Sketches\grins\Unicorn Grin ORIGINAL.jpg","True"
"unicorn-grin.html","Unicorn Grin","../../images/Sketches/grins/Unicorn%20Grin%20ORIGINAL.jpg","Unicorn Grin ORIGINAL.jpg","D:\github\ron-english-sketches-and-drawings\images\Sketches\grins\Unicorn Grin ORIGINAL.jpg","True"
"unicorn-grin.html","Unicorn Grin","../../images/Sketches/grins/Unicorn%20Grin%20B%26W.jpg","Unicorn Grin B&W.jpg","D:\github\ron-english-sketches-and-drawings\images\Sketches\grins\Unicorn Grin B&W.jpg","True"
"unicorn-grin.html","Unicorn Grin","../../images/Sketches/grins/Unicorn%20Grin%20B%26W.jpg","Unicorn Grin B&W.jpg","D:\github\ron-english-sketches-and-drawings\images\Sketches\grins\Unicorn Grin B&W.jpg","True"
"unicorn-grin.html","Unicorn Grin","../../images/Sketches/grins/Unicorn%20Grin%20COLOR%201.jpg","Unicorn Grin COLOR 1.jpg","D:\github\ron-english-sketches-and-drawings\images\Sketches\grins\Unicorn Grin COLOR 1.jpg","True"
"unicorn-grin.html","Unicorn Grin","../../images/Sketches/grins/Unicorn%20Grin%20COLOR%201.jpg","Unicorn Grin COLOR 1.jpg","D:\github\ron-english-sketches-and-drawings\images\Sketches\grins\Unicorn Grin COLOR 1.jpg","True"
"unicorn-grin.html","Unicorn Grin","../../images/Sketches/grins/Unicorn%20Grin%20COLOR%202.jpg","Unicorn Grin COLOR 2.jpg","D:\github\ron-english-sketches-and-drawings\images\Sketches\grins\Unicorn Grin COLOR 2.jpg","True"
"unicorn-grin.html","Unicorn Grin","../../images/Sketches/grins/Unicorn%20Grin%20COLOR%202.jpg","Unicorn Grin COLOR 2.jpg","D:\github\ron-english-sketches-and-drawings\images\Sketches\grins\Unicorn Grin COLOR 2.jpg","True"
"unicorn-grin.html","Unicorn Grin","../../images/Sketches/grins/Unicorn%20Grin%20skewered%20%201.png","Unicorn Grin skewered  1.png","D:\github\ron-english-sketches-and-drawings\images\Sketches\grins\Unicorn Grin skewered  1.png","True"
"unicorn-grin.html","Unicorn Grin","../../images/Sketches/grins/Unicorn%20Grin%20skewered%20%201.png","Unicorn Grin skewered  1.png","D:\github\ron-english-sketches-and-drawings\images\Sketches\grins\Unicorn Grin skewered  1.png","True"
"unicorn-grin.html","Unicorn Grin","../../images/Sketches/grins/Unicorn%20Grin%20skewered%20%202.png","Unicorn Grin skewered  2.png","D:\github\ron-english-sketches-and-drawings\images\Sketches\grins\Unicorn Grin skewered  2.png","True"
"unicorn-grin.html","Unicorn Grin","../../images/Sketches/grins/Unicorn%20Grin%20skewered%20%202.png","Unicorn Grin skewered  2.png","D:\github\ron-english-sketches-and-drawings\images\Sketches\grins\Unicorn Grin skewered  2.png","True"
"unicorn-grin.html","Unicorn Grin","../../images/Sketches/grins/Unicorn%20Grin%20skewered%20%203.png","Unicorn Grin skewered  3.png","D:\github\ron-english-sketches-and-drawings\images\Sketches\grins\Unicorn Grin skewered  3.png","True"
"unicorn-grin.html","Unicorn Grin","../../images/Sketches/grins/Unicorn%20Grin%20skewered%20%203.png","Unicorn Grin skewered  3.png","D:\github\ron-english-sketches-and-drawings\images\Sketches\grins\Unicorn Grin skewered  3.png","True"
"unicorn-grin.html","Unicorn Grin","../../images/Sketches/grins/Unicorn%20Grin%20skewered%20%204.png","Unicorn Grin skewered  4.png","D:\github\ron-english-sketches-and-drawings\images\Sketches\grins\Unicorn Grin skewered  4.png","True"
"unicorn-grin.html","Unicorn Grin","../../images/Sketches/grins/Unicorn%20Grin%20skewered%20%204.png","Unicorn Grin skewered  4.png","D:\github\ron-english-sketches-and-drawings\images\Sketches\grins\Unicorn Grin skewered  4.png","True"
"unicorn-grin.html","Unicorn Grin","../../images/Sketches/grins/Unicorn%20Grin%20skewered%20%205.png","Unicorn Grin skewered  5.png","D:\github\ron-english-sketches-and-drawings\images\Sketches\grins\Unicorn Grin skewered  5.png","True"
"unicorn-grin.html","Unicorn Grin","../../images/Sketches/grins/Unicorn%20Grin%20skewered%20%205.png","Unicorn Grin skewered  5.png","D:\github\ron-english-sketches-and-drawings\images\Sketches\grins\Unicorn Grin skewered  5.png","True"
"unicorn-grin.html","Unicorn Grin","../../images/Sketches/grins/Unicorn%20Grin%20skewered%20%206.png","Unicorn Grin skewered  6.png","D:\github\ron-english-sketches-and-drawings\images\Sketches\grins\Unicorn Grin skewered  6.png","True"
"unicorn-grin.html","Unicorn Grin","../../images/Sketches/grins/Unicorn%20Grin%20skewered%20%206.png","Unicorn Grin skewered  6.png","D:\github\ron-english-sketches-and-drawings\images\Sketches\grins\Unicorn Grin skewered  6.png","True"
"unicorn-grin.html","Unicorn Grin","../../images/Sketches/grins/Unicorn%20Grin%20skewered%20%207.png","Unicorn Grin skewered  7.png","D:\github\ron-english-sketches-and-drawings\images\Sketches\grins\Unicorn Grin skewered  7.png","True"
"unicorn-grin.html","Unicorn Grin","../../images/Sketches/grins/Unicorn%20Grin%20skewered%20%207.png","Unicorn Grin skewered  7.png","D:\github\ron-english-sketches-and-drawings\images\Sketches\grins\Unicorn Grin skewered  7.png","True"
"unicorn-grin.html","Unicorn Grin","../../images/Sketches/grins/Unicorn%20Grin%20skewered%20%208.png","Unicorn Grin skewered  8.png","D:\github\ron-english-sketches-and-drawings\images\Sketches\grins\Unicorn Grin skewered  8.png","True"
"unicorn-grin.html","Unicorn Grin","../../images/Sketches/grins/Unicorn%20Grin%20skewered%20%208.png","Unicorn Grin skewered  8.png","D:\github\ron-english-sketches-and-drawings\images\Sketches\grins\Unicorn Grin skewered  8.png","True"
"unipig-grin.html","Unipig Grin","../../images/Sketches/grins/Unipig%20Grin%20ORIGINAL.jpg","Unipig Grin ORIGINAL.jpg","D:\github\ron-english-sketches-and-drawings\images\Sketches\grins\Unipig Grin ORIGINAL.jpg","True"
"unipig-grin.html","Unipig Grin","../../images/Sketches/grins/Unipig%20Grin%20ORIGINAL.jpg","Unipig Grin ORIGINAL.jpg","D:\github\ron-english-sketches-and-drawings\images\Sketches\grins\Unipig Grin ORIGINAL.jpg","True"
"unipig-grin.html","Unipig Grin","../../images/Sketches/grins/Unipig%20Grin%20B%26W.jpg","Unipig Grin B&W.jpg","D:\github\ron-english-sketches-and-drawings\images\Sketches\grins\Unipig Grin B&W.jpg","True"
"unipig-grin.html","Unipig Grin","../../images/Sketches/grins/Unipig%20Grin%20B%26W.jpg","Unipig Grin B&W.jpg","D:\github\ron-english-sketches-and-drawings\images\Sketches\grins\Unipig Grin B&W.jpg","True"
"unipig-grin.html","Unipig Grin","../../images/Sketches/grins/Unipig%20Grin%20COLOR.jpg","Unipig Grin COLOR.jpg","D:\github\ron-english-sketches-and-drawings\images\Sketches\grins\Unipig Grin COLOR.jpg","True"
"unipig-grin.html","Unipig Grin","../../images/Sketches/grins/Unipig%20Grin%20COLOR.jpg","Unipig Grin COLOR.jpg","D:\github\ron-english-sketches-and-drawings\images\Sketches\grins\Unipig Grin COLOR.jpg","True"
"urban-bigfoot-grin.html","Urban Bigfoot Grin","../../images/Sketches/grins/Urban%20Bigfoot%20Grin%20front%20face%20ORIGINAL.jpg","Urban Bigfoot Grin front face ORIGINAL.jpg","D:\github\ron-english-sketches-and-drawings\images\Sketches\grins\Urban Bigfoot Grin front face ORIGINAL.jpg","True"
"urban-bigfoot-grin.html","Urban Bigfoot Grin","../../images/Sketches/grins/Urban%20Bigfoot%20Grin%20front%20face%20ORIGINAL.jpg","Urban Bigfoot Grin front face ORIGINAL.jpg","D:\github\ron-english-sketches-and-drawings\images\Sketches\grins\Urban Bigfoot Grin front face ORIGINAL.jpg","True"
"urban-bigfoot-grin.html","Urban Bigfoot Grin","../../images/Sketches/grins/Urban%20Bigfoot%20Grin%20front%20ORIGINAL.jpg","Urban Bigfoot Grin front ORIGINAL.jpg","D:\github\ron-english-sketches-and-drawings\images\Sketches\grins\Urban Bigfoot Grin front ORIGINAL.jpg","True"
"urban-bigfoot-grin.html","Urban Bigfoot Grin","../../images/Sketches/grins/Urban%20Bigfoot%20Grin%20front%20ORIGINAL.jpg","Urban Bigfoot Grin front ORIGINAL.jpg","D:\github\ron-english-sketches-and-drawings\images\Sketches\grins\Urban Bigfoot Grin front ORIGINAL.jpg","True"
"urban-bigfoot-grin.html","Urban Bigfoot Grin","../../images/Sketches/grins/Urban%20Bigfoot%20Grin%20side%20head%20ORIGINAL.jpg","Urban Bigfoot Grin side head ORIGINAL.jpg","D:\github\ron-english-sketches-and-drawings\images\Sketches\grins\Urban Bigfoot Grin side head ORIGINAL.jpg","True"
"urban-bigfoot-grin.html","Urban Bigfoot Grin","../../images/Sketches/grins/Urban%20Bigfoot%20Grin%20side%20head%20ORIGINAL.jpg","Urban Bigfoot Grin side head ORIGINAL.jpg","D:\github\ron-english-sketches-and-drawings\images\Sketches\grins\Urban Bigfoot Grin side head ORIGINAL.jpg","True"
"urban-bigfoot-grin.html","Urban Bigfoot Grin","../../images/Sketches/grins/Urban%20Bigfoot%20Grin%20side%20ORIGINAL.jpg","Urban Bigfoot Grin side ORIGINAL.jpg","D:\github\ron-english-sketches-and-drawings\images\Sketches\grins\Urban Bigfoot Grin side ORIGINAL.jpg","True"
"urban-bigfoot-grin.html","Urban Bigfoot Grin","../../images/Sketches/grins/Urban%20Bigfoot%20Grin%20side%20ORIGINAL.jpg","Urban Bigfoot Grin side ORIGINAL.jpg","D:\github\ron-english-sketches-and-drawings\images\Sketches\grins\Urban Bigfoot Grin side ORIGINAL.jpg","True"
"vampire-grin.html","Vampire Grin","../../images/Sketches/grins/Vampire%20Grin%20Front%20B%26W.jpg","Vampire Grin Front B&W.jpg","D:\github\ron-english-sketches-and-drawings\images\Sketches\grins\Vampire Grin Front B&W.jpg","True"
"vampire-grin.html","Vampire Grin","../../images/Sketches/grins/Vampire%20Grin%20Front%20B%26W.jpg","Vampire Grin Front B&W.jpg","D:\github\ron-english-sketches-and-drawings\images\Sketches\grins\Vampire Grin Front B&W.jpg","True"
"vampire-grin.html","Vampire Grin","../../images/Sketches/grins/Vampire%20Grin%20Front%20COLOR.jpg","Vampire Grin Front COLOR.jpg","D:\github\ron-english-sketches-and-drawings\images\Sketches\grins\Vampire Grin Front COLOR.jpg","True"
"vampire-grin.html","Vampire Grin","../../images/Sketches/grins/Vampire%20Grin%20Front%20COLOR.jpg","Vampire Grin Front COLOR.jpg","D:\github\ron-english-sketches-and-drawings\images\Sketches\grins\Vampire Grin Front COLOR.jpg","True"
"wing-grin.html","Wing Grin","../../images/Sketches/grins/Wing%20Grin%20body%20ORIGINAL.jpg","Wing Grin body ORIGINAL.jpg","D:\github\ron-english-sketches-and-drawings\images\Sketches\grins\Wing Grin body ORIGINAL.jpg","True"
"wing-grin.html","Wing Grin","../../images/Sketches/grins/Wing%20Grin%20body%20ORIGINAL.jpg","Wing Grin body ORIGINAL.jpg","D:\github\ron-english-sketches-and-drawings\images\Sketches\grins\Wing Grin body ORIGINAL.jpg","True"
"wing-grin.html","Wing Grin","../../images/Sketches/grins/Wing%20Grin%20ORIGINAL%20COLOR.jpg","Wing Grin ORIGINAL COLOR.jpg","D:\github\ron-english-sketches-and-drawings\images\Sketches\grins\Wing Grin ORIGINAL COLOR.jpg","True"
"wing-grin.html","Wing Grin","../../images/Sketches/grins/Wing%20Grin%20ORIGINAL%20COLOR.jpg","Wing Grin ORIGINAL COLOR.jpg","D:\github\ron-english-sketches-and-drawings\images\Sketches\grins\Wing Grin ORIGINAL COLOR.jpg","True"
"wing-grin.html","Wing Grin","../../images/Sketches/grins/Wing%20Grin%20body%20COLOR.png","Wing Grin body COLOR.png","D:\github\ron-english-sketches-and-drawings\images\Sketches\grins\Wing Grin body COLOR.png","True"
"wing-grin.html","Wing Grin","../../images/Sketches/grins/Wing%20Grin%20body%20COLOR.png","Wing Grin body COLOR.png","D:\github\ron-english-sketches-and-drawings\images\Sketches\grins\Wing Grin body COLOR.png","True"
"wolf-grin.html","Wolf Grin","../../images/Sketches/grins/Wolf%20Grin%20ORIGINAL.jpg","Wolf Grin ORIGINAL.jpg","D:\github\ron-english-sketches-and-drawings\images\Sketches\grins\Wolf Grin ORIGINAL.jpg","True"
"wolf-grin.html","Wolf Grin","../../images/Sketches/grins/Wolf%20Grin%20ORIGINAL.jpg","Wolf Grin ORIGINAL.jpg","D:\github\ron-english-sketches-and-drawings\images\Sketches\grins\Wolf Grin ORIGINAL.jpg","True"
"wolf-grin.html","Wolf Grin","../../images/Sketches/grins/Wolf%20Grin%20ORIGINAL%20COLOR%202.jpg","Wolf Grin ORIGINAL COLOR 2.jpg","D:\github\ron-english-sketches-and-drawings\images\Sketches\grins\Wolf Grin ORIGINAL COLOR 2.jpg","True"
"wolf-grin.html","Wolf Grin","../../images/Sketches/grins/Wolf%20Grin%20ORIGINAL%20COLOR%202.jpg","Wolf Grin ORIGINAL COLOR 2.jpg","D:\github\ron-english-sketches-and-drawings\images\Sketches\grins\Wolf Grin ORIGINAL COLOR 2.jpg","True"
"wolf-grin.html","Wolf Grin","../../images/Sketches/grins/Wolf%20Grin%20ORIGINAL%20COLOR.jpg","Wolf Grin ORIGINAL COLOR.jpg","D:\github\ron-english-sketches-and-drawings\images\Sketches\grins\Wolf Grin ORIGINAL COLOR.jpg","True"
"wolf-grin.html","Wolf Grin","../../images/Sketches/grins/Wolf%20Grin%20ORIGINAL%20COLOR.jpg","Wolf Grin ORIGINAL COLOR.jpg","D:\github\ron-english-sketches-and-drawings\images\Sketches\grins\Wolf Grin ORIGINAL COLOR.jpg","True"
"wolf-grin.html","Wolf Grin","../../images/Sketches/grins/Wolf%20Grin%20B%26W.jpg","Wolf Grin B&W.jpg","D:\github\ron-english-sketches-and-drawings\images\Sketches\grins\Wolf Grin B&W.jpg","True"
"wolf-grin.html","Wolf Grin","../../images/Sketches/grins/Wolf%20Grin%20B%26W.jpg","Wolf Grin B&W.jpg","D:\github\ron-english-sketches-and-drawings\images\Sketches\grins\Wolf Grin B&W.jpg","True"
"wolf-grin.html","Wolf Grin","../../images/Sketches/grins/Wolf%20Grin%20COLOR.jpg","Wolf Grin COLOR.jpg","D:\github\ron-english-sketches-and-drawings\images\Sketches\grins\Wolf Grin COLOR.jpg","True"
"wolf-grin.html","Wolf Grin","../../images/Sketches/grins/Wolf%20Grin%20COLOR.jpg","Wolf Grin COLOR.jpg","D:\github\ron-english-sketches-and-drawings\images\Sketches\grins\Wolf Grin COLOR.jpg","True"
"woodstock-grin.html","Woodstock Grin","../../images/Sketches/grins/Woodstock%20Grin%20ORIGINAL.jpg","Woodstock Grin ORIGINAL.jpg","D:\github\ron-english-sketches-and-drawings\images\Sketches\grins\Woodstock Grin ORIGINAL.jpg","True"
"woodstock-grin.html","Woodstock Grin","../../images/Sketches/grins/Woodstock%20Grin%20ORIGINAL.jpg","Woodstock Grin ORIGINAL.jpg","D:\github\ron-english-sketches-and-drawings\images\Sketches\grins\Woodstock Grin ORIGINAL.jpg","True"
"woodstock-grin.html","Woodstock Grin","../../images/Sketches/grins/Woodstock%20Grin%20three%20quarters%20ORIGINAL.jpg","Woodstock Grin three quarters ORIGINAL.jpg","D:\github\ron-english-sketches-and-drawings\images\Sketches\grins\Woodstock Grin three quarters ORIGINAL.jpg","True"
"woodstock-grin.html","Woodstock Grin","../../images/Sketches/grins/Woodstock%20Grin%20three%20quarters%20ORIGINAL.jpg","Woodstock Grin three quarters ORIGINAL.jpg","D:\github\ron-english-sketches-and-drawings\images\Sketches\grins\Woodstock Grin three quarters ORIGINAL.jpg","True"
"woodstock-grin.html","Woodstock Grin","../../images/Sketches/grins/Woodstock%20Grin%20ORIGINAL%20COLOR%20(2).jpg","Woodstock Grin ORIGINAL COLOR (2).jpg","D:\github\ron-english-sketches-and-drawings\images\Sketches\grins\Woodstock Grin ORIGINAL COLOR (2).jpg","True"
"woodstock-grin.html","Woodstock Grin","../../images/Sketches/grins/Woodstock%20Grin%20ORIGINAL%20COLOR%20(2).jpg","Woodstock Grin ORIGINAL COLOR (2).jpg","D:\github\ron-english-sketches-and-drawings\images\Sketches\grins\Woodstock Grin ORIGINAL COLOR (2).jpg","True"
"woodstock-grin.html","Woodstock Grin","../../images/Sketches/grins/Woodstock%20Grin%20ORIGINAL%20COLOR.jpg","Woodstock Grin ORIGINAL COLOR.jpg","D:\github\ron-english-sketches-and-drawings\images\Sketches\grins\Woodstock Grin ORIGINAL COLOR.jpg","True"
"woodstock-grin.html","Woodstock Grin","../../images/Sketches/grins/Woodstock%20Grin%20ORIGINAL%20COLOR.jpg","Woodstock Grin ORIGINAL COLOR.jpg","D:\github\ron-english-sketches-and-drawings\images\Sketches\grins\Woodstock Grin ORIGINAL COLOR.jpg","True"
"woodstock-grin.html","Woodstock Grin","../../images/Sketches/grins/Woodstock%20Grin%20B%26W.jpg","Woodstock Grin B&W.jpg","D:\github\ron-english-sketches-and-drawings\images\Sketches\grins\Woodstock Grin B&W.jpg","True"
"woodstock-grin.html","Woodstock Grin","../../images/Sketches/grins/Woodstock%20Grin%20B%26W.jpg","Woodstock Grin B&W.jpg","D:\github\ron-english-sketches-and-drawings\images\Sketches\grins\Woodstock Grin B&W.jpg","True"
"woodstock-grin.html","Woodstock Grin","../../images/Sketches/grins/Woodstock%20Grin%20three%20quarters%20B%26W.jpg","Woodstock Grin three quarters B&W.jpg","D:\github\ron-english-sketches-and-drawings\images\Sketches\grins\Woodstock Grin three quarters B&W.jpg","True"
"woodstock-grin.html","Woodstock Grin","../../images/Sketches/grins/Woodstock%20Grin%20three%20quarters%20B%26W.jpg","Woodstock Grin three quarters B&W.jpg","D:\github\ron-english-sketches-and-drawings\images\Sketches\grins\Woodstock Grin three quarters B&W.jpg","True"
"woodstock-grin.html","Woodstock Grin","../../images/Sketches/grins/Woodstock%20Grin%20COLOR.jpg","Woodstock Grin COLOR.jpg","D:\github\ron-english-sketches-and-drawings\images\Sketches\grins\Woodstock Grin COLOR.jpg","True"
"woodstock-grin.html","Woodstock Grin","../../images/Sketches/grins/Woodstock%20Grin%20COLOR.jpg","Woodstock Grin COLOR.jpg","D:\github\ron-english-sketches-and-drawings\images\Sketches\grins\Woodstock Grin COLOR.jpg","True"
"woodstock-grin.html","Woodstock Grin","../../images/Sketches/grins/Woodstock%20Grin%20three%20quarters%20COLOR.jpg","Woodstock Grin three quarters COLOR.jpg","D:\github\ron-english-sketches-and-drawings\images\Sketches\grins\Woodstock Grin three quarters COLOR.jpg","True"
"woodstock-grin.html","Woodstock Grin","../../images/Sketches/grins/Woodstock%20Grin%20three%20quarters%20COLOR.jpg","Woodstock Grin three quarters COLOR.jpg","D:\github\ron-english-sketches-and-drawings\images\Sketches\grins\Woodstock Grin three quarters COLOR.jpg","True"
"yellow-submarine-grin.html","Yellow Submarine Grin","../../images/Sketches/grins/Yellow%20Submarine%20Grin%20ORIGINAL.jpg","Yellow Submarine Grin ORIGINAL.jpg","D:\github\ron-english-sketches-and-drawings\images\Sketches\grins\Yellow Submarine Grin ORIGINAL.jpg","True"
"yellow-submarine-grin.html","Yellow Submarine Grin","../../images/Sketches/grins/Yellow%20Submarine%20Grin%20ORIGINAL.jpg","Yellow Submarine Grin ORIGINAL.jpg","D:\github\ron-english-sketches-and-drawings\images\Sketches\grins\Yellow Submarine Grin ORIGINAL.jpg","True"
"yellow-submarine-grin.html","Yellow Submarine Grin","../../images/Sketches/grins/Yellow%20Submarine%20Grin%20B%26W.jpg","Yellow Submarine Grin B&W.jpg","D:\github\ron-english-sketches-and-drawings\images\Sketches\grins\Yellow Submarine Grin B&W.jpg","True"
"yellow-submarine-grin.html","Yellow Submarine Grin","../../images/Sketches/grins/Yellow%20Submarine%20Grin%20B%26W.jpg","Yellow Submarine Grin B&W.jpg","D:\github\ron-english-sketches-and-drawings\images\Sketches\grins\Yellow Submarine Grin B&W.jpg","True"
"yellow-submarine-grin.html","Yellow Submarine Grin","../../images/Sketches/grins/Yellow%20Submarine%20Grin%20COLOR.jpg","Yellow Submarine Grin COLOR.jpg","D:\github\ron-english-sketches-and-drawings\images\Sketches\grins\Yellow Submarine Grin COLOR.jpg","True"
"yellow-submarine-grin.html","Yellow Submarine Grin","../../images/Sketches/grins/Yellow%20Submarine%20Grin%20COLOR.jpg","Yellow Submarine Grin COLOR.jpg","D:\github\ron-english-sketches-and-drawings\images\Sketches\grins\Yellow Submarine Grin COLOR.jpg","True"
"yin-yang-face-grin.html","Yin Yang Face Grin","../../images/Sketches/grins/Yin%20Yang%20Face%20Grin%20COLOR.jpg","Yin Yang Face Grin COLOR.jpg","D:\github\ron-english-sketches-and-drawings\images\Sketches\grins\Yin Yang Face Grin COLOR.jpg","True"
"yin-yang-face-grin.html","Yin Yang Face Grin","../../images/Sketches/grins/Yin%20Yang%20Face%20Grin%20COLOR.jpg","Yin Yang Face Grin COLOR.jpg","D:\github\ron-english-sketches-and-drawings\images\Sketches\grins\Yin Yang Face Grin COLOR.jpg","True"
"yin-yang-grin-1.html","Yin Yang Grin 1","../../images/Sketches/grins/Yin%20Yang%20Grin%201%20ORIGINAL%20COLOR.jpg","Yin Yang Grin 1 ORIGINAL COLOR.jpg","D:\github\ron-english-sketches-and-drawings\images\Sketches\grins\Yin Yang Grin 1 ORIGINAL COLOR.jpg","True"
"yin-yang-grin-1.html","Yin Yang Grin 1","../../images/Sketches/grins/Yin%20Yang%20Grin%201%20ORIGINAL%20COLOR.jpg","Yin Yang Grin 1 ORIGINAL COLOR.jpg","D:\github\ron-english-sketches-and-drawings\images\Sketches\grins\Yin Yang Grin 1 ORIGINAL COLOR.jpg","True"
"yin-yang-grin-1.html","Yin Yang Grin 1","../../images/Sketches/grins/Yin%20Yang%20Grin%201%20B%26W.jpg","Yin Yang Grin 1 B&W.jpg","D:\github\ron-english-sketches-and-drawings\images\Sketches\grins\Yin Yang Grin 1 B&W.jpg","True"
"yin-yang-grin-1.html","Yin Yang Grin 1","../../images/Sketches/grins/Yin%20Yang%20Grin%201%20B%26W.jpg","Yin Yang Grin 1 B&W.jpg","D:\github\ron-english-sketches-and-drawings\images\Sketches\grins\Yin Yang Grin 1 B&W.jpg","True"
"yin-yang-grin-1.html","Yin Yang Grin 1","../../images/Sketches/grins/Yin%20Yang%20Grin%201%20COLOR.jpg","Yin Yang Grin 1 COLOR.jpg","D:\github\ron-english-sketches-and-drawings\images\Sketches\grins\Yin Yang Grin 1 COLOR.jpg","True"
"yin-yang-grin-1.html","Yin Yang Grin 1","../../images/Sketches/grins/Yin%20Yang%20Grin%201%20COLOR.jpg","Yin Yang Grin 1 COLOR.jpg","D:\github\ron-english-sketches-and-drawings\images\Sketches\grins\Yin Yang Grin 1 COLOR.jpg","True"
"yin-yang-grin-1.html","Yin Yang Grin 1","../../images/Sketches/grins/Yin%20Yang%20Grin%201%20card.png","Yin Yang Grin 1 card.png","D:\github\ron-english-sketches-and-drawings\images\Sketches\grins\Yin Yang Grin 1 card.png","True"
"yin-yang-grin-1.html","Yin Yang Grin 1","../../images/Sketches/grins/Yin%20Yang%20Grin%201%20card.png","Yin Yang Grin 1 card.png","D:\github\ron-english-sketches-and-drawings\images\Sketches\grins\Yin Yang Grin 1 card.png","True"
"yin-yang-grin-2.html","Yin Yang Grin 2","../../images/Sketches/grins/Yin%20Yang%20Grin%202%20ORIGINAL%202.jpg","Yin Yang Grin 2 ORIGINAL 2.jpg","D:\github\ron-english-sketches-and-drawings\images\Sketches\grins\Yin Yang Grin 2 ORIGINAL 2.jpg","True"
"yin-yang-grin-2.html","Yin Yang Grin 2","../../images/Sketches/grins/Yin%20Yang%20Grin%202%20ORIGINAL%202.jpg","Yin Yang Grin 2 ORIGINAL 2.jpg","D:\github\ron-english-sketches-and-drawings\images\Sketches\grins\Yin Yang Grin 2 ORIGINAL 2.jpg","True"
"yin-yang-grin-2.html","Yin Yang Grin 2","../../images/Sketches/grins/Yin%20Yang%20Grin%202%20ORIGINAL.jpg","Yin Yang Grin 2 ORIGINAL.jpg","D:\github\ron-english-sketches-and-drawings\images\Sketches\grins\Yin Yang Grin 2 ORIGINAL.jpg","True"
"yin-yang-grin-2.html","Yin Yang Grin 2","../../images/Sketches/grins/Yin%20Yang%20Grin%202%20ORIGINAL.jpg","Yin Yang Grin 2 ORIGINAL.jpg","D:\github\ron-english-sketches-and-drawings\images\Sketches\grins\Yin Yang Grin 2 ORIGINAL.jpg","True"
"yin-yang-grin-2.html","Yin Yang Grin 2","../../images/Sketches/grins/Yin%20Yang%20Grin%202%20ORIGINAL%20COLOR.jpg","Yin Yang Grin 2 ORIGINAL COLOR.jpg","D:\github\ron-english-sketches-and-drawings\images\Sketches\grins\Yin Yang Grin 2 ORIGINAL COLOR.jpg","True"
"yin-yang-grin-2.html","Yin Yang Grin 2","../../images/Sketches/grins/Yin%20Yang%20Grin%202%20ORIGINAL%20COLOR.jpg","Yin Yang Grin 2 ORIGINAL COLOR.jpg","D:\github\ron-english-sketches-and-drawings\images\Sketches\grins\Yin Yang Grin 2 ORIGINAL COLOR.jpg","True"
"yin-yang-grin-2.html","Yin Yang Grin 2","../../images/Sketches/grins/Yin%20Yang%20Grin%202%20B%26W.jpg","Yin Yang Grin 2 B&W.jpg","D:\github\ron-english-sketches-and-drawings\images\Sketches\grins\Yin Yang Grin 2 B&W.jpg","True"
"yin-yang-grin-2.html","Yin Yang Grin 2","../../images/Sketches/grins/Yin%20Yang%20Grin%202%20B%26W.jpg","Yin Yang Grin 2 B&W.jpg","D:\github\ron-english-sketches-and-drawings\images\Sketches\grins\Yin Yang Grin 2 B&W.jpg","True"
"yin-yang-grin-2.html","Yin Yang Grin 2","../../images/Sketches/grins/Yin%20Yang%20Grin%202%20COLOR.jpg","Yin Yang Grin 2 COLOR.jpg","D:\github\ron-english-sketches-and-drawings\images\Sketches\grins\Yin Yang Grin 2 COLOR.jpg","True"
"yin-yang-grin-2.html","Yin Yang Grin 2","../../images/Sketches/grins/Yin%20Yang%20Grin%202%20COLOR.jpg","Yin Yang Grin 2 COLOR.jpg","D:\github\ron-english-sketches-and-drawings\images\Sketches\grins\Yin Yang Grin 2 COLOR.jpg","True"
"yogi-bear-grin.html","Yogi Bear Grin","../../images/Sketches/grins/Yogi%20Bear%20Grin%20ORIGINAL.jpg","Yogi Bear Grin ORIGINAL.jpg","D:\github\ron-english-sketches-and-drawings\images\Sketches\grins\Yogi Bear Grin ORIGINAL.jpg","True"
"yogi-bear-grin.html","Yogi Bear Grin","../../images/Sketches/grins/Yogi%20Bear%20Grin%20ORIGINAL.jpg","Yogi Bear Grin ORIGINAL.jpg","D:\github\ron-english-sketches-and-drawings\images\Sketches\grins\Yogi Bear Grin ORIGINAL.jpg","True"
"yogi-bear-grin.html","Yogi Bear Grin","../../images/Sketches/grins/Yogi%20Bear%20Grin%20B%26W.jpg","Yogi Bear Grin B&W.jpg","D:\github\ron-english-sketches-and-drawings\images\Sketches\grins\Yogi Bear Grin B&W.jpg","True"
"yogi-bear-grin.html","Yogi Bear Grin","../../images/Sketches/grins/Yogi%20Bear%20Grin%20B%26W.jpg","Yogi Bear Grin B&W.jpg","D:\github\ron-english-sketches-and-drawings\images\Sketches\grins\Yogi Bear Grin B&W.jpg","True"
"yogi-bear-grin.html","Yogi Bear Grin","../../images/Sketches/grins/Yogi%20Bear%20Grin%20COLOR.jpg","Yogi Bear Grin COLOR.jpg","D:\github\ron-english-sketches-and-drawings\images\Sketches\grins\Yogi Bear Grin COLOR.jpg","True"
"yogi-bear-grin.html","Yogi Bear Grin","../../images/Sketches/grins/Yogi%20Bear%20Grin%20COLOR.jpg","Yogi Bear Grin COLOR.jpg","D:\github\ron-english-sketches-and-drawings\images\Sketches\grins\Yogi Bear Grin COLOR.jpg","True"
"yucky-charmer-grin.html","Yucky Charmer Grin","../../images/Sketches/grins/Yucky%20Charmer%20Grin%20ORIGINAL.jpg","Yucky Charmer Grin ORIGINAL.jpg","D:\github\ron-english-sketches-and-drawings\images\Sketches\grins\Yucky Charmer Grin ORIGINAL.jpg","True"
"yucky-charmer-grin.html","Yucky Charmer Grin","../../images/Sketches/grins/Yucky%20Charmer%20Grin%20ORIGINAL.jpg","Yucky Charmer Grin ORIGINAL.jpg","D:\github\ron-english-sketches-and-drawings\images\Sketches\grins\Yucky Charmer Grin ORIGINAL.jpg","True"
"yucky-charmer-grin.html","Yucky Charmer Grin","../../images/Sketches/grins/Yucky%20Charmer%20Grin%20B%26W.jpg","Yucky Charmer Grin B&W.jpg","D:\github\ron-english-sketches-and-drawings\images\Sketches\grins\Yucky Charmer Grin B&W.jpg","True"
"yucky-charmer-grin.html","Yucky Charmer Grin","../../images/Sketches/grins/Yucky%20Charmer%20Grin%20B%26W.jpg","Yucky Charmer Grin B&W.jpg","D:\github\ron-english-sketches-and-drawings\images\Sketches\grins\Yucky Charmer Grin B&W.jpg","True"
"yucky-charmer-grin.html","Yucky Charmer Grin","../../images/Sketches/grins/Yucky%20Charmer%20Grin%20COLOR.jpg","Yucky Charmer Grin COLOR.jpg","D:\github\ron-english-sketches-and-drawings\images\Sketches\grins\Yucky Charmer Grin COLOR.jpg","True"
"yucky-charmer-grin.html","Yucky Charmer Grin","../../images/Sketches/grins/Yucky%20Charmer%20Grin%20COLOR.jpg","Yucky Charmer Grin COLOR.jpg","D:\github\ron-english-sketches-and-drawings\images\Sketches\grins\Yucky Charmer Grin COLOR.jpg","True"
"zephyr-zelephant-grin.html","Zephyr Zelephant Grin","../../images/Sketches/grins/Zephyr%20Zelephant%20Grin%20ORIGINAL.jpg","Zephyr Zelephant Grin ORIGINAL.jpg","D:\github\ron-english-sketches-and-drawings\images\Sketches\grins\Zephyr Zelephant Grin ORIGINAL.jpg","True"
"zephyr-zelephant-grin.html","Zephyr Zelephant Grin","../../images/Sketches/grins/Zephyr%20Zelephant%20Grin%20ORIGINAL.jpg","Zephyr Zelephant Grin ORIGINAL.jpg","D:\github\ron-english-sketches-and-drawings\images\Sketches\grins\Zephyr Zelephant Grin ORIGINAL.jpg","True"
