"RepoName","WorkTitle","Category","RelativeHtmlPath","PublicPageURL","ImageCount","LocalMissingImageCount","HeroImageURL","Status","Message"
"Aliens","500-Pound Poultry Alien","aliens","Sketches\aliens\500-pound-poultry-alien.html","https://ronenglish-archive.github.io/ron-english-sketches-aliens/Sketches/aliens/500-pound-poultry-alien.html","3","0","https://ronenglish-archive.github.io/ron-english-sketches-aliens/images/Sketches/aliens/500-Pound%20Poultry%20Alien%20-%20original.jpg","OK","Ready."
"Aliens","Absubtract Analsupress","aliens","Sketches\aliens\absubtract-analsupress.html","https://ronenglish-archive.github.io/ron-english-sketches-aliens/Sketches/aliens/absubtract-analsupress.html","3","0","https://ronenglish-archive.github.io/ron-english-sketches-aliens/images/Sketches/aliens/Galacter%20Equanimous%20ORIGINAL.jpg","OK","Ready."
"Aliens","Adam Alien","aliens","Sketches\aliens\adam-alien.html","https://ronenglish-archive.github.io/ron-english-sketches-aliens/Sketches/aliens/adam-alien.html","3","0","https://ronenglish-archive.github.io/ron-english-sketches-aliens/images/Sketches/aliens/Adam%20Alien%20-%20original.jpg","OK","Ready."
"Aliens","Adrian Alien","aliens","Sketches\aliens\adrian-alien.html","https://ronenglish-archive.github.io/ron-english-sketches-aliens/Sketches/aliens/adrian-alien.html","3","0","https://ronenglish-archive.github.io/ron-english-sketches-aliens/images/Sketches/aliens/Adrian%20Alien%20-%20original.jpg","OK","Ready."
"Aliens","Aerospam Demotron","aliens","Sketches\aliens\aerospam-demotron.html","https://ronenglish-archive.github.io/ron-english-sketches-aliens/Sketches/aliens/aerospam-demotron.html","15","0","https://ronenglish-archive.github.io/ron-english-sketches-aliens/images/Sketches/aliens/Aerospam%20Demotron%20-%20original.jpg","OK","Ready."
"Aliens","Alexandrinus Reflection","aliens","Sketches\aliens\alexandrinus-reflection.html","https://ronenglish-archive.github.io/ron-english-sketches-aliens/Sketches/aliens/alexandrinus-reflection.html","4","0","https://ronenglish-archive.github.io/ron-english-sketches-aliens/images/Sketches/aliens/Alexandrinus%20Reflection%20-%20original.jpg","OK","Ready."
"Aliens","Aliegenie","aliens","Sketches\aliens\aliegenie.html","https://ronenglish-archive.github.io/ron-english-sketches-aliens/Sketches/aliens/aliegenie.html","2","0","https://ronenglish-archive.github.io/ron-english-sketches-aliens/images/Sketches/aliens/Lunashtick%20ORIGINAL.jpg","OK","Ready."
"Aliens","Alien Bot","aliens","Sketches\aliens\alien-bot.html","https://ronenglish-archive.github.io/ron-english-sketches-aliens/Sketches/aliens/alien-bot.html","3","0","https://ronenglish-archive.github.io/ron-english-sketches-aliens/images/Sketches/aliens%202/Bot%20Alien%20ORIGINAL.jpg","OK","Ready."
"Aliens","Alien Cherub","aliens","Sketches\aliens\alien-cherub.html","https://ronenglish-archive.github.io/ron-english-sketches-aliens/Sketches/aliens/alien-cherub.html","14","0","https://ronenglish-archive.github.io/ron-english-sketches-aliens/images/Sketches/aliens/Alien%20cherub%20ORIGINAL.jpg","OK","Ready."
"Aliens","Alien Offspring","aliens","Sketches\aliens\alien-offspring.html","https://ronenglish-archive.github.io/ron-english-sketches-aliens/Sketches/aliens/alien-offspring.html","3","0","https://ronenglish-archive.github.io/ron-english-sketches-aliens/images/Sketches/aliens/Alien%20Offspring%20-%20original.jpg","OK","Ready."
"Aliens","Alien Spiral Eyes","aliens","Sketches\aliens\alien-spiral-eyes.html","https://ronenglish-archive.github.io/ron-english-sketches-aliens/Sketches/aliens/alien-spiral-eyes.html","3","0","https://ronenglish-archive.github.io/ron-english-sketches-aliens/images/Sketches/aliens%202/Alien%20Spiral%20Eyes%20ORIGINAL.jpg","OK","Ready."
"Aliens","Alien Superman","aliens","Sketches\aliens\alien-superman.html","https://ronenglish-archive.github.io/ron-english-sketches-aliens/Sketches/aliens/alien-superman.html","6","0","https://ronenglish-archive.github.io/ron-english-sketches-aliens/images/Sketches/aliens/Alien%20Superman%20-%20pose%201%20original.jpg","OK","Ready."
"Aliens","All Ears Ernie","aliens","Sketches\aliens\all-ears-ernie.html","https://ronenglish-archive.github.io/ron-english-sketches-aliens/Sketches/aliens/all-ears-ernie.html","2","0","https://ronenglish-archive.github.io/ron-english-sketches-aliens/images/Sketches/aliens/All%20Ears%20Ernie%20-%20B%26W.jpg","OK","Ready."
"Aliens","Alley Boutwit","aliens","Sketches\aliens\alley-boutwit.html","https://ronenglish-archive.github.io/ron-english-sketches-aliens/Sketches/aliens/alley-boutwit.html","13","0","https://ronenglish-archive.github.io/ron-english-sketches-aliens/images/Sketches/aliens/Alley%20Boutwit%20-%20original.jpg","OK","Ready."
"Aliens","Amblyopiate","aliens","Sketches\aliens\amblyopiate.html","https://ronenglish-archive.github.io/ron-english-sketches-aliens/Sketches/aliens/amblyopiate.html","2","0","https://ronenglish-archive.github.io/ron-english-sketches-aliens/images/Sketches/aliens/Amblyopiate%20-%20original.jpg","OK","Ready."
"Aliens","Ampadextal Testamonk","aliens","Sketches\aliens\ampadextal-testamonk.html","https://ronenglish-archive.github.io/ron-english-sketches-aliens/Sketches/aliens/ampadextal-testamonk.html","5","0","https://ronenglish-archive.github.io/ron-english-sketches-aliens/images/Sketches/aliens/Etymogual%20Benedictus%20ORIGINAL.jpg","OK","Ready."
"Aliens","Andresistor Toomoo","aliens","Sketches\aliens\andresistor-toomoo.html","https://ronenglish-archive.github.io/ron-english-sketches-aliens/Sketches/aliens/andresistor-toomoo.html","3","0","https://ronenglish-archive.github.io/ron-english-sketches-aliens/images/Sketches/aliens%202/Andresistor%20Toomoo%20ORIGINAL.jpg","OK","Ready."
"Aliens","Andresonor Vanvermon","aliens","Sketches\aliens\andresonor-vanvermon.html","https://ronenglish-archive.github.io/ron-english-sketches-aliens/Sketches/aliens/andresonor-vanvermon.html","4","0","https://ronenglish-archive.github.io/ron-english-sketches-aliens/images/Sketches/aliens/Andresonor%20Vanvermon%20-%20original.jpg","OK","Ready."
"Aliens","Anexus Elefander","aliens","Sketches\aliens\anexus-elefander.html","https://ronenglish-archive.github.io/ron-english-sketches-aliens/Sketches/aliens/anexus-elefander.html","12","0","https://ronenglish-archive.github.io/ron-english-sketches-aliens/images/Sketches/aliens/Happree%20Zelonaut%20ORIGINAL.jpg","OK","Ready."
"Aliens","Antron Gridiron Alien","aliens","Sketches\aliens\antron-gridiron-alien.html","https://ronenglish-archive.github.io/ron-english-sketches-aliens/Sketches/aliens/antron-gridiron-alien.html","6","0","https://ronenglish-archive.github.io/ron-english-sketches-aliens/images/Sketches/aliens/Antron%20Gridiron%20Alien%20-%20original.jpg","OK","Ready."
"Aliens","Aphelionia","aliens","Sketches\aliens\aphelionia.html","https://ronenglish-archive.github.io/ron-english-sketches-aliens/Sketches/aliens/aphelionia.html","2","0","https://ronenglish-archive.github.io/ron-english-sketches-aliens/images/Sketches/aliens/Aphelionia%20-%20original.jpg","OK","Ready."
"Aliens","Aqua Lung Alien","aliens","Sketches\aliens\aqua-lung-alien.html","https://ronenglish-archive.github.io/ron-english-sketches-aliens/Sketches/aliens/aqua-lung-alien.html","3","0","https://ronenglish-archive.github.io/ron-english-sketches-aliens/images/Sketches/aliens/Aqua%20Lung%20Alien%20-%20original.jpg","OK","Ready."
"Aliens","Ardent Adventurer","aliens","Sketches\aliens\ardent-adventurer.html","https://ronenglish-archive.github.io/ron-english-sketches-aliens/Sketches/aliens/ardent-adventurer.html","12","0","https://ronenglish-archive.github.io/ron-english-sketches-aliens/images/Sketches/aliens/Leisurabilly%20Indeafatigable%20ORIGINAL.jpg","OK","Ready."
"Aliens","Asher Gnasher","aliens","Sketches\aliens\asher-gnasher.html","https://ronenglish-archive.github.io/ron-english-sketches-aliens/Sketches/aliens/asher-gnasher.html","2","0","https://ronenglish-archive.github.io/ron-english-sketches-aliens/images/Sketches/aliens/Spirastro%20ORIGINAL.jpg","OK","Ready."
"Aliens","Aston Nish","aliens","Sketches\aliens\aston-nish.html","https://ronenglish-archive.github.io/ron-english-sketches-aliens/Sketches/aliens/aston-nish.html","12","0","https://ronenglish-archive.github.io/ron-english-sketches-aliens/images/Sketches/aliens%202/Aston%20Nish%20ORIGINAL.jpg","OK","Ready."
"Aliens","Astragrockle","aliens","Sketches\aliens\astragrockle.html","https://ronenglish-archive.github.io/ron-english-sketches-aliens/Sketches/aliens/astragrockle.html","2","0","https://ronenglish-archive.github.io/ron-english-sketches-aliens/images/Sketches/aliens/Squinch%20ORIGINAL.jpg","OK","Ready."
"Aliens","Astral Alex","aliens","Sketches\aliens\astral-alex.html","https://ronenglish-archive.github.io/ron-english-sketches-aliens/Sketches/aliens/astral-alex.html","2","0","https://ronenglish-archive.github.io/ron-english-sketches-aliens/images/Sketches/aliens/Spirastro%20ORIGINAL.jpg","OK","Ready."
"Aliens","Astral Galexic","aliens","Sketches\aliens\astral-galexic.html","https://ronenglish-archive.github.io/ron-english-sketches-aliens/Sketches/aliens/astral-galexic.html","11","0","https://ronenglish-archive.github.io/ron-english-sketches-aliens/images/Sketches/aliens/Lunashtick%20ORIGINAL.jpg","OK","Ready."
"Aliens","Astral Galexic version 2","aliens","Sketches\aliens\astral-galexic-version-2.html","https://ronenglish-archive.github.io/ron-english-sketches-aliens/Sketches/aliens/astral-galexic-version-2.html","11","0","https://ronenglish-archive.github.io/ron-english-sketches-aliens/images/Sketches/aliens%202/Astral%20Galexic%20version%202%20ORIGINAL.jpg","OK","Ready."
"Aliens","Astro","aliens","Sketches\aliens\astro.html","https://ronenglish-archive.github.io/ron-english-sketches-aliens/Sketches/aliens/astro.html","49","0","https://ronenglish-archive.github.io/ron-english-sketches-aliens/images/Sketches/aliens/Astro%20back%20ORIGINAL.jpg","OK","Ready."
"Aliens","Astrokurse","aliens","Sketches\aliens\astrokurse.html","https://ronenglish-archive.github.io/ron-english-sketches-aliens/Sketches/aliens/astrokurse.html","2","0","https://ronenglish-archive.github.io/ron-english-sketches-aliens/images/Sketches/aliens/Intercosmo%20ORIGINAL.jpg","OK","Ready."
"Aliens","Astropatra","aliens","Sketches\aliens\astropatra.html","https://ronenglish-archive.github.io/ron-english-sketches-aliens/Sketches/aliens/astropatra.html","2","0","https://ronenglish-archive.github.io/ron-english-sketches-aliens/images/Sketches/aliens/Cosmic%20Karla%20-%20original.jpg","OK","Ready."
"Aliens","Astrostotle","aliens","Sketches\aliens\astrostotle.html","https://ronenglish-archive.github.io/ron-english-sketches-aliens/Sketches/aliens/astrostotle.html","2","0","https://ronenglish-archive.github.io/ron-english-sketches-aliens/images/Sketches/aliens/E.%20T.%20Banditti%20ORIGINAL.jpg","OK","Ready."
"Aliens","Axus Aliender","aliens","Sketches\aliens\axus-aliender.html","https://ronenglish-archive.github.io/ron-english-sketches-aliens/Sketches/aliens/axus-aliender.html","12","0","https://ronenglish-archive.github.io/ron-english-sketches-aliens/images/Sketches/aliens/Happree%20Zelonaut%20ORIGINAL.jpg","OK","Ready."
"Aliens","Bacchan Complainer","aliens","Sketches\aliens\bacchan-complainer.html","https://ronenglish-archive.github.io/ron-english-sketches-aliens/Sketches/aliens/bacchan-complainer.html","5","0","https://ronenglish-archive.github.io/ron-english-sketches-aliens/images/Sketches/aliens/Kidmark%20Que%20ORIGINAL.jpg","OK","Ready."
"Aliens","Bee Sting Alien","aliens","Sketches\aliens\bee-sting-alien.html","https://ronenglish-archive.github.io/ron-english-sketches-aliens/Sketches/aliens/bee-sting-alien.html","5","0","https://ronenglish-archive.github.io/ron-english-sketches-aliens/images/Sketches/aliens/Bee%20Sting%20Alien%20-%20original.jpg","OK","Ready."
"Aliens","Bert E. Brator","aliens","Sketches\aliens\bert-e-brator.html","https://ronenglish-archive.github.io/ron-english-sketches-aliens/Sketches/aliens/bert-e-brator.html","2","0","https://ronenglish-archive.github.io/ron-english-sketches-aliens/images/Sketches/aliens/Inveterate%20Vertibralien%20ORIGINAL.jpg","OK","Ready."
"Aliens","Berzerk Krypton","aliens","Sketches\aliens\berzerk-krypton.html","https://ronenglish-archive.github.io/ron-english-sketches-aliens/Sketches/aliens/berzerk-krypton.html","12","0","https://ronenglish-archive.github.io/ron-english-sketches-aliens/images/Sketches/aliens%202/Berzerk%20Krypton%20ORIGINAL.jpg","OK","Ready."
"Aliens","Blotto Grog","aliens","Sketches\aliens\blotto-grog.html","https://ronenglish-archive.github.io/ron-english-sketches-aliens/Sketches/aliens/blotto-grog.html","11","0","https://ronenglish-archive.github.io/ron-english-sketches-aliens/images/Sketches/aliens/Blotto%20Grog%20ORIGINAL.jpg","OK","Ready."
"Aliens","Blubby Bono","aliens","Sketches\aliens\blubby-bono.html","https://ronenglish-archive.github.io/ron-english-sketches-aliens/Sketches/aliens/blubby-bono.html","12","0","https://ronenglish-archive.github.io/ron-english-sketches-aliens/images/Sketches/aliens/Blubby%20Bono%20ORIGINAL.jpg","OK","Ready."
"Aliens","Bob Knobble","aliens","Sketches\aliens\bob-knobble.html","https://ronenglish-archive.github.io/ron-english-sketches-aliens/Sketches/aliens/bob-knobble.html","2","0","https://ronenglish-archive.github.io/ron-english-sketches-aliens/images/Sketches/aliens/Opoid%20Ian%20ORIGINAL.jpg","OK","Ready."
"Aliens","Bozobreath Anusless","aliens","Sketches\aliens\bozobreath-anusless.html","https://ronenglish-archive.github.io/ron-english-sketches-aliens/Sketches/aliens/bozobreath-anusless.html","4","0","https://ronenglish-archive.github.io/ron-english-sketches-aliens/images/Sketches/aliens/Ravelbless%20Calluconcious%20ORIGINAL.jpg","OK","Ready."
"Aliens","Braniacosmus","aliens","Sketches\aliens\braniacosmus.html","https://ronenglish-archive.github.io/ron-english-sketches-aliens/Sketches/aliens/braniacosmus.html","2","0","https://ronenglish-archive.github.io/ron-english-sketches-aliens/images/Sketches/aliens/Galaxel%20ORIGINAL.jpg","OK","Ready."
"Aliens","Brooke Chinook","aliens","Sketches\aliens\brooke-chinook.html","https://ronenglish-archive.github.io/ron-english-sketches-aliens/Sketches/aliens/brooke-chinook.html","2","0","https://ronenglish-archive.github.io/ron-english-sketches-aliens/images/Sketches/aliens/Brooke%20Chinook%20-%20original.jpg","OK","Ready."
"Aliens","Caelumbis","aliens","Sketches\aliens\caelumbis.html","https://ronenglish-archive.github.io/ron-english-sketches-aliens/Sketches/aliens/caelumbis.html","2","0","https://ronenglish-archive.github.io/ron-english-sketches-aliens/images/Sketches/aliens/Mira%20Mecia%20ORIGINAL.jpg","OK","Ready."
"Aliens","Caezahr","aliens","Sketches\aliens\caezahr.html","https://ronenglish-archive.github.io/ron-english-sketches-aliens/Sketches/aliens/caezahr.html","2","0","https://ronenglish-archive.github.io/ron-english-sketches-aliens/images/Sketches/aliens/E.%20T.%20Banditti%20ORIGINAL.jpg","OK","Ready."
"Aliens","Cairene Cosmos","aliens","Sketches\aliens\cairene-cosmos.html","https://ronenglish-archive.github.io/ron-english-sketches-aliens/Sketches/aliens/cairene-cosmos.html","5","0","https://ronenglish-archive.github.io/ron-english-sketches-aliens/images/Sketches/aliens%202/Cairene%20Cosmos%20ORIGINAL.jpg","OK","Ready."
"Aliens","Caption Alien","aliens","Sketches\aliens\caption-alien.html","https://ronenglish-archive.github.io/ron-english-sketches-aliens/Sketches/aliens/caption-alien.html","3","0","https://ronenglish-archive.github.io/ron-english-sketches-aliens/images/Sketches/aliens%202/Caption%20Alien%20ORIGINAL.jpg","OK","Ready."
"Aliens","Catalien","aliens","Sketches\aliens\catalien.html","https://ronenglish-archive.github.io/ron-english-sketches-aliens/Sketches/aliens/catalien.html","2","0","https://ronenglish-archive.github.io/ron-english-sketches-aliens/images/Sketches/aliens/Intercosmo%20ORIGINAL.jpg","OK","Ready."
"Aliens","Catmask","aliens","Sketches\aliens\catmask.html","https://ronenglish-archive.github.io/ron-english-sketches-aliens/Sketches/aliens/catmask.html","2","0","https://ronenglish-archive.github.io/ron-english-sketches-aliens/images/Sketches/aliens/Galaxel%20ORIGINAL.jpg","OK","Ready."
"Aliens","Cavaler Avaler","aliens","Sketches\aliens\cavaler-avaler.html","https://ronenglish-archive.github.io/ron-english-sketches-aliens/Sketches/aliens/cavaler-avaler.html","12","1","https://ronenglish-archive.github.io/ron-english-sketches-aliens/images/Sketches/aliens/Cavaler%20Avaler%20ORIGINAL.jpg","REVIEW","Some local image references were not found."
"Aliens","CB Astronaut Fishbowl","aliens","Sketches\aliens\cb-astronaut-fishbowl.html","https://ronenglish-archive.github.io/ron-english-sketches-aliens/Sketches/aliens/cb-astronaut-fishbowl.html","3","0","https://ronenglish-archive.github.io/ron-english-sketches-aliens/images/Sketches/aliens/CB%20Astronaut%20Fishbowl%20-%20original.jpg","OK","Ready."
"Aliens","CB Astronaut Internal Aliens","aliens","Sketches\aliens\cb-astronaut-internal-aliens.html","https://ronenglish-archive.github.io/ron-english-sketches-aliens/Sketches/aliens/cb-astronaut-internal-aliens.html","3","0","https://ronenglish-archive.github.io/ron-english-sketches-aliens/images/Sketches/aliens/CB%20Astronaut%20Internal%20Aliens%20-%20original.jpg","OK","Ready."
"Aliens","CB Astronaut Microphone","aliens","Sketches\aliens\cb-astronaut-microphone.html","https://ronenglish-archive.github.io/ron-english-sketches-aliens/Sketches/aliens/cb-astronaut-microphone.html","3","0","https://ronenglish-archive.github.io/ron-english-sketches-aliens/images/Sketches/aliens/CB%20Astronaut%20Microphone%20-%20original.jpg","OK","Ready."
"Aliens","CB Astronaut Star Skull","aliens","Sketches\aliens\cb-astronaut-star-skull.html","https://ronenglish-archive.github.io/ron-english-sketches-aliens/Sketches/aliens/cb-astronaut-star-skull.html","3","0","https://ronenglish-archive.github.io/ron-english-sketches-aliens/images/Sketches/aliens/CB%20Astronaut%20Star%20Skull%20-%20original.jpg","OK","Ready."
"Aliens","Celestial Terrestial","aliens","Sketches\aliens\celestial-terrestial.html","https://ronenglish-archive.github.io/ron-english-sketches-aliens/Sketches/aliens/celestial-terrestial.html","12","0","https://ronenglish-archive.github.io/ron-english-sketches-aliens/images/Sketches/aliens/Alexandrinus%20Reflection%20-%20original.jpg","OK","Ready."
"Aliens","Celibscent Scanidol","aliens","Sketches\aliens\celibscent-scanidol.html","https://ronenglish-archive.github.io/ron-english-sketches-aliens/Sketches/aliens/celibscent-scanidol.html","5","0","https://ronenglish-archive.github.io/ron-english-sketches-aliens/images/Sketches/aliens/Genhumas%20Transretnal%20ORIGINAL.jpg","OK","Ready."
"Aliens","Cereb Raul","aliens","Sketches\aliens\cereb-raul.html","https://ronenglish-archive.github.io/ron-english-sketches-aliens/Sketches/aliens/cereb-raul.html","3","0","https://ronenglish-archive.github.io/ron-english-sketches-aliens/images/Sketches/aliens/Cereb%20Raul%20-%20original.jpg","OK","Ready."
"Aliens","Charlie Brown Alien","aliens","Sketches\aliens\charlie-brown-alien.html","https://ronenglish-archive.github.io/ron-english-sketches-aliens/Sketches/aliens/charlie-brown-alien.html","3","0","https://ronenglish-archive.github.io/ron-english-sketches-aliens/images/Sketches/aliens/Charlie%20Brown%20Alien%20-%20original.jpg","OK","Ready."
"Aliens","Cheer Breeder","aliens","Sketches\aliens\cheer-breeder.html","https://ronenglish-archive.github.io/ron-english-sketches-aliens/Sketches/aliens/cheer-breeder.html","3","0","https://ronenglish-archive.github.io/ron-english-sketches-aliens/images/Sketches/aliens/Cheer%20Breeder%20-%20original.jpg","OK","Ready."
"Aliens","Clegg Bleater","aliens","Sketches\aliens\clegg-bleater.html","https://ronenglish-archive.github.io/ron-english-sketches-aliens/Sketches/aliens/clegg-bleater.html","2","0","https://ronenglish-archive.github.io/ron-english-sketches-aliens/images/Sketches/aliens%202/Clegg%20Bleater%20ORIGINAL.jpg","OK","Ready."
"Aliens","Cloud Cover","aliens","Sketches\aliens\cloud-cover.html","https://ronenglish-archive.github.io/ron-english-sketches-aliens/Sketches/aliens/cloud-cover.html","9","0","https://ronenglish-archive.github.io/ron-english-sketches-aliens/images/Sketches/aliens/Walleyed%20Strabismus%20-%20original.jpg","OK","Ready."
"Aliens","Codextra Manasser","aliens","Sketches\aliens\codextra-manasser.html","https://ronenglish-archive.github.io/ron-english-sketches-aliens/Sketches/aliens/codextra-manasser.html","15","0","https://ronenglish-archive.github.io/ron-english-sketches-aliens/images/Sketches/aliens%202/Codextra%20Manasser%20ORIGINAL.jpg","OK","Ready."
"Aliens","Cosmet Raith","aliens","Sketches\aliens\cosmet-raith.html","https://ronenglish-archive.github.io/ron-english-sketches-aliens/Sketches/aliens/cosmet-raith.html","2","0","https://ronenglish-archive.github.io/ron-english-sketches-aliens/images/Sketches/aliens/Trans%20Mogrifie%20ORIGINAL.jpg","OK","Ready."
"Aliens","Cosmic Karla","aliens","Sketches\aliens\cosmic-karla.html","https://ronenglish-archive.github.io/ron-english-sketches-aliens/Sketches/aliens/cosmic-karla.html","2","0","https://ronenglish-archive.github.io/ron-english-sketches-aliens/images/Sketches/aliens/Cosmic%20Karla%20-%20original.jpg","OK","Ready."
"Aliens","Cosmo Polite","aliens","Sketches\aliens\cosmo-polite.html","https://ronenglish-archive.github.io/ron-english-sketches-aliens/Sketches/aliens/cosmo-polite.html","3","0","https://ronenglish-archive.github.io/ron-english-sketches-aliens/images/Sketches/aliens/Equinoxious-2%20ORIGINAL.jpg","OK","Ready."
"Aliens","Cosmo Politian","aliens","Sketches\aliens\cosmo-politian.html","https://ronenglish-archive.github.io/ron-english-sketches-aliens/Sketches/aliens/cosmo-politian.html","14","0","https://ronenglish-archive.github.io/ron-english-sketches-aliens/images/Sketches/aliens%202/Cosmo%20Politian%20ORIGINAL.jpg","OK","Ready."
"Aliens","Cosmo Titian","aliens","Sketches\aliens\cosmo-titian.html","https://ronenglish-archive.github.io/ron-english-sketches-aliens/Sketches/aliens/cosmo-titian.html","15","0","https://ronenglish-archive.github.io/ron-english-sketches-aliens/images/Sketches/aliens/Patchy%20Podium.jpg","OK","Ready."
"Aliens","Crash Helmet","aliens","Sketches\aliens\crash-helmet.html","https://ronenglish-archive.github.io/ron-english-sketches-aliens/Sketches/aliens/crash-helmet.html","5","0","https://ronenglish-archive.github.io/ron-english-sketches-aliens/images/Sketches/aliens/Crash%20Helmet%20-%20original.jpg","OK","Ready."
"Aliens","Crockmonster","aliens","Sketches\aliens\crockmonster.html","https://ronenglish-archive.github.io/ron-english-sketches-aliens/Sketches/aliens/crockmonster.html","5","0","https://ronenglish-archive.github.io/ron-english-sketches-aliens/images/Sketches/aliens/Crockmonster%20-%20original.jpg","OK","Ready."
"Aliens","Cronik Comet","aliens","Sketches\aliens\cronik-comet.html","https://ronenglish-archive.github.io/ron-english-sketches-aliens/Sketches/aliens/cronik-comet.html","16","1","https://ronenglish-archive.github.io/ron-english-sketches-aliens/images/Sketches/aliens/Schedufool%20Unit%2042%20-%20original.jpg","REVIEW","Some local image references were not found."
"Aliens","Curious Hauge","aliens","Sketches\aliens\curious-hauge.html","https://ronenglish-archive.github.io/ron-english-sketches-aliens/Sketches/aliens/curious-hauge.html","4","0","https://ronenglish-archive.github.io/ron-english-sketches-aliens/images/Sketches/aliens/Equinoxious%20ORIGINAL.jpg","OK","Ready."
"Aliens","Cybor External","aliens","Sketches\aliens\cybor-external.html","https://ronenglish-archive.github.io/ron-english-sketches-aliens/Sketches/aliens/cybor-external.html","13","0","https://ronenglish-archive.github.io/ron-english-sketches-aliens/images/Sketches/aliens/Oculestria%20ORIGINAL.jpg","OK","Ready."
"Aliens","Deep Drowned Alien","aliens","Sketches\aliens\deep-drowned-alien.html","https://ronenglish-archive.github.io/ron-english-sketches-aliens/Sketches/aliens/deep-drowned-alien.html","4","0","https://ronenglish-archive.github.io/ron-english-sketches-aliens/images/Sketches/aliens/Deep%20Drowned%20Alien%20-%20original.jpg","OK","Ready."
"Aliens","Demi Mondain","aliens","Sketches\aliens\demi-mondain.html","https://ronenglish-archive.github.io/ron-english-sketches-aliens/Sketches/aliens/demi-mondain.html","12","0","https://ronenglish-archive.github.io/ron-english-sketches-aliens/images/Sketches/aliens/Flavorpee%20Zronback%20ORIGINAL.jpg","OK","Ready."
"Aliens","Didicoy Vagrant","aliens","Sketches\aliens\didicoy-vagrant.html","https://ronenglish-archive.github.io/ron-english-sketches-aliens/Sketches/aliens/didicoy-vagrant.html","6","0","https://ronenglish-archive.github.io/ron-english-sketches-aliens/images/Sketches/aliens%202/Didicoy%20Vagrant%20ORIGINAL.jpg","OK","Ready."
"Aliens","Di Zygus","aliens","Sketches\aliens\di-zygus.html","https://ronenglish-archive.github.io/ron-english-sketches-aliens/Sketches/aliens/di-zygus.html","2","0","https://ronenglish-archive.github.io/ron-english-sketches-aliens/images/Sketches/aliens%202/Di%20Zygus%20ORIGINAL.jpg","OK","Ready."
"Aliens","DJ Alien Angel","aliens","Sketches\aliens\dj-alien-angel.html","https://ronenglish-archive.github.io/ron-english-sketches-aliens/Sketches/aliens/dj-alien-angel.html","3","0","https://ronenglish-archive.github.io/ron-english-sketches-aliens/images/Sketches/aliens/DJ%20Alien%20Angel%20-%20original.jpg","OK","Ready."
"Aliens","Dwell Cogo","aliens","Sketches\aliens\dwell-cogo.html","https://ronenglish-archive.github.io/ron-english-sketches-aliens/Sketches/aliens/dwell-cogo.html","5","0","https://ronenglish-archive.github.io/ron-english-sketches-aliens/images/Sketches/aliens/Dwell%20Cogo%20ORIGINAL.jpg","OK","Ready."
"Aliens","Egg Spaceship","aliens","Sketches\aliens\egg-spaceship.html","https://ronenglish-archive.github.io/ron-english-sketches-aliens/Sketches/aliens/egg-spaceship.html","2","0","https://ronenglish-archive.github.io/ron-english-sketches-aliens/images/Sketches/aliens/Egg%20Spaceship%20-%20original.jpg","OK","Ready."
"Aliens","Elated Xtra Terrestrial","aliens","Sketches\aliens\elated-xtra-terrestrial.html","https://ronenglish-archive.github.io/ron-english-sketches-aliens/Sketches/aliens/elated-xtra-terrestrial.html","15","0","https://ronenglish-archive.github.io/ron-english-sketches-aliens/images/Sketches/aliens%202/Elated%20Xtra%20Terrestrial%20ORIGINAL.jpg","OK","Ready."
"Aliens","Electropia Exotropia","aliens","Sketches\aliens\electropia-exotropia.html","https://ronenglish-archive.github.io/ron-english-sketches-aliens/Sketches/aliens/electropia-exotropia.html","16","0","https://ronenglish-archive.github.io/ron-english-sketches-aliens/images/Sketches/aliens%202/Electropia%20Exotropia%20ORIGINAL.jpg","OK","Ready."
"Aliens","Elexacon Angel","aliens","Sketches\aliens\elexacon-angel.html","https://ronenglish-archive.github.io/ron-english-sketches-aliens/Sketches/aliens/elexacon-angel.html","14","0","https://ronenglish-archive.github.io/ron-english-sketches-aliens/images/Sketches/aliens%202/Elexacon%20Angel%20ORIGINAL.jpg","OK","Ready."
"Aliens","Empty Suit Alien","aliens","Sketches\aliens\empty-suit-alien.html","https://ronenglish-archive.github.io/ron-english-sketches-aliens/Sketches/aliens/empty-suit-alien.html","3","0","https://ronenglish-archive.github.io/ron-english-sketches-aliens/images/Sketches/aliens/Empty%20Suit%20Alien%20-%20original.jpg","OK","Ready."
"Aliens","Empyreambler","aliens","Sketches\aliens\empyreambler.html","https://ronenglish-archive.github.io/ron-english-sketches-aliens/Sketches/aliens/empyreambler.html","2","0","https://ronenglish-archive.github.io/ron-english-sketches-aliens/images/Sketches/aliens/Squinch%20ORIGINAL.jpg","OK","Ready."
"Aliens","Equinoxious","aliens","Sketches\aliens\equinoxious.html","https://ronenglish-archive.github.io/ron-english-sketches-aliens/Sketches/aliens/equinoxious.html","4","0","https://ronenglish-archive.github.io/ron-english-sketches-aliens/images/Sketches/aliens/Equinoxious%20ORIGINAL.jpg","OK","Ready."
"Aliens","Equinoxious 2","aliens","Sketches\aliens\equinoxious-2.html","https://ronenglish-archive.github.io/ron-english-sketches-aliens/Sketches/aliens/equinoxious-2.html","2","0","https://ronenglish-archive.github.io/ron-english-sketches-aliens/images/Sketches/aliens/Equinoxious-2%20ORIGINAL.jpg","OK","Ready."
"Aliens","E. T. Banditti","aliens","Sketches\aliens\e-t-banditti.html","https://ronenglish-archive.github.io/ron-english-sketches-aliens/Sketches/aliens/e-t-banditti.html","2","0","https://ronenglish-archive.github.io/ron-english-sketches-aliens/images/Sketches/aliens/E.%20T.%20Banditti%20ORIGINAL.jpg","OK","Ready."
"Aliens","Eternal Bernal","aliens","Sketches\aliens\eternal-bernal.html","https://ronenglish-archive.github.io/ron-english-sketches-aliens/Sketches/aliens/eternal-bernal.html","2","0","https://ronenglish-archive.github.io/ron-english-sketches-aliens/images/Sketches/aliens/Eternal%20Bernal%20ORIGINAL.jpg","OK","Ready."
"Aliens","Etymogual Benedictus","aliens","Sketches\aliens\etymogual-benedictus.html","https://ronenglish-archive.github.io/ron-english-sketches-aliens/Sketches/aliens/etymogual-benedictus.html","4","0","https://ronenglish-archive.github.io/ron-english-sketches-aliens/images/Sketches/aliens/Etymogual%20Benedictus%20ORIGINAL.jpg","OK","Ready."
"Aliens","Eve Alien","aliens","Sketches\aliens\eve-alien.html","https://ronenglish-archive.github.io/ron-english-sketches-aliens/Sketches/aliens/eve-alien.html","5","1","https://ronenglish-archive.github.io/ron-english-sketches-aliens/images/Sketches/aliens%202/Eve%20Alien%20-%20original.jpg","REVIEW","Some local image references were not found."
"Aliens","Extratron Gallexyz","aliens","Sketches\aliens\extratron-gallexyz.html","https://ronenglish-archive.github.io/ron-english-sketches-aliens/Sketches/aliens/extratron-gallexyz.html","13","1","https://ronenglish-archive.github.io/ron-english-sketches-aliens/images/Sketches/aliens/Alexandrinus%20Reflection%20-%20original.jpg","REVIEW","Some local image references were not found."
"Aliens","Eyesove Tismas","aliens","Sketches\aliens\eyesove-tismas.html","https://ronenglish-archive.github.io/ron-english-sketches-aliens/Sketches/aliens/eyesove-tismas.html","6","0","https://ronenglish-archive.github.io/ron-english-sketches-aliens/images/Sketches/aliens%202/Eyesove%20Tismas%20ORIGINAL.jpg","OK","Ready."
"Aliens","Eye Speak Alien","aliens","Sketches\aliens\eye-speak-alien.html","https://ronenglish-archive.github.io/ron-english-sketches-aliens/Sketches/aliens/eye-speak-alien.html","3","0","https://ronenglish-archive.github.io/ron-english-sketches-aliens/images/Sketches/aliens/Eye%20Speak%20Alien%20-%20original.jpg","OK","Ready."
"Aliens","Fabian Alien","aliens","Sketches\aliens\fabian-alien.html","https://ronenglish-archive.github.io/ron-english-sketches-aliens/Sketches/aliens/fabian-alien.html","3","0","https://ronenglish-archive.github.io/ron-english-sketches-aliens/images/Sketches/aliens/Fabian%20Alien%20-%20original.jpg","OK","Ready."
"Aliens","Feline Nine Alien","aliens","Sketches\aliens\feline-nine-alien.html","https://ronenglish-archive.github.io/ron-english-sketches-aliens/Sketches/aliens/feline-nine-alien.html","3","0","https://ronenglish-archive.github.io/ron-english-sketches-aliens/images/Sketches/aliens/Feline%20Nine%20Alien%20-%20original.jpg","OK","Ready."
"Aliens","Fetal Deceit Phil","aliens","Sketches\aliens\fetal-deceit-phil.html","https://ronenglish-archive.github.io/ron-english-sketches-aliens/Sketches/aliens/fetal-deceit-phil.html","12","0","https://ronenglish-archive.github.io/ron-english-sketches-aliens/images/Sketches/aliens/Starfarer%20Epicureans%20Max%20ORIGINAL.jpg","OK","Ready."
"Aliens","Fetal Fraxulus","aliens","Sketches\aliens\fetal-fraxulus.html","https://ronenglish-archive.github.io/ron-english-sketches-aliens/Sketches/aliens/fetal-fraxulus.html","11","0","https://ronenglish-archive.github.io/ron-english-sketches-aliens/images/Sketches/aliens%202/Fetal%20Fraxulus%20ORIGINAL.jpg","OK","Ready."
"Aliens","Fishbowl UFO","aliens","Sketches\aliens\fishbowl-ufo.html","https://ronenglish-archive.github.io/ron-english-sketches-aliens/Sketches/aliens/fishbowl-ufo.html","4","0","https://ronenglish-archive.github.io/ron-english-sketches-aliens/images/Sketches/aliens/Fishbowl%20UFO%20-%20original.jpg","OK","Ready."
"Aliens","Fish Bulb Alien","aliens","Sketches\aliens\fish-bulb-alien.html","https://ronenglish-archive.github.io/ron-english-sketches-aliens/Sketches/aliens/fish-bulb-alien.html","6","0","https://ronenglish-archive.github.io/ron-english-sketches-aliens/images/Sketches/aliens/Fish%20Bulb%20Alien%20-%20original.jpg","OK","Ready."
"Aliens","Flavorpee Zronback","aliens","Sketches\aliens\flavorpee-zronback.html","https://ronenglish-archive.github.io/ron-english-sketches-aliens/Sketches/aliens/flavorpee-zronback.html","4","0","https://ronenglish-archive.github.io/ron-english-sketches-aliens/images/Sketches/aliens/Flavorpee%20Zronback%20ORIGINAL.jpg","OK","Ready."
"Aliens","Fleshire Gwyn","aliens","Sketches\aliens\fleshire-gwyn.html","https://ronenglish-archive.github.io/ron-english-sketches-aliens/Sketches/aliens/fleshire-gwyn.html","2","0","https://ronenglish-archive.github.io/ron-english-sketches-aliens/images/Sketches/aliens%202/Lugushire%20ORIGINAL.jpg","OK","Ready."
"Aliens","Flexulus","aliens","Sketches\aliens\flexulus.html","https://ronenglish-archive.github.io/ron-english-sketches-aliens/Sketches/aliens/flexulus.html","2","0","https://ronenglish-archive.github.io/ron-english-sketches-aliens/images/Sketches/aliens/Brooke%20Chinook%20-%20original.jpg","OK","Ready."
"Aliens","Flushal Recokon","aliens","Sketches\aliens\flushal-recokon.html","https://ronenglish-archive.github.io/ron-english-sketches-aliens/Sketches/aliens/flushal-recokon.html","4","0","https://ronenglish-archive.github.io/ron-english-sketches-aliens/images/Sketches/aliens/Andresonor%20Vanvermon%20-%20original.jpg","OK","Ready."
"Aliens","Forgon Intruder","aliens","Sketches\aliens\forgon-intruder.html","https://ronenglish-archive.github.io/ron-english-sketches-aliens/Sketches/aliens/forgon-intruder.html","14","0","https://ronenglish-archive.github.io/ron-english-sketches-aliens/images/Sketches/aliens/Trippant%20Traveler%20-%20original.jpg","OK","Ready."
"Aliens","Frazier Razor","aliens","Sketches\aliens\frazier-razor.html","https://ronenglish-archive.github.io/ron-english-sketches-aliens/Sketches/aliens/frazier-razor.html","5","0","https://ronenglish-archive.github.io/ron-english-sketches-aliens/images/Sketches/aliens%202/Frazier%20Razor%20ORIGINAL.jpg","OK","Ready."
"Aliens","Freakachu Alien","aliens","Sketches\aliens\freakachu-alien.html","https://ronenglish-archive.github.io/ron-english-sketches-aliens/Sketches/aliens/freakachu-alien.html","3","0","https://ronenglish-archive.github.io/ron-english-sketches-aliens/images/Sketches/aliens/Freakachu%20Alien%20-%20original.jpg","OK","Ready."
"Aliens","Fuelatron Jellybone","aliens","Sketches\aliens\fuelatron-jellybone.html","https://ronenglish-archive.github.io/ron-english-sketches-aliens/Sketches/aliens/fuelatron-jellybone.html","15","0","https://ronenglish-archive.github.io/ron-english-sketches-aliens/images/Sketches/aliens%202/Fuelatron%20Jellybone%20ORIGINAL.jpg","OK","Ready."
"Aliens","Galacter Equanimous","aliens","Sketches\aliens\galacter-equanimous.html","https://ronenglish-archive.github.io/ron-english-sketches-aliens/Sketches/aliens/galacter-equanimous.html","3","0","https://ronenglish-archive.github.io/ron-english-sketches-aliens/images/Sketches/aliens/Galacter%20Equanimous%20ORIGINAL.jpg","OK","Ready."
"Aliens","Galactic Gamine","aliens","Sketches\aliens\galactic-gamine.html","https://ronenglish-archive.github.io/ron-english-sketches-aliens/Sketches/aliens/galactic-gamine.html","2","0","https://ronenglish-archive.github.io/ron-english-sketches-aliens/images/Sketches/aliens/Lavishless%20Fabuness%20ORIGINAL.jpg","OK","Ready."
"Aliens","Galaxel","aliens","Sketches\aliens\galaxel.html","https://ronenglish-archive.github.io/ron-english-sketches-aliens/Sketches/aliens/galaxel.html","2","0","https://ronenglish-archive.github.io/ron-english-sketches-aliens/images/Sketches/aliens/Galaxel%20ORIGINAL.jpg","OK","Ready."
"Aliens","Gangrenous Blast","aliens","Sketches\aliens\gangrenous-blast.html","https://ronenglish-archive.github.io/ron-english-sketches-aliens/Sketches/aliens/gangrenous-blast.html","12","0","https://ronenglish-archive.github.io/ron-english-sketches-aliens/images/Sketches/aliens/Flavorpee%20Zronback%20ORIGINAL.jpg","OK","Ready."
"Aliens","Garth Raider Alien","aliens","Sketches\aliens\garth-raider-alien.html","https://ronenglish-archive.github.io/ron-english-sketches-aliens/Sketches/aliens/garth-raider-alien.html","3","0","https://ronenglish-archive.github.io/ron-english-sketches-aliens/images/Sketches/aliens/Garth%20Raider%20Alien%20-%20original.jpg","OK","Ready."
"Aliens","General Genitals Alien","aliens","Sketches\aliens\general-genitals-alien.html","https://ronenglish-archive.github.io/ron-english-sketches-aliens/Sketches/aliens/general-genitals-alien.html","3","0","https://ronenglish-archive.github.io/ron-english-sketches-aliens/images/Sketches/aliens/General%20Genitals%20Alien%20-%20original.jpg","OK","Ready."
"Aliens","Genhumas Transretnal","aliens","Sketches\aliens\genhumas-transretnal.html","https://ronenglish-archive.github.io/ron-english-sketches-aliens/Sketches/aliens/genhumas-transretnal.html","3","0","https://ronenglish-archive.github.io/ron-english-sketches-aliens/images/Sketches/aliens/Genhumas%20Transretnal%20ORIGINAL.jpg","OK","Ready."
"Aliens","Genus Dexus","aliens","Sketches\aliens\genus-dexus.html","https://ronenglish-archive.github.io/ron-english-sketches-aliens/Sketches/aliens/genus-dexus.html","3","3","https://ronenglish-archive.github.io/ron-english-sketches-aliens/images/Sketches/aliens%202/Opoid%20Ian%20ORIGINAL.jpg","REVIEW","Some local image references were not found."
"Aliens","Glove Alien","aliens","Sketches\aliens\glove-alien.html","https://ronenglish-archive.github.io/ron-english-sketches-aliens/Sketches/aliens/glove-alien.html","3","0","https://ronenglish-archive.github.io/ron-english-sketches-aliens/images/Sketches/aliens%202/Glove%20Alien%20ORIGINAL.jpg","OK","Ready."
"Aliens","Goldie Aquanaut","aliens","Sketches\aliens\goldie-aquanaut.html","https://ronenglish-archive.github.io/ron-english-sketches-aliens/Sketches/aliens/goldie-aquanaut.html","4","0","https://ronenglish-archive.github.io/ron-english-sketches-aliens/images/Sketches/aliens/Goldie%20Aquanaut%20-%20original.jpg","OK","Ready."
"Aliens","Gralien","aliens","Sketches\aliens\gralien.html","https://ronenglish-archive.github.io/ron-english-sketches-aliens/Sketches/aliens/gralien.html","2","0","https://ronenglish-archive.github.io/ron-english-sketches-aliens/images/Sketches/aliens/Gralien%20ORIGINAL.jpg","OK","Ready."
"Aliens","Grey Combatter","aliens","Sketches\aliens\grey-combatter.html","https://ronenglish-archive.github.io/ron-english-sketches-aliens/Sketches/aliens/grey-combatter.html","2","0","https://ronenglish-archive.github.io/ron-english-sketches-aliens/images/Sketches/aliens/Gralien%20ORIGINAL.jpg","OK","Ready."
"Aliens","Grey Omomyid","aliens","Sketches\aliens\grey-omomyid.html","https://ronenglish-archive.github.io/ron-english-sketches-aliens/Sketches/aliens/grey-omomyid.html","3","0","https://ronenglish-archive.github.io/ron-english-sketches-aliens/images/Sketches/aliens%202/Grey%20Omomyid%20ORIGINAL.jpg","OK","Ready."
"Aliens","Grift Drifter","aliens","Sketches\aliens\grift-drifter.html","https://ronenglish-archive.github.io/ron-english-sketches-aliens/Sketches/aliens/grift-drifter.html","14","0","https://ronenglish-archive.github.io/ron-english-sketches-aliens/images/Sketches/aliens%202/Grift%20Drifter%20ORIGINAL.jpg","OK","Ready."
"Aliens","Grimical Credance","aliens","Sketches\aliens\grimical-credance.html","https://ronenglish-archive.github.io/ron-english-sketches-aliens/Sketches/aliens/grimical-credance.html","4","0","https://ronenglish-archive.github.io/ron-english-sketches-aliens/images/Sketches/aliens/Andresonor%20Vanvermon%20-%20original.jpg","OK","Ready."
"Aliens","Grinnie Martian","aliens","Sketches\aliens\grinnie-martian.html","https://ronenglish-archive.github.io/ron-english-sketches-aliens/Sketches/aliens/grinnie-martian.html","13","0","https://ronenglish-archive.github.io/ron-english-sketches-aliens/images/Sketches/aliens%202/Grinnie%20Martian%20ORIGINAL.jpg","OK","Ready."
"Aliens","Grumps Alien","aliens","Sketches\aliens\grumps-alien.html","https://ronenglish-archive.github.io/ron-english-sketches-aliens/Sketches/aliens/grumps-alien.html","3","0","https://ronenglish-archive.github.io/ron-english-sketches-aliens/images/Sketches/aliens/Grumps%20Alien%20-%20original.jpg","OK","Ready."
"Aliens","Happree Zelonaut","aliens","Sketches\aliens\happree-zelonaut.html","https://ronenglish-archive.github.io/ron-english-sketches-aliens/Sketches/aliens/happree-zelonaut.html","4","0","https://ronenglish-archive.github.io/ron-english-sketches-aliens/images/Sketches/aliens/Happree%20Zelonaut%20ORIGINAL.jpg","OK","Ready."
"Aliens","Heinel Schnapp","aliens","Sketches\aliens\heinel-schnapp.html","https://ronenglish-archive.github.io/ron-english-sketches-aliens/Sketches/aliens/heinel-schnapp.html","2","0","https://ronenglish-archive.github.io/ron-english-sketches-aliens/images/Sketches/aliens/Aphelionia%20-%20original.jpg","OK","Ready."
"Aliens","Hobgoblien","aliens","Sketches\aliens\hobgoblien.html","https://ronenglish-archive.github.io/ron-english-sketches-aliens/Sketches/aliens/hobgoblien.html","2","0","https://ronenglish-archive.github.io/ron-english-sketches-aliens/images/Sketches/aliens%202/Hobgoblien%20ORIGINAL.jpg","OK","Ready."
"Aliens","Incontinent Alien","aliens","Sketches\aliens\incontinent-alien.html","https://ronenglish-archive.github.io/ron-english-sketches-aliens/Sketches/aliens/incontinent-alien.html","3","0","https://ronenglish-archive.github.io/ron-english-sketches-aliens/images/Sketches/aliens/Incontinent%20Alien%20-%20original.jpg","OK","Ready."
"Aliens","Infinitisis","aliens","Sketches\aliens\infinitisis.html","https://ronenglish-archive.github.io/ron-english-sketches-aliens/Sketches/aliens/infinitisis.html","2","0","https://ronenglish-archive.github.io/ron-english-sketches-aliens/images/Sketches/aliens/Cosmic%20Karla%20-%20original.jpg","OK","Ready."
"Aliens","Inner Sane","aliens","Sketches\aliens\inner-sane.html","https://ronenglish-archive.github.io/ron-english-sketches-aliens/Sketches/aliens/inner-sane.html","4","0","https://ronenglish-archive.github.io/ron-english-sketches-aliens/images/Sketches/aliens/Ravelbless%20Calluconcious%20ORIGINAL.jpg","OK","Ready."
"Aliens","Intercosmo","aliens","Sketches\aliens\intercosmo.html","https://ronenglish-archive.github.io/ron-english-sketches-aliens/Sketches/aliens/intercosmo.html","2","0","https://ronenglish-archive.github.io/ron-english-sketches-aliens/images/Sketches/aliens/Intercosmo%20ORIGINAL.jpg","OK","Ready."
"Aliens","Internal Planted","aliens","Sketches\aliens\internal-planted.html","https://ronenglish-archive.github.io/ron-english-sketches-aliens/Sketches/aliens/internal-planted.html","10","0","https://ronenglish-archive.github.io/ron-english-sketches-aliens/images/Sketches/aliens/Patchy%20Podium.jpg","OK","Ready."
"Aliens","Inveterate Vertibralien","aliens","Sketches\aliens\inveterate-vertibralien.html","https://ronenglish-archive.github.io/ron-english-sketches-aliens/Sketches/aliens/inveterate-vertibralien.html","2","0","https://ronenglish-archive.github.io/ron-english-sketches-aliens/images/Sketches/aliens/Inveterate%20Vertibralien%20ORIGINAL.jpg","OK","Ready."
"Aliens","Jake and Flake Ape Alien","aliens","Sketches\aliens\jake-and-flake-ape-alien.html","https://ronenglish-archive.github.io/ron-english-sketches-aliens/Sketches/aliens/jake-and-flake-ape-alien.html","6","0","https://ronenglish-archive.github.io/ron-english-sketches-aliens/images/Sketches/aliens/Jake%20and%20Flake%20Ape%20Alien%20-%20original.jpg","OK","Ready."
"Aliens","Jibber Jahman","aliens","Sketches\aliens\jibber-jahman.html","https://ronenglish-archive.github.io/ron-english-sketches-aliens/Sketches/aliens/jibber-jahman.html","6","0","https://ronenglish-archive.github.io/ron-english-sketches-aliens/images/Sketches/aliens%202/Jibber%20Jahman%20ORIGINAL.jpg","OK","Ready."
"Aliens","Kidmark Que","aliens","Sketches\aliens\kidmark-que.html","https://ronenglish-archive.github.io/ron-english-sketches-aliens/Sketches/aliens/kidmark-que.html","4","0","https://ronenglish-archive.github.io/ron-english-sketches-aliens/images/Sketches/aliens/Kidmark%20Que%20ORIGINAL.jpg","OK","Ready."
"Aliens","Lavishless Fabuness","aliens","Sketches\aliens\lavishless-fabuness.html","https://ronenglish-archive.github.io/ron-english-sketches-aliens/Sketches/aliens/lavishless-fabuness.html","2","0","https://ronenglish-archive.github.io/ron-english-sketches-aliens/images/Sketches/aliens/Lavishless%20Fabuness%20ORIGINAL.jpg","OK","Ready."
"Aliens","Lavishless Fauness","aliens","Sketches\aliens\lavishless-fauness.html","https://ronenglish-archive.github.io/ron-english-sketches-aliens/Sketches/aliens/lavishless-fauness.html","3","0","https://ronenglish-archive.github.io/ron-english-sketches-aliens/images/Sketches/aliens/Amblyopiate%20-%20original.jpg","OK","Ready."
"Aliens","Leisurabilly Indeafatigable","aliens","Sketches\aliens\leisurabilly-indeafatigable.html","https://ronenglish-archive.github.io/ron-english-sketches-aliens/Sketches/aliens/leisurabilly-indeafatigable.html","5","0","https://ronenglish-archive.github.io/ron-english-sketches-aliens/images/Sketches/aliens/Leisurabilly%20Indeafatigable%20ORIGINAL.jpg","OK","Ready."
"Aliens","Liberty Import","aliens","Sketches\aliens\liberty-import.html","https://ronenglish-archive.github.io/ron-english-sketches-aliens/Sketches/aliens/liberty-import.html","4","0","https://ronenglish-archive.github.io/ron-english-sketches-aliens/images/Sketches/aliens/Liberty%20Import%20-%20original.jpg","OK","Ready."
"Aliens","Light Cult Cryptonaut","aliens","Sketches\aliens\light-cult-cryptonaut.html","https://ronenglish-archive.github.io/ron-english-sketches-aliens/Sketches/aliens/light-cult-cryptonaut.html","10","0","https://ronenglish-archive.github.io/ron-english-sketches-aliens/images/Sketches/aliens/Light%20Cult%20Cryptonaut%20-%20pose%201%20original.jpg","OK","Ready."
"Aliens","Lightning Hawk","aliens","Sketches\aliens\lightning-hawk.html","https://ronenglish-archive.github.io/ron-english-sketches-aliens/Sketches/aliens/lightning-hawk.html","3","0","https://ronenglish-archive.github.io/ron-english-sketches-aliens/images/Sketches/aliens/Lightning%20Hawk%20-%20original.jpg","OK","Ready."
"Aliens","Lillithone Saviour","aliens","Sketches\aliens\lillithone-saviour.html","https://ronenglish-archive.github.io/ron-english-sketches-aliens/Sketches/aliens/lillithone-saviour.html","4","0","https://ronenglish-archive.github.io/ron-english-sketches-aliens/images/Sketches/aliens/Equinoxious%20ORIGINAL.jpg","OK","Ready."
"Aliens","Lugubrian","aliens","Sketches\aliens\lugubrian.html","https://ronenglish-archive.github.io/ron-english-sketches-aliens/Sketches/aliens/lugubrian.html","2","0","https://ronenglish-archive.github.io/ron-english-sketches-aliens/images/Sketches/aliens%202/Lugushire%20ORIGINAL.jpg","OK","Ready."
"Aliens","Lugushire","aliens","Sketches\aliens\lugushire.html","https://ronenglish-archive.github.io/ron-english-sketches-aliens/Sketches/aliens/lugushire.html","2","0","https://ronenglish-archive.github.io/ron-english-sketches-aliens/images/Sketches/aliens%202/Lugushire%20ORIGINAL.jpg","OK","Ready."
"Aliens","Lunashtick","aliens","Sketches\aliens\lunashtick.html","https://ronenglish-archive.github.io/ron-english-sketches-aliens/Sketches/aliens/lunashtick.html","2","0","https://ronenglish-archive.github.io/ron-english-sketches-aliens/images/Sketches/aliens/Lunashtick%20ORIGINAL.jpg","OK","Ready."
"Aliens","Marilyn Bordeaux Alien","aliens","Sketches\aliens\marilyn-bordeaux-alien.html","https://ronenglish-archive.github.io/ron-english-sketches-aliens/Sketches/aliens/marilyn-bordeaux-alien.html","4","0","https://ronenglish-archive.github.io/ron-english-sketches-aliens/images/Sketches/aliens/Marilyn%20Bordeaux%20Alien%20-%20original.jpg","OK","Ready."
"Aliens","Maximum Myopia","aliens","Sketches\aliens\maximum-myopia.html","https://ronenglish-archive.github.io/ron-english-sketches-aliens/Sketches/aliens/maximum-myopia.html","6","0","https://ronenglish-archive.github.io/ron-english-sketches-aliens/images/Sketches/aliens%202/Maximum%20Myopia%20ORIGINAL.jpg","OK","Ready."
"Aliens","Medulla Gullah","aliens","Sketches\aliens\medulla-gullah.html","https://ronenglish-archive.github.io/ron-english-sketches-aliens/Sketches/aliens/medulla-gullah.html","2","0","https://ronenglish-archive.github.io/ron-english-sketches-aliens/images/Sketches/aliens/Aphelionia%20-%20original.jpg","OK","Ready."
"Aliens","Megagalactron","aliens","Sketches\aliens\megagalactron.html","https://ronenglish-archive.github.io/ron-english-sketches-aliens/Sketches/aliens/megagalactron.html","2","0","https://ronenglish-archive.github.io/ron-english-sketches-aliens/images/Sketches/aliens/Eternal%20Bernal%20ORIGINAL.jpg","OK","Ready."
"Aliens","Mira Mecia","aliens","Sketches\aliens\mira-mecia.html","https://ronenglish-archive.github.io/ron-english-sketches-aliens/Sketches/aliens/mira-mecia.html","2","2","https://ronenglish-archive.github.io/ron-english-sketches-aliens/images/Sketches/aliens%202/Mira%20Mecia%20ORIGINAL.jpg","REVIEW","Some local image references were not found."
"Aliens","Mirreckless Mucilaginor","aliens","Sketches\aliens\mirreckless-mucilaginor.html","https://ronenglish-archive.github.io/ron-english-sketches-aliens/Sketches/aliens/mirreckless-mucilaginor.html","3","0","https://ronenglish-archive.github.io/ron-english-sketches-aliens/images/Sketches/aliens/Galacter%20Equanimous%20ORIGINAL.jpg","OK","Ready."
"Aliens","Moe Clown Alien","aliens","Sketches\aliens\moe-clown-alien.html","https://ronenglish-archive.github.io/ron-english-sketches-aliens/Sketches/aliens/moe-clown-alien.html","3","0","https://ronenglish-archive.github.io/ron-english-sketches-aliens/images/Sketches/aliens/Moe%20Clown%20Alien%20-%20original.jpg","OK","Ready."
"Aliens","Ms Terious Celeillated","aliens","Sketches\aliens\ms-terious-celeillated.html","https://ronenglish-archive.github.io/ron-english-sketches-aliens/Sketches/aliens/ms-terious-celeillated.html","14","1","https://ronenglish-archive.github.io/ron-english-sketches-aliens/images/Sketches/aliens%202/Ms%20Terious%20Celeillated%20ORIGINAL.jpg","REVIEW","Some local image references were not found."
"Aliens","Myntra Venus","aliens","Sketches\aliens\myntra-venus.html","https://ronenglish-archive.github.io/ron-english-sketches-aliens/Sketches/aliens/myntra-venus.html","2","0","https://ronenglish-archive.github.io/ron-english-sketches-aliens/images/Sketches/aliens/Inveterate%20Vertibralien%20ORIGINAL.jpg","OK","Ready."
"Aliens","Mystical Visitor","aliens","Sketches\aliens\mystical-visitor.html","https://ronenglish-archive.github.io/ron-english-sketches-aliens/Sketches/aliens/mystical-visitor.html","13","0","https://ronenglish-archive.github.io/ron-english-sketches-aliens/images/Sketches/aliens/Starfarer%20Epicureans%20Max%20ORIGINAL.jpg","OK","Ready."
"Aliens","Mythical Sith Mouse","aliens","Sketches\aliens\mythical-sith-mouse.html","https://ronenglish-archive.github.io/ron-english-sketches-aliens/Sketches/aliens/mythical-sith-mouse.html","3","0","https://ronenglish-archive.github.io/ron-english-sketches-aliens/images/Sketches/aliens/Mythical%20Sith%20Mouse%20-%20original.jpg","OK","Ready."
"Aliens","Nastronaut Snubbin","aliens","Sketches\aliens\nastronaut-snubbin.html","https://ronenglish-archive.github.io/ron-english-sketches-aliens/Sketches/aliens/nastronaut-snubbin.html","3","0","https://ronenglish-archive.github.io/ron-english-sketches-aliens/images/Sketches/aliens/Nastronaut%20Snubbin%20-%20original.jpg","OK","Ready."
"Aliens","Neandastral","aliens","Sketches\aliens\neandastral.html","https://ronenglish-archive.github.io/ron-english-sketches-aliens/Sketches/aliens/neandastral.html","2","0","https://ronenglish-archive.github.io/ron-english-sketches-aliens/images/Sketches/aliens/Eternal%20Bernal%20ORIGINAL.jpg","OK","Ready."
"Aliens","Nebulator","aliens","Sketches\aliens\nebulator.html","https://ronenglish-archive.github.io/ron-english-sketches-aliens/Sketches/aliens/nebulator.html","2","0","https://ronenglish-archive.github.io/ron-english-sketches-aliens/images/Sketches/aliens/Mira%20Mecia%20ORIGINAL.jpg","OK","Ready."
"Aliens","Obese Alien","aliens","Sketches\aliens\obese-alien.html","https://ronenglish-archive.github.io/ron-english-sketches-aliens/Sketches/aliens/obese-alien.html","12","0","https://ronenglish-archive.github.io/ron-english-sketches-aliens/images/Sketches/aliens/Obese%20Alien%20-%20front%20original.jpg","OK","Ready."
"Aliens","Oculestria","aliens","Sketches\aliens\oculestria.html","https://ronenglish-archive.github.io/ron-english-sketches-aliens/Sketches/aliens/oculestria.html","2","0","https://ronenglish-archive.github.io/ron-english-sketches-aliens/images/Sketches/aliens/Oculestria%20ORIGINAL.jpg","OK","Ready."
"Aliens","OG Sinner Alien","aliens","Sketches\aliens\og-sinner-alien.html","https://ronenglish-archive.github.io/ron-english-sketches-aliens/Sketches/aliens/og-sinner-alien.html","3","0","https://ronenglish-archive.github.io/ron-english-sketches-aliens/images/Sketches/aliens/OG%20Sinner%20Alien%20-%20original.jpg","OK","Ready."
"Aliens","Oogie Boogie","aliens","Sketches\aliens\oogie-boogie.html","https://ronenglish-archive.github.io/ron-english-sketches-aliens/Sketches/aliens/oogie-boogie.html","2","0","https://ronenglish-archive.github.io/ron-english-sketches-aliens/images/Sketches/aliens/Lavishless%20Fabuness%20ORIGINAL.jpg","OK","Ready."
"Aliens","Opoid Ian","aliens","Sketches\aliens\opoid-ian.html","https://ronenglish-archive.github.io/ron-english-sketches-aliens/Sketches/aliens/opoid-ian.html","2","0","https://ronenglish-archive.github.io/ron-english-sketches-aliens/images/Sketches/aliens/Opoid%20Ian%20ORIGINAL.jpg","OK","Ready."
"Aliens","Orgie Porgie Alien","aliens","Sketches\aliens\orgie-porgie-alien.html","https://ronenglish-archive.github.io/ron-english-sketches-aliens/Sketches/aliens/orgie-porgie-alien.html","3","0","https://ronenglish-archive.github.io/ron-english-sketches-aliens/images/Sketches/aliens/Orgie%20Porgie%20Alien%20-%20original.jpg","OK","Ready."
"Aliens","Orion Pod Slime","aliens","Sketches\aliens\orion-pod-slime.html","https://ronenglish-archive.github.io/ron-english-sketches-aliens/Sketches/aliens/orion-pod-slime.html","8","0","https://ronenglish-archive.github.io/ron-english-sketches-aliens/images/Sketches/aliens/Orion%20Pod%20Slime%20-%20three%20quarters%20original.jpg","OK","Ready."
"Aliens","Orion the Obese Alien","aliens","Sketches\aliens\orion-the-obese-alien.html","https://ronenglish-archive.github.io/ron-english-sketches-aliens/Sketches/aliens/orion-the-obese-alien.html","15","0","https://ronenglish-archive.github.io/ron-english-sketches-aliens/images/Sketches/aliens/Orion%20the%20Obese%20Alien%20-%20three%20quarters%20original.jpg","OK","Ready."
"Aliens","Otherworld Overlord","aliens","Sketches\aliens\otherworld-overlord.html","https://ronenglish-archive.github.io/ron-english-sketches-aliens/Sketches/aliens/otherworld-overlord.html","11","0","https://ronenglish-archive.github.io/ron-english-sketches-aliens/images/Sketches/aliens%202/Otherworld%20Overlord%20ORIGINAL.jpg","OK","Ready."
"Aliens","Palliduness Flatulence","aliens","Sketches\aliens\palliduness-flatulence.html","https://ronenglish-archive.github.io/ron-english-sketches-aliens/Sketches/aliens/palliduness-flatulence.html","4","0","https://ronenglish-archive.github.io/ron-english-sketches-aliens/images/Sketches/aliens%202/Palliduness%20Flatulence%20ORIGINAL.jpg","OK","Ready."
"Aliens","Patchy Podium","aliens","Sketches\aliens\patchy-podium.html","https://ronenglish-archive.github.io/ron-english-sketches-aliens/Sketches/aliens/patchy-podium.html","1","0","https://ronenglish-archive.github.io/ron-english-sketches-aliens/images/Sketches/aliens/Patchy%20Podium.jpg","OK","Ready."
"Aliens","Perp Petual","aliens","Sketches\aliens\perp-petual.html","https://ronenglish-archive.github.io/ron-english-sketches-aliens/Sketches/aliens/perp-petual.html","12","0","https://ronenglish-archive.github.io/ron-english-sketches-aliens/images/Sketches/aliens/Dwell%20Cogo%20ORIGINAL.jpg","OK","Ready."
"Aliens","Phoebus Fetus Alien","aliens","Sketches\aliens\phoebus-fetus-alien.html","https://ronenglish-archive.github.io/ron-english-sketches-aliens/Sketches/aliens/phoebus-fetus-alien.html","3","0","https://ronenglish-archive.github.io/ron-english-sketches-aliens/images/Sketches/aliens/Phoebus%20Fetus%20Alien%20-%20original.jpg","OK","Ready."
"Aliens","Phone Home Alien","aliens","Sketches\aliens\phone-home-alien.html","https://ronenglish-archive.github.io/ron-english-sketches-aliens/Sketches/aliens/phone-home-alien.html","3","0","https://ronenglish-archive.github.io/ron-english-sketches-aliens/images/Sketches/aliens/Phone%20Home%20Alien%20-%20original.jpg","OK","Ready."
"Aliens","Pluton Ian","aliens","Sketches\aliens\pluton-ian.html","https://ronenglish-archive.github.io/ron-english-sketches-aliens/Sketches/aliens/pluton-ian.html","2","0","https://ronenglish-archive.github.io/ron-english-sketches-aliens/images/Sketches/aliens/Pluton%20Ian%20ORIGINAL.jpg","OK","Ready."
"Aliens","Popeye Alien","aliens","Sketches\aliens\popeye-alien.html","https://ronenglish-archive.github.io/ron-english-sketches-aliens/Sketches/aliens/popeye-alien.html","4","0","https://ronenglish-archive.github.io/ron-english-sketches-aliens/images/Sketches/aliens/Popeye%20Alien%20-%20original.jpg","OK","Ready."
"Aliens","Poultry Rex in Eggshell Ship","aliens","Sketches\aliens\poultry-rex-and-eggshell-ship.html","https://ronenglish-archive.github.io/ron-english-sketches-aliens/Sketches/aliens/poultry-rex-and-eggshell-ship.html","4","0","https://ronenglish-archive.github.io/ron-english-sketches-aliens/images/Sketches/aliens/Poultry%20Rex%20and%20Eggshell%20Ship%20-%20original.jpg","OK","Ready."
"Aliens","Prechinca Peach","aliens","Sketches\aliens\prechinca-peach.html","https://ronenglish-archive.github.io/ron-english-sketches-aliens/Sketches/aliens/prechinca-peach.html","8","0","https://ronenglish-archive.github.io/ron-english-sketches-aliens/images/Sketches/aliens%202/Prechinca%20Peach%20ORIGINAL.jpg","OK","Ready."
"Aliens","Proteus Lowlander","aliens","Sketches\aliens\proteus-lowlander.html","https://ronenglish-archive.github.io/ron-english-sketches-aliens/Sketches/aliens/proteus-lowlander.html","2","0","https://ronenglish-archive.github.io/ron-english-sketches-aliens/images/Sketches/aliens/Gralien%20ORIGINAL.jpg","OK","Ready."
"Aliens","Psalty Turin Shout","aliens","Sketches\aliens\psalty-turin-shout.html","https://ronenglish-archive.github.io/ron-english-sketches-aliens/Sketches/aliens/psalty-turin-shout.html","4","0","https://ronenglish-archive.github.io/ron-english-sketches-aliens/images/Sketches/aliens/Etymogual%20Benedictus%20ORIGINAL.jpg","OK","Ready."
"Aliens","Pudge Alien","aliens","Sketches\aliens\pudge-alien.html","https://ronenglish-archive.github.io/ron-english-sketches-aliens/Sketches/aliens/pudge-alien.html","3","0","https://ronenglish-archive.github.io/ron-english-sketches-aliens/images/Sketches/aliens%202/Pudge%20Alien%20ORIGINAL.jpg","OK","Ready."
"Aliens","Qarkadee","aliens","Sketches\aliens\qarkadee.html","https://ronenglish-archive.github.io/ron-english-sketches-aliens/Sketches/aliens/qarkadee.html","3","0","https://ronenglish-archive.github.io/ron-english-sketches-aliens/images/Sketches/aliens/Qarkadee%20and%20Toothie%20Ruthie%20-%20shared%20original.jpg","OK","Ready."
"Aliens","Quarterback Squeak","aliens","Sketches\aliens\quarterback-squeak.html","https://ronenglish-archive.github.io/ron-english-sketches-aliens/Sketches/aliens/quarterback-squeak.html","3","0","https://ronenglish-archive.github.io/ron-english-sketches-aliens/images/Sketches/aliens/Quarterback%20Squeak%20-%20B%26W.jpg","OK","Ready."
"Aliens","Quasamos","aliens","Sketches\aliens\quasamos.html","https://ronenglish-archive.github.io/ron-english-sketches-aliens/Sketches/aliens/quasamos.html","2","0","https://ronenglish-archive.github.io/ron-english-sketches-aliens/images/Sketches/aliens%202/Quasamos%20ORIGINAL.jpg","OK","Ready."
"Aliens","Ratrental Adreheum","aliens","Sketches\aliens\ratrental-adreheum.html","https://ronenglish-archive.github.io/ron-english-sketches-aliens/Sketches/aliens/ratrental-adreheum.html","4","0","https://ronenglish-archive.github.io/ron-english-sketches-aliens/images/Sketches/aliens/Ratrental%20Adreheum%20ORIGINAL.jpg","OK","Ready."
"Aliens","Ravelbless Calluconcious","aliens","Sketches\aliens\ravelbless-calluconcious.html","https://ronenglish-archive.github.io/ron-english-sketches-aliens/Sketches/aliens/ravelbless-calluconcious.html","4","0","https://ronenglish-archive.github.io/ron-english-sketches-aliens/images/Sketches/aliens/Ravelbless%20Calluconcious%20ORIGINAL.jpg","OK","Ready."
"Aliens","Remora Rabbbit","aliens","Sketches\aliens\remora-rabbbit.html","https://ronenglish-archive.github.io/ron-english-sketches-aliens/Sketches/aliens/remora-rabbbit.html","14","0","https://ronenglish-archive.github.io/ron-english-sketches-aliens/images/Sketches/aliens%202/Remora%20Rabbbit%20ORIGINAL.jpg","OK","Ready."
"Aliens","Reptilian Rhapsody","aliens","Sketches\aliens\reptilian-rhapsody.html","https://ronenglish-archive.github.io/ron-english-sketches-aliens/Sketches/aliens/reptilian-rhapsody.html","2","0","https://ronenglish-archive.github.io/ron-english-sketches-aliens/images/Sketches/aliens/Brooke%20Chinook%20-%20original.jpg","OK","Ready."
"Aliens","Reptoculi","aliens","Sketches\aliens\reptoculi.html","https://ronenglish-archive.github.io/ron-english-sketches-aliens/Sketches/aliens/reptoculi.html","2","0","https://ronenglish-archive.github.io/ron-english-sketches-aliens/images/Sketches/aliens%202/Reptoculi%20ORIGINAL.jpg","OK","Ready."
"Aliens","Revel Rioter","aliens","Sketches\aliens\revel-rioter.html","https://ronenglish-archive.github.io/ron-english-sketches-aliens/Sketches/aliens/revel-rioter.html","5","0","https://ronenglish-archive.github.io/ron-english-sketches-aliens/images/Sketches/aliens/Ratrental%20Adreheum%20ORIGINAL.jpg","OK","Ready."
"Aliens","Rocket Alien","aliens","Sketches\aliens\rocket-alien.html","https://ronenglish-archive.github.io/ron-english-sketches-aliens/Sketches/aliens/rocket-alien.html","2","0","https://ronenglish-archive.github.io/ron-english-sketches-aliens/images/Sketches/aliens/Rocket%20Alien%20-%20original.jpg","OK","Ready."
"Aliens","Sally Yanger","aliens","Sketches\aliens\sally-yanger.html","https://ronenglish-archive.github.io/ron-english-sketches-aliens/Sketches/aliens/sally-yanger.html","2","0","https://ronenglish-archive.github.io/ron-english-sketches-aliens/images/Sketches/aliens%202/Sally%20Yanger%20ORIGINAL.jpg","OK","Ready."
"Aliens","Samboner Infaspace","aliens","Sketches\aliens\samboner-infaspace.html","https://ronenglish-archive.github.io/ron-english-sketches-aliens/Sketches/aliens/samboner-infaspace.html","14","0","https://ronenglish-archive.github.io/ron-english-sketches-aliens/images/Sketches/aliens%202/Samboner%20Infaspace%20ORIGINAL.jpg","OK","Ready."
"Aliens","Sandmo Abstance","aliens","Sketches\aliens\sandmo-abstance.html","https://ronenglish-archive.github.io/ron-english-sketches-aliens/Sketches/aliens/sandmo-abstance.html","2","0","https://ronenglish-archive.github.io/ron-english-sketches-aliens/images/Sketches/aliens/Genhumas%20Transretnal%20ORIGINAL.jpg","OK","Ready."
"Aliens","Satur Nine","aliens","Sketches\aliens\satur-nine.html","https://ronenglish-archive.github.io/ron-english-sketches-aliens/Sketches/aliens/satur-nine.html","2","0","https://ronenglish-archive.github.io/ron-english-sketches-aliens/images/Sketches/aliens/Pluton%20Ian%20ORIGINAL.jpg","OK","Ready."
"Aliens","Saturnine Samwich","aliens","Sketches\aliens\saturnine-samwich.html","https://ronenglish-archive.github.io/ron-english-sketches-aliens/Sketches/aliens/saturnine-samwich.html","11","0","https://ronenglish-archive.github.io/ron-english-sketches-aliens/images/Sketches/aliens/Walleyed%20Strabismus%20-%20original.jpg","OK","Ready."
"Aliens","Saturn Sam","aliens","Sketches\aliens\saturn-sam.html","https://ronenglish-archive.github.io/ron-english-sketches-aliens/Sketches/aliens/saturn-sam.html","5","0","https://ronenglish-archive.github.io/ron-english-sketches-aliens/images/Sketches/aliens/Saturn%20Sam%20-%20original.jpg","OK","Ready."
"Aliens","Schedufool Unit 42","aliens","Sketches\aliens\schedufool-unit-42.html","https://ronenglish-archive.github.io/ron-english-sketches-aliens/Sketches/aliens/schedufool-unit-42.html","6","0","https://ronenglish-archive.github.io/ron-english-sketches-aliens/images/Sketches/aliens/Schedufool%20Unit%2042%20-%20original.jpg","OK","Ready."
"Aliens","Schlubber","aliens","Sketches\aliens\schlubber.html","https://ronenglish-archive.github.io/ron-english-sketches-aliens/Sketches/aliens/schlubber.html","15","0","https://ronenglish-archive.github.io/ron-english-sketches-aliens/images/Sketches/aliens/Schedufool%20Unit%2042%20-%20original.jpg","OK","Ready."
"Aliens","Scotty Illuminati","aliens","Sketches\aliens\scotty-illuminati.html","https://ronenglish-archive.github.io/ron-english-sketches-aliens/Sketches/aliens/scotty-illuminati.html","3","0","https://ronenglish-archive.github.io/ron-english-sketches-aliens/images/Sketches/aliens/Scotty%20Illuminati%20-%20original.jpg","OK","Ready."
"Aliens","Strabismus Estropian","aliens","Sketches\aliens\scrabismus-estropian.html","https://ronenglish-archive.github.io/ron-english-sketches-aliens/Sketches/aliens/scrabismus-estropian.html","14","0","https://ronenglish-archive.github.io/ron-english-sketches-aliens/images/Sketches/aliens%202/Scrabismus%20Estropian%20ORIGINAL.jpg","OK","Ready."
"Aliens","Senior Homecause","aliens","Sketches\aliens\senior-homecause.html","https://ronenglish-archive.github.io/ron-english-sketches-aliens/Sketches/aliens/senior-homecause.html","12","0","https://ronenglish-archive.github.io/ron-english-sketches-aliens/images/Sketches/aliens/Wackotron%20Rover%20-%20original.jpg","OK","Ready."
"Aliens","Sermound Canibalier","aliens","Sketches\aliens\sermound-canibalier.html","https://ronenglish-archive.github.io/ron-english-sketches-aliens/Sketches/aliens/sermound-canibalier.html","3","0","https://ronenglish-archive.github.io/ron-english-sketches-aliens/images/Sketches/aliens%202/Sermound%20Canibalier%20ORIGINAL.jpg","OK","Ready."
"Aliens","Sirius Circus Alien","aliens","Sketches\aliens\sirius-circus-alien.html","https://ronenglish-archive.github.io/ron-english-sketches-aliens/Sketches/aliens/sirius-circus-alien.html","6","0","https://ronenglish-archive.github.io/ron-english-sketches-aliens/images/Sketches/aliens/Sirius%20Circus%20Alien%20-%20original.jpg","OK","Ready."
"Aliens","Siron Alien","aliens","Sketches\aliens\siron-alien.html","https://ronenglish-archive.github.io/ron-english-sketches-aliens/Sketches/aliens/siron-alien.html","5","0","https://ronenglish-archive.github.io/ron-english-sketches-aliens/images/Sketches/aliens/Siron%20Alien%20-%20original.jpg","OK","Ready."
"Aliens","Sirus Alien","aliens","Sketches\aliens\sirus-alien.html","https://ronenglish-archive.github.io/ron-english-sketches-aliens/Sketches/aliens/sirus-alien.html","5","0","https://ronenglish-archive.github.io/ron-english-sketches-aliens/images/Sketches/aliens/Sirus%20Alien%20ORIGINAL.jpg","OK","Ready."
"Aliens","Skullcrow","aliens","Sketches\aliens\skullcrow.html","https://ronenglish-archive.github.io/ron-english-sketches-aliens/Sketches/aliens/skullcrow.html","2","0","https://ronenglish-archive.github.io/ron-english-sketches-aliens/images/Sketches/aliens%202/Skullcrow%20ORIGINAL.jpg","OK","Ready."
"Aliens","Space Bunnny Suit Alien","aliens","Sketches\aliens\space-bunnny-suit-alien.html","https://ronenglish-archive.github.io/ron-english-sketches-aliens/Sketches/aliens/space-bunnny-suit-alien.html","3","0","https://ronenglish-archive.github.io/ron-english-sketches-aliens/images/Sketches/aliens/Space%20Bunnny%20Suit%20Alien%20-%20original.jpg","OK","Ready."
"Aliens","Spirastro","aliens","Sketches\aliens\spirastro.html","https://ronenglish-archive.github.io/ron-english-sketches-aliens/Sketches/aliens/spirastro.html","2","0","https://ronenglish-archive.github.io/ron-english-sketches-aliens/images/Sketches/aliens/Spirastro%20ORIGINAL.jpg","OK","Ready."
"Aliens","Squinch","aliens","Sketches\aliens\squinch.html","https://ronenglish-archive.github.io/ron-english-sketches-aliens/Sketches/aliens/squinch.html","2","0","https://ronenglish-archive.github.io/ron-english-sketches-aliens/images/Sketches/aliens/Squinch%20ORIGINAL.jpg","OK","Ready."
"Aliens","Starfarer Epicureans Max","aliens","Sketches\aliens\starfarer-epicureans-max.html","https://ronenglish-archive.github.io/ron-english-sketches-aliens/Sketches/aliens/starfarer-epicureans-max.html","4","0","https://ronenglish-archive.github.io/ron-english-sketches-aliens/images/Sketches/aliens/Starfarer%20Epicureans%20Max%20ORIGINAL.jpg","OK","Ready."
"Aliens","Star Skull Alien","aliens","Sketches\aliens\star-skull-alien.html","https://ronenglish-archive.github.io/ron-english-sketches-aliens/Sketches/aliens/star-skull-alien.html","17","0","https://ronenglish-archive.github.io/ron-english-sketches-aliens/images/Sketches/aliens%202/Star%20Skull%20Alien%20ORIGINAL.jpg","OK","Ready."
"Aliens","Starskull Rocket","aliens","Sketches\aliens\starskull-rocket.html","https://ronenglish-archive.github.io/ron-english-sketches-aliens/Sketches/aliens/starskull-rocket.html","4","0","https://ronenglish-archive.github.io/ron-english-sketches-aliens/images/Sketches/aliens/Starskull%20Rocket%20-%20B%26W.jpg","OK","Ready."
"Aliens","Star Trooper Alien","aliens","Sketches\aliens\star-trooper-alien.html","https://ronenglish-archive.github.io/ron-english-sketches-aliens/Sketches/aliens/star-trooper-alien.html","6","0","https://ronenglish-archive.github.io/ron-english-sketches-aliens/images/Sketches/aliens/Star%20Trooper%20Alien%20-%20original.jpg","OK","Ready."
"Aliens","Storm Thunder","aliens","Sketches\aliens\storm-thunder.html","https://ronenglish-archive.github.io/ron-english-sketches-aliens/Sketches/aliens/storm-thunder.html","12","0","https://ronenglish-archive.github.io/ron-english-sketches-aliens/images/Sketches/aliens/Dwell%20Cogo%20ORIGINAL.jpg","OK","Ready."
"Aliens","Stupor Trooper Alien","aliens","Sketches\aliens\stupor-trooper-alien.html","https://ronenglish-archive.github.io/ron-english-sketches-aliens/Sketches/aliens/stupor-trooper-alien.html","3","0","https://ronenglish-archive.github.io/ron-english-sketches-aliens/images/Sketches/aliens/Stupor%20Trooper%20Alien%20-%20original.jpg","OK","Ready."
"Aliens","Svelt Lown","aliens","Sketches\aliens\svelt-lown.html","https://ronenglish-archive.github.io/ron-english-sketches-aliens/Sketches/aliens/svelt-lown.html","2","0","https://ronenglish-archive.github.io/ron-english-sketches-aliens/images/Sketches/aliens/Trans%20Mogrifie%20ORIGINAL.jpg","OK","Ready."
"Aliens","Tantalus Zathuman 45","aliens","Sketches\aliens\tantalus-zathuman-45.html","https://ronenglish-archive.github.io/ron-english-sketches-aliens/Sketches/aliens/tantalus-zathuman-45.html","3","0","https://ronenglish-archive.github.io/ron-english-sketches-aliens/images/Sketches/aliens/Amblyopiate%20-%20original.jpg","OK","Ready."
"Aliens","Teardrop Alien","aliens","Sketches\aliens\teardrop-alien.html","https://ronenglish-archive.github.io/ron-english-sketches-aliens/Sketches/aliens/teardrop-alien.html","3","0","https://ronenglish-archive.github.io/ron-english-sketches-aliens/images/Sketches/aliens%202/Teardrop%20Alien%20ORIGINAL.jpg","OK","Ready."
"Aliens","Thcycler Sanbow","aliens","Sketches\aliens\thcycler-sanbow.html","https://ronenglish-archive.github.io/ron-english-sketches-aliens/Sketches/aliens/thcycler-sanbow.html","4","0","https://ronenglish-archive.github.io/ron-english-sketches-aliens/images/Sketches/aliens/Ratrental%20Adreheum%20ORIGINAL.jpg","OK","Ready."
"Aliens","Titfotat","aliens","Sketches\aliens\titfotat.html","https://ronenglish-archive.github.io/ron-english-sketches-aliens/Sketches/aliens/titfotat.html","2","0","https://ronenglish-archive.github.io/ron-english-sketches-aliens/images/Sketches/aliens%202/Titfotat%20ORIGINAL.jpg","OK","Ready."
"Aliens","Toothie Ruthie","aliens","Sketches\aliens\toothie-ruthie.html","https://ronenglish-archive.github.io/ron-english-sketches-aliens/Sketches/aliens/toothie-ruthie.html","3","0","https://ronenglish-archive.github.io/ron-english-sketches-aliens/images/Sketches/aliens/Qarkadee%20and%20Toothie%20Ruthie%20-%20shared%20original.jpg","OK","Ready."
"Aliens","Trans Mogrifie","aliens","Sketches\aliens\trans-mogrifie.html","https://ronenglish-archive.github.io/ron-english-sketches-aliens/Sketches/aliens/trans-mogrifie.html","2","0","https://ronenglish-archive.github.io/ron-english-sketches-aliens/images/Sketches/aliens/Trans%20Mogrifie%20ORIGINAL.jpg","OK","Ready."
"Aliens","Transretinal Orion","aliens","Sketches\aliens\transretinal-orion.html","https://ronenglish-archive.github.io/ron-english-sketches-aliens/Sketches/aliens/transretinal-orion.html","3","0","https://ronenglish-archive.github.io/ron-english-sketches-aliens/images/Sketches/aliens%202/Transretinal%20Orion%20ORIGINAL.jpg","OK","Ready."
"Aliens","Trippant Traveler","aliens","Sketches\aliens\trippant-traveler.html","https://ronenglish-archive.github.io/ron-english-sketches-aliens/Sketches/aliens/trippant-traveler.html","4","0","https://ronenglish-archive.github.io/ron-english-sketches-aliens/images/Sketches/aliens/Trippant%20Traveler%20-%20original.jpg","OK","Ready."
"Aliens","Trooper Mechanical Proxy","aliens","Sketches\aliens\trooper-mechanical-proxy.html","https://ronenglish-archive.github.io/ron-english-sketches-aliens/Sketches/aliens/trooper-mechanical-proxy.html","3","0","https://ronenglish-archive.github.io/ron-english-sketches-aliens/images/Sketches/aliens/Trooper%20Mechanical%20Proxy%20-%20original.jpg","OK","Ready."
"Aliens","Tsechgo the Terror","aliens","Sketches\aliens\tsechgo-the-terror.html","https://ronenglish-archive.github.io/ron-english-sketches-aliens/Sketches/aliens/tsechgo-the-terror.html","3","0","https://ronenglish-archive.github.io/ron-english-sketches-aliens/images/Sketches/aliens/Equinoxious-2%20ORIGINAL.jpg","OK","Ready."
"Aliens","Udder Space Cowgirl","aliens","Sketches\aliens\udder-space-cowgirl.html","https://ronenglish-archive.github.io/ron-english-sketches-aliens/Sketches/aliens/udder-space-cowgirl.html","4","0","https://ronenglish-archive.github.io/ron-english-sketches-aliens/images/Sketches/aliens/Udder%20Space%20Cowgirl%20-%20B%26W.jpg","OK","Ready."
"Aliens","Venusian Uranian","aliens","Sketches\aliens\venusian-uranian.html","https://ronenglish-archive.github.io/ron-english-sketches-aliens/Sketches/aliens/venusian-uranian.html","17","0","https://ronenglish-archive.github.io/ron-english-sketches-aliens/images/Sketches/aliens/Venusian%20Uranian%20ORIGINAL.jpg","OK","Ready."
"Aliens","Virgin Alien","aliens","Sketches\aliens\virgin-alien.html","https://ronenglish-archive.github.io/ron-english-sketches-aliens/Sketches/aliens/virgin-alien.html","3","0","https://ronenglish-archive.github.io/ron-english-sketches-aliens/images/Sketches/aliens/Virgin%20Alien%20-%20original.jpg","OK","Ready."
"Aliens","Vivatous Vee","aliens","Sketches\aliens\vivatous-vee.html","https://ronenglish-archive.github.io/ron-english-sketches-aliens/Sketches/aliens/vivatous-vee.html","4","0","https://ronenglish-archive.github.io/ron-english-sketches-aliens/images/Sketches/aliens/Kidmark%20Que%20ORIGINAL.jpg","OK","Ready."
"Aliens","Vol Kant","aliens","Sketches\aliens\vol-kant.html","https://ronenglish-archive.github.io/ron-english-sketches-aliens/Sketches/aliens/vol-kant.html","2","0","https://ronenglish-archive.github.io/ron-english-sketches-aliens/images/Sketches/aliens/Pluton%20Ian%20ORIGINAL.jpg","OK","Ready."
"Aliens","Voyagel Wonderer","aliens","Sketches\aliens\voyagel-wonderer.html","https://ronenglish-archive.github.io/ron-english-sketches-aliens/Sketches/aliens/voyagel-wonderer.html","14","0","https://ronenglish-archive.github.io/ron-english-sketches-aliens/images/Sketches/aliens/Trippant%20Traveler%20-%20original.jpg","OK","Ready."
"Aliens","Vultron Vortex","aliens","Sketches\aliens\vulcan-vortex.html","https://ronenglish-archive.github.io/ron-english-sketches-aliens/Sketches/aliens/vulcan-vortex.html","12","0","https://ronenglish-archive.github.io/ron-english-sketches-aliens/images/Sketches/aliens/Oculestria%20ORIGINAL.jpg","OK","Ready."
"Aliens","Wackotron Rover","aliens","Sketches\aliens\wackotron-rover.html","https://ronenglish-archive.github.io/ron-english-sketches-aliens/Sketches/aliens/wackotron-rover.html","4","0","https://ronenglish-archive.github.io/ron-english-sketches-aliens/images/Sketches/aliens/Wackotron%20Rover%20-%20original.jpg","OK","Ready."
"Aliens","Walleyed Strabismus","aliens","Sketches\aliens\walleyed-strabismus.html","https://ronenglish-archive.github.io/ron-english-sketches-aliens/Sketches/aliens/walleyed-strabismus.html","4","0","https://ronenglish-archive.github.io/ron-english-sketches-aliens/images/Sketches/aliens/Walleyed%20Strabismus%20-%20original.jpg","OK","Ready."
"Aliens","Way Ward","aliens","Sketches\aliens\way-ward.html","https://ronenglish-archive.github.io/ron-english-sketches-aliens/Sketches/aliens/way-ward.html","11","0","https://ronenglish-archive.github.io/ron-english-sketches-aliens/images/Sketches/aliens/Wackotron%20Rover%20-%20original.jpg","OK","Ready."
"Aliens","What's Up Pup","aliens","Sketches\aliens\whats-up-pup.html","https://ronenglish-archive.github.io/ron-english-sketches-aliens/Sketches/aliens/whats-up-pup.html","2","0","https://ronenglish-archive.github.io/ron-english-sketches-aliens/images/Sketches/aliens%202/space%20pup%20card%201.jpg","OK","Ready."
"Aliens","Wingman Miller","aliens","Sketches\aliens\wingman-miller.html","https://ronenglish-archive.github.io/ron-english-sketches-aliens/Sketches/aliens/wingman-miller.html","5","0","https://ronenglish-archive.github.io/ron-english-sketches-aliens/images/Sketches/aliens/Wingman%20Miller%20-%20original.jpg","OK","Ready."
"Aliens","Xeno Dochium","aliens","Sketches\aliens\xeno-dochium.html","https://ronenglish-archive.github.io/ron-english-sketches-aliens/Sketches/aliens/xeno-dochium.html","7","0","https://ronenglish-archive.github.io/ron-english-sketches-aliens/images/Sketches/aliens%202/Xeno%20Dochium%20ORIGINAL.jpg","OK","Ready."
"Aliens","Yinyang Swirl","aliens","Sketches\aliens\yinyang-swirl.html","https://ronenglish-archive.github.io/ron-english-sketches-aliens/Sketches/aliens/yinyang-swirl.html","3","0","https://ronenglish-archive.github.io/ron-english-sketches-aliens/images/Sketches/aliens%202/Yinyang%20Swirl%20ORIGINAL.jpg","OK","Ready."
"Aliens","You Born Alien","aliens","Sketches\aliens\you-born-alien.html","https://ronenglish-archive.github.io/ron-english-sketches-aliens/Sketches/aliens/you-born-alien.html","2","0","https://ronenglish-archive.github.io/ron-english-sketches-aliens/images/Sketches/aliens/You%20Born%20Alien%20-%20B%26W.jpg","OK","Ready."
"Aliens","Zerk Zuckzerd","aliens","Sketches\aliens\zerk-zuckzerd.html","https://ronenglish-archive.github.io/ron-english-sketches-aliens/Sketches/aliens/zerk-zuckzerd.html","11","0","https://ronenglish-archive.github.io/ron-english-sketches-aliens/images/Sketches/aliens%202/Zerk%20Zuckzerd%20ORIGINAL.jpg","OK","Ready."
"Aliens","Zonk Temulent","aliens","Sketches\aliens\zonk-temulent.html","https://ronenglish-archive.github.io/ron-english-sketches-aliens/Sketches/aliens/zonk-temulent.html","13","0","https://ronenglish-archive.github.io/ron-english-sketches-aliens/images/Sketches/aliens/Leisurabilly%20Indeafatigable%20ORIGINAL.jpg","OK","Ready."
"Aliens","Zyvax Quirkbana","aliens","Sketches\aliens\zyvax-quirkbana.html","https://ronenglish-archive.github.io/ron-english-sketches-aliens/Sketches/aliens/zyvax-quirkbana.html","3","0","https://ronenglish-archive.github.io/ron-english-sketches-aliens/images/Sketches/aliens/Zyvax%20Quirkbana%20-%20original.jpg","OK","Ready."
"Animals","Ballsy Frog","amphibians","Sketches\amphibians\frogs\ballsy-frog.html","https://ronenglish-archive.github.io/ron-english-sketches-animals/Sketches/amphibians/frogs/ballsy-frog.html","3","0","https://ronenglish-archive.github.io/ron-english-sketches-animals/images/Sketches/amphibians/frogs/Ballsy%20Frog%20ORIGINAL.jpg","OK","Ready."
"Animals","Frogman","amphibians","Sketches\amphibians\frogs\frogman.html","https://ronenglish-archive.github.io/ron-english-sketches-animals/Sketches/amphibians/frogs/frogman.html","1","0","https://ronenglish-archive.github.io/ron-english-sketches-animals/images/Sketches/amphibians/frogs/Frogman%20ORIGINAL.jpg","OK","Ready."
"Animals","Frog Prince","amphibians","Sketches\amphibians\frogs\frog-prince.html","https://ronenglish-archive.github.io/ron-english-sketches-animals/Sketches/amphibians/frogs/frog-prince.html","5","0","https://ronenglish-archive.github.io/ron-english-sketches-animals/images/Sketches/amphibians/frogs/Frog%20Prince%20ORIGINAL.jpg","OK","Ready."
"Animals","Frog Princess","amphibians","Sketches\amphibians\frogs\frog-princess.html","https://ronenglish-archive.github.io/ron-english-sketches-animals/Sketches/amphibians/frogs/frog-princess.html","4","0","https://ronenglish-archive.github.io/ron-english-sketches-animals/images/Sketches/amphibians/frogs/Frog%20Princess%20ORIGINAL.jpg","OK","Ready."
"Animals","Frog Queen","amphibians","Sketches\amphibians\frogs\frog-queen.html","https://ronenglish-archive.github.io/ron-english-sketches-animals/Sketches/amphibians/frogs/frog-queen.html","3","0","https://ronenglish-archive.github.io/ron-english-sketches-animals/images/Sketches/amphibians/frogs/Frog%20Queen%20ORIGINAL.jpg","OK","Ready."
"Animals","Mick Monster","amphibians","Sketches\amphibians\frogs\mick-monster.html","https://ronenglish-archive.github.io/ron-english-sketches-animals/Sketches/amphibians/frogs/mick-monster.html","3","1","https://ronenglish-archive.github.io/ron-english-sketches-animals/images/Sketches/amphibians/frogs/Mick%20Monster%20ORIGINAL.jpg","REVIEW","Some local image references were not found."
"Animals","Obese Alien Bullfrog","amphibians","Sketches\amphibians\frogs\obese-alien-bullfrog.html","https://ronenglish-archive.github.io/ron-english-sketches-animals/Sketches/amphibians/frogs/obese-alien-bullfrog.html","3","0","https://ronenglish-archive.github.io/ron-english-sketches-animals/images/Sketches/amphibians/frogs/Obese%20Alien%20Bullfrog%20ORIGINAL.jpg","OK","Ready."
"Animals","Sea Mobster","amphibians","Sketches\amphibians\frogs\sea-mobster.html","https://ronenglish-archive.github.io/ron-english-sketches-animals/Sketches/amphibians/frogs/sea-mobster.html","3","1","https://ronenglish-archive.github.io/ron-english-sketches-animals/images/Sketches/amphibians/frogs/Sea%20Mobster%20ORIGINAL.jpg","REVIEW","Some local image references were not found."
"Animals","Toadstool","amphibians","Sketches\amphibians\frogs\toadstool.html","https://ronenglish-archive.github.io/ron-english-sketches-animals/Sketches/amphibians/frogs/toadstool.html","9","0","https://ronenglish-archive.github.io/ron-english-sketches-animals/images/Sketches/amphibians/frogs/Toadstool%201%20ORIGINAL.jpg","OK","Ready."
"Animals","Heart Yin Yang","amphibians","Sketches\amphibians\salamanders\heart-yin-yang.html","https://ronenglish-archive.github.io/ron-english-sketches-animals/Sketches/amphibians/salamanders/heart-yin-yang.html","3","0","https://ronenglish-archive.github.io/ron-english-sketches-animals/images/Sketches/amphibians/salamanders/Heart%20Yin%20Yang%20ORIGINAL.jpg","OK","Ready."
"Animals","Last Supper Salamanders","amphibians","Sketches\amphibians\salamanders\last-supper-salamanders.html","https://ronenglish-archive.github.io/ron-english-sketches-animals/Sketches/amphibians/salamanders/last-supper-salamanders.html","3","0","https://ronenglish-archive.github.io/ron-english-sketches-animals/images/Sketches/amphibians/salamanders/Last%20Supper%20Salamanders%20ORIGINAL.jpg","OK","Ready."
"Animals","Running Salamander","amphibians","Sketches\amphibians\salamanders\running-salamander.html","https://ronenglish-archive.github.io/ron-english-sketches-animals/Sketches/amphibians/salamanders/running-salamander.html","3","0","https://ronenglish-archive.github.io/ron-english-sketches-animals/images/Sketches/amphibians/salamanders/Running%20Salamander%20ORIGINAL.jpg","OK","Ready."
"Animals","Salamander Bubbles 1","amphibians","Sketches\amphibians\salamanders\salamander-bubbles-1.html","https://ronenglish-archive.github.io/ron-english-sketches-animals/Sketches/amphibians/salamanders/salamander-bubbles-1.html","3","0","https://ronenglish-archive.github.io/ron-english-sketches-animals/images/Sketches/amphibians/salamanders/Salamander%20Bubbles%201%20ORIGINAL.jpg","OK","Ready."
"Animals","Salamander Bubbles 2","amphibians","Sketches\amphibians\salamanders\salamander-bubbles-2.html","https://ronenglish-archive.github.io/ron-english-sketches-animals/Sketches/amphibians/salamanders/salamander-bubbles-2.html","3","0","https://ronenglish-archive.github.io/ron-english-sketches-animals/images/Sketches/amphibians/salamanders/Salamander%20Bubbles%20ORIGINAL.jpg","OK","Ready."
"Animals","Salamander Bubbles 3","amphibians","Sketches\amphibians\salamanders\salamander-bubbles-3.html","https://ronenglish-archive.github.io/ron-english-sketches-animals/Sketches/amphibians/salamanders/salamander-bubbles-3.html","3","0","https://ronenglish-archive.github.io/ron-english-sketches-animals/images/Sketches/amphibians/salamanders/Salamander%20Bubbles%20ORIGINAL.jpg","OK","Ready."
"Animals","Salamander Bubbles 4","amphibians","Sketches\amphibians\salamanders\salamander-bubbles-4.html","https://ronenglish-archive.github.io/ron-english-sketches-animals/Sketches/amphibians/salamanders/salamander-bubbles-4.html","3","0","https://ronenglish-archive.github.io/ron-english-sketches-animals/images/Sketches/amphibians/salamanders/Salamander%20Bubbles%20ORIGINAL.jpg","OK","Ready."
"Animals","Salamander Cop - Trace Girl","amphibians","Sketches\amphibians\salamanders\salamander-cop.html","https://ronenglish-archive.github.io/ron-english-sketches-animals/Sketches/amphibians/salamanders/salamander-cop.html","3","0","https://ronenglish-archive.github.io/ron-english-sketches-animals/images/Sketches/amphibians/salamanders/Salamander%20Cop%20ORIGINAL.jpg","OK","Ready."
"Animals","Salamander Heart 2","amphibians","Sketches\amphibians\salamanders\salamander-heart-2.html","https://ronenglish-archive.github.io/ron-english-sketches-animals/Sketches/amphibians/salamanders/salamander-heart-2.html","3","0","https://ronenglish-archive.github.io/ron-english-sketches-animals/images/Sketches/amphibians/salamanders/Salamander%20Heart%202%20ORIGINAL.jpg","OK","Ready."
"Animals","Salamander Hula","amphibians","Sketches\amphibians\salamanders\salamander-hula.html","https://ronenglish-archive.github.io/ron-english-sketches-animals/Sketches/amphibians/salamanders/salamander-hula.html","3","0","https://ronenglish-archive.github.io/ron-english-sketches-animals/images/Sketches/amphibians/salamanders/Salamander%20Hula%20ORIGINAL.jpg","OK","Ready."
"Animals","Salamander on Ladder 1 & 2","amphibians","Sketches\amphibians\salamanders\salamander-on-ladder.html","https://ronenglish-archive.github.io/ron-english-sketches-animals/Sketches/amphibians/salamanders/salamander-on-ladder.html","6","0","https://ronenglish-archive.github.io/ron-english-sketches-animals/images/Sketches/amphibians/salamanders/Salamander%20on%20Ladder%201%20ORIGINAL.jpg","OK","Ready."
"Animals","Salamander Question Mark","amphibians","Sketches\amphibians\salamanders\salamander-question-mark.html","https://ronenglish-archive.github.io/ron-english-sketches-animals/Sketches/amphibians/salamanders/salamander-question-mark.html","3","0","https://ronenglish-archive.github.io/ron-english-sketches-animals/images/Sketches/amphibians/salamanders/Salamander%20Question%20Mark%20ORIGINAL.jpg","OK","Ready."
"Animals","Salamander TV","amphibians","Sketches\amphibians\salamanders\salamander-tv.html","https://ronenglish-archive.github.io/ron-english-sketches-animals/Sketches/amphibians/salamanders/salamander-tv.html","3","0","https://ronenglish-archive.github.io/ron-english-sketches-animals/images/Sketches/amphibians/salamanders/Salamander%20TV%20ORIGINAL.jpg","OK","Ready."
"Animals","Salamander Van Gogh","amphibians","Sketches\amphibians\salamanders\salamander-van-gogh.html","https://ronenglish-archive.github.io/ron-english-sketches-animals/Sketches/amphibians/salamanders/salamander-van-gogh.html","3","0","https://ronenglish-archive.github.io/ron-english-sketches-animals/images/Sketches/amphibians/salamanders/Salamander%20Van%20Gogh%20ORIGINAL.jpg","OK","Ready."
"Animals","That's All Folks!","amphibians","Sketches\amphibians\salamanders\thats-all-folks.html","https://ronenglish-archive.github.io/ron-english-sketches-animals/Sketches/amphibians/salamanders/thats-all-folks.html","3","0","https://ronenglish-archive.github.io/ron-english-sketches-animals/images/Sketches/amphibians/salamanders/That's%20All%20Folks!%20ORIGINAL.jpg","OK","Ready."
"Animals","Yang","amphibians","Sketches\amphibians\salamanders\yang.html","https://ronenglish-archive.github.io/ron-english-sketches-animals/Sketches/amphibians/salamanders/yang.html","9","0","https://ronenglish-archive.github.io/ron-english-sketches-animals/images/Sketches/amphibians/salamanders/Yang%20left%20side%20ORIGINAL.jpg","OK","Ready."
"Animals","Yin Rock","amphibians","Sketches\amphibians\salamanders\yin-rock.html","https://ronenglish-archive.github.io/ron-english-sketches-animals/Sketches/amphibians/salamanders/yin-rock.html","3","0","https://ronenglish-archive.github.io/ron-english-sketches-animals/images/Sketches/amphibians/salamanders/Yin%20Rock%20ORIGINAL.jpg","OK","Ready."
"Animals","Abe Waters","aquatic-dwellers","Sketches\aquatic-dwellers\aqua-apes\abe-waters.html","https://ronenglish-archive.github.io/ron-english-sketches-animals/Sketches/aquatic-dwellers/aqua-apes/abe-waters.html","3","0","https://ronenglish-archive.github.io/ron-english-sketches-animals/images/Sketches/aquatic-dwellers/aqua-apes/Abe%20Waters%20B%26W%20digital.jpg","OK","Ready."
"Animals","Angel Cake","aquatic-dwellers","Sketches\aquatic-dwellers\aqua-apes\angel-cake.html","https://ronenglish-archive.github.io/ron-english-sketches-animals/Sketches/aquatic-dwellers/aqua-apes/angel-cake.html","3","0","https://ronenglish-archive.github.io/ron-english-sketches-animals/images/Sketches/aquatic-dwellers/aqua-apes/Angel%20Cake%20ORIGINAL%20copy.jpg","OK","Ready."
"Animals","Angie Waters","aquatic-dwellers","Sketches\aquatic-dwellers\aqua-apes\angie-waters.html","https://ronenglish-archive.github.io/ron-english-sketches-animals/Sketches/aquatic-dwellers/aqua-apes/angie-waters.html","4","0","https://ronenglish-archive.github.io/ron-english-sketches-animals/images/Sketches/aquatic-dwellers/aqua-apes/Angie%20Waters%20ORIGINAL.jpg","OK","Ready."
"Animals","Apette Waters","aquatic-dwellers","Sketches\aquatic-dwellers\aqua-apes\apette-waters.html","https://ronenglish-archive.github.io/ron-english-sketches-animals/Sketches/aquatic-dwellers/aqua-apes/apette-waters.html","4","0","https://ronenglish-archive.github.io/ron-english-sketches-animals/images/Sketches/aquatic-dwellers/aqua-apes/Apette%20Waters%20ORIGINAL%20copy.jpg","OK","Ready."
"Animals","Aqua Ape for Snow Globe 1","aquatic-dwellers","Sketches\aquatic-dwellers\aqua-apes\aqua-ape-for-snow-globe-1.html","https://ronenglish-archive.github.io/ron-english-sketches-animals/Sketches/aquatic-dwellers/aqua-apes/aqua-ape-for-snow-globe-1.html","2","0","https://ronenglish-archive.github.io/ron-english-sketches-animals/images/Sketches/aquatic-dwellers/aqua-apes/Aqua%20Ape%20for%20Snow%20Globe%201%20B%26W%20digital.jpg","OK","Ready."
"Animals","Aqua Ape for Snow Globe 2","aquatic-dwellers","Sketches\aquatic-dwellers\aqua-apes\aqua-ape-for-snow-globe-2.html","https://ronenglish-archive.github.io/ron-english-sketches-animals/Sketches/aquatic-dwellers/aqua-apes/aqua-ape-for-snow-globe-2.html","2","0","https://ronenglish-archive.github.io/ron-english-sketches-animals/images/Sketches/aquatic-dwellers/aqua-apes/Aqua%20Ape%20for%20Snow%20Globe%202%20B%26W%20digital.jpg","OK","Ready."
"Animals","Aqua Ape on Chair","aquatic-dwellers","Sketches\aquatic-dwellers\aqua-apes\aqua-ape-on-chair.html","https://ronenglish-archive.github.io/ron-english-sketches-animals/Sketches/aquatic-dwellers/aqua-apes/aqua-ape-on-chair.html","1","0","https://ronenglish-archive.github.io/ron-english-sketches-animals/images/Sketches/aquatic-dwellers/aqua-apes/Aqua%20Ape%20on%20Chair%20ORIGINAL.jpg","OK","Ready."
"Animals","Aqua Apes Family Icon","aquatic-dwellers","Sketches\aquatic-dwellers\aqua-apes\aqua-apes-family-icon.html","https://ronenglish-archive.github.io/ron-english-sketches-animals/Sketches/aquatic-dwellers/aqua-apes/aqua-apes-family-icon.html","2","0","https://ronenglish-archive.github.io/ron-english-sketches-animals/images/Sketches/aquatic-dwellers/aqua-apes/Aqua%20Apes%20Family%20Icon%20B%26W%20%20digital.jpg","OK","Ready."
"Animals","Aqua Apes Icon","aquatic-dwellers","Sketches\aquatic-dwellers\aqua-apes\aqua-apes-icon.html","https://ronenglish-archive.github.io/ron-english-sketches-animals/Sketches/aquatic-dwellers/aqua-apes/aqua-apes-icon.html","1","0","https://ronenglish-archive.github.io/ron-english-sketches-animals/images/Sketches/aquatic-dwellers/aqua-apes/Aqua%20Apes%20Icon%20ORIGINAL.jpg","OK","Ready."
"Animals","Brooke Waters","aquatic-dwellers","Sketches\aquatic-dwellers\aqua-apes\brooke-waters.html","https://ronenglish-archive.github.io/ron-english-sketches-animals/Sketches/aquatic-dwellers/aqua-apes/brooke-waters.html","4","0","https://ronenglish-archive.github.io/ron-english-sketches-animals/images/Sketches/aquatic-dwellers/aqua-apes/Brooke%20Waters%20B%26W%20digital.jpg","OK","Ready."
"Animals","Infant Aqua Ape","aquatic-dwellers","Sketches\aquatic-dwellers\aqua-apes\infant-aqua-ape.html","https://ronenglish-archive.github.io/ron-english-sketches-animals/Sketches/aquatic-dwellers/aqua-apes/infant-aqua-ape.html","4","0","https://ronenglish-archive.github.io/ron-english-sketches-animals/images/Sketches/aquatic-dwellers/aqua-apes/Infant%20Aqua%20Ape%20B%26W%20digital.jpg","OK","Ready."
"Animals","Marilyn Mini Mollosk","aquatic-dwellers","Sketches\aquatic-dwellers\aqua-apes\marilyn-mini-mollosk.html","https://ronenglish-archive.github.io/ron-english-sketches-animals/Sketches/aquatic-dwellers/aqua-apes/marilyn-mini-mollosk.html","3","0","https://ronenglish-archive.github.io/ron-english-sketches-animals/images/Sketches/aquatic-dwellers/aqua-apes/Marilyn%20Mini%20Mollosk%20ORIGINAL%20copy.jpg","OK","Ready."
"Animals","Newt Wave","aquatic-dwellers","Sketches\aquatic-dwellers\aqua-apes\newt-wave.html","https://ronenglish-archive.github.io/ron-english-sketches-animals/Sketches/aquatic-dwellers/aqua-apes/newt-wave.html","3","0","https://ronenglish-archive.github.io/ron-english-sketches-animals/images/Sketches/aquatic-dwellers/aqua-apes/Newt%20Wave%20ORIGINAL.jpg","OK","Ready."
"Animals","Sea Monkeys Beach Party","aquatic-dwellers","Sketches\aquatic-dwellers\aqua-apes\sea-monkeys-beach-party.html","https://ronenglish-archive.github.io/ron-english-sketches-animals/Sketches/aquatic-dwellers/aqua-apes/sea-monkeys-beach-party.html","1","0","https://ronenglish-archive.github.io/ron-english-sketches-animals/images/Sketches/aquatic-dwellers/aqua-apes/Sea%20Monkeys%20Beach%20Party%20ORIGINAL.jpg","OK","Ready."
"Animals","Sea Squatch","aquatic-dwellers","Sketches\aquatic-dwellers\aqua-apes\sea-squatch.html","https://ronenglish-archive.github.io/ron-english-sketches-animals/Sketches/aquatic-dwellers/aqua-apes/sea-squatch.html","3","0","https://ronenglish-archive.github.io/ron-english-sketches-animals/images/Sketches/aquatic-dwellers/aqua-apes/Sea%20Squatch%20ORIGINAL.jpg","OK","Ready."
"Animals","See Money","aquatic-dwellers","Sketches\aquatic-dwellers\aqua-apes\see-money.html","https://ronenglish-archive.github.io/ron-english-sketches-animals/Sketches/aquatic-dwellers/aqua-apes/see-money.html","3","0","https://ronenglish-archive.github.io/ron-english-sketches-animals/images/Sketches/aquatic-dwellers/aqua-apes/See%20Money%20ORIGINAL.jpg","OK","Ready."
"Animals","Shellsea Waters","aquatic-dwellers","Sketches\aquatic-dwellers\aqua-apes\shellsea-waters.html","https://ronenglish-archive.github.io/ron-english-sketches-animals/Sketches/aquatic-dwellers/aqua-apes/shellsea-waters.html","5","0","https://ronenglish-archive.github.io/ron-english-sketches-animals/images/Sketches/aquatic-dwellers/aqua-apes/Shellsea%20Waters%20ORIGINAL.jpg","OK","Ready."
"Animals","Susan Squid","aquatic-dwellers","Sketches\aquatic-dwellers\aqua-apes\susan-squid.html","https://ronenglish-archive.github.io/ron-english-sketches-animals/Sketches/aquatic-dwellers/aqua-apes/susan-squid.html","3","0","https://ronenglish-archive.github.io/ron-english-sketches-animals/images/Sketches/aquatic-dwellers/aqua-apes/Susan%20Squid%20ORIGINAL.jpg","OK","Ready."
"Animals","Tittie Squid","aquatic-dwellers","Sketches\aquatic-dwellers\aqua-apes\tittie-squid.html","https://ronenglish-archive.github.io/ron-english-sketches-animals/Sketches/aquatic-dwellers/aqua-apes/tittie-squid.html","3","0","https://ronenglish-archive.github.io/ron-english-sketches-animals/images/Sketches/aquatic-dwellers/aqua-apes/Tittie%20Squid%20COLORWAY%201%20digital.jpg","OK","Ready."
"Animals","Titty Squid","aquatic-dwellers","Sketches\aquatic-dwellers\aqua-apes\titty-squid.html","https://ronenglish-archive.github.io/ron-english-sketches-animals/Sketches/aquatic-dwellers/aqua-apes/titty-squid.html","3","0","https://ronenglish-archive.github.io/ron-english-sketches-animals/images/Sketches/aquatic-dwellers/aqua-apes/Titty%20Squid%20ORIGINAL.jpg","OK","Ready."
"Animals","Trippie Squid","aquatic-dwellers","Sketches\aquatic-dwellers\aqua-apes\trippie-squid.html","https://ronenglish-archive.github.io/ron-english-sketches-animals/Sketches/aquatic-dwellers/aqua-apes/trippie-squid.html","6","0","https://ronenglish-archive.github.io/ron-english-sketches-animals/images/Sketches/aquatic-dwellers/aqua-apes/Trippie%20Squid%20ORIGINAL.jpg","OK","Ready."
"Animals","Walter Waters","aquatic-dwellers","Sketches\aquatic-dwellers\aqua-apes\walter-waters.html","https://ronenglish-archive.github.io/ron-english-sketches-animals/Sketches/aquatic-dwellers/aqua-apes/walter-waters.html","8","0","https://ronenglish-archive.github.io/ron-english-sketches-animals/images/Sketches/aquatic-dwellers/aqua-apes/Walter%20Waters%20B%26W%20digital.jpg","OK","Ready."
"Animals","Water Walker","aquatic-dwellers","Sketches\aquatic-dwellers\aqua-apes\water-walker.html","https://ronenglish-archive.github.io/ron-english-sketches-animals/Sketches/aquatic-dwellers/aqua-apes/water-walker.html","3","0","https://ronenglish-archive.github.io/ron-english-sketches-animals/images/Sketches/aquatic-dwellers/aqua-apes/Water%20Walker%20ORIGINAL.jpg","OK","Ready."
"Animals","Young Aqua Ape","aquatic-dwellers","Sketches\aquatic-dwellers\aqua-apes\young-aqua-ape.html","https://ronenglish-archive.github.io/ron-english-sketches-animals/Sketches/aquatic-dwellers/aqua-apes/young-aqua-ape.html","3","0","https://ronenglish-archive.github.io/ron-english-sketches-animals/images/Sketches/aquatic-dwellers/aqua-apes/Young%20Aqua%20Ape%20ORIGINAL.jpg","OK","Ready."
"Animals","Younger Waters","aquatic-dwellers","Sketches\aquatic-dwellers\aqua-apes\younger-waters.html","https://ronenglish-archive.github.io/ron-english-sketches-animals/Sketches/aquatic-dwellers/aqua-apes/younger-waters.html","5","0","https://ronenglish-archive.github.io/ron-english-sketches-animals/images/Sketches/aquatic-dwellers/aqua-apes/Younger%20Waters%20B%26W%20digital.jpg","OK","Ready."
"Animals","Dolphinheaded Mermaid Girls","aquatic-dwellers","Sketches\aquatic-dwellers\dolphins\dolphinheaded-mermaid-girls.html","https://ronenglish-archive.github.io/ron-english-sketches-animals/Sketches/aquatic-dwellers/dolphins/dolphinheaded-mermaid-girls.html","4","0","https://ronenglish-archive.github.io/ron-english-sketches-animals/images/Sketches/aquatic-dwellers/dolphins/Dolphinheaded%20Mermaid%20Girls%20ORIGINAL.jpg","OK","Ready."
"Animals","Ona Porpoise","aquatic-dwellers","Sketches\aquatic-dwellers\dolphins\ona-porpoise.html","https://ronenglish-archive.github.io/ron-english-sketches-animals/Sketches/aquatic-dwellers/dolphins/ona-porpoise.html","4","0","https://ronenglish-archive.github.io/ron-english-sketches-animals/images/Sketches/aquatic-dwellers/dolphins/Ona%20Porpoise%20ORIGINAL.jpg","OK","Ready."
"Animals","Culture Catch","aquatic-dwellers","Sketches\aquatic-dwellers\fish\culture-catch.html","https://ronenglish-archive.github.io/ron-english-sketches-animals/Sketches/aquatic-dwellers/fish/culture-catch.html","3","0","https://ronenglish-archive.github.io/ron-english-sketches-animals/images/Sketches/aquatic-dwellers/fish/Culture%20Catch%20ORIGINAL%20digital.jpg","OK","Ready."
"Animals","Fat GoldFish","aquatic-dwellers","Sketches\aquatic-dwellers\fish\fat-goldfish.html","https://ronenglish-archive.github.io/ron-english-sketches-animals/Sketches/aquatic-dwellers/fish/fat-goldfish.html","6","0","https://ronenglish-archive.github.io/ron-english-sketches-animals/images/Sketches/aquatic-dwellers/fish/Fat%20Goldfish%20ORIGINAL.jpg","OK","Ready."
"Animals","Fin Evolution","aquatic-dwellers","Sketches\aquatic-dwellers\fish\fin-evolution.html","https://ronenglish-archive.github.io/ron-english-sketches-animals/Sketches/aquatic-dwellers/fish/fin-evolution.html","3","0","https://ronenglish-archive.github.io/ron-english-sketches-animals/images/Sketches/aquatic-dwellers/fish/Fin%20Evolution%20ORIGINAL.jpg","OK","Ready."
"Animals","FinFlyer Finley","aquatic-dwellers","Sketches\aquatic-dwellers\fish\finflyer-finley.html","https://ronenglish-archive.github.io/ron-english-sketches-animals/Sketches/aquatic-dwellers/fish/finflyer-finley.html","3","0","https://ronenglish-archive.github.io/ron-english-sketches-animals/images/Sketches/aquatic-dwellers/fish/FinFlyer%20Finley%20ORIGINAL.jpg","OK","Ready."
"Animals","Fish","aquatic-dwellers","Sketches\aquatic-dwellers\fish\fish.html","https://ronenglish-archive.github.io/ron-english-sketches-animals/Sketches/aquatic-dwellers/fish/fish.html","2","0","https://ronenglish-archive.github.io/ron-english-sketches-animals/images/Sketches/aquatic-dwellers/fish/Fish%20B%26W%20digital.png","OK","Ready."
"Animals","Fish in Bowl","aquatic-dwellers","Sketches\aquatic-dwellers\fish\fish-in-bowl.html","https://ronenglish-archive.github.io/ron-english-sketches-animals/Sketches/aquatic-dwellers/fish/fish-in-bowl.html","3","0","https://ronenglish-archive.github.io/ron-english-sketches-animals/images/Sketches/aquatic-dwellers/fish/Fish%20in%20Bowl%20ORIGINAL.jpg","OK","Ready."
"Animals","Fish in Cowboy Hat","aquatic-dwellers","Sketches\aquatic-dwellers\fish\fish-in-cowboy-hat.html","https://ronenglish-archive.github.io/ron-english-sketches-animals/Sketches/aquatic-dwellers/fish/fish-in-cowboy-hat.html","3","0","https://ronenglish-archive.github.io/ron-english-sketches-animals/images/Sketches/aquatic-dwellers/fish/Fish%20in%20Cowboy%20Hat%20ORIGINAL.jpg","OK","Ready."
"Animals","Goldfish Caviar","aquatic-dwellers","Sketches\aquatic-dwellers\fish\goldfish-caviar.html","https://ronenglish-archive.github.io/ron-english-sketches-animals/Sketches/aquatic-dwellers/fish/goldfish-caviar.html","3","0","https://ronenglish-archive.github.io/ron-english-sketches-animals/images/Sketches/aquatic-dwellers/fish/Goldfish%20Caviar%201color%20ORIGINAL.png","OK","Ready."
"Animals","Monarch Fish","aquatic-dwellers","Sketches\aquatic-dwellers\fish\monarch-fish.html","https://ronenglish-archive.github.io/ron-english-sketches-animals/Sketches/aquatic-dwellers/fish/monarch-fish.html","3","0","https://ronenglish-archive.github.io/ron-english-sketches-animals/images/Sketches/aquatic-dwellers/fish/Monarch%20Fish%20B%26W%20digital.png","OK","Ready."
"Animals","Mystifeye Finley","aquatic-dwellers","Sketches\aquatic-dwellers\fish\mystifeye-finley.html","https://ronenglish-archive.github.io/ron-english-sketches-animals/Sketches/aquatic-dwellers/fish/mystifeye-finley.html","3","0","https://ronenglish-archive.github.io/ron-english-sketches-animals/images/Sketches/aquatic-dwellers/fish/Mystifeye%20Finley%20ORIGINAL.jpg","OK","Ready."
"Animals","Swish Evolve","aquatic-dwellers","Sketches\aquatic-dwellers\fish\swish-evolve.html","https://ronenglish-archive.github.io/ron-english-sketches-animals/Sketches/aquatic-dwellers/fish/swish-evolve.html","2","0","https://ronenglish-archive.github.io/ron-english-sketches-animals/images/Sketches/aquatic-dwellers/fish/Swish%20Evolve%20ORIGINAL.jpg","OK","Ready."
"Animals","Mermaid","aquatic-dwellers","Sketches\aquatic-dwellers\mermaids\mermaid.html","https://ronenglish-archive.github.io/ron-english-sketches-animals/Sketches/aquatic-dwellers/mermaids/mermaid.html","3","0","https://ronenglish-archive.github.io/ron-english-sketches-animals/images/Sketches/aquatic-dwellers/mermaids/Mermaid%20ORIGINAL.jpg","OK","Ready."
"Animals","Mermonkey","aquatic-dwellers","Sketches\aquatic-dwellers\mermaids\mermonkey.html","https://ronenglish-archive.github.io/ron-english-sketches-animals/Sketches/aquatic-dwellers/mermaids/mermonkey.html","1","0","https://ronenglish-archive.github.io/ron-english-sketches-animals/images/Sketches/aquatic-dwellers/mermaids/Mermonkey%20ORIGINAL.jpg","OK","Ready."
"Animals","Sharkattack Mermaid","aquatic-dwellers","Sketches\aquatic-dwellers\mermaids\sharkattack-mermaid.html","https://ronenglish-archive.github.io/ron-english-sketches-animals/Sketches/aquatic-dwellers/mermaids/sharkattack-mermaid.html","10","0","https://ronenglish-archive.github.io/ron-english-sketches-animals/images/Sketches/aquatic-dwellers/mermaids/Sharkattack%20Mermaid%20front%20ORIGINAL.jpg","OK","Ready."
"Animals","Starbucks Mermaid","aquatic-dwellers","Sketches\aquatic-dwellers\mermaids\starbucks-mermaid.html","https://ronenglish-archive.github.io/ron-english-sketches-animals/Sketches/aquatic-dwellers/mermaids/starbucks-mermaid.html","3","0","https://ronenglish-archive.github.io/ron-english-sketches-animals/images/Sketches/aquatic-dwellers/mermaids/Starbucks%20Mermaid%20ORIGINAL.jpg","OK","Ready."
"Animals","Unplugged Mermaid","aquatic-dwellers","Sketches\aquatic-dwellers\mermaids\unplugged-mermaid.html","https://ronenglish-archive.github.io/ron-english-sketches-animals/Sketches/aquatic-dwellers/mermaids/unplugged-mermaid.html","3","0","https://ronenglish-archive.github.io/ron-english-sketches-animals/images/Sketches/aquatic-dwellers/mermaids/Unplugged%20Mermaid%20ORIGINAL.jpg","OK","Ready."
"Animals","Jah Bliss Octopus","aquatic-dwellers","Sketches\aquatic-dwellers\octopi\jah-bliss-octopus.html","https://ronenglish-archive.github.io/ron-english-sketches-animals/Sketches/aquatic-dwellers/octopi/jah-bliss-octopus.html","4","0","https://ronenglish-archive.github.io/ron-english-sketches-animals/images/Sketches/aquatic-dwellers/octopi/Jah%20Bliss%20Octopus%20B%26W.jpg","OK","Ready."
"Animals","Lorraine Yang","aquatic-dwellers","Sketches\aquatic-dwellers\octopi\lorraine-yang.html","https://ronenglish-archive.github.io/ron-english-sketches-animals/Sketches/aquatic-dwellers/octopi/lorraine-yang.html","4","0","https://ronenglish-archive.github.io/ron-english-sketches-animals/images/Sketches/aquatic-dwellers/octopi/Lorraine%20Yang%20ORIGINAL.png","OK","Ready."
"Animals","Sea Monster","aquatic-dwellers","Sketches\aquatic-dwellers\octopi\sea-monster.html","https://ronenglish-archive.github.io/ron-english-sketches-animals/Sketches/aquatic-dwellers/octopi/sea-monster.html","3","0","https://ronenglish-archive.github.io/ron-english-sketches-animals/images/Sketches/aquatic-dwellers/octopi/Sea%20Monster%20ORIGINAL.jpg","OK","Ready."
"Animals","Swirly Octopus","aquatic-dwellers","Sketches\aquatic-dwellers\octopi\swirly-octopus.html","https://ronenglish-archive.github.io/ron-english-sketches-animals/Sketches/aquatic-dwellers/octopi/swirly-octopus.html","2","0","https://ronenglish-archive.github.io/ron-english-sketches-animals/images/Sketches/aquatic-dwellers/octopi/Swirly%20Octopus%20ORIGINAL.png","OK","Ready."
"Animals","Duckbill Platypus","aquatic-dwellers","Sketches\aquatic-dwellers\platypus\duckbill-platypus.html","https://ronenglish-archive.github.io/ron-english-sketches-animals/Sketches/aquatic-dwellers/platypus/duckbill-platypus.html","3","0","https://ronenglish-archive.github.io/ron-english-sketches-animals/images/Sketches/aquatic-dwellers/platypus/Duckbill%20Platypus%20ORIGINAL.jpg","OK","Ready."
"Animals","Frowning Shark","aquatic-dwellers","Sketches\aquatic-dwellers\sharks\frowning-shark.html","https://ronenglish-archive.github.io/ron-english-sketches-animals/Sketches/aquatic-dwellers/sharks/frowning-shark.html","2","0","https://ronenglish-archive.github.io/ron-english-sketches-animals/images/Sketches/aquatic-dwellers/sharks/Frowning%20Shark%20B%26W%20digital.png","OK","Ready."
"Animals","Grinning Shark","aquatic-dwellers","Sketches\aquatic-dwellers\sharks\grinning-shark.html","https://ronenglish-archive.github.io/ron-english-sketches-animals/Sketches/aquatic-dwellers/sharks/grinning-shark.html","2","0","https://ronenglish-archive.github.io/ron-english-sketches-animals/images/Sketches/aquatic-dwellers/sharks/Grinning%20Shark%20B%26W%20digital.png","OK","Ready."
"Animals","Lightning Shark","aquatic-dwellers","Sketches\aquatic-dwellers\sharks\lightning-shark.html","https://ronenglish-archive.github.io/ron-english-sketches-animals/Sketches/aquatic-dwellers/sharks/lightning-shark.html","1","0","https://ronenglish-archive.github.io/ron-english-sketches-animals/images/Sketches/aquatic-dwellers/sharks/Lightning%20Shark%20ORIGINAL.jpg","OK","Ready."
"Animals","Sever Fairy Landshark Grin (Mickey Fin)","aquatic-dwellers","Sketches\aquatic-dwellers\sharks\sever-fairy-landshark-grin-mickey-fin.html","https://ronenglish-archive.github.io/ron-english-sketches-animals/Sketches/aquatic-dwellers/sharks/sever-fairy-landshark-grin-mickey-fin.html","8","0","https://ronenglish-archive.github.io/ron-english-sketches-animals/images/Sketches/aquatic-dwellers/sharks/Sever%20Fairy%20Landshark%20Grin%20(Mickey%20Fin)%20Portrait%20ORIGINAL.jpg","OK","Ready."
"Animals","Shark Eating Shark","aquatic-dwellers","Sketches\aquatic-dwellers\sharks\shark-eating-shark.html","https://ronenglish-archive.github.io/ron-english-sketches-animals/Sketches/aquatic-dwellers/sharks/shark-eating-shark.html","3","0","https://ronenglish-archive.github.io/ron-english-sketches-animals/images/Sketches/aquatic-dwellers/sharks/Shark%20Eating%20Shark%20ORIGINAL.jpg","OK","Ready."
"Animals","Shark Head 1","aquatic-dwellers","Sketches\aquatic-dwellers\sharks\shark-head-1.html","https://ronenglish-archive.github.io/ron-english-sketches-animals/Sketches/aquatic-dwellers/sharks/shark-head-1.html","3","0","https://ronenglish-archive.github.io/ron-english-sketches-animals/images/Sketches/aquatic-dwellers/sharks/Shark%20Head%201%20ORIGINAL.jpg","OK","Ready."
"Animals","Shark Head 2","aquatic-dwellers","Sketches\aquatic-dwellers\sharks\shark-head-2.html","https://ronenglish-archive.github.io/ron-english-sketches-animals/Sketches/aquatic-dwellers/sharks/shark-head-2.html","3","0","https://ronenglish-archive.github.io/ron-english-sketches-animals/images/Sketches/aquatic-dwellers/sharks/Shark%20Head%202%20ORIGINAL.jpg","OK","Ready."
"Animals","Shark Head 3","aquatic-dwellers","Sketches\aquatic-dwellers\sharks\shark-head-3.html","https://ronenglish-archive.github.io/ron-english-sketches-animals/Sketches/aquatic-dwellers/sharks/shark-head-3.html","3","0","https://ronenglish-archive.github.io/ron-english-sketches-animals/images/Sketches/aquatic-dwellers/sharks/Shark%20Head%203%20ORIGINAL.jpg","OK","Ready."
"Animals","Shark Head 4","aquatic-dwellers","Sketches\aquatic-dwellers\sharks\shark-head-4.html","https://ronenglish-archive.github.io/ron-english-sketches-animals/Sketches/aquatic-dwellers/sharks/shark-head-4.html","1","0","https://ronenglish-archive.github.io/ron-english-sketches-animals/images/Sketches/aquatic-dwellers/sharks/Shark%20Head%204%20ORIGINAL.jpg","OK","Ready."
"Animals","Shark Sketch Study for Hawaii Mural 1","aquatic-dwellers","Sketches\aquatic-dwellers\sharks\shark-sketch-study-for-hawaii-mural-1.html","https://ronenglish-archive.github.io/ron-english-sketches-animals/Sketches/aquatic-dwellers/sharks/shark-sketch-study-for-hawaii-mural-1.html","1","0","https://ronenglish-archive.github.io/ron-english-sketches-animals/images/Sketches/aquatic-dwellers/sharks/Shark%20Sketch%20Study%20for%20Hawaii%20Mural%201%20ORIGINAL.jpg","OK","Ready."
"Animals","Shark Sketch Study for Hawaii Mural 2","aquatic-dwellers","Sketches\aquatic-dwellers\sharks\shark-sketch-study-for-hawaii-mural-2.html","https://ronenglish-archive.github.io/ron-english-sketches-animals/Sketches/aquatic-dwellers/sharks/shark-sketch-study-for-hawaii-mural-2.html","1","0","https://ronenglish-archive.github.io/ron-english-sketches-animals/images/Sketches/aquatic-dwellers/sharks/Shark%20Sketch%20Study%20for%20Hawaii%20Mural%202%20ORIGINAL.jpg","OK","Ready."
"Animals","Shark Skull Man","aquatic-dwellers","Sketches\aquatic-dwellers\sharks\shark-skull-man.html","https://ronenglish-archive.github.io/ron-english-sketches-animals/Sketches/aquatic-dwellers/sharks/shark-skull-man.html","5","0","https://ronenglish-archive.github.io/ron-english-sketches-animals/images/Sketches/aquatic-dwellers/sharks/Shark%20Skull%20Man%20ORIGINAL.jpg","OK","Ready."
"Animals","Shark Smile","aquatic-dwellers","Sketches\aquatic-dwellers\sharks\shark-smile.html","https://ronenglish-archive.github.io/ron-english-sketches-animals/Sketches/aquatic-dwellers/sharks/shark-smile.html","3","0","https://ronenglish-archive.github.io/ron-english-sketches-animals/images/Sketches/aquatic-dwellers/sharks/Shark%20Smile%20ORIGINAL.jpg","OK","Ready."
"Animals","Two Point Five Children","aquatic-dwellers","Sketches\aquatic-dwellers\sharks\two-point-five-children.html","https://ronenglish-archive.github.io/ron-english-sketches-animals/Sketches/aquatic-dwellers/sharks/two-point-five-children.html","3","0","https://ronenglish-archive.github.io/ron-english-sketches-animals/images/Sketches/aquatic-dwellers/sharks/Two%20Point%20Five%20Children%20ORIGINAL.jpg","OK","Ready."
"Animals","Bird Brain","avians","Sketches\avians\buzzards\bird-brain.html","https://ronenglish-archive.github.io/ron-english-sketches-animals/Sketches/avians/buzzards/bird-brain.html","5","0","https://ronenglish-archive.github.io/ron-english-sketches-animals/images/Sketches/avians/buzzards/Bird%20Brain%20ORIGINAL.jpg","OK","Ready."
"Animals","Birdy Bob Buzzard","avians","Sketches\avians\buzzards\birdy-bob-buzzard.html","https://ronenglish-archive.github.io/ron-english-sketches-animals/Sketches/avians/buzzards/birdy-bob-buzzard.html","4","0","https://ronenglish-archive.github.io/ron-english-sketches-animals/images/Sketches/avians/buzzards/Birdy-Bob%20Buzzard%20B%26W.jpg","OK","Ready."
"Animals","Buzz Ard","avians","Sketches\avians\buzzards\buzz-ard.html","https://ronenglish-archive.github.io/ron-english-sketches-animals/Sketches/avians/buzzards/buzz-ard.html","6","0","https://ronenglish-archive.github.io/ron-english-sketches-animals/images/Sketches/avians/buzzards/Buzz%20Ard%20ORIGINAL.jpg","OK","Ready."
"Animals","Buzzard Boat","avians","Sketches\avians\buzzards\buzzard-boat.html","https://ronenglish-archive.github.io/ron-english-sketches-animals/Sketches/avians/buzzards/buzzard-boat.html","3","0","https://ronenglish-archive.github.io/ron-english-sketches-animals/images/Sketches/avians/buzzards/Buzzard%20Boat%20ORIGINAL.jpg","OK","Ready."
"Animals","Buzzard Family Icon","avians","Sketches\avians\buzzards\buzzard-family-icon.html","https://ronenglish-archive.github.io/ron-english-sketches-animals/Sketches/avians/buzzards/buzzard-family-icon.html","3","0","https://ronenglish-archive.github.io/ron-english-sketches-animals/images/Sketches/avians/buzzards/Buzzard%20Family%20Icon%20ORIGINAL.jpg","OK","Ready."
"Animals","Buzzard Flapping Wings","avians","Sketches\avians\buzzards\buzzard-flapping-wings.html","https://ronenglish-archive.github.io/ron-english-sketches-animals/Sketches/avians/buzzards/buzzard-flapping-wings.html","2","0","https://ronenglish-archive.github.io/ron-english-sketches-animals/images/Sketches/avians/buzzards/Buzzard%20Flapping%20Wings%20ORIGINAL.jpg","OK","Ready."
"Animals","Buzzard House - Towering Estates","avians","Sketches\avians\buzzards\buzzard-house-towering-estates.html","https://ronenglish-archive.github.io/ron-english-sketches-animals/Sketches/avians/buzzards/buzzard-house-towering-estates.html","3","0","https://ronenglish-archive.github.io/ron-english-sketches-animals/images/Sketches/avians/buzzards/Buzzard%20House%20-%20Towering%20Estates%20ORIGINAL.jpg","OK","Ready."
"Animals","Buzzards Logo","avians","Sketches\avians\buzzards\buzzards-logo.html","https://ronenglish-archive.github.io/ron-english-sketches-animals/Sketches/avians/buzzards/buzzards-logo.html","3","0","https://ronenglish-archive.github.io/ron-english-sketches-animals/images/Sketches/avians/buzzards/Buzzards%20Logo%20ORIGINAL.jpg","OK","Ready."
"Animals","Buzz Egg","avians","Sketches\avians\buzzards\buzz-egg.html","https://ronenglish-archive.github.io/ron-english-sketches-animals/Sketches/avians/buzzards/buzz-egg.html","2","0","https://ronenglish-archive.github.io/ron-english-sketches-animals/images/Sketches/avians/buzzards/Buzz%20Egg%20ORIGINAL.jpg","OK","Ready."
"Animals","Cluckzilla","avians","Sketches\avians\buzzards\cluckzilla.html","https://ronenglish-archive.github.io/ron-english-sketches-animals/Sketches/avians/buzzards/cluckzilla.html","3","0","https://ronenglish-archive.github.io/ron-english-sketches-animals/images/Sketches/avians/buzzards/Cluckzilla%20ORIGINAL.jpg","OK","Ready."
"Animals","Delusionville Pilots - Buzzard","avians","Sketches\avians\buzzards\delusionville-pilots-buzzard.html","https://ronenglish-archive.github.io/ron-english-sketches-animals/Sketches/avians/buzzards/delusionville-pilots-buzzard.html","5","0","https://ronenglish-archive.github.io/ron-english-sketches-animals/images/Sketches/avians/buzzards/Delusionville%20Pilots%20-%20Buzzard%20side%20view%20ORIGINAL.jpg","OK","Ready."
"Animals","Grousegoose Huffyplume","avians","Sketches\avians\buzzards\grousegoose-huffyplume.html","https://ronenglish-archive.github.io/ron-english-sketches-animals/Sketches/avians/buzzards/grousegoose-huffyplume.html","3","0","https://ronenglish-archive.github.io/ron-english-sketches-animals/images/Sketches/avians/buzzards/Grousegoose%20Huffyplume%20ORIGINAL.jpg","OK","Ready."
"Animals","Hatch Buzzard","avians","Sketches\avians\buzzards\hatch-buzzard.html","https://ronenglish-archive.github.io/ron-english-sketches-animals/Sketches/avians/buzzards/hatch-buzzard.html","3","0","https://ronenglish-archive.github.io/ron-english-sketches-animals/images/Sketches/avians/buzzards/Hatch%20buzzard%20ORIGINAL.jpg","OK","Ready."
"Animals","Lightning Bird","avians","Sketches\avians\buzzards\lightning-bird.html","https://ronenglish-archive.github.io/ron-english-sketches-animals/Sketches/avians/buzzards/lightning-bird.html","2","0","https://ronenglish-archive.github.io/ron-english-sketches-animals/images/Sketches/avians/buzzards/lightning%20bird%20B%26Wdigital.jpg","OK","Ready."
"Animals","Orange-Nosed Buttbrain","avians","Sketches\avians\buzzards\orange-nosed-buttbrain.html","https://ronenglish-archive.github.io/ron-english-sketches-animals/Sketches/avians/buzzards/orange-nosed-buttbrain.html","3","0","https://ronenglish-archive.github.io/ron-english-sketches-animals/images/Sketches/avians/buzzards/Orange-Nosed%20Buttbrain%20ORIGINAL.jpg","OK","Ready."
"Animals","Scrap Ard","avians","Sketches\avians\buzzards\scrap-ard.html","https://ronenglish-archive.github.io/ron-english-sketches-animals/Sketches/avians/buzzards/scrap-ard.html","11","0","https://ronenglish-archive.github.io/ron-english-sketches-animals/images/Sketches/avians/buzzards/Scrap%20Ard%20Flying%20ORIGINAL.jpg","OK","Ready."
"Animals","Vull Ture","avians","Sketches\avians\buzzards\vull-ture.html","https://ronenglish-archive.github.io/ron-english-sketches-animals/Sketches/avians/buzzards/vull-ture.html","6","0","https://ronenglish-archive.github.io/ron-english-sketches-animals/images/Sketches/avians/buzzards/Vull%20Ture%20ORIGINAL.jpeg","OK","Ready."
"Animals","500-Pound Poultry","avians","Sketches\avians\chickens\500-pound-poultry.html","https://ronenglish-archive.github.io/ron-english-sketches-animals/Sketches/avians/chickens/500-pound-poultry.html","20","6","https://ronenglish-archive.github.io/ron-english-sketches-animals/images/Sketches/avians/chickens/500%20Pound%20Poultry%202%20ORIGINAL.jpg","REVIEW","Some local image references were not found."
"Animals","Alien Quack Crown","avians","Sketches\avians\ducks\alien-quack-crown.html","https://ronenglish-archive.github.io/ron-english-sketches-animals/Sketches/avians/ducks/alien-quack-crown.html","2","0","https://ronenglish-archive.github.io/ron-english-sketches-animals/images/Sketches/avians/ducks/Alien%20Quack%20Crown%20B%26W.png","OK","Ready."
"Animals","Allie Quack","avians","Sketches\avians\ducks\allie-quack.html","https://ronenglish-archive.github.io/ron-english-sketches-animals/Sketches/avians/ducks/allie-quack.html","3","0","https://ronenglish-archive.github.io/ron-english-sketches-animals/images/Sketches/avians/ducks/Allie%20Quack%20COLOR.png","OK","Ready."
"Animals","Allie Quack Early Version","avians","Sketches\avians\ducks\allie-quack-early-version.html","https://ronenglish-archive.github.io/ron-english-sketches-animals/Sketches/avians/ducks/allie-quack-early-version.html","3","0","https://ronenglish-archive.github.io/ron-english-sketches-animals/images/Sketches/avians/ducks/Allie%20Quack%20early%20version%20ORIGINAL.jpg","OK","Ready."
"Animals","Allie Quack with Bowling Balls","avians","Sketches\avians\ducks\allie-quack-with-bowling-balls.html","https://ronenglish-archive.github.io/ron-english-sketches-animals/Sketches/avians/ducks/allie-quack-with-bowling-balls.html","2","0","https://ronenglish-archive.github.io/ron-english-sketches-animals/images/Sketches/avians/ducks/Allie%20Quack%20walking%20B%26W.png","OK","Ready."
"Animals","Dr. Bub Quack","avians","Sketches\avians\ducks\dr-bub-quack.html","https://ronenglish-archive.github.io/ron-english-sketches-animals/Sketches/avians/ducks/dr-bub-quack.html","43","0","https://ronenglish-archive.github.io/ron-english-sketches-animals/images/Sketches/avians/ducks/Bub%20Quack%20and%20Friends%20ORIGINAL%20COLOR.jpg","OK","Ready."
"Animals","Dr. Bub Quack Early Version","avians","Sketches\avians\ducks\dr-bub-quack-early-version.html","https://ronenglish-archive.github.io/ron-english-sketches-animals/Sketches/avians/ducks/dr-bub-quack-early-version.html","2","0","https://ronenglish-archive.github.io/ron-english-sketches-animals/images/Sketches/avians/ducks/Dr%20Bub%20Quack%20early%20version%20B%26W.png","OK","Ready."
"Animals","Duck at War","avians","Sketches\avians\ducks\duck-at-war.html","https://ronenglish-archive.github.io/ron-english-sketches-animals/Sketches/avians/ducks/duck-at-war.html","3","0","https://ronenglish-archive.github.io/ron-english-sketches-animals/images/Sketches/avians/ducks/Duck%20at%20War%20ORIGINAL%20COLOR.jpg","OK","Ready."
"Animals","Duck Boat","avians","Sketches\avians\ducks\duck-boat.html","https://ronenglish-archive.github.io/ron-english-sketches-animals/Sketches/avians/ducks/duck-boat.html","8","0","https://ronenglish-archive.github.io/ron-english-sketches-animals/images/Sketches/avians/ducks/Duck%20boat%20back%20ORIGINAL.jpg","OK","Ready."
"Animals","Duck Fetus","avians","Sketches\avians\ducks\duck-fetus.html","https://ronenglish-archive.github.io/ron-english-sketches-animals/Sketches/avians/ducks/duck-fetus.html","3","0","https://ronenglish-archive.github.io/ron-english-sketches-animals/images/Sketches/avians/ducks/Duck%20Fetus%20ORIGINAL.jpg","OK","Ready."
"Animals","Duck House - Riverview Estates","avians","Sketches\avians\ducks\duck-house-riverview-estates.html","https://ronenglish-archive.github.io/ron-english-sketches-animals/Sketches/avians/ducks/duck-house-riverview-estates.html","3","0","https://ronenglish-archive.github.io/ron-english-sketches-animals/images/Sketches/avians/ducks/Duck%20House%20-%20Riverview%20Estates%20ORIGINAL%20COLOR.jpg","OK","Ready."
"Animals","Eddie Six Quack","avians","Sketches\avians\ducks\eddie-six-quack.html","https://ronenglish-archive.github.io/ron-english-sketches-animals/Sketches/avians/ducks/eddie-six-quack.html","5","0","https://ronenglish-archive.github.io/ron-english-sketches-animals/images/Sketches/avians/ducks/Eddie%20%E2%80%9CSix%E2%80%9D%20Quack%20ORIGINAL.jpg","OK","Ready."
"Animals","Eddie Six Quack and Football","avians","Sketches\avians\ducks\eddie-six-quack-and-football.html","https://ronenglish-archive.github.io/ron-english-sketches-animals/Sketches/avians/ducks/eddie-six-quack-and-football.html","2","0","https://ronenglish-archive.github.io/ron-english-sketches-animals/images/Sketches/avians/ducks/Eddie%20Six%20Quack%20and%20Football%20B%26W.png","OK","Ready."
"Animals","Eddie Six Quack Early Version","avians","Sketches\avians\ducks\eddie-six-quack-early-version.html","https://ronenglish-archive.github.io/ron-english-sketches-animals/Sketches/avians/ducks/eddie-six-quack-early-version.html","3","0","https://ronenglish-archive.github.io/ron-english-sketches-animals/images/Sketches/avians/ducks/Eddie%20Six%20Quack%20early%20version%20ORIGINAL.jpg","OK","Ready."
"Animals","Flying Duck","avians","Sketches\avians\ducks\flying-duck.html","https://ronenglish-archive.github.io/ron-english-sketches-animals/Sketches/avians/ducks/flying-duck.html","3","0","https://ronenglish-archive.github.io/ron-english-sketches-animals/images/Sketches/avians/ducks/Flying%20Duck%20ORIGINAL.jpg","OK","Ready."
"Animals","Football Duck","avians","Sketches\avians\ducks\football-duck.html","https://ronenglish-archive.github.io/ron-english-sketches-animals/Sketches/avians/ducks/football-duck.html","3","0","https://ronenglish-archive.github.io/ron-english-sketches-animals/images/Sketches/avians/ducks/Football%20Duck%20ORIGINAL.jpg","OK","Ready."
"Animals","Hatch Quack","avians","Sketches\avians\ducks\hatch-quack.html","https://ronenglish-archive.github.io/ron-english-sketches-animals/Sketches/avians/ducks/hatch-quack.html","3","0","https://ronenglish-archive.github.io/ron-english-sketches-animals/images/Sketches/avians/ducks/Hatch%20Quack%20ORIGINAL.jpg","OK","Ready."
"Animals","Jet Quack","avians","Sketches\avians\ducks\jet-quack.html","https://ronenglish-archive.github.io/ron-english-sketches-animals/Sketches/avians/ducks/jet-quack.html","5","0","https://ronenglish-archive.github.io/ron-english-sketches-animals/images/Sketches/avians/ducks/Jet%20Quack%20Quack%20ORIGINAL.jpg","OK","Ready."
"Animals","Jet Quack Early Version","avians","Sketches\avians\ducks\jet-quack-early-version.html","https://ronenglish-archive.github.io/ron-english-sketches-animals/Sketches/avians/ducks/jet-quack-early-version.html","3","0","https://ronenglish-archive.github.io/ron-english-sketches-animals/images/Sketches/avians/ducks/Jet%20Quack%20early%20version%20ORIGINAL.jpg","OK","Ready."
"Animals","Punk Duck","avians","Sketches\avians\ducks\punk-duck.html","https://ronenglish-archive.github.io/ron-english-sketches-animals/Sketches/avians/ducks/punk-duck.html","9","0","https://ronenglish-archive.github.io/ron-english-sketches-animals/images/Sketches/avians/ducks/Punk%20Duck%20back%20ORIGINAL.jpg","OK","Ready."
"Animals","Quack Egg","avians","Sketches\avians\ducks\quack-egg.html","https://ronenglish-archive.github.io/ron-english-sketches-animals/Sketches/avians/ducks/quack-egg.html","2","0","https://ronenglish-archive.github.io/ron-english-sketches-animals/images/Sketches/avians/ducks/Quack%20Egg%20ORIGINAL.jpg","OK","Ready."
"Animals","Quack Guernica","avians","Sketches\avians\ducks\quack-guernica.html","https://ronenglish-archive.github.io/ron-english-sketches-animals/Sketches/avians/ducks/quack-guernica.html","4","0","https://ronenglish-archive.github.io/ron-english-sketches-animals/images/Sketches/avians/ducks/Quack%20Guernica%201%20B%26W.png","OK","Ready."
"Animals","Small Duck","avians","Sketches\avians\ducks\small-duck.html","https://ronenglish-archive.github.io/ron-english-sketches-animals/Sketches/avians/ducks/small-duck.html","2","0","https://ronenglish-archive.github.io/ron-english-sketches-animals/images/Sketches/avians/ducks/Small%20Duck%20B%26W.jpg","OK","Ready."
"Animals","Eagle Head","avians","Sketches\avians\eagles\eagle-head.html","https://ronenglish-archive.github.io/ron-english-sketches-animals/Sketches/avians/eagles/eagle-head.html","3","0","https://ronenglish-archive.github.io/ron-english-sketches-animals/images/Sketches/avians/eagles/Eagle%20Head%20ORIGINAL.jpg","OK","Ready."
"Animals","Eagle Weed","avians","Sketches\avians\eagles\eagle-weed.html","https://ronenglish-archive.github.io/ron-english-sketches-animals/Sketches/avians/eagles/eagle-weed.html","1","0","https://ronenglish-archive.github.io/ron-english-sketches-animals/images/Sketches/avians/eagles/Eagle%20Weed%20COLOR%20digital.jpg","OK","Ready."
"Animals","Lightning Bird","avians","Sketches\avians\eagles\lightning-bird.html","https://ronenglish-archive.github.io/ron-english-sketches-animals/Sketches/avians/eagles/lightning-bird.html","1","0","https://ronenglish-archive.github.io/ron-english-sketches-animals/images/Sketches/avians/eagles/Lightning%20Bird%20COLOR%20digital.jpg","OK","Ready."
"Animals","Bird","avians","Sketches\avians\other birds\bird.html","https://ronenglish-archive.github.io/ron-english-sketches-animals/Sketches/avians/other%20birds/bird.html","2","0","https://ronenglish-archive.github.io/ron-english-sketches-animals/images/Sketches/avians/other%20birds/Bird%20ORIGINAL.jpeg","OK","Ready."
"Animals","Bird Beak","avians","Sketches\avians\other birds\bird-beak.html","https://ronenglish-archive.github.io/ron-english-sketches-animals/Sketches/avians/other%20birds/bird-beak.html","2","0","https://ronenglish-archive.github.io/ron-english-sketches-animals/images/Sketches/avians/other%20birds/Bird%20Beak%20B%26W%20digital.png","OK","Ready."
"Animals","Staples Pigeon","avians","Sketches\avians\other birds\staples-pigeon.html","https://ronenglish-archive.github.io/ron-english-sketches-animals/Sketches/avians/other%20birds/staples-pigeon.html","1","0","https://ronenglish-archive.github.io/ron-english-sketches-animals/images/Sketches/avians/other%20birds/Staples%20Pigeon%20ORIGINAL.jpg","OK","Ready."
"Animals","Bear and Babe","bears","Sketches\bears\bear-and-babe.html","https://ronenglish-archive.github.io/ron-english-sketches-animals/Sketches/bears/bear-and-babe.html","3","0","https://ronenglish-archive.github.io/ron-english-sketches-animals/images/Sketches/bears/Bear%20and%20Babe%20ORIGINAL.jpg","OK","Ready."
"Animals","Bear Family Icon","bears","Sketches\bears\bear-family-icon.html","https://ronenglish-archive.github.io/ron-english-sketches-animals/Sketches/bears/bear-family-icon.html","1","0","https://ronenglish-archive.github.io/ron-english-sketches-animals/images/Sketches/bears/Bear%20Family%20Icon%20COLOR.jpg","OK","Ready."
"Animals","Bear Portrait","bears","Sketches\bears\bear-portrait.html","https://ronenglish-archive.github.io/ron-english-sketches-animals/Sketches/bears/bear-portrait.html","1","0","https://ronenglish-archive.github.io/ron-english-sketches-animals/images/Sketches/bears/Bear%20Portrait%20ORIGINAL.jpg","OK","Ready."
"Animals","Beer Bear","bears","Sketches\bears\beer-bear.html","https://ronenglish-archive.github.io/ron-english-sketches-animals/Sketches/bears/beer-bear.html","2","0","https://ronenglish-archive.github.io/ron-english-sketches-animals/images/Sketches/bears/Beer%20Bear%20B%26W%20digital.jpg","OK","Ready."
"Animals","Blue Bear","bears","Sketches\bears\blue-bear.html","https://ronenglish-archive.github.io/ron-english-sketches-animals/Sketches/bears/blue-bear.html","3","0","https://ronenglish-archive.github.io/ron-english-sketches-animals/images/Sketches/bears/Blue%20Bear%20ORIGINAL.jpg","OK","Ready."
"Animals","Li'l Bear","bears","Sketches\bears\lil-bear.html","https://ronenglish-archive.github.io/ron-english-sketches-animals/Sketches/bears/lil-bear.html","0","0","","REVIEW","No image references found."
"Animals","My Thoughts Escape Me","bears","Sketches\bears\my-thoughts-escape-me.html","https://ronenglish-archive.github.io/ron-english-sketches-animals/Sketches/bears/my-thoughts-escape-me.html","3","0","https://ronenglish-archive.github.io/ron-english-sketches-animals/images/Sketches/bears/My%20Thoughts%20Escape%20Me%20ORIGINAL.jpg","OK","Ready."
"Animals","Papa Panda","bears","Sketches\bears\papa-panda.html","https://ronenglish-archive.github.io/ron-english-sketches-animals/Sketches/bears/papa-panda.html","6","0","https://ronenglish-archive.github.io/ron-english-sketches-animals/images/Sketches/bears/Papa%20Panda%20B%26W%20digital.jpg","OK","Ready."
"Animals","Red Bear","bears","Sketches\bears\red-bear.html","https://ronenglish-archive.github.io/ron-english-sketches-animals/Sketches/bears/red-bear.html","3","0","https://ronenglish-archive.github.io/ron-english-sketches-animals/images/Sketches/bears/Red%20Bear%20ORIGINAL.jpg","OK","Ready."
"Animals","White Bear","bears","Sketches\bears\white-bear.html","https://ronenglish-archive.github.io/ron-english-sketches-animals/Sketches/bears/white-bear.html","3","0","https://ronenglish-archive.github.io/ron-english-sketches-animals/images/Sketches/bears/White%20Bear%20ORIGINAL.jpg","OK","Ready."
"Animals","Bigfoot Family Icon","bigfoot","Sketches\bigfoot\bigfoot-family-icon.html","https://ronenglish-archive.github.io/ron-english-sketches-animals/Sketches/bigfoot/bigfoot-family-icon.html","1","0","https://ronenglish-archive.github.io/ron-english-sketches-animals/images/Sketches/bigfoot/Bigfoot%20Family%20Icon%20COLOR.jpg","OK","Ready."
"Animals","Bigfoot Feet","bigfoot","Sketches\bigfoot\bigfoot-feet.html","https://ronenglish-archive.github.io/ron-english-sketches-animals/Sketches/bigfoot/bigfoot-feet.html","2","0","https://ronenglish-archive.github.io/ron-english-sketches-animals/images/Sketches/bigfoot/Bigfoot%20feet%20ORIGINAL.jpg","OK","Ready."
"Animals","Bigfoot Living Room","bigfoot","Sketches\bigfoot\bigfoot-living-room.html","https://ronenglish-archive.github.io/ron-english-sketches-animals/Sketches/bigfoot/bigfoot-living-room.html","4","0","https://ronenglish-archive.github.io/ron-english-sketches-animals/images/Sketches/bigfoot/Bigfoot%20Living%20Room%201%20ORIGINAL.jpg","OK","Ready."
"Animals","Bigfoot Messiah","bigfoot","Sketches\bigfoot\bigfoot-messiah.html","https://ronenglish-archive.github.io/ron-english-sketches-animals/Sketches/bigfoot/bigfoot-messiah.html","3","0","https://ronenglish-archive.github.io/ron-english-sketches-animals/images/Sketches/bigfoot/Bigfoot%20Messiah%20ORIGINAL.jpg","OK","Ready."
"Animals","Bigfoot Toddler","bigfoot","Sketches\bigfoot\bigfoot-toddler.html","https://ronenglish-archive.github.io/ron-english-sketches-animals/Sketches/bigfoot/bigfoot-toddler.html","2","0","https://ronenglish-archive.github.io/ron-english-sketches-animals/images/Sketches/bigfoot/Bigfoot%20Toddler%20B%26W.jpg","OK","Ready."
"Animals","Bigfoot Tourist","bigfoot","Sketches\bigfoot\bigfoot-tourist.html","https://ronenglish-archive.github.io/ron-english-sketches-animals/Sketches/bigfoot/bigfoot-tourist.html","4","0","https://ronenglish-archive.github.io/ron-english-sketches-animals/images/Sketches/bigfoot/Bigfoot%20Tourist%20ORIGINAL.jpg","OK","Ready."
"Animals","Fake Father Bigfoot","bigfoot","Sketches\bigfoot\fake-father-bigfoot.html","https://ronenglish-archive.github.io/ron-english-sketches-animals/Sketches/bigfoot/fake-father-bigfoot.html","6","0","https://ronenglish-archive.github.io/ron-english-sketches-animals/images/Sketches/bigfoot/Fake%20Father%20Bigfoot%20ORIGINAL.jpg","OK","Ready."
"Animals","Lady Bigfoot","bigfoot","Sketches\bigfoot\lady-bigfoot.html","https://ronenglish-archive.github.io/ron-english-sketches-animals/Sketches/bigfoot/lady-bigfoot.html","3","0","https://ronenglish-archive.github.io/ron-english-sketches-animals/images/Sketches/bigfoot/Lady%20Bigfoot%20ORIGINAL.jpg","OK","Ready."
"Animals","Li'l Bigfoot","bigfoot","Sketches\bigfoot\lil-bigfoot.html","https://ronenglish-archive.github.io/ron-english-sketches-animals/Sketches/bigfoot/lil-bigfoot.html","6","0","https://ronenglish-archive.github.io/ron-english-sketches-animals/images/Sketches/bigfoot/Li'l%20Bigfoot%20ORIGINAL.jpg","OK","Ready."
"Animals","Li'l Bigfoot with Beard","bigfoot","Sketches\bigfoot\lil-bigfoot-with-beard.html","https://ronenglish-archive.github.io/ron-english-sketches-animals/Sketches/bigfoot/lil-bigfoot-with-beard.html","14","0","https://ronenglish-archive.github.io/ron-english-sketches-animals/images/Sketches/bigfoot/Li'l%20Bigfoot%20with%20beard%20front%20ORIGINAL.jpg","OK","Ready."
"Animals","Little Bigfoot","bigfoot","Sketches\bigfoot\little-bigfoot.html","https://ronenglish-archive.github.io/ron-english-sketches-animals/Sketches/bigfoot/little-bigfoot.html","3","0","https://ronenglish-archive.github.io/ron-english-sketches-animals/images/Sketches/bigfoot/Little%20Bigfoot%20ORIGINAL.jpg","OK","Ready."
"Animals","Midget Bigfoot","bigfoot","Sketches\bigfoot\midget-bigfoot.html","https://ronenglish-archive.github.io/ron-english-sketches-animals/Sketches/bigfoot/midget-bigfoot.html","6","0","https://ronenglish-archive.github.io/ron-english-sketches-animals/images/Sketches/bigfoot/Midget%20Bigfoot%20ORIGINAL.jpg","OK","Ready."
"Animals","Myth Mother Bigfoot","bigfoot","Sketches\bigfoot\myth-mother-bigfoot.html","https://ronenglish-archive.github.io/ron-english-sketches-animals/Sketches/bigfoot/myth-mother-bigfoot.html","5","0","https://ronenglish-archive.github.io/ron-english-sketches-animals/images/Sketches/bigfoot/Myth%20Mother%20Bigfoot%20B%26W.jpg","OK","Ready."
"Animals","New Urban Bigfoot","bigfoot","Sketches\bigfoot\new-urban-bigfoot.html","https://ronenglish-archive.github.io/ron-english-sketches-animals/Sketches/bigfoot/new-urban-bigfoot.html","4","0","https://ronenglish-archive.github.io/ron-english-sketches-animals/images/Sketches/bigfoot/New%20Urban%20Bigfoot%20ORIGINAL.jpg","OK","Ready."
"Animals","Urban Bigfoot","bigfoot","Sketches\bigfoot\urban-bigfoot.html","https://ronenglish-archive.github.io/ron-english-sketches-animals/Sketches/bigfoot/urban-bigfoot.html","14","0","https://ronenglish-archive.github.io/ron-english-sketches-animals/images/Sketches/bigfoot/Urban%20Bigfoot%201%20front%20ORIGINAL.jpg","OK","Ready."
"Animals","Urban Bigfoot with Hoodie","bigfoot","Sketches\bigfoot\urban-bigfoot-with-hoodie.html","https://ronenglish-archive.github.io/ron-english-sketches-animals/Sketches/bigfoot/urban-bigfoot-with-hoodie.html","2","0","https://ronenglish-archive.github.io/ron-english-sketches-animals/images/Sketches/bigfoot/Urban%20Bigfoot%20with%20Hoodie%20front.jpg","OK","Ready."
"Animals","Washington Bigfoot","bigfoot","Sketches\bigfoot\washington-bigfoot.html","https://ronenglish-archive.github.io/ron-english-sketches-animals/Sketches/bigfoot/washington-bigfoot.html","2","0","https://ronenglish-archive.github.io/ron-english-sketches-animals/images/Sketches/bigfoot/Washington%20Bigfoot%20ORIGINAL.jpg","OK","Ready."
"Grins","Alien Baby Grin","grins","Sketches\grins\alien-baby-grin.html","https://ronenglish-archive.github.io/ron-english-sketches-grins/Sketches/grins/alien-baby-grin.html","3","0","https://ronenglish-archive.github.io/ron-english-sketches-grins/images/Sketches/grins/Alien%20Baby%20Grin%20colorway%201.jpg","OK","Ready."
"Grins","Alien Grin","grins","Sketches\grins\alien-grin.html","https://ronenglish-archive.github.io/ron-english-sketches-grins/Sketches/grins/alien-grin.html","1","0","https://ronenglish-archive.github.io/ron-english-sketches-grins/images/Sketches/grins/Alien%20Grin%20COLOR.png","OK","Ready."
"Grins","Angel Grin","grins","Sketches\grins\angel-grin.html","https://ronenglish-archive.github.io/ron-english-sketches-grins/Sketches/grins/angel-grin.html","3","0","https://ronenglish-archive.github.io/ron-english-sketches-grins/images/Sketches/grins/Angel%20Grin%20B%26W.jpg","OK","Ready."
"Grins","Angel Wings Grin","grins","Sketches\grins\angel-wings-grin.html","https://ronenglish-archive.github.io/ron-english-sketches-grins/Sketches/grins/angel-wings-grin.html","54","0","https://ronenglish-archive.github.io/ron-english-sketches-grins/images/Sketches/grins/Carousel%20Grinnie%20front%20ORIGINAL.jpg","OK","Ready."
"Grins","Artist Grin","grins","Sketches\grins\artist-grin.html","https://ronenglish-archive.github.io/ron-english-sketches-grins/Sketches/grins/artist-grin.html","4","0","https://ronenglish-archive.github.io/ron-english-sketches-grins/images/Sketches/grins/Artist%20Grin%20B%26W.jpg","OK","Ready."
"Grins","Astro Boy Grin","grins","Sketches\grins\astro-boy-grin.html","https://ronenglish-archive.github.io/ron-english-sketches-grins/Sketches/grins/astro-boy-grin.html","2","0","https://ronenglish-archive.github.io/ron-english-sketches-grins/images/Sketches/grins/Astro%20Boy%20Grin%20COLOR.jpg","OK","Ready."
"Grins","Astrogrin","grins","Sketches\grins\astrogrin.html","https://ronenglish-archive.github.io/ron-english-sketches-grins/Sketches/grins/astrogrin.html","3","0","https://ronenglish-archive.github.io/ron-english-sketches-grins/images/Sketches/grins/Astrogrin%20ORIGINAL.jpg","OK","Ready."
"Grins","Babalouie Grin","grins","Sketches\grins\babalouie-grin.html","https://ronenglish-archive.github.io/ron-english-sketches-grins/Sketches/grins/babalouie-grin.html","3","0","https://ronenglish-archive.github.io/ron-english-sketches-grins/images/Sketches/grins/Babalouie%20Grin%20ORIGINAL.jpg","OK","Ready."
"Grins","Baby Grin","grins","Sketches\grins\baby-grin.html","https://ronenglish-archive.github.io/ron-english-sketches-grins/Sketches/grins/baby-grin.html","4","0","https://ronenglish-archive.github.io/ron-english-sketches-grins/images/Sketches/grins/Baby%20Grin%20ORIGINAL%202.jpg","OK","Ready."
"Grins","Baby Grin 2","grins","Sketches\grins\baby-grin-2.html","https://ronenglish-archive.github.io/ron-english-sketches-grins/Sketches/grins/baby-grin-2.html","4","0","https://ronenglish-archive.github.io/ron-english-sketches-grins/images/Sketches/grins/Baby%20Grin%202%20ORIGINAL.jpg","OK","Ready."
"Grins","Badly Drawn Batman Grin","grins","Sketches\grins\badly-drawn-batman-grin.html","https://ronenglish-archive.github.io/ron-english-sketches-grins/Sketches/grins/badly-drawn-batman-grin.html","1","0","https://ronenglish-archive.github.io/ron-english-sketches-grins/images/Sketches/grins/Badly%20Drawn%20Batman%20Grin%20ORIGINAL%20COLOR.jpg","OK","Ready."
"Grins","Barney Grin","grins","Sketches\grins\barney-grin.html","https://ronenglish-archive.github.io/ron-english-sketches-grins/Sketches/grins/barney-grin.html","21","0","https://ronenglish-archive.github.io/ron-english-sketches-grins/images/Sketches/grins/Barney%20Grin%20front%201%20ORIGINAL.jpg","OK","Ready."
"Grins","Bart Grin","grins","Sketches\grins\bart-grin.html","https://ronenglish-archive.github.io/ron-english-sketches-grins/Sketches/grins/bart-grin.html","14","0","https://ronenglish-archive.github.io/ron-english-sketches-grins/images/Sketches/grins/Bart%20Grin%20Chubby%20front%20ORIGINAL.jpg","OK","Ready."
"Grins","Bartman Grin","grins","Sketches\grins\bartman-grin.html","https://ronenglish-archive.github.io/ron-english-sketches-grins/Sketches/grins/bartman-grin.html","3","0","https://ronenglish-archive.github.io/ron-english-sketches-grins/images/Sketches/grins/Bartman%20Grin%20flying%20B%26W.jpg","OK","Ready."
"Grins","Baseball Grin","grins","Sketches\grins\baseball-grin.html","https://ronenglish-archive.github.io/ron-english-sketches-grins/Sketches/grins/baseball-grin.html","6","0","https://ronenglish-archive.github.io/ron-english-sketches-grins/images/Sketches/grins/Baseball%20Grin%20ORIGINAL.jpg","OK","Ready."
"Grins","Basketball Bulldog Grin","grins","Sketches\grins\basketball-bulldog-grin.html","https://ronenglish-archive.github.io/ron-english-sketches-grins/Sketches/grins/basketball-bulldog-grin.html","2","0","https://ronenglish-archive.github.io/ron-english-sketches-grins/images/Sketches/grins/Basketball%20Bulldog%20Grin%20B%26W.jpg","OK","Ready."
"Grins","Basketball Grin","grins","Sketches\grins\basketball-grin.html","https://ronenglish-archive.github.io/ron-english-sketches-grins/Sketches/grins/basketball-grin.html","16","0","https://ronenglish-archive.github.io/ron-english-sketches-grins/images/Sketches/grins/Basketball%20Grin%20back%20ORIGINAL.jpg","OK","Ready."
"Grins","Bat Grin","grins","Sketches\grins\bat-grin.html","https://ronenglish-archive.github.io/ron-english-sketches-grins/Sketches/grins/bat-grin.html","6","0","https://ronenglish-archive.github.io/ron-english-sketches-grins/images/Sketches/grins/Bat%20Grin%20front%20ORIGINAL.jpg","OK","Ready."
"Grins","Bat Grin version 2","grins","Sketches\grins\bat-grin-version-2.html","https://ronenglish-archive.github.io/ron-english-sketches-grins/Sketches/grins/bat-grin-version-2.html","6","0","https://ronenglish-archive.github.io/ron-english-sketches-grins/images/Sketches/grins/Bat%20Grin%20version%202%20front%20ORIGINAL.jpg","OK","Ready."
"Grins","Batman Grin","grins","Sketches\grins\batman-grin.html","https://ronenglish-archive.github.io/ron-english-sketches-grins/Sketches/grins/batman-grin.html","7","0","https://ronenglish-archive.github.io/ron-english-sketches-grins/images/Sketches/grins/Batman%20Grin%20ORIGINAL%202.jpg","OK","Ready."
"Grins","Batman Grin and Robin 2","grins","Sketches\grins\batman-grin-and-robin-2.html","https://ronenglish-archive.github.io/ron-english-sketches-grins/Sketches/grins/batman-grin-and-robin-2.html","1","0","https://ronenglish-archive.github.io/ron-english-sketches-grins/images/Sketches/grins/Batman%20Grin%20and%20Robin%202%20ORIGINAL.jpg","OK","Ready."
"Grins","Batman Grin Icon","grins","Sketches\grins\batman-grin-icon.html","https://ronenglish-archive.github.io/ron-english-sketches-grins/Sketches/grins/batman-grin-icon.html","2","0","https://ronenglish-archive.github.io/ron-english-sketches-grins/images/Sketches/grins/Batman%20Grin%20Icon%20B%26W.jpg","OK","Ready."
"Grins","Batman Grin Torso","grins","Sketches\grins\batman-grin-torso.html","https://ronenglish-archive.github.io/ron-english-sketches-grins/Sketches/grins/batman-grin-torso.html","4","0","https://ronenglish-archive.github.io/ron-english-sketches-grins/images/Sketches/grins/Batman%20Grin%20three%20quarters%20COLOR%201.png","OK","Ready."
"Grins","Battle Cat Grin","grins","Sketches\grins\battle-cat-grin.html","https://ronenglish-archive.github.io/ron-english-sketches-grins/Sketches/grins/battle-cat-grin.html","0","0","","REVIEW","No image references found."
"Grins","Battle Skull Grin","grins","Sketches\grins\battle-skull-grin.html","https://ronenglish-archive.github.io/ron-english-sketches-grins/Sketches/grins/battle-skull-grin.html","4","0","https://ronenglish-archive.github.io/ron-english-sketches-grins/images/Sketches/grins/Battle%20Skull%20Grin%20ORIGINAL.jpg","OK","Ready."
"Grins","Bearbrick Skull","grins","Sketches\grins\bearbrick-skull.html","https://ronenglish-archive.github.io/ron-english-sketches-grins/Sketches/grins/bearbrick-skull.html","3","0","https://ronenglish-archive.github.io/ron-english-sketches-grins/images/Sketches/grins/Bearbrick%20Skull%20ORIGINAL.jpg","OK","Ready."
"Grins","Bear Grin Forked Tongue","grins","Sketches\grins\bear-grin-forked-tongue.html","https://ronenglish-archive.github.io/ron-english-sketches-grins/Sketches/grins/bear-grin-forked-tongue.html","5","0","https://ronenglish-archive.github.io/ron-english-sketches-grins/images/Sketches/grins/Bear%20Grin%20Forked%20Tongue%20ORIGINAL.jpg","OK","Ready."
"Grins","Beast Man Grin","grins","Sketches\grins\beast-man-grin.html","https://ronenglish-archive.github.io/ron-english-sketches-grins/Sketches/grins/beast-man-grin.html","3","0","https://ronenglish-archive.github.io/ron-english-sketches-grins/images/Sketches/grins/Beast%20Man%20Grin%20ORIGINAL.jpg","OK","Ready."
"Grins","Bert Grin","grins","Sketches\grins\bert-grin.html","https://ronenglish-archive.github.io/ron-english-sketches-grins/Sketches/grins/bert-grin.html","4","0","https://ronenglish-archive.github.io/ron-english-sketches-grins/images/Sketches/grins/Bert%20Grin%20ORIGINAL.jpg","OK","Ready."
"Grins","Big Boy Grin","grins","Sketches\grins\big-boy-grin.html","https://ronenglish-archive.github.io/ron-english-sketches-grins/Sketches/grins/big-boy-grin.html","3","0","https://ronenglish-archive.github.io/ron-english-sketches-grins/images/Sketches/grins/Big%20Boy%20Grin%20ORIGINAL.jpg","OK","Ready."
"Grins","Biggie Grin","grins","Sketches\grins\biggie-grin.html","https://ronenglish-archive.github.io/ron-english-sketches-grins/Sketches/grins/biggie-grin.html","3","0","https://ronenglish-archive.github.io/ron-english-sketches-grins/images/Sketches/grins/Biggie%20Grin%20ORIGINAL%20COLOR.png","OK","Ready."
"Grins","Blanka Grin","grins","Sketches\grins\blanka-grin.html","https://ronenglish-archive.github.io/ron-english-sketches-grins/Sketches/grins/blanka-grin.html","1","0","https://ronenglish-archive.github.io/ron-english-sketches-grins/images/Sketches/grins/Blanka%20Grin%20ORIGINAL.jpg","OK","Ready."
"Grins","Blotchy Grin","grins","Sketches\grins\blotchy-grin.html","https://ronenglish-archive.github.io/ron-english-sketches-grins/Sketches/grins/blotchy-grin.html","2","0","https://ronenglish-archive.github.io/ron-english-sketches-grins/images/Sketches/grins/Blotchy%20Grin%20ORIGINAL.jpg","OK","Ready."
"Grins","Blue From Blue’s Clues Grin","grins","Sketches\grins\blue-from-blue-s-clues-grin.html","https://ronenglish-archive.github.io/ron-english-sketches-grins/Sketches/grins/blue-from-blue-s-clues-grin.html","3","0","https://ronenglish-archive.github.io/ron-english-sketches-grins/images/Sketches/grins/Blue%20From%20Blue%E2%80%99s%20Clues%20Grin%20ORIGINAL.jpg","OK","Ready."
"Grins","Boba Fett Grin","grins","Sketches\grins\boba-fett-grin.html","https://ronenglish-archive.github.io/ron-english-sketches-grins/Sketches/grins/boba-fett-grin.html","12","0","https://ronenglish-archive.github.io/ron-english-sketches-grins/images/Sketches/grins/Boba%20Fett%20Grin%20front%20ORIGINAL.jpg","OK","Ready."
"Grins","Boo Boo Bear Grin","grins","Sketches\grins\boo-boo-bear-grin.html","https://ronenglish-archive.github.io/ron-english-sketches-grins/Sketches/grins/boo-boo-bear-grin.html","3","0","https://ronenglish-archive.github.io/ron-english-sketches-grins/images/Sketches/grins/Boo%20Boo%20Bear%20Grin%20ORIGINAL.jpg","OK","Ready."
"Grins","Bored Ape Grin","grins","Sketches\grins\bored-ape-grin.html","https://ronenglish-archive.github.io/ron-english-sketches-grins/Sketches/grins/bored-ape-grin.html","1","0","https://ronenglish-archive.github.io/ron-english-sketches-grins/images/Sketches/grins/Bored%20Ape%20Cowboy%20Grin%20COLOR.jpg","OK","Ready."
"Grins","B-Rex Grin","grins","Sketches\grins\b-rex-grin.html","https://ronenglish-archive.github.io/ron-english-sketches-grins/Sketches/grins/b-rex-grin.html","7","0","https://ronenglish-archive.github.io/ron-english-sketches-grins/images/Sketches/grins/B-Rex%20Grin%20front%20ORIGINAL.jpg","OK","Ready."
"Grins","Bugs Grin","grins","Sketches\grins\bugs-grin.html","https://ronenglish-archive.github.io/ron-english-sketches-grins/Sketches/grins/bugs-grin.html","3","0","https://ronenglish-archive.github.io/ron-english-sketches-grins/images/Sketches/grins/Bugs%20Grin%20ORIGINAL.jpg","OK","Ready."
"Grins","Bulldog Grin","grins","Sketches\grins\bulldog-grin.html","https://ronenglish-archive.github.io/ron-english-sketches-grins/Sketches/grins/bulldog-grin.html","2","0","https://ronenglish-archive.github.io/ron-english-sketches-grins/images/Sketches/grins/Bulldog%20Grin%20B%26W.jpg","OK","Ready."
"Grins","Businessman Grin","grins","Sketches\grins\businessman-grin.html","https://ronenglish-archive.github.io/ron-english-sketches-grins/Sketches/grins/businessman-grin.html","12","0","https://ronenglish-archive.github.io/ron-english-sketches-grins/images/Sketches/grins/Businessman%20grin%20back%20ORIGINAL.jpg","OK","Ready."
"Grins","Butterfly Wings Grin","grins","Sketches\grins\butterfly-wings-grin.html","https://ronenglish-archive.github.io/ron-english-sketches-grins/Sketches/grins/butterfly-wings-grin.html","2","0","https://ronenglish-archive.github.io/ron-english-sketches-grins/images/Sketches/grins/Butterfly%20Wings%20Grin%201.png","OK","Ready."
"Grins","C3PO Grin","grins","Sketches\grins\c3po-grin.html","https://ronenglish-archive.github.io/ron-english-sketches-grins/Sketches/grins/c3po-grin.html","2","0","https://ronenglish-archive.github.io/ron-english-sketches-grins/images/Sketches/grins/C3PO%20Grin%20B%26W.jpg","OK","Ready."
"Grins","Cafeteria Lady Grin","grins","Sketches\grins\cafeteria-lady-grin.html","https://ronenglish-archive.github.io/ron-english-sketches-grins/Sketches/grins/cafeteria-lady-grin.html","3","0","https://ronenglish-archive.github.io/ron-english-sketches-grins/images/Sketches/grins/Cafeteria%20Lady%20Grin%20ORIGINAL.jpg","OK","Ready."
"Grins","Cap’n Cornstarch Grin","grins","Sketches\grins\cap-n-cornstarch-grin.html","https://ronenglish-archive.github.io/ron-english-sketches-grins/Sketches/grins/cap-n-cornstarch-grin.html","3","0","https://ronenglish-archive.github.io/ron-english-sketches-grins/images/Sketches/grins/Cap%E2%80%99n%20Cornstarch%20Grin%20ORIGINAL.jpg","OK","Ready."
"Grins","Carmelo Grin","grins","Sketches\grins\carmelo-grin.html","https://ronenglish-archive.github.io/ron-english-sketches-grins/Sketches/grins/carmelo-grin.html","3","0","https://ronenglish-archive.github.io/ron-english-sketches-grins/images/Sketches/grins/Carmelo%20Grin%20ORIGINAL.jpg","OK","Ready."
"Grins","Cartman Grin","grins","Sketches\grins\cartman-grin.html","https://ronenglish-archive.github.io/ron-english-sketches-grins/Sketches/grins/cartman-grin.html","8","0","https://ronenglish-archive.github.io/ron-english-sketches-grins/images/Sketches/grins/Cartman%20Grin%20ORIGINAL.jpg","OK","Ready."
"Grins","Catbrain Grin","grins","Sketches\grins\catbrain-grin.html","https://ronenglish-archive.github.io/ron-english-sketches-grins/Sketches/grins/catbrain-grin.html","1","0","https://ronenglish-archive.github.io/ron-english-sketches-grins/images/Sketches/grins/Catbrain%20Grin%20ORIGINAL.jpg","OK","Ready."
"Grins","Cat Grin","grins","Sketches\grins\cat-grin.html","https://ronenglish-archive.github.io/ron-english-sketches-grins/Sketches/grins/cat-grin.html","7","0","https://ronenglish-archive.github.io/ron-english-sketches-grins/images/Sketches/grins/Cat%20Grin%202%20ORIGINAL%202.jpg","OK","Ready."
"Grins","Cat in Hat Grin","grins","Sketches\grins\cat-in-hat-grin.html","https://ronenglish-archive.github.io/ron-english-sketches-grins/Sketches/grins/cat-in-hat-grin.html","3","0","https://ronenglish-archive.github.io/ron-english-sketches-grins/images/Sketches/grins/Cat%20in%20Hat%20Grin%20ORIGINAL.jpg","OK","Ready."
"Grins","Charlie Brown Grin","grins","Sketches\grins\charlie-brown-grin.html","https://ronenglish-archive.github.io/ron-english-sketches-grins/Sketches/grins/charlie-brown-grin.html","6","0","https://ronenglish-archive.github.io/ron-english-sketches-grins/images/Sketches/grins/Charlie%20Brown%20Grin%20back%20ORIGINAL.jpg","OK","Ready."
"Grins","Charlie Grin X Ray","grins","Sketches\grins\charlie-grin-x-ray.html","https://ronenglish-archive.github.io/ron-english-sketches-grins/Sketches/grins/charlie-grin-x-ray.html","4","0","https://ronenglish-archive.github.io/ron-english-sketches-grins/images/Sketches/grins/Charlie%20Grin%20X%20Ray%20ORIGINAL.jpg","OK","Ready."
"Grins","Cheshire Cat Grin","grins","Sketches\grins\cheshire-cat-grin.html","https://ronenglish-archive.github.io/ron-english-sketches-grins/Sketches/grins/cheshire-cat-grin.html","3","0","https://ronenglish-archive.github.io/ron-english-sketches-grins/images/Sketches/grins/Cheshire%20Cat%20Grin%20ORIGINAL.jpg","OK","Ready."
"Grins","Chico Roco","grins","Sketches\grins\chico-roco-grin.html","https://ronenglish-archive.github.io/ron-english-sketches-grins/Sketches/grins/chico-roco-grin.html","15","0","https://ronenglish-archive.github.io/ron-english-sketches-grins/images/Sketches/grins/Chico%20Roco%20back%20ORIGINAL.jpg","OK","Ready."
"Grins","Chuckie Grin","grins","Sketches\grins\chuckie-grin.html","https://ronenglish-archive.github.io/ron-english-sketches-grins/Sketches/grins/chuckie-grin.html","2","0","https://ronenglish-archive.github.io/ron-english-sketches-grins/images/Sketches/grins/Chuckie%20Grin%20ORIGINAL.jpg","OK","Ready."
"Grins","Count Calorie Grin","grins","Sketches\grins\count-calorie-grin.html","https://ronenglish-archive.github.io/ron-english-sketches-grins/Sketches/grins/count-calorie-grin.html","3","0","https://ronenglish-archive.github.io/ron-english-sketches-grins/images/Sketches/grins/Count%20Calorie%20Grin%20ORIGINAL.jpg","OK","Ready."
"Grins","Courage Dog Grin","grins","Sketches\grins\courage-dog-grin.html","https://ronenglish-archive.github.io/ron-english-sketches-grins/Sketches/grins/courage-dog-grin.html","3","0","https://ronenglish-archive.github.io/ron-english-sketches-grins/images/Sketches/grins/Courage%20Dog%20Grin%20ORIGINAL.jpg","OK","Ready."
"Grins","COVID Grin","grins","Sketches\grins\covid-grin.html","https://ronenglish-archive.github.io/ron-english-sketches-grins/Sketches/grins/covid-grin.html","4","0","https://ronenglish-archive.github.io/ron-english-sketches-grins/images/Sketches/grins/COVID%20Grin%20ORIGINAL.jpg","OK","Ready."
"Grins","Cow Grin","grins","Sketches\grins\cow-grin.html","https://ronenglish-archive.github.io/ron-english-sketches-grins/Sketches/grins/cow-grin.html","3","0","https://ronenglish-archive.github.io/ron-english-sketches-grins/images/Sketches/grins/Cow%20Grin%20ORIGINAL.jpg","OK","Ready."
"Grins","Creepy Creature","grins","Sketches\grins\creepy-creature.html","https://ronenglish-archive.github.io/ron-english-sketches-grins/Sketches/grins/creepy-creature.html","3","0","https://ronenglish-archive.github.io/ron-english-sketches-grins/images/Sketches/grins/Creepy%20Creature%20ORIGINAL.jpg","OK","Ready."
"Grins","Croc Grin","grins","Sketches\grins\croc-grin.html","https://ronenglish-archive.github.io/ron-english-sketches-grins/Sketches/grins/croc-grin.html","3","0","https://ronenglish-archive.github.io/ron-english-sketches-grins/images/Sketches/grins/Croc%20Grin%20ORIGINAL.jpg","OK","Ready."
"Grins","Cryptopunk Grin","grins","Sketches\grins\cryptopunk-grin.html","https://ronenglish-archive.github.io/ron-english-sketches-grins/Sketches/grins/cryptopunk-grin.html","8","0","https://ronenglish-archive.github.io/ron-english-sketches-grins/images/Sketches/grins/Cryptopunk%20Grin%20COLOR.png","OK","Ready."
"Grins","Darth Vader Grin","grins","Sketches\grins\darth-vader-grin.html","https://ronenglish-archive.github.io/ron-english-sketches-grins/Sketches/grins/darth-vader-grin.html","8","0","https://ronenglish-archive.github.io/ron-english-sketches-grins/images/Sketches/grins/Darth%20Grin%20ORIGINAL.jpg","OK","Ready."
"Grins","David Grin","grins","Sketches\grins\david-grin.html","https://ronenglish-archive.github.io/ron-english-sketches-grins/Sketches/grins/david-grin.html","3","0","https://ronenglish-archive.github.io/ron-english-sketches-grins/images/Sketches/grins/David%20Grin%20ORIGINAL.jpg","OK","Ready."
"Grins","DEADMAU5 Grin","grins","Sketches\grins\deadmau5-grin.html","https://ronenglish-archive.github.io/ron-english-sketches-grins/Sketches/grins/deadmau5-grin.html","16","0","https://ronenglish-archive.github.io/ron-english-sketches-grins/images/Sketches/grins/DEADMAU5%20Grin%20Running%20ORIGINAL.jpg","OK","Ready."
"Grins","Dementon Grin","grins","Sketches\grins\dementon-grin.html","https://ronenglish-archive.github.io/ron-english-sketches-grins/Sketches/grins/dementon-grin.html","3","0","https://ronenglish-archive.github.io/ron-english-sketches-grins/images/Sketches/grins/Dementon%20Grin%20ORIGINAL.jpg","OK","Ready."
"Grins","Deputy Dog Grin","grins","Sketches\grins\deputy-dog-grin.html","https://ronenglish-archive.github.io/ron-english-sketches-grins/Sketches/grins/deputy-dog-grin.html","2","0","https://ronenglish-archive.github.io/ron-english-sketches-grins/images/Sketches/grins/Deputy%20Dog%20Grin%20COLOR.jpg","OK","Ready."
"Grins","Devil Grin","grins","Sketches\grins\devil-grin.html","https://ronenglish-archive.github.io/ron-english-sketches-grins/Sketches/grins/devil-grin.html","3","0","https://ronenglish-archive.github.io/ron-english-sketches-grins/images/Sketches/grins/Devil%20Grin%20B%26W.jpg","OK","Ready."
"Grins","Devine Devil","grins","Sketches\grins\devine-devil.html","https://ronenglish-archive.github.io/ron-english-sketches-grins/Sketches/grins/devine-devil.html","1","0","https://ronenglish-archive.github.io/ron-english-sketches-grins/images/Sketches/grins/Devine%20Devil%20COLOR.jpg","OK","Ready."
"Grins","Dino Heart Grin","grins","Sketches\grins\dino-heart-grin.html","https://ronenglish-archive.github.io/ron-english-sketches-grins/Sketches/grins/dino-heart-grin.html","3","0","https://ronenglish-archive.github.io/ron-english-sketches-grins/images/Sketches/grins/Dino%20Heart%20Grin%20ORIGINAL.jpg","OK","Ready."
"Grins","DJ Grin","grins","Sketches\grins\dj-grin.html","https://ronenglish-archive.github.io/ron-english-sketches-grins/Sketches/grins/dj-grin.html","2","0","https://ronenglish-archive.github.io/ron-english-sketches-grins/images/Sketches/grins/DJ%20Grin%20B%26W.jpg","OK","Ready."
"Grins","Dog Grin","grins","Sketches\grins\dog-grin.html","https://ronenglish-archive.github.io/ron-english-sketches-grins/Sketches/grins/dog-grin.html","5","0","https://ronenglish-archive.github.io/ron-english-sketches-grins/images/Sketches/grins/Dog%20Grin%20ORIGINAL.jpg","OK","Ready."
"Grins","Dog Head Grin","grins","Sketches\grins\dog-head-grin.html","https://ronenglish-archive.github.io/ron-english-sketches-grins/Sketches/grins/dog-head-grin.html","3","0","https://ronenglish-archive.github.io/ron-english-sketches-grins/images/Sketches/grins/Dog%20Head%20Grin%20ORIGINAL.jpg","OK","Ready."
"Grins","Dr Bub Quack Grin","grins","Sketches\grins\dr-bub-quack-grin.html","https://ronenglish-archive.github.io/ron-english-sketches-grins/Sketches/grins/dr-bub-quack-grin.html","4","0","https://ronenglish-archive.github.io/ron-english-sketches-grins/images/Sketches/grins/Dr%20Bub%20Quack%20Animation%201.jpg","OK","Ready."
"Grins","Drink the Koolaid","grins","Sketches\grins\drink-the-koolaid.html","https://ronenglish-archive.github.io/ron-english-sketches-grins/Sketches/grins/drink-the-koolaid.html","2","0","https://ronenglish-archive.github.io/ron-english-sketches-grins/images/Sketches/grins/Drink%20the%20Koolaid%201.png","OK","Ready."
"Grins","Dripping Grin","grins","Sketches\grins\dripping-grin.html","https://ronenglish-archive.github.io/ron-english-sketches-grins/Sketches/grins/dripping-grin.html","9","0","https://ronenglish-archive.github.io/ron-english-sketches-grins/images/Sketches/grins/Dripping%20Grin%20head%20COLOR%203.png","OK","Ready."
"Grins","Droopy Dog Grin","grins","Sketches\grins\droopy-dog-grin.html","https://ronenglish-archive.github.io/ron-english-sketches-grins/Sketches/grins/droopy-dog-grin.html","2","0","https://ronenglish-archive.github.io/ron-english-sketches-grins/images/Sketches/grins/Droopy%20Dog%20Grin%20ORIGINAL.jpg","OK","Ready."
"Grins","Dunny Grin","grins","Sketches\grins\dunny-grin.html","https://ronenglish-archive.github.io/ron-english-sketches-grins/Sketches/grins/dunny-grin.html","8","0","https://ronenglish-archive.github.io/ron-english-sketches-grins/images/Sketches/grins/Dunny%20Grin%20front%20ORIGINAL.jpg","OK","Ready."
"Grins","Elefanka With Angel Wings Grin","grins","Sketches\grins\elefanka-with-angel-wings-grin.html","https://ronenglish-archive.github.io/ron-english-sketches-grins/Sketches/grins/elefanka-with-angel-wings-grin.html","2","0","https://ronenglish-archive.github.io/ron-english-sketches-grins/images/Sketches/grins/Elefanka%20With%20Angel%20Wings%20Grin%20B%26W.jpg","OK","Ready."
"Grins","Elephant Grin","grins","Sketches\grins\elephant-grin.html","https://ronenglish-archive.github.io/ron-english-sketches-grins/Sketches/grins/elephant-grin.html","5","0","https://ronenglish-archive.github.io/ron-english-sketches-grins/images/Sketches/grins/Elephant%20Grin%20ORIGINAL.jpg","OK","Ready."
"Grins","Elmo Grin","grins","Sketches\grins\elmo-grin.html","https://ronenglish-archive.github.io/ron-english-sketches-grins/Sketches/grins/elmo-grin.html","3","0","https://ronenglish-archive.github.io/ron-english-sketches-grins/images/Sketches/grins/Elmo%20Grin%20ORIGINAL.jpg","OK","Ready."
"Grins","Eminem Grin","grins","Sketches\grins\eminem-grin.html","https://ronenglish-archive.github.io/ron-english-sketches-grins/Sketches/grins/eminem-grin.html","3","0","https://ronenglish-archive.github.io/ron-english-sketches-grins/images/Sketches/grins/Eminem%20Grin%20ORIGINAL.jpg","OK","Ready."
"Grins","Ernie Grin","grins","Sketches\grins\ernie-grin.html","https://ronenglish-archive.github.io/ron-english-sketches-grins/Sketches/grins/ernie-grin.html","4","0","https://ronenglish-archive.github.io/ron-english-sketches-grins/images/Sketches/grins/Ernie%20Grin%20ORIGINAL.jpg","OK","Ready."
"Grins","EZ Nuts Grin","grins","Sketches\grins\ez-nuts-grin.html","https://ronenglish-archive.github.io/ron-english-sketches-grins/Sketches/grins/ez-nuts-grin.html","3","0","https://ronenglish-archive.github.io/ron-english-sketches-grins/images/Sketches/grins/EZ%20Nuts%20Grin%201%20COLOR.jpg","OK","Ready."
"Grins","Fat Stormtrooper Grin","grins","Sketches\grins\fat-stormtrooper-grin.html","https://ronenglish-archive.github.io/ron-english-sketches-grins/Sketches/grins/fat-stormtrooper-grin.html","1","0","https://ronenglish-archive.github.io/ron-english-sketches-grins/images/Sketches/grins/Fat%20Stormtrooper%20Grin%20back%20ORIGINAL.jpg","OK","Ready."
"Grins","Faze Banks Grin","grins","Sketches\grins\faze-banks-grin.html","https://ronenglish-archive.github.io/ron-english-sketches-grins/Sketches/grins/faze-banks-grin.html","2","0","https://ronenglish-archive.github.io/ron-english-sketches-grins/images/Sketches/grins/Faze%20Banks%20Grin%20COLOR.jpg","OK","Ready."
"Grins","Felix Grin","grins","Sketches\grins\felix-grin.html","https://ronenglish-archive.github.io/ron-english-sketches-grins/Sketches/grins/felix-grin.html","8","0","https://ronenglish-archive.github.io/ron-english-sketches-grins/images/Sketches/grins/Felix%20Grin%20Front%20ORIGINAL.jpg","OK","Ready."
"Grins","Finn Grin","grins","Sketches\grins\finn-grin.html","https://ronenglish-archive.github.io/ron-english-sketches-grins/Sketches/grins/finn-grin.html","3","0","https://ronenglish-archive.github.io/ron-english-sketches-grins/images/Sketches/grins/Finn%20Grin%20B%26W.jpg","OK","Ready."
"Grins","Firecracker Skeleton Grin","grins","Sketches\grins\firecracker-skeleton-grin.html","https://ronenglish-archive.github.io/ron-english-sketches-grins/Sketches/grins/firecracker-skeleton-grin.html","2","0","https://ronenglish-archive.github.io/ron-english-sketches-grins/images/Sketches/grins/Firecracker%20Skeleton%20Grin%20ORIGINAL.jpg","OK","Ready."
"Grins","Flaming O Grin","grins","Sketches\grins\flaming-o-grin.html","https://ronenglish-archive.github.io/ron-english-sketches-grins/Sketches/grins/flaming-o-grin.html","3","0","https://ronenglish-archive.github.io/ron-english-sketches-grins/images/Sketches/grins/Flaming%20O%20Grin%20ORIGINAL.jpg","OK","Ready."
"Grins","Floating Grinnie","grins","Sketches\grins\floating-grinnie.html","https://ronenglish-archive.github.io/ron-english-sketches-grins/Sketches/grins/floating-grinnie.html","1","0","https://ronenglish-archive.github.io/ron-english-sketches-grins/images/Sketches/grins/Floating%20Grinnie%20ORIGINAL.jpg","OK","Ready."
"Grins","Flower Brain Grin","grins","Sketches\grins\flower-brain-grin.html","https://ronenglish-archive.github.io/ron-english-sketches-grins/Sketches/grins/flower-brain-grin.html","1","0","https://ronenglish-archive.github.io/ron-english-sketches-grins/images/Sketches/grins/Flower%20Brain%20Grin%20COLOR.png","OK","Ready."
"Grins","Flower Grin","grins","Sketches\grins\flower-grin.html","https://ronenglish-archive.github.io/ron-english-sketches-grins/Sketches/grins/flower-grin.html","3","0","https://ronenglish-archive.github.io/ron-english-sketches-grins/images/Sketches/grins/Flower%20Grin%20COLOR.jpg","OK","Ready."
"Grins","Flower Grin version 2","grins","Sketches\grins\flower-grin-version-2.html","https://ronenglish-archive.github.io/ron-english-sketches-grins/Sketches/grins/flower-grin-version-2.html","3","0","https://ronenglish-archive.github.io/ron-english-sketches-grins/images/Sketches/grins/Flower%20Grin%20version%202%20ORIGINAL.jpg","OK","Ready."
"Grins","Football Grin","grins","Sketches\grins\football-grin.html","https://ronenglish-archive.github.io/ron-english-sketches-grins/Sketches/grins/football-grin.html","1","0","https://ronenglish-archive.github.io/ron-english-sketches-grins/images/Sketches/grins/Football%20Grin%20ORIGINAL.jpg","OK","Ready."
"Grins","Football Player Grin","grins","Sketches\grins\football-player-grin.html","https://ronenglish-archive.github.io/ron-english-sketches-grins/Sketches/grins/football-player-grin.html","3","0","https://ronenglish-archive.github.io/ron-english-sketches-grins/images/Sketches/grins/Football%20Player%20Grin%20ORIGINAL.jpg","OK","Ready."
"Grins","Foot in Mouth","grins","Sketches\grins\foot-in-mouth.html","https://ronenglish-archive.github.io/ron-english-sketches-grins/Sketches/grins/foot-in-mouth.html","1","0","https://ronenglish-archive.github.io/ron-english-sketches-grins/images/Sketches/grins/Foot%20in%20Mouth%20ORIGINAL%20COLOR.jpg","OK","Ready."
"Grins","Franken Fat Grin","grins","Sketches\grins\franken-fat-grin.html","https://ronenglish-archive.github.io/ron-english-sketches-grins/Sketches/grins/franken-fat-grin.html","3","0","https://ronenglish-archive.github.io/ron-english-sketches-grins/images/Sketches/grins/Franken%20Fat%20Grin%20ORIGINAL.jpg","OK","Ready."
"Grins","Franken Grin","grins","Sketches\grins\franken-grin.html","https://ronenglish-archive.github.io/ron-english-sketches-grins/Sketches/grins/franken-grin.html","1","0","https://ronenglish-archive.github.io/ron-english-sketches-grins/images/Sketches/grins/Franken%20Grin%20COLOR.png","OK","Ready."
"Grins","Freak Bro Afro Stache","grins","Sketches\grins\freak-bro-afro-stache.html","https://ronenglish-archive.github.io/ron-english-sketches-grins/Sketches/grins/freak-bro-afro-stache.html","3","0","https://ronenglish-archive.github.io/ron-english-sketches-grins/images/Sketches/grins/Freak%20Bro%20Afro%20Stache%20ORIGINAL.jpg","OK","Ready."
"Grins","Freak Bro Grin","grins","Sketches\grins\freak-bro-grin.html","https://ronenglish-archive.github.io/ron-english-sketches-grins/Sketches/grins/freak-bro-grin.html","2","0","https://ronenglish-archive.github.io/ron-english-sketches-grins/images/Sketches/grins/Freak%20Bro%20Grin%20ORIGINAL.jpg","OK","Ready."
"Grins","Freak Cat","grins","Sketches\grins\freak-cat.html","https://ronenglish-archive.github.io/ron-english-sketches-grins/Sketches/grins/freak-cat.html","3","0","https://ronenglish-archive.github.io/ron-english-sketches-grins/images/Sketches/grins/Freak%20Cat%20ORIGINAL.jpg","OK","Ready."
"Grins","Freddy Funko Grin","grins","Sketches\grins\freddy-funko-grin.html","https://ronenglish-archive.github.io/ron-english-sketches-grins/Sketches/grins/freddy-funko-grin.html","2","0","https://ronenglish-archive.github.io/ron-english-sketches-grins/images/Sketches/grins/Freddy%20Funko%20Grin%20B%26W.jpg","OK","Ready."
"Grins","Freddy Funko Grin 2","grins","Sketches\grins\freddy-funko-grin-2.html","https://ronenglish-archive.github.io/ron-english-sketches-grins/Sketches/grins/freddy-funko-grin-2.html","2","0","https://ronenglish-archive.github.io/ron-english-sketches-grins/images/Sketches/grins/Freddy%20Funko%20Grin%202%20B%26W.jpg","OK","Ready."
"Grins","Garfield Grin","grins","Sketches\grins\garfield-grin.html","https://ronenglish-archive.github.io/ron-english-sketches-grins/Sketches/grins/garfield-grin.html","3","0","https://ronenglish-archive.github.io/ron-english-sketches-grins/images/Sketches/grins/Garfield%20Grin%20ORIGINAL.jpg","OK","Ready."
"Grins","George Jetson Grin","grins","Sketches\grins\george-jetson-grin.html","https://ronenglish-archive.github.io/ron-english-sketches-grins/Sketches/grins/george-jetson-grin.html","3","0","https://ronenglish-archive.github.io/ron-english-sketches-grins/images/Sketches/grins/George%20Jetson%20Grin%20ORIGINAL.jpg","OK","Ready."
"Grins","Ghostbuster Grin","grins","Sketches\grins\ghostbuster-grin.html","https://ronenglish-archive.github.io/ron-english-sketches-grins/Sketches/grins/ghostbuster-grin.html","1","0","https://ronenglish-archive.github.io/ron-english-sketches-grins/images/Sketches/grins/Ghostbuster%20Grin%20ORIGINAL.jpg","OK","Ready."
"Grins","Godzilla Heart Grin","grins","Sketches\grins\godzilla-heart-grin.html","https://ronenglish-archive.github.io/ron-english-sketches-grins/Sketches/grins/godzilla-heart-grin.html","3","0","https://ronenglish-archive.github.io/ron-english-sketches-grins/images/Sketches/grins/Godzilla%20Heart%20Grin%20ORIGINAL.jpg","OK","Ready."
"Grins","Gorilla grin","grins","Sketches\grins\gorilla-grin.html","https://ronenglish-archive.github.io/ron-english-sketches-grins/Sketches/grins/gorilla-grin.html","3","0","https://ronenglish-archive.github.io/ron-english-sketches-grins/images/Sketches/grins/Gorilla%20Grin%20COLOR.jpg","OK","Ready."
"Grins","Gorilla Grin 2","grins","Sketches\grins\gorilla-grin-2.html","https://ronenglish-archive.github.io/ron-english-sketches-grins/Sketches/grins/gorilla-grin-2.html","8","0","https://ronenglish-archive.github.io/ron-english-sketches-grins/images/Sketches/grins/Gorilla%20Grin%202%20back%20ORIGINAL.jpg","OK","Ready."
"Grins","Grim Grin","grins","Sketches\grins\grim-grin.html","https://ronenglish-archive.github.io/ron-english-sketches-grins/Sketches/grins/grim-grin.html","11","0","https://ronenglish-archive.github.io/ron-english-sketches-grins/images/Sketches/grins/Grim%20Grin%20(Grin%20Reaper)%20ORIGINAL.jpg","OK","Ready."
"Grins","Grin","grins","Sketches\grins\grin.html","https://ronenglish-archive.github.io/ron-english-sketches-grins/Sketches/grins/grin.html","6","0","https://ronenglish-archive.github.io/ron-english-sketches-grins/images/Sketches/grins/Grin%20B%26W.jpg","OK","Ready."
"Grins","Grin Brain Cone","grins","Sketches\grins\grin-brain-cone.html","https://ronenglish-archive.github.io/ron-english-sketches-grins/Sketches/grins/grin-brain-cone.html","3","0","https://ronenglish-archive.github.io/ron-english-sketches-grins/images/Sketches/grins/Grin%20Brain%20Cone%20ORIGINAL.jpg","OK","Ready."
"Grins","Grin Bunny Ears","grins","Sketches\grins\grin-bunny-ears.html","https://ronenglish-archive.github.io/ron-english-sketches-grins/Sketches/grins/grin-bunny-ears.html","5","0","https://ronenglish-archive.github.io/ron-english-sketches-grins/images/Sketches/grins/Grin%20Bunny%20Three%20Ears%20ORIGINAL.jpg","OK","Ready."
"Grins","Grin Car","grins","Sketches\grins\grin-car.html","https://ronenglish-archive.github.io/ron-english-sketches-grins/Sketches/grins/grin-car.html","12","0","https://ronenglish-archive.github.io/ron-english-sketches-grins/images/Sketches/grins/Grin%20Car%20front%20ORIGINAL.jpg","OK","Ready."
"Grins","Grinch Grin","grins","Sketches\grins\grinch-grin.html","https://ronenglish-archive.github.io/ron-english-sketches-grins/Sketches/grins/grinch-grin.html","3","0","https://ronenglish-archive.github.io/ron-english-sketches-grins/images/Sketches/grins/Grinch%20Grin%20ORIGINAL.jpg","OK","Ready."
"Grins","Grin Flower","grins","Sketches\grins\grin-flower.html","https://ronenglish-archive.github.io/ron-english-sketches-grins/Sketches/grins/grin-flower.html","3","0","https://ronenglish-archive.github.io/ron-english-sketches-grins/images/Sketches/grins/Grin%20Flower%20ORIGINAL.jpg","OK","Ready."
"Grins","Grin God","grins","Sketches\grins\grin-god.html","https://ronenglish-archive.github.io/ron-english-sketches-grins/Sketches/grins/grin-god.html","13","0","https://ronenglish-archive.github.io/ron-english-sketches-grins/images/Sketches/grins/Grin%20God%20back%20ORIGINAL.jpg","OK","Ready."
"Grins","Grin Kitty","grins","Sketches\grins\grin-kitty.html","https://ronenglish-archive.github.io/ron-english-sketches-grins/Sketches/grins/grin-kitty.html","2","0","https://ronenglish-archive.github.io/ron-english-sketches-grins/images/Sketches/grins/Grin%20Kitty%20ORIGINAL.jpg","OK","Ready."
"Grins","Grin Mouth","grins","Sketches\grins\grin-mouth.html","https://ronenglish-archive.github.io/ron-english-sketches-grins/Sketches/grins/grin-mouth.html","1","0","https://ronenglish-archive.github.io/ron-english-sketches-grins/images/Sketches/grins/Grin%20Mouth%20ORIGINAL.jpg","OK","Ready."
"Grins","Grinnie Delusionville Pilot","grins","Sketches\grins\grinnie-delusionville-pilot.html","https://ronenglish-archive.github.io/ron-english-sketches-grins/Sketches/grins/grinnie-delusionville-pilot.html","8","0","https://ronenglish-archive.github.io/ron-english-sketches-grins/images/Sketches/grins/Grinnie%20Delusionville%20Pilot%20side%20COLOR.jpg","OK","Ready."
"Grins","Grinnie on Horseback","grins","Sketches\grins\grinnie-on-horseback.html","https://ronenglish-archive.github.io/ron-english-sketches-grins/Sketches/grins/grinnie-on-horseback.html","2","0","https://ronenglish-archive.github.io/ron-english-sketches-grins/images/Sketches/grins/Grinnie%20on%20Horseback%20ORIGINAL%202.jpg","OK","Ready."
"Grins","Grinnies Grin","grins","Sketches\grins\grinnies-grin.html","https://ronenglish-archive.github.io/ron-english-sketches-grins/Sketches/grins/grinnies-grin.html","3","0","https://ronenglish-archive.github.io/ron-english-sketches-grins/images/Sketches/grins/Grinnies%20Grin%20ORIGINAL%202.jpg","OK","Ready."
"Grins","Grinnies on TV","grins","Sketches\grins\grinnies-on-tv.html","https://ronenglish-archive.github.io/ron-english-sketches-grins/Sketches/grins/grinnies-on-tv.html","3","0","https://ronenglish-archive.github.io/ron-english-sketches-grins/images/Sketches/grins/Grinnies%20on%20TV%20ORIGINAL.jpg","OK","Ready."
"Grins","Grin Planet","grins","Sketches\grins\grin-planet.html","https://ronenglish-archive.github.io/ron-english-sketches-grins/Sketches/grins/grin-planet.html","2","0","https://ronenglish-archive.github.io/ron-english-sketches-grins/images/Sketches/grins/Grin%20Planet%20B%26W.png","OK","Ready."
"Grins","Grinplanet Nobody","grins","Sketches\grins\grinplanet-nobody.html","https://ronenglish-archive.github.io/ron-english-sketches-grins/Sketches/grins/grinplanet-nobody.html","13","0","https://ronenglish-archive.github.io/ron-english-sketches-grins/images/Sketches/grins/Grinplanet%20Nobody%20COLOR.jpg","OK","Ready."
"Grins","Grin Reaper version 2","grins","Sketches\grins\grin-reaper-version-2.html","https://ronenglish-archive.github.io/ron-english-sketches-grins/Sketches/grins/grin-reaper-version-2.html","2","0","https://ronenglish-archive.github.io/ron-english-sketches-grins/images/Sketches/grins/Grin%20Reaper%20version%202%20B%26W.jpg","OK","Ready."
"Grins","Grin Reaper With Facemask","grins","Sketches\grins\grin-reaper-with-facemask.html","https://ronenglish-archive.github.io/ron-english-sketches-grins/Sketches/grins/grin-reaper-with-facemask.html","3","0","https://ronenglish-archive.github.io/ron-english-sketches-grins/images/Sketches/grins/Grin%20Reaper%20With%20Facemask%20ORIGINAL%20COLOR%201.jpg","OK","Ready."
"Grins","Grin Smoker","grins","Sketches\grins\grin-smoker.html","https://ronenglish-archive.github.io/ron-english-sketches-grins/Sketches/grins/grin-smoker.html","4","0","https://ronenglish-archive.github.io/ron-english-sketches-grins/images/Sketches/grins/Grin%20Smoker%20Portrait%20ORIGINAL.jpg","OK","Ready."
"Grins","Grogu Grin","grins","Sketches\grins\grogu-grin.html","https://ronenglish-archive.github.io/ron-english-sketches-grins/Sketches/grins/grogu-grin.html","2","0","https://ronenglish-archive.github.io/ron-english-sketches-grins/images/Sketches/grins/Grogu%20Grin%20B%26W.jpg","OK","Ready."
"Grins","Grouch Grin","grins","Sketches\grins\grouch-grin.html","https://ronenglish-archive.github.io/ron-english-sketches-grins/Sketches/grins/grouch-grin.html","3","0","https://ronenglish-archive.github.io/ron-english-sketches-grins/images/Sketches/grins/Grouch%20Grin%20ORIGINAL.jpg","OK","Ready."
"Grins","Gummy Bear Grin","grins","Sketches\grins\gummy-bear-grin.html","https://ronenglish-archive.github.io/ron-english-sketches-grins/Sketches/grins/gummy-bear-grin.html","3","0","https://ronenglish-archive.github.io/ron-english-sketches-grins/images/Sketches/grins/Gummy%20Bear%20Grin%20ORIGINAL.jpg","OK","Ready."
"Grins","Hawaiian Punch Grin","grins","Sketches\grins\hawaiian-punch-grin.html","https://ronenglish-archive.github.io/ron-english-sketches-grins/Sketches/grins/hawaiian-punch-grin.html","3","0","https://ronenglish-archive.github.io/ron-english-sketches-grins/images/Sketches/grins/Hawaiian%20Punch%20Grin%20ORIGINAL.jpg","OK","Ready."
"Grins","Hello Kitty Grin","grins","Sketches\grins\hello-kitty-grin.html","https://ronenglish-archive.github.io/ron-english-sketches-grins/Sketches/grins/hello-kitty-grin.html","11","0","https://ronenglish-archive.github.io/ron-english-sketches-grins/images/Sketches/grins/Hello%20Kitty%20Grin%20left%20side%20ORIGINAL.jpg","OK","Ready."
"Grins","Homer Grin","grins","Sketches\grins\homer-grin.html","https://ronenglish-archive.github.io/ron-english-sketches-grins/Sketches/grins/homer-grin.html","36","0","https://ronenglish-archive.github.io/ron-english-sketches-grins/images/Sketches/grins/Homer%20Grin%20headshot%20side%20ORIGINAL.jpg","OK","Ready."
"Grins","Honey Butts Grin","grins","Sketches\grins\honey-butts-grin.html","https://ronenglish-archive.github.io/ron-english-sketches-grins/Sketches/grins/honey-butts-grin.html","3","0","https://ronenglish-archive.github.io/ron-english-sketches-grins/images/Sketches/grins/Honey%20Butts%20Grin%20ORIGINAL.jpg","OK","Ready."
"Grins","Hound Grin","grins","Sketches\grins\hound-grin.html","https://ronenglish-archive.github.io/ron-english-sketches-grins/Sketches/grins/hound-grin.html","3","0","https://ronenglish-archive.github.io/ron-english-sketches-grins/images/Sketches/grins/Hound%20Grin%20Face%20ORIGINAL.jpg","OK","Ready."
"Grins","HR Puffenstuff Grin","grins","Sketches\grins\hr-puffenstuff-grin.html","https://ronenglish-archive.github.io/ron-english-sketches-grins/Sketches/grins/hr-puffenstuff-grin.html","3","0","https://ronenglish-archive.github.io/ron-english-sketches-grins/images/Sketches/grins/HR%20Puffenstuff%20Grin%20ORIGINAL.jpg","OK","Ready."
"Grins","Jake Grin","grins","Sketches\grins\jake-grin.html","https://ronenglish-archive.github.io/ron-english-sketches-grins/Sketches/grins/jake-grin.html","4","0","https://ronenglish-archive.github.io/ron-english-sketches-grins/images/Sketches/grins/Jake%20the%20Dog%20Grin%20ORIGINAL.jpg","OK","Ready."
"Grins","Jane Jetson Grin","grins","Sketches\grins\jane-jetson-grin.html","https://ronenglish-archive.github.io/ron-english-sketches-grins/Sketches/grins/jane-jetson-grin.html","3","0","https://ronenglish-archive.github.io/ron-english-sketches-grins/images/Sketches/grins/Jane%20Jetson%20Grin%20ORIGINAL.jpg","OK","Ready."
"Grins","Jeremiah Grin","grins","Sketches\grins\jeremiah-grin.html","https://ronenglish-archive.github.io/ron-english-sketches-grins/Sketches/grins/jeremiah-grin.html","4","0","https://ronenglish-archive.github.io/ron-english-sketches-grins/images/Sketches/grins/Jeremiah%20Grin%201%20ORIGINAL.jpg","OK","Ready."
"Grins","Jimi Hendrix Grin","grins","Sketches\grins\jimi-hendrix-grin.html","https://ronenglish-archive.github.io/ron-english-sketches-grins/Sketches/grins/jimi-hendrix-grin.html","5","0","https://ronenglish-archive.github.io/ron-english-sketches-grins/images/Sketches/grins/Jimi%20Hendrix%20Grin%20ORIGINAL.jpg","OK","Ready."
"Grins","Joker Grin","grins","Sketches\grins\joker-grin.html","https://ronenglish-archive.github.io/ron-english-sketches-grins/Sketches/grins/joker-grin.html","3","0","https://ronenglish-archive.github.io/ron-english-sketches-grins/images/Sketches/grins/Joker%20Grin%20ORIGINAL.jpg","OK","Ready."
"Grins","Kanegon Grin","grins","Sketches\grins\kanegon-grin.html","https://ronenglish-archive.github.io/ron-english-sketches-grins/Sketches/grins/kanegon-grin.html","6","0","https://ronenglish-archive.github.io/ron-english-sketches-grins/images/Sketches/grins/Kanegon%20Grin%20side%20ORIGINAL.jpg","OK","Ready."
"Grins","Kevin Durant Grin","grins","Sketches\grins\kevin-durant-grin.html","https://ronenglish-archive.github.io/ron-english-sketches-grins/Sketches/grins/kevin-durant-grin.html","7","0","https://ronenglish-archive.github.io/ron-english-sketches-grins/images/Sketches/grins/Kevin%20Durant%20Grin%20With%20Ball%20ORIGINAL.jpeg","OK","Ready."
"Grins","Kiss Gene Grin","grins","Sketches\grins\kiss-gene-grin.html","https://ronenglish-archive.github.io/ron-english-sketches-grins/Sketches/grins/kiss-gene-grin.html","3","0","https://ronenglish-archive.github.io/ron-english-sketches-grins/images/Sketches/grins/Kiss%20Gene%20Grin%20ORIGINAL.jpg","OK","Ready."
"Grins","Krusty the Clown Grin","grins","Sketches\grins\krusty-the-clown-grin.html","https://ronenglish-archive.github.io/ron-english-sketches-grins/Sketches/grins/krusty-the-clown-grin.html","9","0","https://ronenglish-archive.github.io/ron-english-sketches-grins/images/Sketches/grins/Krusty%20the%20Clown%20Grin%20front%20ORIGINAL.jpg","OK","Ready."
"Grins","Kursed Grin","grins","Sketches\grins\kursed-grin.html","https://ronenglish-archive.github.io/ron-english-sketches-grins/Sketches/grins/kursed-grin.html","2","0","https://ronenglish-archive.github.io/ron-english-sketches-grins/images/Sketches/grins/Kursed%20Grin%20Side%20View%20COLOR.jpg","OK","Ready."
"Grins","Lagoon Creature Grin","grins","Sketches\grins\lagoon-creature-grin.html","https://ronenglish-archive.github.io/ron-english-sketches-grins/Sketches/grins/lagoon-creature-grin.html","1","0","https://ronenglish-archive.github.io/ron-english-sketches-grins/images/Sketches/grins/Lagoon%20Creature%20Grin%20COLOR.jpg","OK","Ready."
"Grins","Lemon Boy Grin","grins","Sketches\grins\lemon-boy-grin.html","https://ronenglish-archive.github.io/ron-english-sketches-grins/Sketches/grins/lemon-boy-grin.html","4","0","https://ronenglish-archive.github.io/ron-english-sketches-grins/images/Sketches/grins/Lemon%20Boy%20Grin%20Walking%20face%20ORIGINAL.jpg","OK","Ready."
"Grins","Leopard Grin","grins","Sketches\grins\leopard-grin.html","https://ronenglish-archive.github.io/ron-english-sketches-grins/Sketches/grins/leopard-grin.html","3","0","https://ronenglish-archive.github.io/ron-english-sketches-grins/images/Sketches/grins/Leopard%20Grin%201%20COLOR.png","OK","Ready."
"Grins","Liberty Grin","grins","Sketches\grins\liberty-grin.html","https://ronenglish-archive.github.io/ron-english-sketches-grins/Sketches/grins/liberty-grin.html","5","0","https://ronenglish-archive.github.io/ron-english-sketches-grins/images/Sketches/grins/Liberty%20Grin%20ORIGINAL.jpg","OK","Ready."
"Grins","Lion Face Grin","grins","Sketches\grins\lion-face-grin.html","https://ronenglish-archive.github.io/ron-english-sketches-grins/Sketches/grins/lion-face-grin.html","3","0","https://ronenglish-archive.github.io/ron-english-sketches-grins/images/Sketches/grins/Lion%20Face%20Grin%20B%26W.png","OK","Ready."
"Grins","Lisa grin","grins","Sketches\grins\lisa-grin.html","https://ronenglish-archive.github.io/ron-english-sketches-grins/Sketches/grins/lisa-grin.html","10","0","https://ronenglish-archive.github.io/ron-english-sketches-grins/images/Sketches/grins/Lisa%20Grin%20front%20ORIGINAL.jpg","OK","Ready."
"Grins","Lucky Cat Grin","grins","Sketches\grins\lucky-cat-grin.html","https://ronenglish-archive.github.io/ron-english-sketches-grins/Sketches/grins/lucky-cat-grin.html","2","0","https://ronenglish-archive.github.io/ron-english-sketches-grins/images/Sketches/grins/Lucky%20Cat%20Grin%20COLOR.jpg","OK","Ready."
"Grins","Mad Magazine Alfred","grins","Sketches\grins\mad-magazine-alfred.html","https://ronenglish-archive.github.io/ron-english-sketches-grins/Sketches/grins/mad-magazine-alfred.html","3","0","https://ronenglish-archive.github.io/ron-english-sketches-grins/images/Sketches/grins/Mad%20Magazine%20Alfred%20Grin%20ORIGINAL.jpeg","OK","Ready."
"Grins","Mad Mickey Grin","grins","Sketches\grins\mad-mickey-grin.html","https://ronenglish-archive.github.io/ron-english-sketches-grins/Sketches/grins/mad-mickey-grin.html","2","0","https://ronenglish-archive.github.io/ron-english-sketches-grins/images/Sketches/grins/Mad%20Mickey%20Grin%20ORIGINAL%20COLOR.jpg","OK","Ready."
"Grins","Maggie Grin","grins","Sketches\grins\maggie-grin.html","https://ronenglish-archive.github.io/ron-english-sketches-grins/Sketches/grins/maggie-grin.html","9","0","https://ronenglish-archive.github.io/ron-english-sketches-grins/images/Sketches/grins/Maggie%20Grin%20front%20ORIGINAL.jpg","OK","Ready."
"Grins","Manny Pacquaio Grin","grins","Sketches\grins\manny-pacquaio-grin.html","https://ronenglish-archive.github.io/ron-english-sketches-grins/Sketches/grins/manny-pacquaio-grin.html","8","0","https://ronenglish-archive.github.io/ron-english-sketches-grins/images/Sketches/grins/Manny%20Pacquaio%20Grin%20ORIGINAL%20head.jpg","OK","Ready."
"Grins","Man Shark","grins","Sketches\grins\man-shark.html","https://ronenglish-archive.github.io/ron-english-sketches-grins/Sketches/grins/man-shark.html","4","0","https://ronenglish-archive.github.io/ron-english-sketches-grins/images/Sketches/grins/Shark%20Man%20Grin%20ORIGINAL.jpg","OK","Ready."
"Grins","Marge Grin","grins","Sketches\grins\marge-grin.html","https://ronenglish-archive.github.io/ron-english-sketches-grins/Sketches/grins/marge-grin.html","11","0","https://ronenglish-archive.github.io/ron-english-sketches-grins/images/Sketches/grins/Marge%20Grin%20front%20ORIGINAL.jpg","OK","Ready."
"Grins","Mario Grin","grins","Sketches\grins\mario-grin.html","https://ronenglish-archive.github.io/ron-english-sketches-grins/Sketches/grins/mario-grin.html","9","0","https://ronenglish-archive.github.io/ron-english-sketches-grins/images/Sketches/grins/Mario%20Grin%20front%20ORIGINAL.jpg","OK","Ready."
"Grins","Max Grin","grins","Sketches\grins\max-grin.html","https://ronenglish-archive.github.io/ron-english-sketches-grins/Sketches/grins/max-grin.html","3","0","https://ronenglish-archive.github.io/ron-english-sketches-grins/images/Sketches/grins/Max%20Grin%20ORIGINAL.jpg","OK","Ready."
"Grins","MC Grin","grins","Sketches\grins\mc-grin.html","https://ronenglish-archive.github.io/ron-english-sketches-grins/Sketches/grins/mc-grin.html","16","0","https://ronenglish-archive.github.io/ron-english-sketches-grins/images/Sketches/grins/MC%20Supersize%20Grin%20Flying%20ORIGINAL.jpg","OK","Ready."
"Grins","Melting Grinnie","grins","Sketches\grins\melting-grinnie.html","https://ronenglish-archive.github.io/ron-english-sketches-grins/Sketches/grins/melting-grinnie.html","3","0","https://ronenglish-archive.github.io/ron-english-sketches-grins/images/Sketches/grins/Melting%20Grinnie%20side%20view%201%20COLOR.png","OK","Ready."
"Grins","Melting Monster Grin","grins","Sketches\grins\melting-monster-grin.html","https://ronenglish-archive.github.io/ron-english-sketches-grins/Sketches/grins/melting-monster-grin.html","3","0","https://ronenglish-archive.github.io/ron-english-sketches-grins/images/Sketches/grins/Melting%20Monster%20Grin%20ORIGINAL.jpg","OK","Ready."
"Grins","Mentadusa","grins","Sketches\grins\mentadusa.html","https://ronenglish-archive.github.io/ron-english-sketches-grins/Sketches/grins/mentadusa.html","3","0","https://ronenglish-archive.github.io/ron-english-sketches-grins/images/Sketches/grins/Mentadusa%20ORIGINAL.jpg","OK","Ready."
"Grins","Mickey Eyes Grin","grins","Sketches\grins\mickey-eyes-grin.html","https://ronenglish-archive.github.io/ron-english-sketches-grins/Sketches/grins/mickey-eyes-grin.html","2","0","https://ronenglish-archive.github.io/ron-english-sketches-grins/images/Sketches/grins/Mickey%20Eyes%20Grin%201%20COLOR.png","OK","Ready."
"Grins","Mickey Grin","grins","Sketches\grins\mickey-grin.html","https://ronenglish-archive.github.io/ron-english-sketches-grins/Sketches/grins/mickey-grin.html","21","0","https://ronenglish-archive.github.io/ron-english-sketches-grins/images/Sketches/grins/Mickey%20Grin%20head%20ORIGINAL.jpg","OK","Ready."
"Grins","Mishka Eyeball Grin","grins","Sketches\grins\mishka-eyeball-grin.html","https://ronenglish-archive.github.io/ron-english-sketches-grins/Sketches/grins/mishka-eyeball-grin.html","4","0","https://ronenglish-archive.github.io/ron-english-sketches-grins/images/Sketches/grins/Mishka%20Eyeball%20Grin%20ORIGINAL.jpg","OK","Ready."
"Grins","Modzilla Grin","grins","Sketches\grins\modzilla-grin.html","https://ronenglish-archive.github.io/ron-english-sketches-grins/Sketches/grins/modzilla-grin.html","4","0","https://ronenglish-archive.github.io/ron-english-sketches-grins/images/Sketches/grins/Modzilla%20Grin%20Front%20ORIGINAL.jpg","OK","Ready."
"Grins","Mogul Grin","grins","Sketches\grins\mogul-grin.html","https://ronenglish-archive.github.io/ron-english-sketches-grins/Sketches/grins/mogul-grin.html","16","0","https://ronenglish-archive.github.io/ron-english-sketches-grins/images/Sketches/grins/Mogul%20Grin%20back%20ORIGINAL.jpg","OK","Ready."
"Grins","Monkey Shiner Angel Grin","grins","Sketches\grins\monkey-shiner-angel-grin.html","https://ronenglish-archive.github.io/ron-english-sketches-grins/Sketches/grins/monkey-shiner-angel-grin.html","2","0","https://ronenglish-archive.github.io/ron-english-sketches-grins/images/Sketches/grins/Monkey%20Shiner%20Angel%20Grin%20ORINGINAL%20(1).jpg","OK","Ready."
"Grins","Monkey Shriner Grin","grins","Sketches\grins\monkey-shriner-grin.html","https://ronenglish-archive.github.io/ron-english-sketches-grins/Sketches/grins/monkey-shriner-grin.html","5","0","https://ronenglish-archive.github.io/ron-english-sketches-grins/images/Sketches/grins/Monkey%20Shriner%20Grin%20ORIGINAL.jpeg","OK","Ready."
"Grins","Mounted Gorilla Grin","grins","Sketches\grins\mounted-gorilla-grin.html","https://ronenglish-archive.github.io/ron-english-sketches-grins/Sketches/grins/mounted-gorilla-grin.html","3","0","https://ronenglish-archive.github.io/ron-english-sketches-grins/images/Sketches/grins/Mounted%20Gorilla%20Grin%20ORIGINAL.jpg","OK","Ready."
"Grins","Mouth Grin","grins","Sketches\grins\mouth-grin.html","https://ronenglish-archive.github.io/ron-english-sketches-grins/Sketches/grins/mouth-grin.html","3","0","https://ronenglish-archive.github.io/ron-english-sketches-grins/images/Sketches/grins/Mouth%20Grin%20ORIGINAL.jpg","OK","Ready."
"Grins","Mr Met Grin","grins","Sketches\grins\mr-met-grin.html","https://ronenglish-archive.github.io/ron-english-sketches-grins/Sketches/grins/mr-met-grin.html","3","0","https://ronenglish-archive.github.io/ron-english-sketches-grins/images/Sketches/grins/Mr%20Met%20Grin%20ORIGINAL%20COLOR.jpg","OK","Ready."
"Grins","Mr Potato Grin","grins","Sketches\grins\mr-potato-grin.html","https://ronenglish-archive.github.io/ron-english-sketches-grins/Sketches/grins/mr-potato-grin.html","4","0","https://ronenglish-archive.github.io/ron-english-sketches-grins/images/Sketches/grins/Mr%20Potato%20Grin%20ORIGINAL.jpg","OK","Ready."
"Grins","Mummy Grin","grins","Sketches\grins\mummy-grin.html","https://ronenglish-archive.github.io/ron-english-sketches-grins/Sketches/grins/mummy-grin.html","5","0","https://ronenglish-archive.github.io/ron-english-sketches-grins/images/Sketches/grins/Mummy%20Grin%20ORIGINAL.jpg","OK","Ready."
"Grins","M.U.S.C.L.E. He-Man Grinnie","grins","Sketches\grins\m-u-s-c-l-e-he-man-grinnie.html","https://ronenglish-archive.github.io/ron-english-sketches-grins/Sketches/grins/m-u-s-c-l-e-he-man-grinnie.html","6","0","https://ronenglish-archive.github.io/ron-english-sketches-grins/images/Sketches/grins/M.U.S.C.L.E.%20He-Man%20Grinnie%20front%20ORIGINAL.jpg","OK","Ready."
"Grins","Mush Man Grin","grins","Sketches\grins\mush-man-grin.html","https://ronenglish-archive.github.io/ron-english-sketches-grins/Sketches/grins/mush-man-grin.html","8","0","https://ronenglish-archive.github.io/ron-english-sketches-grins/images/Sketches/grins/Mush%20Man%20Grin%20side%20view%20ORIGINAL.jpg","OK","Ready."
"Grins","Mutley Grin","grins","Sketches\grins\mutley-grin.html","https://ronenglish-archive.github.io/ron-english-sketches-grins/Sketches/grins/mutley-grin.html","3","0","https://ronenglish-archive.github.io/ron-english-sketches-grins/images/Sketches/grins/Mutley%20Grin%20ORIGINAL.jpg","OK","Ready."
"Grins","Ninja Turtle Grin","grins","Sketches\grins\ninja-turtle-grin.html","https://ronenglish-archive.github.io/ron-english-sketches-grins/Sketches/grins/ninja-turtle-grin.html","4","0","https://ronenglish-archive.github.io/ron-english-sketches-grins/images/Sketches/grins/Ninja%20Turtle%20Grin%20ORIGINAL.jpg","OK","Ready."
"Grins","Olive Oil Grin","grins","Sketches\grins\olive-oil-grin.html","https://ronenglish-archive.github.io/ron-english-sketches-grins/Sketches/grins/olive-oil-grin.html","3","0","https://ronenglish-archive.github.io/ron-english-sketches-grins/images/Sketches/grins/Olive%20Oil%20Grin%20ORIGINAL.jpg","OK","Ready."
"Grins","Orion Grin","grins","Sketches\grins\orion-grin.html","https://ronenglish-archive.github.io/ron-english-sketches-grins/Sketches/grins/orion-grin.html","14","0","https://ronenglish-archive.github.io/ron-english-sketches-grins/images/Sketches/grins/Orion%20Grin%20head%20front%20ORIGINAL.jpg","OK","Ready."
"Grins","Panda Bear Grin","grins","Sketches\grins\panda-bear-grin.html","https://ronenglish-archive.github.io/ron-english-sketches-grins/Sketches/grins/panda-bear-grin.html","6","0","https://ronenglish-archive.github.io/ron-english-sketches-grins/images/Sketches/grins/Panda%20Bear%20Grin%20ORIGINAL.jpg","OK","Ready."
"Grins","Patrick Grin","grins","Sketches\grins\patrick-grin.html","https://ronenglish-archive.github.io/ron-english-sketches-grins/Sketches/grins/patrick-grin.html","8","0","https://ronenglish-archive.github.io/ron-english-sketches-grins/images/Sketches/grins/Patrick%20Grin%20ORIGINAL.jpg","OK","Ready."
"Grins","Peko Girl Grin","grins","Sketches\grins\peko-girl-grin.html","https://ronenglish-archive.github.io/ron-english-sketches-grins/Sketches/grins/peko-girl-grin.html","3","0","https://ronenglish-archive.github.io/ron-english-sketches-grins/images/Sketches/grins/Peko%20Girl%20Grin%20ORIGINAL.jpg","OK","Ready."
"Grins","Pepz Boy Grin","grins","Sketches\grins\pepz-boy-grin.html","https://ronenglish-archive.github.io/ron-english-sketches-grins/Sketches/grins/pepz-boy-grin.html","4","0","https://ronenglish-archive.github.io/ron-english-sketches-grins/images/Sketches/grins/Pepz%20Boy%20Grin%20ORIGINAL.jpeg","OK","Ready."
"Grins","Peter Grin","grins","Sketches\grins\peter-grin.html","https://ronenglish-archive.github.io/ron-english-sketches-grins/Sketches/grins/peter-grin.html","3","0","https://ronenglish-archive.github.io/ron-english-sketches-grins/images/Sketches/grins/Peter%20Grin%20ORIGINAL.jpg","OK","Ready."
"Grins","Peter Potamus Grin","grins","Sketches\grins\peter-potamus-grin.html","https://ronenglish-archive.github.io/ron-english-sketches-grins/Sketches/grins/peter-potamus-grin.html","3","0","https://ronenglish-archive.github.io/ron-english-sketches-grins/images/Sketches/grins/Peter%20Potamus%20Grin%20ORIGINAL.jpg","OK","Ready."
"Grins","Pinocchio Grin","grins","Sketches\grins\pinocchio-grin.html","https://ronenglish-archive.github.io/ron-english-sketches-grins/Sketches/grins/pinocchio-grin.html","15","0","https://ronenglish-archive.github.io/ron-english-sketches-grins/images/Sketches/grins/Pinocchio%20Grin%20front%20ORIGINAL.jpg","OK","Ready."
"Grins","Pizza This Grin","grins","Sketches\grins\pizza-this-grin.html","https://ronenglish-archive.github.io/ron-english-sketches-grins/Sketches/grins/pizza-this-grin.html","3","0","https://ronenglish-archive.github.io/ron-english-sketches-grins/images/Sketches/grins/Pizza%20This%20ORIGINAL.jpg","OK","Ready."
"Grins","Plush Bear Grin","grins","Sketches\grins\plush-bear-grin.html","https://ronenglish-archive.github.io/ron-english-sketches-grins/Sketches/grins/plush-bear-grin.html","3","0","https://ronenglish-archive.github.io/ron-english-sketches-grins/images/Sketches/grins/Plush%20Bear%20Grin%20front%20B%26W.jpg","OK","Ready."
"Grins","Plush Grin","grins","Sketches\grins\plush-grin.html","https://ronenglish-archive.github.io/ron-english-sketches-grins/Sketches/grins/plush-grin.html","2","0","https://ronenglish-archive.github.io/ron-english-sketches-grins/images/Sketches/grins/Plush%20Grin%20front%20ORIGINAL%20COLOR.jpg","OK","Ready."
"Grins","Popeye Butthead Grin","grins","Sketches\grins\popeye-butthead-grin.html","https://ronenglish-archive.github.io/ron-english-sketches-grins/Sketches/grins/popeye-butthead-grin.html","3","0","https://ronenglish-archive.github.io/ron-english-sketches-grins/images/Sketches/grins/Popeye%20Butthead%20Grin%20ORIGINAL.jpg","OK","Ready."
"Grins","Powerpuff Girl Bubbles Grin","grins","Sketches\grins\powerpuff-girl-bubbles-grin.html","https://ronenglish-archive.github.io/ron-english-sketches-grins/Sketches/grins/powerpuff-girl-bubbles-grin.html","3","0","https://ronenglish-archive.github.io/ron-english-sketches-grins/images/Sketches/grins/Powerpuff%20Girl%20Bubbles%20Grin%20ORIGINAL.jpg","OK","Ready."
"Grins","Pumpkin Grin","grins","Sketches\grins\pumpkin-grin.html","https://ronenglish-archive.github.io/ron-english-sketches-grins/Sketches/grins/pumpkin-grin.html","6","0","https://ronenglish-archive.github.io/ron-english-sketches-grins/images/Sketches/grins/Pumpkin%20Grin%20Side%20View%20ORIGINAL.jpg","OK","Ready."
"Grins","Qhrist Grin","grins","Sketches\grins\qhrist-grin-1.html","https://ronenglish-archive.github.io/ron-english-sketches-grins/Sketches/grins/qhrist-grin-1.html","7","0","https://ronenglish-archive.github.io/ron-english-sketches-grins/images/Sketches/grins/Qhrist%20Grin%201%20ORIGINAL.jpg","OK","Ready."
"Grins","Quick Draw McGraw Grin","grins","Sketches\grins\quick-draw-mcgraw-grin.html","https://ronenglish-archive.github.io/ron-english-sketches-grins/Sketches/grins/quick-draw-mcgraw-grin.html","3","0","https://ronenglish-archive.github.io/ron-english-sketches-grins/images/Sketches/grins/Quick%20Draw%20McGraw%20Grin%20ORIGINAL.jpg","OK","Ready."
"Grins","Rabbbit Grin","grins","Sketches\grins\rabbbit-grin.html","https://ronenglish-archive.github.io/ron-english-sketches-grins/Sketches/grins/rabbbit-grin.html","44","0","https://ronenglish-archive.github.io/ron-english-sketches-grins/images/Sketches/grins/Rabbbit%20Grin%20ORIGINAL.jpg","OK","Ready."
"Grins","Rabbit Grin","grins","Sketches\grins\rabbit-grin.html","https://ronenglish-archive.github.io/ron-english-sketches-grins/Sketches/grins/rabbit-grin.html","3","0","https://ronenglish-archive.github.io/ron-english-sketches-grins/images/Sketches/grins/Rabbit%20Grin%20ORIGINAL.jpg","OK","Ready."
"Grins","Rabbit Grin 2","grins","Sketches\grins\rabbit-grin-2.html","https://ronenglish-archive.github.io/ron-english-sketches-grins/Sketches/grins/rabbit-grin-2.html","3","0","https://ronenglish-archive.github.io/ron-english-sketches-grins/images/Sketches/grins/Rabbit%20Grin%202%20ORIGINAL.jpg","OK","Ready."
"Grins","Ramones Grin","grins","Sketches\grins\ramones-grin.html","https://ronenglish-archive.github.io/ron-english-sketches-grins/Sketches/grins/ramones-grin.html","5","0","https://ronenglish-archive.github.io/ron-english-sketches-grins/images/Sketches/grins/Ramones%20Grin%201%20ORIGINAL.jpg","OK","Ready."
"Grins","Richie Grin","grins","Sketches\grins\richie-grin.html","https://ronenglish-archive.github.io/ron-english-sketches-grins/Sketches/grins/richie-grin.html","4","0","https://ronenglish-archive.github.io/ron-english-sketches-grins/images/Sketches/grins/Richie%20Grin%20ORIGINAL.jpg","OK","Ready."
"Grins","Robbie Spray Grin","grins","Sketches\grins\robbie-spray-grin.html","https://ronenglish-archive.github.io/ron-english-sketches-grins/Sketches/grins/robbie-spray-grin.html","4","0","https://ronenglish-archive.github.io/ron-english-sketches-grins/images/Sketches/grins/Robbie%20Spray%20Grin%20ORIGINAL.jpg","OK","Ready."
"Grins","Robby Robot Grin","grins","Sketches\grins\robby-robot-grin.html","https://ronenglish-archive.github.io/ron-english-sketches-grins/Sketches/grins/robby-robot-grin.html","3","0","https://ronenglish-archive.github.io/ron-english-sketches-grins/images/Sketches/grins/Robby%20Robot%20Grin%20ORIGINAL.jpg","OK","Ready."
"Grins","Ron Fink Grin","grins","Sketches\grins\ron-fink-grin.html","https://ronenglish-archive.github.io/ron-english-sketches-grins/Sketches/grins/ron-fink-grin.html","4","0","https://ronenglish-archive.github.io/ron-english-sketches-grins/images/Sketches/grins/Ron%20Fink%20Grin%20ORIGINAL.jpg","OK","Ready."
"Grins","Ron Grin Face Icon","grins","Sketches\grins\ron-grin-face-icon.html","https://ronenglish-archive.github.io/ron-english-sketches-grins/Sketches/grins/ron-grin-face-icon.html","1","0","https://ronenglish-archive.github.io/ron-english-sketches-grins/images/Sketches/grins/Ron%20Grin%20Face%20Icon%20ORIGINAL%20COLOR.jpg","OK","Ready."
"Grins","Rosie Jetson Grin","grins","Sketches\grins\rosie-jetson-grin.html","https://ronenglish-archive.github.io/ron-english-sketches-grins/Sketches/grins/rosie-jetson-grin.html","3","0","https://ronenglish-archive.github.io/ron-english-sketches-grins/images/Sketches/grins/Rosie%20Jetson%20Grin%20ORIGINAL.jpg","OK","Ready."
"Grins","Rugrat Grin","grins","Sketches\grins\rugrat-grin.html","https://ronenglish-archive.github.io/ron-english-sketches-grins/Sketches/grins/rugrat-grin.html","3","0","https://ronenglish-archive.github.io/ron-english-sketches-grins/images/Sketches/grins/Rugrat%20Grin%20ORIGINAL.jpg","OK","Ready."
"Grins","Santa Cruz Hand Grin","grins","Sketches\grins\santa-cruz-hand-grin.html","https://ronenglish-archive.github.io/ron-english-sketches-grins/Sketches/grins/santa-cruz-hand-grin.html","3","0","https://ronenglish-archive.github.io/ron-english-sketches-grins/images/Sketches/grins/Santa%20Cruz%20Hand%20Grin%20ORIGINAL.jpg","OK","Ready."
"Grins","Santa Grin","grins","Sketches\grins\santa-grin.html","https://ronenglish-archive.github.io/ron-english-sketches-grins/Sketches/grins/santa-grin.html","10","0","https://ronenglish-archive.github.io/ron-english-sketches-grins/images/Sketches/grins/Santa%20Grin%201%20ORIGINAL.jpg","OK","Ready."
"Grins","Scooby Doo Grin","grins","Sketches\grins\scooby-doo-grin.html","https://ronenglish-archive.github.io/ron-english-sketches-grins/Sketches/grins/scooby-doo-grin.html","3","0","https://ronenglish-archive.github.io/ron-english-sketches-grins/images/Sketches/grins/Scooby%20Doo%20Grin%20ORIGINAL.jpg","OK","Ready."
"Grins","Scream Grin","grins","Sketches\grins\scream-grin.html","https://ronenglish-archive.github.io/ron-english-sketches-grins/Sketches/grins/scream-grin.html","3","0","https://ronenglish-archive.github.io/ron-english-sketches-grins/images/Sketches/grins/Scream%20Grin%20ORIGINAL.jpg","OK","Ready."
"Grins","Sever Fairy Landshark Grin","grins","Sketches\grins\sever-fairy-landshark-grin-mickey-fin.html","https://ronenglish-archive.github.io/ron-english-sketches-grins/Sketches/grins/sever-fairy-landshark-grin-mickey-fin.html","16","0","https://ronenglish-archive.github.io/ron-english-sketches-grins/images/Sketches/grins/Sever%20Fairy%20Landshark%20Grin%20(Mickey%20Fin)%20ORIGINAL.jpg","OK","Ready."
"Grins","Shark Grin Hotrod","grins","Sketches\grins\shark-grin-hotrod.html","https://ronenglish-archive.github.io/ron-english-sketches-grins/Sketches/grins/shark-grin-hotrod.html","3","0","https://ronenglish-archive.github.io/ron-english-sketches-grins/images/Sketches/grins/Shark%20Grin%20Hotrod%20ORIGINAL.jpg","OK","Ready."
"Grins","Simpsons Family","grins","Sketches\grins\simpsons-family.html","https://ronenglish-archive.github.io/ron-english-sketches-grins/Sketches/grins/simpsons-family.html","2","0","https://ronenglish-archive.github.io/ron-english-sketches-grins/images/Sketches/grins/Simpsons%20Family%20Grins%201%20ORIGINAL.jpg","OK","Ready."
"Grins","Skeleton Grin","grins","Sketches\grins\skeleton-grin.html","https://ronenglish-archive.github.io/ron-english-sketches-grins/Sketches/grins/skeleton-grin.html","6","0","https://ronenglish-archive.github.io/ron-english-sketches-grins/images/Sketches/grins/Skeleton%20Grin%20front%20ORIGINAL.jpg","OK","Ready."
"Grins","Slo Moe Grin","grins","Sketches\grins\slo-moe-grin.html","https://ronenglish-archive.github.io/ron-english-sketches-grins/Sketches/grins/slo-moe-grin.html","6","0","https://ronenglish-archive.github.io/ron-english-sketches-grins/images/Sketches/grins/Slo%20Moe%20Grin%20portrait%20closeup%20ORIGINAL.jpg","OK","Ready."
"Grins","Slushsquatch Grin","grins","Sketches\grins\slushsquatch-grin.html","https://ronenglish-archive.github.io/ron-english-sketches-grins/Sketches/grins/slushsquatch-grin.html","3","0","https://ronenglish-archive.github.io/ron-english-sketches-grins/images/Sketches/grins/Slushsquatch%20Grin%20ORIGINAL.jpg","OK","Ready."
"Grins","Smack, Crack, Pop Grin","grins","Sketches\grins\smack-crack-pop-grin.html","https://ronenglish-archive.github.io/ron-english-sketches-grins/Sketches/grins/smack-crack-pop-grin.html","3","0","https://ronenglish-archive.github.io/ron-english-sketches-grins/images/Sketches/grins/Smack%2C%20Crack%2C%20Pop%20Grin%20ORIGINAL.jpg","OK","Ready."
"Grins","Smiley Face Dog Grin Newcastle","grins","Sketches\grins\smiley-face-dog-grin-newcastle.html","https://ronenglish-archive.github.io/ron-english-sketches-grins/Sketches/grins/smiley-face-dog-grin-newcastle.html","2","0","https://ronenglish-archive.github.io/ron-english-sketches-grins/images/Sketches/grins/Smiley%20Face%20Dog%20Grin%20Newcastle%20ORIGINAL.jpg","OK","Ready."
"Grins","Smoking Grin","grins","Sketches\grins\smoking-grin.html","https://ronenglish-archive.github.io/ron-english-sketches-grins/Sketches/grins/smoking-grin.html","4","0","https://ronenglish-archive.github.io/ron-english-sketches-grins/images/Sketches/grins/Smoking%20Grin%20ORIGINAL.jpg","OK","Ready."
"Grins","Smurfette Grin","grins","Sketches\grins\smurfette-grin.html","https://ronenglish-archive.github.io/ron-english-sketches-grins/Sketches/grins/smurfette-grin.html","4","0","https://ronenglish-archive.github.io/ron-english-sketches-grins/images/Sketches/grins/Smurfette%20Grin%20ORIGINAL.jpg","OK","Ready."
"Grins","Smurf Grin","grins","Sketches\grins\smurf-grin.html","https://ronenglish-archive.github.io/ron-english-sketches-grins/Sketches/grins/smurf-grin.html","4","0","https://ronenglish-archive.github.io/ron-english-sketches-grins/images/Sketches/grins/Smurf%20Grin%20ORIGINAL.jpg","OK","Ready."
"Grins","Snoopy Grin","grins","Sketches\grins\snoopy-grin.html","https://ronenglish-archive.github.io/ron-english-sketches-grins/Sketches/grins/snoopy-grin.html","12","0","https://ronenglish-archive.github.io/ron-english-sketches-grins/images/Sketches/grins/Snoopy%20Grin%20front%20ORIGINAL.jpg","OK","Ready."
"Grins","Sock Monkey Grin","grins","Sketches\grins\sock-monkey-grin.html","https://ronenglish-archive.github.io/ron-english-sketches-grins/Sketches/grins/sock-monkey-grin.html","4","0","https://ronenglish-archive.github.io/ron-english-sketches-grins/images/Sketches/grins/Sock%20Monkey%20Grin%20ORIGINAL.jpg","OK","Ready."
"Grins","Sonic Grin","grins","Sketches\grins\sonic-grin.html","https://ronenglish-archive.github.io/ron-english-sketches-grins/Sketches/grins/sonic-grin.html","3","0","https://ronenglish-archive.github.io/ron-english-sketches-grins/images/Sketches/grins/Sonic%20Grin%20ORIGINAL.jpg","OK","Ready."
"Grins","Space Shark Grin","grins","Sketches\grins\space-shark-grin.html","https://ronenglish-archive.github.io/ron-english-sketches-grins/Sketches/grins/space-shark-grin.html","2","0","https://ronenglish-archive.github.io/ron-english-sketches-grins/images/Sketches/grins/Space%20Shark%20Grin%20ORIGINAL.jpg","OK","Ready."
"Grins","Spaz Grin","grins","Sketches\grins\spaz-grin.html","https://ronenglish-archive.github.io/ron-english-sketches-grins/Sketches/grins/spaz-grin.html","2","0","https://ronenglish-archive.github.io/ron-english-sketches-grins/images/Sketches/grins/Spaz%20Grin%20ORIGINAL.jpg","OK","Ready."
"Grins","Speak More Evil Grin","grins","Sketches\grins\speak-more-evil-grin.html","https://ronenglish-archive.github.io/ron-english-sketches-grins/Sketches/grins/speak-more-evil-grin.html","4","0","https://ronenglish-archive.github.io/ron-english-sketches-grins/images/Sketches/grins/Speak%20More%20Evil%20Grin%20side%20ORIGINAL.jpg","OK","Ready."
"Grins","Spitting Grin","grins","Sketches\grins\spitting-grin.html","https://ronenglish-archive.github.io/ron-english-sketches-grins/Sketches/grins/spitting-grin.html","2","0","https://ronenglish-archive.github.io/ron-english-sketches-grins/images/Sketches/grins/Spitting%20Grin%20B%26W.jpg","OK","Ready."
"Grins","Spongebob Grin","grins","Sketches\grins\spongebob-grin.html","https://ronenglish-archive.github.io/ron-english-sketches-grins/Sketches/grins/spongebob-grin.html","7","0","https://ronenglish-archive.github.io/ron-english-sketches-grins/images/Sketches/grins/Spongebob%20Grin%20ORIGINAL.jpg","OK","Ready."
"Grins","Squirrel Squirt Grin","grins","Sketches\grins\squirrel-squirt-grin.html","https://ronenglish-archive.github.io/ron-english-sketches-grins/Sketches/grins/squirrel-squirt-grin.html","5","0","https://ronenglish-archive.github.io/ron-english-sketches-grins/images/Sketches/grins/Squirrel%20Squirt%20Grin%20Head%20ORIGINAL.jpg","OK","Ready."
"Grins","Staples Pigeon Grin","grins","Sketches\grins\staples-pigeon-grin.html","https://ronenglish-archive.github.io/ron-english-sketches-grins/Sketches/grins/staples-pigeon-grin.html","6","0","https://ronenglish-archive.github.io/ron-english-sketches-grins/images/Sketches/grins/Staples%20Pigeon%20Grin%20front%20ORIGINAL.jpg","OK","Ready."
"Grins","Starskull Trooper Grin","grins","Sketches\grins\starskull-trooper-grin.html","https://ronenglish-archive.github.io/ron-english-sketches-grins/Sketches/grins/starskull-trooper-grin.html","3","0","https://ronenglish-archive.github.io/ron-english-sketches-grins/images/Sketches/grins/Starskull%20Trooper%20Grin%20ORIGINAL.jpeg","OK","Ready."
"Grins","Stewie Grin","grins","Sketches\grins\stewie-grin.html","https://ronenglish-archive.github.io/ron-english-sketches-grins/Sketches/grins/stewie-grin.html","3","0","https://ronenglish-archive.github.io/ron-english-sketches-grins/images/Sketches/grins/Stewie%20Grin%20ORIGINAL.jpg","OK","Ready."
"Grins","Stitch Grin","grins","Sketches\grins\stitch-grin.html","https://ronenglish-archive.github.io/ron-english-sketches-grins/Sketches/grins/stitch-grin.html","4","0","https://ronenglish-archive.github.io/ron-english-sketches-grins/images/Sketches/grins/Stitch%20Grin%20ORIGINAL.jpg","OK","Ready."
"Grins","Stormtrooper Grin","grins","Sketches\grins\stormtrooper-grin.html","https://ronenglish-archive.github.io/ron-english-sketches-grins/Sketches/grins/stormtrooper-grin.html","3","0","https://ronenglish-archive.github.io/ron-english-sketches-grins/images/Sketches/grins/Stormtrooper%20Grin%20ORIGINAL.jpg","OK","Ready."
"Grins","Street Fighter Guile Grin","grins","Sketches\grins\street-fighter-guile-grin.html","https://ronenglish-archive.github.io/ron-english-sketches-grins/Sketches/grins/street-fighter-guile-grin.html","3","0","https://ronenglish-archive.github.io/ron-english-sketches-grins/images/Sketches/grins/Street%20Fighter%20Guile%20Grin%20ORIGINAL.jpg","OK","Ready."
"Grins","Sugar Clown Grin","grins","Sketches\grins\sugar-clown-grin.html","https://ronenglish-archive.github.io/ron-english-sketches-grins/Sketches/grins/sugar-clown-grin.html","11","0","https://ronenglish-archive.github.io/ron-english-sketches-grins/images/Sketches/grins/Sugar%20Clown%20Grin%20back%20ORIGINAL.jpg","OK","Ready."
"Grins","Sugar Diabetic Bear Grin","grins","Sketches\grins\sugar-diabetic-bear-grin.html","https://ronenglish-archive.github.io/ron-english-sketches-grins/Sketches/grins/sugar-diabetic-bear-grin.html","3","0","https://ronenglish-archive.github.io/ron-english-sketches-grins/images/Sketches/grins/Sugar%20Diabetic%20Bear%20Grin%20ORIGINAL.jpg","OK","Ready."
"Grins","Sugar Smack Grin","grins","Sketches\grins\sugar-smack-grin.html","https://ronenglish-archive.github.io/ron-english-sketches-grins/Sketches/grins/sugar-smack-grin.html","3","0","https://ronenglish-archive.github.io/ron-english-sketches-grins/images/Sketches/grins/Sugar%20Smack%20Grin%20ORIGINAL.jpg","OK","Ready."
"Grins","Surf Girl Grin","grins","Sketches\grins\surf-girl-grin.html","https://ronenglish-archive.github.io/ron-english-sketches-grins/Sketches/grins/surf-girl-grin.html","4","0","https://ronenglish-archive.github.io/ron-english-sketches-grins/images/Sketches/grins/Surf%20Girl%20Grin%20ORIGINAL.jpg","OK","Ready."
"Grins","Taz Grin","grins","Sketches\grins\taz-grin.html","https://ronenglish-archive.github.io/ron-english-sketches-grins/Sketches/grins/taz-grin.html","7","0","https://ronenglish-archive.github.io/ron-english-sketches-grins/images/Sketches/grins/Taz%20Grin%20ORIGINAL.jpg","OK","Ready."
"Grins","Techno Kitten Grin","grins","Sketches\grins\techno-kitten-grin.html","https://ronenglish-archive.github.io/ron-english-sketches-grins/Sketches/grins/techno-kitten-grin.html","3","0","https://ronenglish-archive.github.io/ron-english-sketches-grins/images/Sketches/grins/Techno%20Kitten%20Grin%20ORIGINAL.jpg","OK","Ready."
"Grins","Teddy Bear Grin","grins","Sketches\grins\teddy-bear-grin.html","https://ronenglish-archive.github.io/ron-english-sketches-grins/Sketches/grins/teddy-bear-grin.html","7","0","https://ronenglish-archive.github.io/ron-english-sketches-grins/images/Sketches/grins/Teddy%20Bear%20Grin%20ORIGINAL.jpg","OK","Ready."
"Grins","Telegrinnie","grins","Sketches\grins\telegrinnie.html","https://ronenglish-archive.github.io/ron-english-sketches-grins/Sketches/grins/telegrinnie.html","10","0","https://ronenglish-archive.github.io/ron-english-sketches-grins/images/Sketches/grins/Telegrinnie%20side%20ORIGINAL.jpg","OK","Ready."
"Grins","Tiger Grin","grins","Sketches\grins\tiger-grin.html","https://ronenglish-archive.github.io/ron-english-sketches-grins/Sketches/grins/tiger-grin.html","5","0","https://ronenglish-archive.github.io/ron-english-sketches-grins/images/Sketches/grins/Tiger%20Grin%20ORIGINAL.jpg","OK","Ready."
"Grins","Tiger Sphinx Grin","grins","Sketches\grins\tiger-sphinx-grin.html","https://ronenglish-archive.github.io/ron-english-sketches-grins/Sketches/grins/tiger-sphinx-grin.html","6","0","https://ronenglish-archive.github.io/ron-english-sketches-grins/images/Sketches/grins/Tiger%20Sphinx%20Grin%20ORIGINAL.jpg","OK","Ready."
"Grins","Timid Shark Grin","grins","Sketches\grins\timid-shark-grin.html","https://ronenglish-archive.github.io/ron-english-sketches-grins/Sketches/grins/timid-shark-grin.html","3","0","https://ronenglish-archive.github.io/ron-english-sketches-grins/images/Sketches/grins/Timid%20Shark%20Grin%20ORIGINAL.jpg","OK","Ready."
"Grins","Timmy Turner Grin","grins","Sketches\grins\timmy-turner-grin.html","https://ronenglish-archive.github.io/ron-english-sketches-grins/Sketches/grins/timmy-turner-grin.html","3","0","https://ronenglish-archive.github.io/ron-english-sketches-grins/images/Sketches/grins/Timmy%20Turner%20Grin%20ORIGINAL.jpg","OK","Ready."
"Grins","Tmnt Leonardo Grin","grins","Sketches\grins\tmnt-leonardo-grin.html","https://ronenglish-archive.github.io/ron-english-sketches-grins/Sketches/grins/tmnt-leonardo-grin.html","3","0","https://ronenglish-archive.github.io/ron-english-sketches-grins/images/Sketches/grins/Tmnt%20Leonardo%20Grin%20ORIGINAL.jpg","OK","Ready."
"Grins","Tmnt Michelangelo Grin","grins","Sketches\grins\tmnt-michelangelo-grin.html","https://ronenglish-archive.github.io/ron-english-sketches-grins/Sketches/grins/tmnt-michelangelo-grin.html","3","0","https://ronenglish-archive.github.io/ron-english-sketches-grins/images/Sketches/grins/Tmnt%20Michelangelo%20Grin%20ORIGINAL.jpg","OK","Ready."
"Grins","Tmnt Raphael Grin","grins","Sketches\grins\tmnt-raphael-grin.html","https://ronenglish-archive.github.io/ron-english-sketches-grins/Sketches/grins/tmnt-raphael-grin.html","3","0","https://ronenglish-archive.github.io/ron-english-sketches-grins/images/Sketches/grins/Tmnt%20Raphael%20Grin%20ORIGINAL.jpg","OK","Ready."
"Grins","Tom N Jerry Grins","grins","Sketches\grins\tom-n-jerry-grins.html","https://ronenglish-archive.github.io/ron-english-sketches-grins/Sketches/grins/tom-n-jerry-grins.html","2","0","https://ronenglish-archive.github.io/ron-english-sketches-grins/images/Sketches/grins/Tom%20N%20Jerry%20Grins%20ORIGINAL.jpg","OK","Ready."
"Grins","Tony Tiger Grin","grins","Sketches\grins\tony-tiger-grin.html","https://ronenglish-archive.github.io/ron-english-sketches-grins/Sketches/grins/tony-tiger-grin.html","8","0","https://ronenglish-archive.github.io/ron-english-sketches-grins/images/Sketches/grins/Tony%20Tiger%20Grin%201%20ORIGINAL.jpg","OK","Ready."
"Grins","Topcat Grin","grins","Sketches\grins\topcat-grin.html","https://ronenglish-archive.github.io/ron-english-sketches-grins/Sketches/grins/topcat-grin.html","3","0","https://ronenglish-archive.github.io/ron-english-sketches-grins/images/Sketches/grins/Topcat%20Grin%20ORIGINAL.jpg","OK","Ready."
"Grins","Trippy Grin","grins","Sketches\grins\trippy-grin.html","https://ronenglish-archive.github.io/ron-english-sketches-grins/Sketches/grins/trippy-grin.html","6","0","https://ronenglish-archive.github.io/ron-english-sketches-grins/images/Sketches/grins/Trippy%20Grin%20ORIGINAL.jpg","OK","Ready."
"Grins","Tupac Grin","grins","Sketches\grins\tupac-grin.html","https://ronenglish-archive.github.io/ron-english-sketches-grins/Sketches/grins/tupac-grin.html","5","0","https://ronenglish-archive.github.io/ron-english-sketches-grins/images/Sketches/grins/Tupac%20Grin%20ORIGINAL%201.jpg","OK","Ready."
"Grins","Tweetie Grin","grins","Sketches\grins\tweetie-grin.html","https://ronenglish-archive.github.io/ron-english-sketches-grins/Sketches/grins/tweetie-grin.html","2","0","https://ronenglish-archive.github.io/ron-english-sketches-grins/images/Sketches/grins/Tweetie%20Grin%20ORIGINAL.jpg","OK","Ready."
"Grins","Ultraman Grin","grins","Sketches\grins\ultraman-grin.html","https://ronenglish-archive.github.io/ron-english-sketches-grins/Sketches/grins/ultraman-grin.html","3","0","https://ronenglish-archive.github.io/ron-english-sketches-grins/images/Sketches/grins/Ultraman%20Grin%20ORIGINAL.jpg","OK","Ready."
"Grins","Unicorn Grin","grins","Sketches\grins\unicorn-grin.html","https://ronenglish-archive.github.io/ron-english-sketches-grins/Sketches/grins/unicorn-grin.html","12","0","https://ronenglish-archive.github.io/ron-english-sketches-grins/images/Sketches/grins/Unicorn%20Grin%20ORIGINAL.jpg","OK","Ready."
"Grins","Unipig Grin","grins","Sketches\grins\unipig-grin.html","https://ronenglish-archive.github.io/ron-english-sketches-grins/Sketches/grins/unipig-grin.html","3","0","https://ronenglish-archive.github.io/ron-english-sketches-grins/images/Sketches/grins/Unipig%20Grin%20ORIGINAL.jpg","OK","Ready."
"Grins","Urban Bigfoot Grin","grins","Sketches\grins\urban-bigfoot-grin.html","https://ronenglish-archive.github.io/ron-english-sketches-grins/Sketches/grins/urban-bigfoot-grin.html","4","0","https://ronenglish-archive.github.io/ron-english-sketches-grins/images/Sketches/grins/Urban%20Bigfoot%20Grin%20front%20face%20ORIGINAL.jpg","OK","Ready."
"Grins","Vampire Grin","grins","Sketches\grins\vampire-grin.html","https://ronenglish-archive.github.io/ron-english-sketches-grins/Sketches/grins/vampire-grin.html","2","0","https://ronenglish-archive.github.io/ron-english-sketches-grins/images/Sketches/grins/Vampire%20Grin%20Front%20B%26W.jpg","OK","Ready."
"Grins","Wing Grin","grins","Sketches\grins\wing-grin.html","https://ronenglish-archive.github.io/ron-english-sketches-grins/Sketches/grins/wing-grin.html","3","0","https://ronenglish-archive.github.io/ron-english-sketches-grins/images/Sketches/grins/Wing%20Grin%20body%20ORIGINAL.jpg","OK","Ready."
"Grins","Wolf Grin","grins","Sketches\grins\wolf-grin.html","https://ronenglish-archive.github.io/ron-english-sketches-grins/Sketches/grins/wolf-grin.html","5","0","https://ronenglish-archive.github.io/ron-english-sketches-grins/images/Sketches/grins/Wolf%20Grin%20ORIGINAL.jpg","OK","Ready."
"Grins","Woodstock Grin","grins","Sketches\grins\woodstock-grin.html","https://ronenglish-archive.github.io/ron-english-sketches-grins/Sketches/grins/woodstock-grin.html","8","0","https://ronenglish-archive.github.io/ron-english-sketches-grins/images/Sketches/grins/Woodstock%20Grin%20ORIGINAL.jpg","OK","Ready."
"Grins","Yellow Submarine Grin","grins","Sketches\grins\yellow-submarine-grin.html","https://ronenglish-archive.github.io/ron-english-sketches-grins/Sketches/grins/yellow-submarine-grin.html","3","0","https://ronenglish-archive.github.io/ron-english-sketches-grins/images/Sketches/grins/Yellow%20Submarine%20Grin%20ORIGINAL.jpg","OK","Ready."
"Grins","Yin Yang Grin","grins","Sketches\grins\yin-yang-grin-1.html","https://ronenglish-archive.github.io/ron-english-sketches-grins/Sketches/grins/yin-yang-grin-1.html","8","0","https://ronenglish-archive.github.io/ron-english-sketches-grins/images/Sketches/grins/Yin%20Yang%20Grin%202%20ORIGINAL%202.jpg","OK","Ready."
"Grins","Yogi Bear Grin","grins","Sketches\grins\yogi-bear-grin.html","https://ronenglish-archive.github.io/ron-english-sketches-grins/Sketches/grins/yogi-bear-grin.html","3","0","https://ronenglish-archive.github.io/ron-english-sketches-grins/images/Sketches/grins/Yogi%20Bear%20Grin%20ORIGINAL.jpg","OK","Ready."
"Grins","Yucky Charmer Grin","grins","Sketches\grins\yucky-charmer-grin.html","https://ronenglish-archive.github.io/ron-english-sketches-grins/Sketches/grins/yucky-charmer-grin.html","3","0","https://ronenglish-archive.github.io/ron-english-sketches-grins/images/Sketches/grins/Yucky%20Charmer%20Grin%20ORIGINAL.jpg","OK","Ready."
"Grins","Zephyr Zelephant Grin","grins","Sketches\grins\zephyr-zelephant-grin.html","https://ronenglish-archive.github.io/ron-english-sketches-grins/Sketches/grins/zephyr-zelephant-grin.html","2","0","https://ronenglish-archive.github.io/ron-english-sketches-grins/images/Sketches/grins/Zephyr%20Zelephant%20Grin%20ORIGINAL.jpg","OK","Ready."
